t_wall_s,elapsed_s,side,cam,temp_c
1783406343.9,0.0,left,imu,66.34
1783406343.9,0.0,left,0,63.81
1783406343.9,0.0,left,1,71.70
1783406343.9,0.0,left,2,81.32
1783406343.9,0.0,left,3,69.88
1783406343.9,0.0,left,4,68.21
1783406343.9,0.0,left,5,82.27
1783406343.9,0.0,left,6,82.88
1783406343.9,0.0,left,7,77.36
1783406343.9,0.0,right,imu,43.00
1783406343.9,0.0,right,0,35.20
1783406343.9,0.0,right,1,46.13
1783406343.9,0.0,right,2,63.39
1783406343.9,0.0,right,3,72.60
1783406343.9,0.0,right,4,67.20
1783406343.9,0.0,right,5,65.37
1783406343.9,0.0,right,6,63.70
1783406343.9,0.0,right,7,57.95
1783406349.0,5.1,left,imu,65.71
1783406349.0,5.1,left,0,62.60
1783406349.0,5.1,left,1,70.03
1783406349.0,5.1,left,2,78.69
1783406349.0,5.1,left,3,68.97
1783406349.0,5.1,left,4,67.76
1783406349.0,5.1,left,5,79.94
1783406349.0,5.1,left,6,80.30
1783406349.0,5.1,left,7,75.01
1783406349.0,5.1,right,imu,42.47
1783406349.0,5.1,right,0,34.52
1783406349.0,5.1,right,1,44.70
1783406349.0,5.1,right,2,60.90
1783406349.0,5.1,right,3,69.95
1783406349.0,5.1,right,4,64.70
1783406349.0,5.1,right,5,62.67
1783406349.0,5.1,right,6,61.21
1783406349.0,5.1,right,7,55.68
1783406354.0,10.1,left,imu,65.57
1783406354.0,10.1,left,0,62.07
1783406354.0,10.1,left,1,68.51
1783406354.0,10.1,left,2,76.50
1783406354.0,10.1,left,3,68.29
1783406354.0,10.1,left,4,67.31
1783406354.0,10.1,left,5,77.91
1783406354.0,10.1,left,6,78.11
1783406354.0,10.1,left,7,73.27
1783406354.0,10.1,right,imu,42.13
1783406354.0,10.1,right,0,33.91
1783406354.0,10.1,right,1,43.64
1783406354.0,10.1,right,2,58.64
1783406354.0,10.1,right,3,67.38
1783406354.0,10.1,right,4,62.50
1783406354.0,10.1,right,5,60.56
1783406354.0,10.1,right,6,58.87
1783406354.0,10.1,right,7,53.78
1783406359.1,15.2,left,imu,64.85
1783406359.1,15.2,left,0,61.46
1783406359.1,15.2,left,1,67.38
1783406359.1,15.2,left,2,74.85
1783406359.1,15.2,left,3,67.61
1783406359.1,15.2,left,4,66.78
1783406359.1,15.2,left,5,76.26
1783406359.1,15.2,left,6,76.14
1783406359.1,15.2,left,7,71.82
1783406359.1,15.2,right,imu,41.46
1783406359.1,15.2,right,0,33.46
1783406359.1,15.2,right,1,42.65
1783406359.1,15.2,right,2,56.75
1783406359.1,15.2,right,3,65.11
1783406359.1,15.2,right,4,60.53
1783406359.1,15.2,right,5,58.61
1783406359.1,15.2,right,6,56.98
1783406359.1,15.2,right,7,52.11
1783406364.1,20.2,left,imu,64.42
1783406364.1,20.2,left,0,60.93
1783406364.1,20.2,left,1,66.31
1783406364.1,20.2,left,2,73.34
1783406364.1,20.2,left,3,66.79
1783406364.1,20.2,left,4,66.25
1783406364.1,20.2,left,5,74.53
1783406364.1,20.2,left,6,74.32
1783406364.1,20.2,left,7,70.38
1783406364.1,20.2,right,imu,41.46
1783406364.1,20.2,right,0,33.16
1783406364.1,20.2,right,1,41.89
1783406364.1,20.2,right,2,55.10
1783406364.1,20.2,right,3,63.38
1783406364.1,20.2,right,4,58.86
1783406364.1,20.2,right,5,56.96
1783406364.1,20.2,right,6,55.32
1783406364.1,20.2,right,7,50.66
1783406369.2,25.3,left,imu,64.42
1783406369.2,25.3,left,0,60.47
1783406369.2,25.3,left,1,65.48
1783406369.2,25.3,left,2,72.14
1783406369.2,25.3,left,3,65.80
1783406369.2,25.3,left,4,65.88
1783406369.2,25.3,left,5,73.26
1783406369.2,25.3,left,6,73.34
1783406369.2,25.3,left,7,69.24
1783406369.2,25.3,right,imu,41.08
1783406369.2,25.3,right,0,32.78
1783406369.2,25.3,right,1,41.21
1783406369.2,25.3,right,2,53.66
1783406369.2,25.3,right,3,61.63
1783406369.2,25.3,right,4,57.35
1783406369.2,25.3,right,5,55.53
1783406369.2,25.3,right,6,53.88
1783406369.2,25.3,right,7,49.52
1783406374.2,30.3,left,imu,63.80
1783406374.2,30.3,left,0,60.09
1783406374.2,30.3,left,1,64.80
1783406374.2,30.3,left,2,71.00
1783406374.2,30.3,left,3,65.20
1783406374.2,30.3,left,4,65.57
1783406374.2,30.3,left,5,72.13
1783406374.2,30.3,left,6,71.97
1783406374.2,30.3,left,7,68.18
1783406374.2,30.3,right,imu,40.55
1783406374.2,30.3,right,0,32.48
1783406374.2,30.3,right,1,40.61
1783406374.2,30.3,right,2,52.38
1783406374.2,30.3,right,3,60.20
1783406374.2,30.3,right,4,56.06
1783406374.2,30.3,right,5,54.25
1783406374.2,30.3,right,6,52.59
1783406374.2,30.3,right,7,48.54
1783406379.2,35.4,left,imu,63.41
1783406379.2,35.4,left,0,59.71
1783406379.2,35.4,left,1,64.11
1783406379.2,35.4,left,2,70.10
1783406379.2,35.4,left,3,64.67
1783406379.2,35.4,left,4,64.82
1783406379.2,35.4,left,5,71.23
1783406379.2,35.4,left,6,71.21
1783406379.2,35.4,left,7,67.20
1783406379.2,35.4,right,imu,40.17
1783406379.2,35.4,right,0,32.25
1783406379.2,35.4,right,1,40.08
1783406379.2,35.4,right,2,51.32
1783406379.2,35.4,right,3,58.76
1783406379.2,35.4,right,4,54.85
1783406379.2,35.4,right,5,53.05
1783406379.2,35.4,right,6,51.54
1783406379.2,35.4,right,7,47.62
1783406384.3,40.4,left,imu,62.93
1783406384.3,40.4,left,0,59.34
1783406384.3,40.4,left,1,63.51
1783406384.3,40.4,left,2,69.05
1783406384.3,40.4,left,3,64.67
1783406384.3,40.4,left,4,64.66
1783406384.3,40.4,left,5,70.40
1783406384.3,40.4,left,6,70.15
1783406384.3,40.4,left,7,66.44
1783406384.3,40.4,right,imu,39.83
1783406384.3,40.4,right,0,31.95
1783406384.3,40.4,right,1,39.62
1783406384.3,40.4,right,2,50.34
1783406384.3,40.4,right,3,57.55
1783406384.3,40.4,right,4,53.86
1783406384.3,40.4,right,5,52.00
1783406384.3,40.4,right,6,50.55
1783406384.3,40.4,right,7,46.87
1783406389.3,45.5,left,imu,62.50
1783406389.3,45.5,left,0,58.96
1783406389.3,45.5,left,1,62.98
1783406389.3,45.5,left,2,68.29
1783406389.3,45.5,left,3,63.77
1783406389.3,45.5,left,4,63.99
1783406389.3,45.5,left,5,69.58
1783406389.3,45.5,left,6,69.09
1783406389.3,45.5,left,7,65.83
1783406389.3,45.5,right,imu,39.55
1783406389.3,45.5,right,0,31.72
1783406389.3,45.5,right,1,39.17
1783406389.3,45.5,right,2,49.52
1783406389.3,45.5,right,3,56.49
1783406389.3,45.5,right,4,52.96
1783406389.3,45.5,right,5,51.10
1783406389.3,45.5,right,6,49.72
1783406389.3,45.5,right,7,46.18
1783406394.4,50.5,left,imu,62.50
1783406394.4,50.5,left,0,58.58
1783406394.4,50.5,left,1,62.52
1783406394.4,50.5,left,2,67.46
1783406394.4,50.5,left,3,63.77
1783406394.4,50.5,left,4,63.23
1783406394.4,50.5,left,5,68.75
1783406394.4,50.5,left,6,68.34
1783406394.4,50.5,left,7,65.07
1783406394.4,50.5,right,imu,39.11
1783406394.4,50.5,right,0,31.49
1783406394.4,50.5,right,1,38.87
1783406394.4,50.5,right,2,48.76
1783406394.4,50.5,right,3,55.43
1783406394.4,50.5,right,4,52.20
1783406394.4,50.5,right,5,50.28
1783406394.4,50.5,right,6,48.89
1783406394.4,50.5,right,7,45.50
1783406399.4,55.6,left,imu,61.69
1783406399.4,55.6,left,0,58.27
1783406399.4,55.6,left,1,61.99
1783406399.4,55.6,left,2,66.86
1783406399.4,55.6,left,3,63.24
1783406399.4,55.6,left,4,62.48
1783406399.4,55.6,left,5,68.07
1783406399.4,55.6,left,6,67.50
1783406399.4,55.6,left,7,64.46
1783406399.4,55.6,right,imu,38.92
1783406399.4,55.6,right,0,31.34
1783406399.4,55.6,right,1,38.49
1783406399.4,55.6,right,2,48.08
1783406399.4,55.6,right,3,54.53
1783406399.4,55.6,right,4,51.36
1783406399.4,55.6,right,5,49.45
1783406399.4,55.6,right,6,48.21
1783406399.4,55.6,right,7,45.04
1783406404.5,60.6,left,imu,61.45
1783406404.5,60.6,left,0,57.89
1783406404.5,60.6,left,1,61.54
1783406404.5,60.6,left,2,66.26
1783406404.5,60.6,left,3,63.24
1783406404.5,60.6,left,4,62.55
1783406404.5,60.6,left,5,67.40
1783406404.5,60.6,left,6,66.89
1783406404.5,60.6,left,7,63.86
1783406404.5,60.6,right,imu,38.40
1783406404.5,60.6,right,0,31.19
1783406404.5,60.6,right,1,38.19
1783406404.5,60.6,right,2,47.48
1783406404.5,60.6,right,3,53.70
1783406404.5,60.6,right,4,50.76
1783406404.5,60.6,right,5,48.85
1783406404.5,60.6,right,6,47.61
1783406404.5,60.6,right,7,44.51
1783406409.5,65.6,left,imu,60.97
1783406409.5,65.6,left,0,57.59
1783406409.5,65.6,left,1,61.16
1783406409.5,65.6,left,2,65.66
1783406409.5,65.6,left,3,62.26
1783406409.5,65.6,left,4,62.40
1783406409.5,65.6,left,5,66.72
1783406409.5,65.6,left,6,66.14
1783406409.5,65.6,left,7,63.40
1783406409.5,65.6,right,imu,38.11
1783406409.5,65.6,right,0,31.19
1783406409.5,65.6,right,1,37.88
1783406409.5,65.6,right,2,46.88
1783406409.5,65.6,right,3,53.02
1783406409.5,65.6,right,4,50.08
1783406409.5,65.6,right,5,48.25
1783406409.5,65.6,right,6,47.00
1783406409.5,65.6,right,7,44.06
1783406414.6,70.7,left,imu,60.73
1783406414.6,70.7,left,0,57.36
1783406414.6,70.7,left,1,60.78
1783406414.6,70.7,left,2,65.21
1783406414.6,70.7,left,3,61.73
1783406414.6,70.7,left,4,62.25
1783406414.6,70.7,left,5,66.12
1783406414.6,70.7,left,6,65.68
1783406414.6,70.7,left,7,62.95
1783406414.6,70.7,right,imu,37.92
1783406414.6,70.7,right,0,31.04
1783406414.6,70.7,right,1,37.58
1783406414.6,70.7,right,2,46.27
1783406414.6,70.7,right,3,52.34
1783406414.6,70.7,right,4,49.55
1783406414.6,70.7,right,5,47.65
1783406414.6,70.7,right,6,46.55
1783406414.6,70.7,right,7,43.68
1783406419.6,75.7,left,imu,60.30
1783406419.6,75.7,left,0,56.98
1783406419.6,75.7,left,1,60.47
1783406419.6,75.7,left,2,64.68
1783406419.6,75.7,left,3,61.58
1783406419.6,75.7,left,4,61.27
1783406419.6,75.7,left,5,65.67
1783406419.6,75.7,left,6,65.00
1783406419.6,75.7,left,7,62.49
1783406419.6,75.7,right,imu,37.58
1783406419.6,75.7,right,0,30.73
1783406419.6,75.7,right,1,37.36
1783406419.6,75.7,right,2,45.82
1783406419.6,75.7,right,3,51.65
1783406419.6,75.7,right,4,49.02
1783406419.6,75.7,right,5,47.05
1783406419.6,75.7,right,6,45.94
1783406419.6,75.7,right,7,43.30
1783406424.7,80.8,left,imu,60.01
1783406424.7,80.8,left,0,56.68
1783406424.7,80.8,left,1,60.02
1783406424.7,80.8,left,2,64.15
1783406424.7,80.8,left,3,61.20
1783406424.7,80.8,left,4,61.19
1783406424.7,80.8,left,5,65.14
1783406424.7,80.8,left,6,64.47
1783406424.7,80.8,left,7,62.11
1783406424.7,80.8,right,imu,37.73
1783406424.7,80.8,right,0,30.66
1783406424.7,80.8,right,1,37.05
1783406424.7,80.8,right,2,45.37
1783406424.7,80.8,right,3,51.05
1783406424.7,80.8,right,4,48.56
1783406424.7,80.8,right,5,46.59
1783406424.7,80.8,right,6,45.41
1783406424.7,80.8,right,7,42.92
1783406429.7,85.8,left,imu,60.01
1783406429.7,85.8,left,0,56.45
1783406429.7,85.8,left,1,59.71
1783406429.7,85.8,left,2,63.78
1783406429.7,85.8,left,3,60.83
1783406429.7,85.8,left,4,60.82
1783406429.7,85.8,left,5,64.77
1783406429.7,85.8,left,6,64.09
1783406429.7,85.8,left,7,61.66
1783406429.7,85.8,right,imu,37.34
1783406429.7,85.8,right,0,30.59
1783406429.7,85.8,right,1,36.82
1783406429.7,85.8,right,2,44.99
1783406429.7,85.8,right,3,50.52
1783406429.7,85.8,right,4,48.18
1783406429.7,85.8,right,5,46.22
1783406429.7,85.8,right,6,45.04
1783406429.7,85.8,right,7,42.61
1783406434.7,90.9,left,imu,59.67
1783406434.7,90.9,left,0,56.15
1783406434.7,90.9,left,1,59.34
1783406434.7,90.9,left,2,63.32
1783406434.7,90.9,left,3,60.52
1783406434.7,90.9,left,4,60.59
1783406434.7,90.9,left,5,64.25
1783406434.7,90.9,left,6,63.79
1783406434.7,90.9,left,7,61.28
1783406434.7,90.9,right,imu,37.01
1783406434.7,90.9,right,0,30.36
1783406434.7,90.9,right,1,36.60
1783406434.7,90.9,right,2,44.54
1783406434.7,90.9,right,3,49.99
1783406434.7,90.9,right,4,47.73
1783406434.7,90.9,right,5,45.70
1783406434.7,90.9,right,6,44.58
1783406434.7,90.9,right,7,42.23
1783406439.8,95.9,left,imu,59.15
1783406439.8,95.9,left,0,55.92
1783406439.8,95.9,left,1,59.03
1783406439.8,95.9,left,2,62.95
1783406439.8,95.9,left,3,60.15
1783406439.8,95.9,left,4,59.98
1783406439.8,95.9,left,5,63.87
1783406439.8,95.9,left,6,63.34
1783406439.8,95.9,left,7,60.90
1783406439.8,95.9,right,imu,36.91
1783406439.8,95.9,right,0,30.36
1783406439.8,95.9,right,1,36.45
1783406439.8,95.9,right,2,44.16
1783406439.8,95.9,right,3,49.54
1783406439.8,95.9,right,4,47.35
1783406439.8,95.9,right,5,45.32
1783406439.8,95.9,right,6,44.20
1783406439.8,95.9,right,7,42.01
1783406444.8,101.0,left,imu,59.00
1783406444.8,101.0,left,0,55.62
1783406444.8,101.0,left,1,58.73
1783406444.8,101.0,left,2,62.57
1783406444.8,101.0,left,3,59.92
1783406444.8,101.0,left,4,60.06
1783406444.8,101.0,left,5,63.42
1783406444.8,101.0,left,6,62.80
1783406444.8,101.0,left,7,60.59
1783406444.8,101.0,right,imu,36.57
1783406444.8,101.0,right,0,30.36
1783406444.8,101.0,right,1,36.14
1783406444.8,101.0,right,2,43.86
1783406444.8,101.0,right,3,49.01
1783406444.8,101.0,right,4,46.97
1783406444.8,101.0,right,5,44.95
1783406444.8,101.0,right,6,43.98
1783406444.8,101.0,right,7,41.70
1783406449.9,106.0,left,imu,58.67
1783406449.9,106.0,left,0,55.39
1783406449.9,106.0,left,1,58.43
1783406449.9,106.0,left,2,62.27
1783406449.9,106.0,left,3,59.85
1783406449.9,106.0,left,4,59.68
1783406449.9,106.0,left,5,63.12
1783406449.9,106.0,left,6,62.35
1783406449.9,106.0,left,7,60.29
1783406449.9,106.0,right,imu,36.14
1783406449.9,106.0,right,0,30.21
1783406449.9,106.0,right,1,36.07
1783406449.9,106.0,right,2,43.48
1783406449.9,106.0,right,3,48.63
1783406449.9,106.0,right,4,46.59
1783406449.9,106.0,right,5,44.49
1783406449.9,106.0,right,6,43.60
1783406449.9,106.0,right,7,41.48
1783406454.9,111.1,left,imu,58.43
1783406454.9,111.1,left,0,55.16
1783406454.9,111.1,left,1,58.20
1783406454.9,111.1,left,2,61.89
1783406454.9,111.1,left,3,59.24
1783406454.9,111.1,left,4,59.61
1783406454.9,111.1,left,5,62.82
1783406454.9,111.1,left,6,62.12
1783406454.9,111.1,left,7,59.91
1783406454.9,111.1,right,imu,36.29
1783406454.9,111.1,right,0,30.21
1783406454.9,111.1,right,1,35.84
1783406454.9,111.1,right,2,43.18
1783406454.9,111.1,right,3,48.25
1783406454.9,111.1,right,4,46.36
1783406454.9,111.1,right,5,44.19
1783406454.9,111.1,right,6,43.30
1783406454.9,111.1,right,7,41.17
1783406460.0,116.1,left,imu,58.28
1783406460.0,116.1,left,0,54.94
1783406460.0,116.1,left,1,57.89
1783406460.0,116.1,left,2,61.52
1783406460.0,116.1,left,3,59.70
1783406460.0,116.1,left,4,59.15
1783406460.0,116.1,left,5,62.37
1783406460.0,116.1,left,6,61.82
1783406460.0,116.1,left,7,59.61
1783406460.0,116.1,right,imu,36.14
1783406460.0,116.1,right,0,30.21
1783406460.0,116.1,right,1,35.69
1783406460.0,116.1,right,2,42.88
1783406460.0,116.1,right,3,47.87
1783406460.0,116.1,right,4,46.06
1783406460.0,116.1,right,5,43.89
1783406460.0,116.1,right,6,43.07
1783406460.0,116.1,right,7,40.95
1783406465.0,121.2,left,imu,58.00
1783406465.0,121.2,left,0,54.71
1783406465.0,121.2,left,1,57.59
1783406465.0,121.2,left,2,61.21
1783406465.0,121.2,left,3,58.49
1783406465.0,121.2,left,4,58.93
1783406465.0,121.2,left,5,62.14
1783406465.0,121.2,left,6,61.59
1783406465.0,121.2,left,7,59.30
1783406465.0,121.2,right,imu,35.95
1783406465.0,121.2,right,0,30.21
1783406465.0,121.2,right,1,35.54
1783406465.0,121.2,right,2,42.65
1783406465.0,121.2,right,3,47.57
1783406465.0,121.2,right,4,45.68
1783406465.0,121.2,right,5,43.59
1783406465.0,121.2,right,6,42.69
1783406465.0,121.2,right,7,40.71
1783406470.1,126.2,left,imu,57.61
1783406470.1,126.2,left,0,54.48
1783406470.1,126.2,left,1,57.36
1783406470.1,126.2,left,2,60.99
1783406470.1,126.2,left,3,58.57
1783406470.1,126.2,left,4,58.85
1783406470.1,126.2,left,5,61.84
1783406470.1,126.2,left,6,61.29
1783406470.1,126.2,left,7,59.00
1783406470.1,126.2,right,imu,35.76
1783406470.1,126.2,right,0,30.21
1783406470.1,126.2,right,1,35.39
1783406470.1,126.2,right,2,42.35
1783406470.1,126.2,right,3,47.19
1783406470.1,126.2,right,4,45.38
1783406470.1,126.2,right,5,43.29
1783406470.1,126.2,right,6,42.46
1783406470.1,126.2,right,7,40.49
1783406475.1,131.2,left,imu,57.66
1783406475.1,131.2,left,0,54.25
1783406475.1,131.2,left,1,57.14
1783406475.1,131.2,left,2,60.69
1783406475.1,131.2,left,3,58.41
1783406475.1,131.2,left,4,58.17
1783406475.1,131.2,left,5,61.54
1783406475.1,131.2,left,6,60.91
1783406475.1,131.2,left,7,58.77
1783406475.1,131.2,right,imu,35.52
1783406475.1,131.2,right,0,30.21
1783406475.1,131.2,right,1,35.23
1783406475.1,131.2,right,2,42.05
1783406475.1,131.2,right,3,46.89
1783406475.1,131.2,right,4,45.15
1783406475.1,131.2,right,5,43.07
1783406475.1,131.2,right,6,42.32
1783406475.1,131.2,right,7,40.34
1783406480.2,136.3,left,imu,57.13
1783406480.2,136.3,left,0,54.03
1783406480.2,136.3,left,1,56.91
1783406480.2,136.3,left,2,60.39
1783406480.2,136.3,left,3,58.26
1783406480.2,136.3,left,4,58.32
1783406480.2,136.3,left,5,61.24
1783406480.2,136.3,left,6,60.68
1783406480.2,136.3,left,7,58.55
1783406480.2,136.3,right,imu,35.42
1783406480.2,136.3,right,0,30.05
1783406480.2,136.3,right,1,35.08
1783406480.2,136.3,right,2,41.90
1783406480.2,136.3,right,3,46.59
1783406480.2,136.3,right,4,44.93
1783406480.2,136.3,right,5,42.84
1783406480.2,136.3,right,6,42.01
1783406480.2,136.3,right,7,40.03
1783406485.2,141.3,left,imu,57.04
1783406485.2,141.3,left,0,53.80
1783406485.2,141.3,left,1,56.61
1783406485.2,141.3,left,2,60.09
1783406485.2,141.3,left,3,57.81
1783406485.2,141.3,left,4,57.79
1783406485.2,141.3,left,5,60.86
1783406485.2,141.3,left,6,60.38
1783406485.2,141.3,left,7,58.24
1783406485.2,141.3,right,imu,35.14
1783406485.2,141.3,right,0,30.05
1783406485.2,141.3,right,1,34.93
1783406485.2,141.3,right,2,41.60
1783406485.2,141.3,right,3,46.29
1783406485.2,141.3,right,4,44.70
1783406485.2,141.3,right,5,42.54
1783406485.2,141.3,right,6,41.79
1783406485.2,141.3,right,7,39.80
1783406490.3,146.4,left,imu,56.89
1783406490.3,146.4,left,0,53.57
1783406490.3,146.4,left,1,56.38
1783406490.3,146.4,left,2,59.86
1783406490.3,146.4,left,3,57.36
1783406490.3,146.4,left,4,57.64
1783406490.3,146.4,left,5,60.64
1783406490.3,146.4,left,6,60.08
1783406490.3,146.4,left,7,58.02
1783406490.3,146.4,right,imu,34.99
1783406490.3,146.4,right,0,30.05
1783406490.3,146.4,right,1,34.78
1783406490.3,146.4,right,2,41.37
1783406490.3,146.4,right,3,45.98
1783406490.3,146.4,right,4,44.39
1783406490.3,146.4,right,5,42.32
1783406490.3,146.4,right,6,41.48
1783406490.3,146.4,right,7,39.65
1783406495.3,151.4,left,imu,56.56
1783406495.3,151.4,left,0,53.34
1783406495.3,151.4,left,1,56.15
1783406495.3,151.4,left,2,59.63
1783406495.3,151.4,left,3,57.73
1783406495.3,151.4,left,4,58.25
1783406495.3,151.4,left,5,60.41
1783406495.3,151.4,left,6,59.85
1783406495.3,151.4,left,7,57.79
1783406495.3,151.4,right,imu,34.90
1783406495.3,151.4,right,0,30.05
1783406495.3,151.4,right,1,34.70
1783406495.3,151.4,right,2,41.14
1783406495.3,151.4,right,3,45.75
1783406495.3,151.4,right,4,44.09
1783406495.3,151.4,right,5,42.09
1783406495.3,151.4,right,6,41.26
1783406495.3,151.4,right,7,39.50
1783406500.3,156.5,left,imu,56.61
1783406500.3,156.5,left,0,53.20
1783406500.3,156.5,left,1,55.92
1783406500.3,156.5,left,2,59.33
1783406500.3,156.5,left,3,57.13
1783406500.3,156.5,left,4,57.19
1783406500.3,156.5,left,5,60.19
1783406500.3,156.5,left,6,59.55
1783406500.3,156.5,left,7,57.48
1783406500.3,156.5,right,imu,34.71
1783406500.3,156.5,right,0,30.05
1783406500.3,156.5,right,1,34.55
1783406500.3,156.5,right,2,41.00
1783406500.3,156.5,right,3,45.53
1783406500.3,156.5,right,4,43.87
1783406500.3,156.5,right,5,41.94
1783406500.3,156.5,right,6,41.03
1783406500.3,156.5,right,7,39.35
1783406505.4,161.5,left,imu,55.98
1783406505.4,161.5,left,0,52.96
1783406505.4,161.5,left,1,55.70
1783406505.4,161.5,left,2,59.11
1783406505.4,161.5,left,3,56.83
1783406505.4,161.5,left,4,56.74
1783406505.4,161.5,left,5,59.89
1783406505.4,161.5,left,6,59.24
1783406505.4,161.5,left,7,57.18
1783406505.4,161.5,right,imu,34.61
1783406505.4,161.5,right,0,30.05
1783406505.4,161.5,right,1,34.48
1783406505.4,161.5,right,2,40.77
1783406505.4,161.5,right,3,45.30
1783406505.4,161.5,right,4,43.71
1783406505.4,161.5,right,5,41.71
1783406505.4,161.5,right,6,40.95
1783406505.4,161.5,right,7,39.20
1783406510.4,166.6,left,imu,56.03
1783406510.4,166.6,left,0,52.82
1783406510.4,166.6,left,1,55.47
1783406510.4,166.6,left,2,58.80
1783406510.4,166.6,left,3,56.83
1783406510.4,166.6,left,4,56.89
1783406510.4,166.6,left,5,59.66
1783406510.4,166.6,left,6,59.09
1783406510.4,166.6,left,7,57.03
1783406510.4,166.6,right,imu,34.56
1783406510.4,166.6,right,0,29.90
1783406510.4,166.6,right,1,34.33
1783406510.4,166.6,right,2,40.62
1783406510.4,166.6,right,3,45.07
1783406510.4,166.6,right,4,43.49
1783406510.4,166.6,right,5,41.49
1783406510.4,166.6,right,6,40.80
1783406510.4,166.6,right,7,39.05
1783406515.5,171.6,left,imu,55.89
1783406515.5,171.6,left,0,52.59
1783406515.5,171.6,left,1,55.32
1783406515.5,171.6,left,2,58.58
1783406515.5,171.6,left,3,56.53
1783406515.5,171.6,left,4,56.74
1783406515.5,171.6,left,5,59.44
1783406515.5,171.6,left,6,58.79
1783406515.5,171.6,left,7,56.80
1783406515.5,171.6,right,imu,34.56
1783406515.5,171.6,right,0,29.90
1783406515.5,171.6,right,1,34.18
1783406515.5,171.6,right,2,40.39
1783406515.5,171.6,right,3,44.77
1783406515.5,171.6,right,4,43.26
1783406515.5,171.6,right,5,41.34
1783406515.5,171.6,right,6,40.58
1783406515.5,171.6,right,7,38.89
1783406520.5,176.7,left,imu,55.55
1783406520.5,176.7,left,0,52.44
1783406520.5,176.7,left,1,55.09
1783406520.5,176.7,left,2,58.36
1783406520.5,176.7,left,3,56.61
1783406520.5,176.7,left,4,56.74
1783406520.5,176.7,left,5,59.29
1783406520.5,176.7,left,6,58.64
1783406520.5,176.7,left,7,56.57
1783406520.5,176.7,right,imu,34.27
1783406520.5,176.7,right,0,29.90
1783406520.5,176.7,right,1,34.10
1783406520.5,176.7,right,2,40.24
1783406520.5,176.7,right,3,44.55
1783406520.5,176.7,right,4,43.03
1783406520.5,176.7,right,5,41.11
1783406520.5,176.7,right,6,40.35
1783406520.5,176.7,right,7,38.74
1783406525.6,181.7,left,imu,55.31
1783406525.6,181.7,left,0,52.21
1783406525.6,181.7,left,1,54.86
1783406525.6,181.7,left,2,58.13
1783406525.6,181.7,left,3,56.08
1783406525.6,181.7,left,4,56.51
1783406525.6,181.7,left,5,58.99
1783406525.6,181.7,left,6,58.34
1783406525.6,181.7,left,7,56.35
1783406525.6,181.7,right,imu,34.08
1783406525.6,181.7,right,0,29.90
1783406525.6,181.7,right,1,33.95
1783406525.6,181.7,right,2,40.09
1783406525.6,181.7,right,3,44.39
1783406525.6,181.7,right,4,42.88
1783406525.6,181.7,right,5,40.89
1783406525.6,181.7,right,6,40.27
1783406525.6,181.7,right,7,38.59
1783406530.6,186.8,left,imu,55.31
1783406530.6,186.8,left,0,52.05
1783406530.6,186.8,left,1,54.63
1783406530.6,186.8,left,2,57.90
1783406530.6,186.8,left,3,56.15
1783406530.6,186.8,left,4,56.21
1783406530.6,186.8,left,5,58.76
1783406530.6,186.8,left,6,58.11
1783406530.6,186.8,left,7,56.20
1783406530.6,186.8,right,imu,34.04
1783406530.6,186.8,right,0,29.90
1783406530.6,186.8,right,1,33.87
1783406530.6,186.8,right,2,39.86
1783406530.6,186.8,right,3,44.09
1783406530.6,186.8,right,4,42.65
1783406530.6,186.8,right,5,40.74
1783406530.6,186.8,right,6,40.12
1783406530.6,186.8,right,7,38.44
1783406535.7,191.8,left,imu,54.93
1783406535.7,191.8,left,0,51.83
1783406535.7,191.8,left,1,54.48
1783406535.7,191.8,left,2,57.68
1783406535.7,191.8,left,3,55.55
1783406535.7,191.8,left,4,55.98
1783406535.7,191.8,left,5,58.54
1783406535.7,191.8,left,6,57.96
1783406535.7,191.8,left,7,55.97
1783406535.7,191.8,right,imu,34.04
1783406535.7,191.8,right,0,29.90
1783406535.7,191.8,right,1,33.72
1783406535.7,191.8,right,2,39.71
1783406535.7,191.8,right,3,43.94
1783406535.7,191.8,right,4,42.50
1783406535.7,191.8,right,5,40.59
1783406535.7,191.8,right,6,39.97
1783406535.7,191.8,right,7,38.29
1783406540.7,196.9,left,imu,54.98
1783406540.7,196.9,left,0,51.68
1783406540.7,196.9,left,1,54.33
1783406540.7,196.9,left,2,57.45
1783406540.7,196.9,left,3,55.62
1783406540.7,196.9,left,4,55.75
1783406540.7,196.9,left,5,58.31
1783406540.7,196.9,left,6,57.65
1783406540.7,196.9,left,7,55.74
1783406540.7,196.9,right,imu,33.84
1783406540.7,196.9,right,0,29.83
1783406540.7,196.9,right,1,33.64
1783406540.7,196.9,right,2,39.48
1783406540.7,196.9,right,3,43.71
1783406540.7,196.9,right,4,42.27
1783406540.7,196.9,right,5,40.44
1783406540.7,196.9,right,6,39.82
1783406540.7,196.9,right,7,38.21
1783406545.8,201.9,left,imu,54.79
1783406545.8,201.9,left,0,51.53
1783406545.8,201.9,left,1,54.11
1783406545.8,201.9,left,2,57.30
1783406545.8,201.9,left,3,55.32
1783406545.8,201.9,left,4,55.75
1783406545.8,201.9,left,5,58.16
1783406545.8,201.9,left,6,57.50
1783406545.8,201.9,left,7,55.59
1783406545.8,201.9,right,imu,33.65
1783406545.8,201.9,right,0,29.83
1783406545.8,201.9,right,1,33.49
1783406545.8,201.9,right,2,39.41
1783406545.8,201.9,right,3,43.56
1783406545.8,201.9,right,4,42.12
1783406545.8,201.9,right,5,40.29
1783406545.8,201.9,right,6,39.67
1783406545.8,201.9,right,7,37.98
1783406550.8,206.9,left,imu,54.64
1783406550.8,206.9,left,0,51.38
1783406550.8,206.9,left,1,53.88
1783406550.8,206.9,left,2,57.07
1783406550.8,206.9,left,3,55.10
1783406550.8,206.9,left,4,55.61
1783406550.8,206.9,left,5,57.94
1783406550.8,206.9,left,6,57.27
1783406550.8,206.9,left,7,55.36
1783406550.8,206.9,right,imu,33.70
1783406550.8,206.9,right,0,29.60
1783406550.8,206.9,right,1,33.42
1783406550.8,206.9,right,2,39.26
1783406550.8,206.9,right,3,43.34
1783406550.8,206.9,right,4,41.89
1783406550.8,206.9,right,5,40.14
1783406550.8,206.9,right,6,39.52
1783406550.8,206.9,right,7,37.91
1783406555.9,212.0,left,imu,54.50
1783406555.9,212.0,left,0,51.15
1783406555.9,212.0,left,1,53.73
1783406555.9,212.0,left,2,56.92
1783406555.9,212.0,left,3,54.64
1783406555.9,212.0,left,4,55.23
1783406555.9,212.0,left,5,57.79
1783406555.9,212.0,left,6,57.05
1783406555.9,212.0,left,7,55.13
1783406555.9,212.0,right,imu,33.70
1783406555.9,212.0,right,0,29.60
1783406555.9,212.0,right,1,33.34
1783406555.9,212.0,right,2,39.11
1783406555.9,212.0,right,3,43.18
1783406555.9,212.0,right,4,41.74
1783406555.9,212.0,right,5,39.91
1783406555.9,212.0,right,6,39.37
1783406555.9,212.0,right,7,37.83
1783406560.9,217.0,left,imu,54.07
1783406560.9,217.0,left,0,50.92
1783406560.9,217.0,left,1,53.57
1783406560.9,217.0,left,2,56.70
1783406560.9,217.0,left,3,54.64
1783406560.9,217.0,left,4,55.30
1783406560.9,217.0,left,5,57.56
1783406560.9,217.0,left,6,56.82
1783406560.9,217.0,left,7,54.98
1783406560.9,217.0,right,imu,33.65
1783406560.9,217.0,right,0,29.53
1783406560.9,217.0,right,1,33.27
1783406560.9,217.0,right,2,38.96
1783406560.9,217.0,right,3,42.96
1783406560.9,217.0,right,4,41.59
1783406560.9,217.0,right,5,39.84
1783406560.9,217.0,right,6,39.29
1783406560.9,217.0,right,7,37.68
1783406566.0,222.1,left,imu,54.07
1783406566.0,222.1,left,0,50.77
1783406566.0,222.1,left,1,53.34
1783406566.0,222.1,left,2,56.47
1783406566.0,222.1,left,3,54.49
1783406566.0,222.1,left,4,55.23
1783406566.0,222.1,left,5,57.34
1783406566.0,222.1,left,6,56.67
1783406566.0,222.1,left,7,54.75
1783406566.0,222.1,right,imu,33.41
1783406566.0,222.1,right,0,29.45
1783406566.0,222.1,right,1,33.12
1783406566.0,222.1,right,2,38.81
1783406566.0,222.1,right,3,42.80
1783406566.0,222.1,right,4,41.37
1783406566.0,222.1,right,5,39.69
1783406566.0,222.1,right,6,39.14
1783406566.0,222.1,right,7,37.53
1783406571.0,227.1,left,imu,53.92
1783406571.0,227.1,left,0,50.69
1783406571.0,227.1,left,1,53.20
1783406571.0,227.1,left,2,56.32
1783406571.0,227.1,left,3,54.72
1783406571.0,227.1,left,4,54.70
1783406571.0,227.1,left,5,57.11
1783406571.0,227.1,left,6,56.44
1783406571.0,227.1,left,7,54.60
1783406571.0,227.1,right,imu,33.41
1783406571.0,227.1,right,0,29.45
1783406571.0,227.1,right,1,33.12
1783406571.0,227.1,right,2,38.73
1783406571.0,227.1,right,3,42.66
1783406571.0,227.1,right,4,41.21
1783406571.0,227.1,right,5,39.61
1783406571.0,227.1,right,6,38.99
1783406571.0,227.1,right,7,37.38
1783406576.1,232.2,left,imu,53.40
1783406576.1,232.2,left,0,50.46
1783406576.1,232.2,left,1,53.04
1783406576.1,232.2,left,2,56.09
1783406576.1,232.2,left,3,53.51
1783406576.1,232.2,left,4,54.25
1783406576.1,232.2,left,5,56.96
1783406576.1,232.2,left,6,56.29
1783406576.1,232.2,left,7,54.38
1783406576.1,232.2,right,imu,33.32
1783406576.1,232.2,right,0,29.45
1783406576.1,232.2,right,1,32.96
1783406576.1,232.2,right,2,38.58
1783406576.1,232.2,right,3,42.50
1783406576.1,232.2,right,4,41.06
1783406576.1,232.2,right,5,39.46
1783406576.1,232.2,right,6,38.84
1783406576.1,232.2,right,7,37.38
1783406581.1,237.2,left,imu,53.59
1783406581.1,237.2,left,0,50.39
1783406581.1,237.2,left,1,52.82
1783406581.1,237.2,left,2,55.95
1783406581.1,237.2,left,3,54.04
1783406581.1,237.2,left,4,54.70
1783406581.1,237.2,left,5,56.81
1783406581.1,237.2,left,6,56.14
1783406581.1,237.2,left,7,54.30
1783406581.1,237.2,right,imu,32.98
1783406581.1,237.2,right,0,29.45
1783406581.1,237.2,right,1,32.96
1783406581.1,237.2,right,2,38.43
1783406581.1,237.2,right,3,42.35
1783406581.1,237.2,right,4,40.99
1783406581.1,237.2,right,5,39.31
1783406581.1,237.2,right,6,38.76
1783406581.1,237.2,right,7,37.15
1783406586.1,242.3,left,imu,53.35
1783406586.1,242.3,left,0,50.24
1783406586.1,242.3,left,1,52.74
1783406586.1,242.3,left,2,55.79
1783406586.1,242.3,left,3,53.81
1783406586.1,242.3,left,4,54.25
1783406586.1,242.3,left,5,56.66
1783406586.1,242.3,left,6,55.91
1783406586.1,242.3,left,7,54.07
1783406586.1,242.3,right,imu,32.79
1783406586.1,242.3,right,0,29.30
1783406586.1,242.3,right,1,32.89
1783406586.1,242.3,right,2,38.28
1783406586.1,242.3,right,3,42.20
1783406586.1,242.3,right,4,40.84
1783406586.1,242.3,right,5,39.16
1783406586.1,242.3,right,6,38.61
1783406586.1,242.3,right,7,37.07
1783406591.2,247.3,left,imu,53.20
1783406591.2,247.3,left,0,50.09
1783406591.2,247.3,left,1,52.59
1783406591.2,247.3,left,2,55.57
1783406591.2,247.3,left,3,54.27
1783406591.2,247.3,left,4,54.32
1783406591.2,247.3,left,5,56.43
1783406591.2,247.3,left,6,55.76
1783406591.2,247.3,left,7,53.84
1783406591.2,247.3,right,imu,33.12
1783406591.2,247.3,right,0,29.30
1783406591.2,247.3,right,1,32.81
1783406591.2,247.3,right,2,38.20
1783406591.2,247.3,right,3,42.05
1783406591.2,247.3,right,4,40.68
1783406591.2,247.3,right,5,39.09
1783406591.2,247.3,right,6,38.54
1783406591.2,247.3,right,7,37.00
1783406596.2,252.4,left,imu,53.06
1783406596.2,252.4,left,0,49.93
1783406596.2,252.4,left,1,52.36
1783406596.2,252.4,left,2,55.42
1783406596.2,252.4,left,3,53.44
1783406596.2,252.4,left,4,54.02
1783406596.2,252.4,left,5,56.21
1783406596.2,252.4,left,6,55.61
1783406596.2,252.4,left,7,53.69
1783406596.2,252.4,right,imu,32.88
1783406596.2,252.4,right,0,29.38
1783406596.2,252.4,right,1,32.66
1783406596.2,252.4,right,2,38.13
1783406596.2,252.4,right,3,41.90
1783406596.2,252.4,right,4,40.53
1783406596.2,252.4,right,5,39.01
1783406596.2,252.4,right,6,38.38
1783406596.2,252.4,right,7,36.92
1783406601.3,257.4,left,imu,52.87
1783406601.3,257.4,left,0,49.78
1783406601.3,257.4,left,1,52.21
1783406601.3,257.4,left,2,55.27
1783406601.3,257.4,left,3,53.44
1783406601.3,257.4,left,4,53.94
1783406601.3,257.4,left,5,56.06
1783406601.3,257.4,left,6,55.46
1783406601.3,257.4,left,7,53.54
1783406601.3,257.4,right,imu,32.84
1783406601.3,257.4,right,0,29.30
1783406601.3,257.4,right,1,32.66
1783406601.3,257.4,right,2,37.98
1783406601.3,257.4,right,3,41.75
1783406601.3,257.4,right,4,40.46
1783406601.3,257.4,right,5,38.86
1783406601.3,257.4,right,6,38.23
1783406601.3,257.4,right,7,36.77
1783406606.3,262.5,left,imu,52.87
1783406606.3,262.5,left,0,49.63
1783406606.3,262.5,left,1,52.05
1783406606.3,262.5,left,2,55.12
1783406606.3,262.5,left,3,53.06
1783406606.3,262.5,left,4,53.79
1783406606.3,262.5,left,5,55.98
1783406606.3,262.5,left,6,55.23
1783406606.3,262.5,left,7,53.46
1783406606.3,262.5,right,imu,32.79
1783406606.3,262.5,right,0,29.15
1783406606.3,262.5,right,1,32.59
1783406606.3,262.5,right,2,37.90
1783406606.3,262.5,right,3,41.60
1783406606.3,262.5,right,4,40.30
1783406606.3,262.5,right,5,38.71
1783406606.3,262.5,right,6,38.23
1783406606.3,262.5,right,7,36.69
1783406611.4,267.5,left,imu,52.87
1783406611.4,267.5,left,0,49.48
1783406611.4,267.5,left,1,51.91
1783406611.4,267.5,left,2,54.96
1783406611.4,267.5,left,3,53.06
1783406611.4,267.5,left,4,53.49
1783406611.4,267.5,left,5,55.76
1783406611.4,267.5,left,6,55.08
1783406611.4,267.5,left,7,53.24
1783406611.4,267.5,right,imu,32.79
1783406611.4,267.5,right,0,29.15
1783406611.4,267.5,right,1,32.51
1783406611.4,267.5,right,2,37.75
1783406611.4,267.5,right,3,41.45
1783406611.4,267.5,right,4,40.15
1783406611.4,267.5,right,5,38.64
1783406611.4,267.5,right,6,38.08
1783406611.4,267.5,right,7,36.62
1783406616.4,272.5,left,imu,52.68
1783406616.4,272.5,left,0,49.40
1783406616.4,272.5,left,1,51.83
1783406616.4,272.5,left,2,54.82
1783406616.4,272.5,left,3,52.83
1783406616.4,272.5,left,4,53.49
1783406616.4,272.5,left,5,55.61
1783406616.4,272.5,left,6,54.93
1783406616.4,272.5,left,7,53.09
1783406616.4,272.5,right,imu,32.84
1783406616.4,272.5,right,0,29.22
1783406616.4,272.5,right,1,32.43
1783406616.4,272.5,right,2,37.68
1783406616.4,272.5,right,3,41.37
1783406616.4,272.5,right,4,40.00
1783406616.4,272.5,right,5,38.48
1783406616.4,272.5,right,6,38.01
1783406616.4,272.5,right,7,36.54
1783406621.5,277.6,left,imu,52.63
1783406621.5,277.6,left,0,49.25
1783406621.5,277.6,left,1,51.60
1783406621.5,277.6,left,2,54.66
1783406621.5,277.6,left,3,52.68
1783406621.5,277.6,left,4,53.11
1783406621.5,277.6,left,5,55.38
1783406621.5,277.6,left,6,54.70
1783406621.5,277.6,left,7,52.93
1783406621.5,277.6,right,imu,32.65
1783406621.5,277.6,right,0,29.22
1783406621.5,277.6,right,1,32.36
1783406621.5,277.6,right,2,37.53
1783406621.5,277.6,right,3,41.22
1783406621.5,277.6,right,4,39.93
1783406621.5,277.6,right,5,38.48
1783406621.5,277.6,right,6,37.86
1783406621.5,277.6,right,7,36.46
1783406626.5,282.6,left,imu,52.39
1783406626.5,282.6,left,0,49.10
1783406626.5,282.6,left,1,51.53
1783406626.5,282.6,left,2,54.51
1783406626.5,282.6,left,3,52.76
1783406626.5,282.6,left,4,53.11
1783406626.5,282.6,left,5,55.31
1783406626.5,282.6,left,6,54.55
1783406626.5,282.6,left,7,52.78
1783406626.5,282.6,right,imu,32.69
1783406626.5,282.6,right,0,29.22
1783406626.5,282.6,right,1,32.36
1783406626.5,282.6,right,2,37.45
1783406626.5,282.6,right,3,41.14
1783406626.5,282.6,right,4,39.77
1783406626.5,282.6,right,5,38.34
1783406626.5,282.6,right,6,37.78
1783406626.5,282.6,right,7,36.39
1783406631.6,287.7,left,imu,52.10
1783406631.6,287.7,left,0,48.95
1783406631.6,287.7,left,1,51.30
1783406631.6,287.7,left,2,54.36
1783406631.6,287.7,left,3,52.46
1783406631.6,287.7,left,4,52.89
1783406631.6,287.7,left,5,55.16
1783406631.6,287.7,left,6,54.47
1783406631.6,287.7,left,7,52.71
1783406631.6,287.7,right,imu,32.45
1783406631.6,287.7,right,0,29.15
1783406631.6,287.7,right,1,32.28
1783406631.6,287.7,right,2,37.38
1783406631.6,287.7,right,3,40.99
1783406631.6,287.7,right,4,39.70
1783406631.6,287.7,right,5,38.26
1783406631.6,287.7,right,6,37.70
1783406631.6,287.7,right,7,36.31
1783406636.6,292.7,left,imu,52.10
1783406636.6,292.7,left,0,48.80
1783406636.6,292.7,left,1,51.22
1783406636.6,292.7,left,2,54.21
1783406636.6,292.7,left,3,52.08
1783406636.6,292.7,left,4,52.81
1783406636.6,292.7,left,5,55.01
1783406636.6,292.7,left,6,54.32
1783406636.6,292.7,left,7,52.55
1783406636.6,292.7,right,imu,32.65
1783406636.6,292.7,right,0,29.22
1783406636.6,292.7,right,1,32.21
1783406636.6,292.7,right,2,37.30
1783406636.6,292.7,right,3,40.84
1783406636.6,292.7,right,4,39.62
1783406636.6,292.7,right,5,38.11
1783406636.6,292.7,right,6,37.63
1783406636.6,292.7,right,7,36.16
1783406641.7,297.8,left,imu,51.67
1783406641.7,297.8,left,0,48.72
1783406641.7,297.8,left,1,51.07
1783406641.7,297.8,left,2,53.99
1783406641.7,297.8,left,3,52.30
1783406641.7,297.8,left,4,52.89
1783406641.7,297.8,left,5,54.86
1783406641.7,297.8,left,6,54.17
1783406641.7,297.8,left,7,52.40
1783406641.7,297.8,right,imu,32.45
1783406641.7,297.8,right,0,29.22
1783406641.7,297.8,right,1,32.13
1783406641.7,297.8,right,2,37.15
1783406641.7,297.8,right,3,40.69
1783406641.7,297.8,right,4,39.47
1783406641.7,297.8,right,5,37.96
1783406641.7,297.8,right,6,37.48
1783406641.7,297.8,right,7,36.09
1783406646.7,302.8,left,imu,51.86
1783406646.7,302.8,left,0,48.57
1783406646.7,302.8,left,1,51.00
1783406646.7,302.8,left,2,53.84
1783406646.7,302.8,left,3,52.00
1783406646.7,302.8,left,4,52.59
1783406646.7,302.8,left,5,54.71
1783406646.7,302.8,left,6,54.02
1783406646.7,302.8,left,7,52.18
1783406646.7,302.8,right,imu,32.36
1783406646.7,302.8,right,0,29.15
1783406646.7,302.8,right,1,32.05
1783406646.7,302.8,right,2,37.07
1783406646.7,302.8,right,3,40.61
1783406646.7,302.8,right,4,39.47
1783406646.7,302.8,right,5,37.88
1783406646.7,302.8,right,6,37.40
1783406646.7,302.8,right,7,36.09
1783406651.7,307.9,left,imu,51.67
1783406651.7,307.9,left,0,48.42
1783406651.7,307.9,left,1,50.77
1783406651.7,307.9,left,2,53.76
1783406651.7,307.9,left,3,52.23
1783406651.7,307.9,left,4,52.21
1783406651.7,307.9,left,5,54.55
1783406651.7,307.9,left,6,53.86
1783406651.7,307.9,left,7,52.10
1783406651.7,307.9,right,imu,32.31
1783406651.7,307.9,right,0,29.07
1783406651.7,307.9,right,1,31.98
1783406651.7,307.9,right,2,37.00
1783406651.7,307.9,right,3,40.46
1783406651.7,307.9,right,4,39.32
1783406651.7,307.9,right,5,37.81
1783406651.7,307.9,right,6,37.33
1783406651.7,307.9,right,7,36.01
1783406656.8,312.9,left,imu,51.48
1783406656.8,312.9,left,0,48.34
1783406656.8,312.9,left,1,50.69
1783406656.8,312.9,left,2,53.61
1783406656.8,312.9,left,3,51.48
1783406656.8,312.9,left,4,52.05
1783406656.8,312.9,left,5,54.41
1783406656.8,312.9,left,6,53.71
1783406656.8,312.9,left,7,51.95
1783406656.8,312.9,right,imu,32.31
1783406656.8,312.9,right,0,29.00
1783406656.8,312.9,right,1,31.91
1783406656.8,312.9,right,2,36.92
1783406656.8,312.9,right,3,40.39
1783406656.8,312.9,right,4,39.17
1783406656.8,312.9,right,5,37.66
1783406656.8,312.9,right,6,37.25
1783406656.8,312.9,right,7,35.86
1783406661.8,318.0,left,imu,51.29
1783406661.8,318.0,left,0,48.27
1783406661.8,318.0,left,1,50.54
1783406661.8,318.0,left,2,53.46
1783406661.8,318.0,left,3,51.70
1783406661.8,318.0,left,4,51.98
1783406661.8,318.0,left,5,54.25
1783406661.8,318.0,left,6,53.56
1783406661.8,318.0,left,7,51.80
1783406661.8,318.0,right,imu,32.50
1783406661.8,318.0,right,0,28.92
1783406661.8,318.0,right,1,31.91
1783406661.8,318.0,right,2,36.85
1783406661.8,318.0,right,3,40.31
1783406661.8,318.0,right,4,39.09
1783406661.8,318.0,right,5,37.58
1783406661.8,318.0,right,6,37.18
1783406661.8,318.0,right,7,35.86
1783406666.9,323.0,left,imu,51.48
1783406666.9,323.0,left,0,48.11
1783406666.9,323.0,left,1,50.46
1783406666.9,323.0,left,2,53.31
1783406666.9,323.0,left,3,51.18
1783406666.9,323.0,left,4,52.05
1783406666.9,323.0,left,5,54.11
1783406666.9,323.0,left,6,53.48
1783406666.9,323.0,left,7,51.64
1783406666.9,323.0,right,imu,32.17
1783406666.9,323.0,right,0,28.84
1783406666.9,323.0,right,1,31.75
1783406666.9,323.0,right,2,36.77
1783406666.9,323.0,right,3,40.16
1783406666.9,323.0,right,4,39.02
1783406666.9,323.0,right,5,37.51
1783406666.9,323.0,right,6,37.10
1783406666.9,323.0,right,7,35.70
1783406671.9,328.0,left,imu,51.24
1783406671.9,328.0,left,0,47.96
1783406671.9,328.0,left,1,50.31
1783406671.9,328.0,left,2,53.16
1783406671.9,328.0,left,3,51.85
1783406671.9,328.0,left,4,51.83
1783406671.9,328.0,left,5,54.03
1783406671.9,328.0,left,6,53.34
1783406671.9,328.0,left,7,51.57
1783406671.9,328.0,right,imu,32.31
1783406671.9,328.0,right,0,28.77
1783406671.9,328.0,right,1,31.75
1783406671.9,328.0,right,2,36.70
1783406671.9,328.0,right,3,40.09
1783406671.9,328.0,right,4,38.87
1783406671.9,328.0,right,5,37.43
1783406671.9,328.0,right,6,37.02
1783406671.9,328.0,right,7,35.70
1783406677.0,333.1,left,imu,51.05
1783406677.0,333.1,left,0,47.89
1783406677.0,333.1,left,1,50.24
1783406677.0,333.1,left,2,53.08
1783406677.0,333.1,left,3,50.72
1783406677.0,333.1,left,4,51.83
1783406677.0,333.1,left,5,53.88
1783406677.0,333.1,left,6,53.18
1783406677.0,333.1,left,7,51.42
1783406677.0,333.1,right,imu,32.17
1783406677.0,333.1,right,0,28.70
1783406677.0,333.1,right,1,31.68
1783406677.0,333.1,right,2,36.62
1783406677.0,333.1,right,3,40.01
1783406677.0,333.1,right,4,38.87
1783406677.0,333.1,right,5,37.36
1783406677.0,333.1,right,6,36.95
1783406677.0,333.1,right,7,35.63
1783406682.0,338.1,left,imu,50.81
1783406682.0,338.1,left,0,47.73
1783406682.0,338.1,left,1,50.09
1783406682.0,338.1,left,2,52.93
1783406682.0,338.1,left,3,51.02
1783406682.0,338.1,left,4,51.53
1783406682.0,338.1,left,5,53.66
1783406682.0,338.1,left,6,53.03
1783406682.0,338.1,left,7,51.27
1783406682.0,338.1,right,imu,32.07
1783406682.0,338.1,right,0,28.70
1783406682.0,338.1,right,1,31.68
1783406682.0,338.1,right,2,36.55
1783406682.0,338.1,right,3,39.86
1783406682.0,338.1,right,4,38.79
1783406682.0,338.1,right,5,37.29
1783406682.0,338.1,right,6,36.87
1783406682.0,338.1,right,7,35.55
1783406687.1,343.2,left,imu,50.95
1783406687.1,343.2,left,0,47.66
1783406687.1,343.2,left,1,49.93
1783406687.1,343.2,left,2,52.86
1783406687.1,343.2,left,3,51.02
1783406687.1,343.2,left,4,51.60
1783406687.1,343.2,left,5,53.58
1783406687.1,343.2,left,6,52.96
1783406687.1,343.2,left,7,51.19
1783406687.1,343.2,right,imu,31.97
1783406687.1,343.2,right,0,28.70
1783406687.1,343.2,right,1,31.60
1783406687.1,343.2,right,2,36.47
1783406687.1,343.2,right,3,39.71
1783406687.1,343.2,right,4,38.64
1783406687.1,343.2,right,5,37.21
1783406687.1,343.2,right,6,36.80
1783406687.1,343.2,right,7,35.48
1783406692.1,348.2,left,imu,50.62
1783406692.1,348.2,left,0,47.58
1783406692.1,348.2,left,1,49.78
1783406692.1,348.2,left,2,52.71
1783406692.1,348.2,left,3,51.10
1783406692.1,348.2,left,4,51.53
1783406692.1,348.2,left,5,53.43
1783406692.1,348.2,left,6,52.80
1783406692.1,348.2,left,7,51.04
1783406692.1,348.2,right,imu,32.07
1783406692.1,348.2,right,0,28.70
1783406692.1,348.2,right,1,31.60
1783406692.1,348.2,right,2,36.39
1783406692.1,348.2,right,3,39.63
1783406692.1,348.2,right,4,38.56
1783406692.1,348.2,right,5,37.13
1783406692.1,348.2,right,6,36.72
1783406692.1,348.2,right,7,35.40
1783406697.2,353.3,left,imu,50.71
1783406697.2,353.3,left,0,47.43
1783406697.2,353.3,left,1,49.71
1783406697.2,353.3,left,2,52.55
1783406697.2,353.3,left,3,51.10
1783406697.2,353.3,left,4,51.23
1783406697.2,353.3,left,5,53.28
1783406697.2,353.3,left,6,52.65
1783406697.2,353.3,left,7,50.89
1783406697.2,353.3,right,imu,31.97
1783406697.2,353.3,right,0,28.70
1783406697.2,353.3,right,1,31.53
1783406697.2,353.3,right,2,36.32
1783406697.2,353.3,right,3,39.55
1783406697.2,353.3,right,4,38.49
1783406697.2,353.3,right,5,37.06
1783406697.2,353.3,right,6,36.64
1783406697.2,353.3,right,7,35.32
1783406702.2,358.3,left,imu,50.76
1783406702.2,358.3,left,0,47.28
1783406702.2,358.3,left,1,49.63
1783406702.2,358.3,left,2,52.48
1783406702.2,358.3,left,3,50.57
1783406702.2,358.3,left,4,51.15
1783406702.2,358.3,left,5,53.20
1783406702.2,358.3,left,6,52.50
1783406702.2,358.3,left,7,50.81
1783406702.2,358.3,right,imu,31.97
1783406702.2,358.3,right,0,28.46
1783406702.2,358.3,right,1,31.45
1783406702.2,358.3,right,2,36.24
1783406702.2,358.3,right,3,39.40
1783406702.2,358.3,right,4,38.41
1783406702.2,358.3,right,5,36.98
1783406702.2,358.3,right,6,36.57
1783406702.2,358.3,right,7,35.25
1783406707.2,363.4,left,imu,50.62
1783406707.2,363.4,left,0,47.20
1783406707.2,363.4,left,1,49.48
1783406707.2,363.4,left,2,52.33
1783406707.2,363.4,left,3,50.20
1783406707.2,363.4,left,4,51.15
1783406707.2,363.4,left,5,53.13
1783406707.2,363.4,left,6,52.35
1783406707.2,363.4,left,7,50.66
1783406707.2,363.4,right,imu,31.93
1783406707.2,363.4,right,0,28.46
1783406707.2,363.4,right,1,31.45
1783406707.2,363.4,right,2,36.17
1783406707.2,363.4,right,3,39.40
1783406707.2,363.4,right,4,38.34
1783406707.2,363.4,right,5,36.91
1783406707.2,363.4,right,6,36.50
1783406707.2,363.4,right,7,35.17
1783406712.3,368.4,left,imu,50.19
1783406712.3,368.4,left,0,47.13
1783406712.3,368.4,left,1,49.40
1783406712.3,368.4,left,2,52.18
1783406712.3,368.4,left,3,50.50
1783406712.3,368.4,left,4,51.00
1783406712.3,368.4,left,5,53.05
1783406712.3,368.4,left,6,52.27
1783406712.3,368.4,left,7,50.58
1783406712.3,368.4,right,imu,31.78
1783406712.3,368.4,right,0,28.39
1783406712.3,368.4,right,1,31.38
1783406712.3,368.4,right,2,36.09
1783406712.3,368.4,right,3,39.33
1783406712.3,368.4,right,4,38.26
1783406712.3,368.4,right,5,36.91
1783406712.3,368.4,right,6,36.42
1783406712.3,368.4,right,7,35.17
1783406717.3,373.5,left,imu,50.19
1783406717.3,373.5,left,0,47.05
1783406717.3,373.5,left,1,49.25
1783406717.3,373.5,left,2,52.11
1783406717.3,373.5,left,3,50.12
1783406717.3,373.5,left,4,50.77
1783406717.3,373.5,left,5,52.90
1783406717.3,373.5,left,6,52.12
1783406717.3,373.5,left,7,50.43
1783406717.3,373.5,right,imu,31.83
1783406717.3,373.5,right,0,28.39
1783406717.3,373.5,right,1,31.38
1783406717.3,373.5,right,2,36.09
1783406717.3,373.5,right,3,39.18
1783406717.3,373.5,right,4,38.18
1783406717.3,373.5,right,5,36.76
1783406717.3,373.5,right,6,36.42
1783406717.3,373.5,right,7,35.17
1783406722.4,378.5,left,imu,50.19
1783406722.4,378.5,left,0,46.90
1783406722.4,378.5,left,1,49.18
1783406722.4,378.5,left,2,51.95
1783406722.4,378.5,left,3,49.29
1783406722.4,378.5,left,4,50.85
1783406722.4,378.5,left,5,52.75
1783406722.4,378.5,left,6,51.97
1783406722.4,378.5,left,7,50.43
1783406722.4,378.5,right,imu,31.78
1783406722.4,378.5,right,0,28.39
1783406722.4,378.5,right,1,31.30
1783406722.4,378.5,right,2,35.94
1783406722.4,378.5,right,3,39.10
1783406722.4,378.5,right,4,38.11
1783406722.4,378.5,right,5,36.76
1783406722.4,378.5,right,6,36.34
1783406722.4,378.5,right,7,35.02
1783406727.4,383.5,left,imu,49.99
1783406727.4,383.5,left,0,46.82
1783406727.4,383.5,left,1,49.10
1783406727.4,383.5,left,2,51.80
1783406727.4,383.5,left,3,49.82
1783406727.4,383.5,left,4,50.62
1783406727.4,383.5,left,5,52.68
1783406727.4,383.5,left,6,51.97
1783406727.4,383.5,left,7,50.28
1783406727.4,383.5,right,imu,31.78
1783406727.4,383.5,right,0,28.39
1783406727.4,383.5,right,1,31.22
1783406727.4,383.5,right,2,35.94
1783406727.4,383.5,right,3,39.03
1783406727.4,383.5,right,4,38.03
1783406727.4,383.5,right,5,36.68
1783406727.4,383.5,right,6,36.34
1783406727.4,383.5,right,7,34.95
1783406732.5,388.6,left,imu,49.71
1783406732.5,388.6,left,0,46.67
1783406732.5,388.6,left,1,49.02
1783406732.5,388.6,left,2,51.73
1783406732.5,388.6,left,3,49.74
1783406732.5,388.6,left,4,50.39
1783406732.5,388.6,left,5,52.53
1783406732.5,388.6,left,6,51.82
1783406732.5,388.6,left,7,50.13
1783406732.5,388.6,right,imu,31.93
1783406732.5,388.6,right,0,28.39
1783406732.5,388.6,right,1,31.22
1783406732.5,388.6,right,2,35.87
1783406732.5,388.6,right,3,38.95
1783406732.5,388.6,right,4,37.96
1783406732.5,388.6,right,5,36.61
1783406732.5,388.6,right,6,36.27
1783406732.5,388.6,right,7,34.95
1783406737.5,393.6,left,imu,49.90
1783406737.5,393.6,left,0,46.60
1783406737.5,393.6,left,1,48.87
1783406737.5,393.6,left,2,51.58
1783406737.5,393.6,left,3,49.59
1783406737.5,393.6,left,4,50.24
1783406737.5,393.6,left,5,52.45
1783406737.5,393.6,left,6,51.67
1783406737.5,393.6,left,7,50.05
1783406737.5,393.6,right,imu,31.59
1783406737.5,393.6,right,0,28.39
1783406737.5,393.6,right,1,31.15
1783406737.5,393.6,right,2,35.79
1783406737.5,393.6,right,3,38.88
1783406737.5,393.6,right,4,37.88
1783406737.5,393.6,right,5,36.61
1783406737.5,393.6,right,6,36.19
1783406737.5,393.6,right,7,34.87
1783406742.6,398.7,left,imu,49.47
1783406742.6,398.7,left,0,46.52
1783406742.6,398.7,left,1,48.72
1783406742.6,398.7,left,2,51.50
1783406742.6,398.7,left,3,49.67
1783406742.6,398.7,left,4,50.02
1783406742.6,398.7,left,5,52.30
1783406742.6,398.7,left,6,51.59
1783406742.6,398.7,left,7,49.98
1783406742.6,398.7,right,imu,31.59
1783406742.6,398.7,right,0,28.32
1783406742.6,398.7,right,1,31.07
1783406742.6,398.7,right,2,35.64
1783406742.6,398.7,right,3,38.80
1783406742.6,398.7,right,4,37.73
1783406742.6,398.7,right,5,36.53
1783406742.6,398.7,right,6,36.12
1783406742.6,398.7,right,7,34.79
1783406747.6,403.7,left,imu,49.66
1783406747.6,403.7,left,0,46.45
1783406747.6,403.7,left,1,48.64
1783406747.6,403.7,left,2,51.35
1783406747.6,403.7,left,3,49.29
1783406747.6,403.7,left,4,49.94
1783406747.6,403.7,left,5,52.15
1783406747.6,403.7,left,6,51.44
1783406747.6,403.7,left,7,49.82
1783406747.6,403.7,right,imu,31.30
1783406747.6,403.7,right,0,28.32
1783406747.6,403.7,right,1,31.00
1783406747.6,403.7,right,2,35.64
1783406747.6,403.7,right,3,38.72
1783406747.6,403.7,right,4,37.65
1783406747.6,403.7,right,5,36.46
1783406747.6,403.7,right,6,36.04
1783406747.6,403.7,right,7,34.79
1783406752.7,408.8,left,imu,49.56
1783406752.7,408.8,left,0,46.29
1783406752.7,408.8,left,1,48.57
1783406752.7,408.8,left,2,51.28
1783406752.7,408.8,left,3,48.76
1783406752.7,408.8,left,4,50.02
1783406752.7,408.8,left,5,52.08
1783406752.7,408.8,left,6,51.36
1783406752.7,408.8,left,7,49.67
1783406752.7,408.8,right,imu,31.64
1783406752.7,408.8,right,0,28.24
1783406752.7,408.8,right,1,31.00
1783406752.7,408.8,right,2,35.57
1783406752.7,408.8,right,3,38.65
1783406752.7,408.8,right,4,37.65
1783406752.7,408.8,right,5,36.38
1783406752.7,408.8,right,6,35.96
1783406752.7,408.8,right,7,34.64
1783406757.7,413.8,left,imu,49.47
1783406757.7,413.8,left,0,46.22
1783406757.7,413.8,left,1,48.42
1783406757.7,413.8,left,2,51.12
1783406757.7,413.8,left,3,49.36
1783406757.7,413.8,left,4,49.71
1783406757.7,413.8,left,5,51.93
1783406757.7,413.8,left,6,51.21
1783406757.7,413.8,left,7,49.60
1783406757.7,413.8,right,imu,31.54
1783406757.7,413.8,right,0,28.24
1783406757.7,413.8,right,1,30.92
1783406757.7,413.8,right,2,35.57
1783406757.7,413.8,right,3,38.50
1783406757.7,413.8,right,4,37.58
1783406757.7,413.8,right,5,36.38
1783406757.7,413.8,right,6,35.96
1783406757.7,413.8,right,7,34.64
1783406762.7,418.9,left,imu,49.37
1783406762.7,418.9,left,0,46.14
1783406762.7,418.9,left,1,48.34
1783406762.7,418.9,left,2,51.05
1783406762.7,418.9,left,3,49.52
1783406762.7,418.9,left,4,49.71
1783406762.7,418.9,left,5,51.78
1783406762.7,418.9,left,6,51.14
1783406762.7,418.9,left,7,49.52
1783406762.7,418.9,right,imu,31.45
1783406762.7,418.9,right,0,28.24
1783406762.7,418.9,right,1,30.92
1783406762.7,418.9,right,2,35.41
1783406762.7,418.9,right,3,38.50
1783406762.7,418.9,right,4,37.43
1783406762.7,418.9,right,5,36.31
1783406762.7,418.9,right,6,35.89
1783406762.7,418.9,right,7,34.57
1783406767.8,423.9,left,imu,49.23
1783406767.8,423.9,left,0,45.99
1783406767.8,423.9,left,1,48.19
1783406767.8,423.9,left,2,50.97
1783406767.8,423.9,left,3,49.21
1783406767.8,423.9,left,4,49.41
1783406767.8,423.9,left,5,51.70
1783406767.8,423.9,left,6,51.06
1783406767.8,423.9,left,7,49.37
1783406767.8,423.9,right,imu,31.45
1783406767.8,423.9,right,0,28.16
1783406767.8,423.9,right,1,30.84
1783406767.8,423.9,right,2,35.41
1783406767.8,423.9,right,3,38.34
1783406767.8,423.9,right,4,37.43
1783406767.8,423.9,right,5,36.16
1783406767.8,423.9,right,6,35.82
1783406767.8,423.9,right,7,34.49
1783406772.8,429.0,left,imu,48.84
1783406772.8,429.0,left,0,45.84
1783406772.8,429.0,left,1,48.11
1783406772.8,429.0,left,2,50.82
1783406772.8,429.0,left,3,48.69
1783406772.8,429.0,left,4,49.26
1783406772.8,429.0,left,5,51.55
1783406772.8,429.0,left,6,50.91
1783406772.8,429.0,left,7,49.29
1783406772.8,429.0,right,imu,31.54
1783406772.8,429.0,right,0,28.16
1783406772.8,429.0,right,1,30.77
1783406772.8,429.0,right,2,35.34
1783406772.8,429.0,right,3,38.27
1783406772.8,429.0,right,4,37.35
1783406772.8,429.0,right,5,36.16
1783406772.8,429.0,right,6,35.82
1783406772.8,429.0,right,7,34.41
1783406777.9,434.0,left,imu,49.18
1783406777.9,434.0,left,0,45.84
1783406777.9,434.0,left,1,48.04
1783406777.9,434.0,left,2,50.75
1783406777.9,434.0,left,3,48.84
1783406777.9,434.0,left,4,49.56
1783406777.9,434.0,left,5,51.48
1783406777.9,434.0,left,6,50.84
1783406777.9,434.0,left,7,49.21
1783406777.9,434.0,right,imu,31.45
1783406777.9,434.0,right,0,28.09
1783406777.9,434.0,right,1,30.77
1783406777.9,434.0,right,2,35.26
1783406777.9,434.0,right,3,38.20
1783406777.9,434.0,right,4,37.27
1783406777.9,434.0,right,5,36.08
1783406777.9,434.0,right,6,35.74
1783406777.9,434.0,right,7,34.34
1783406782.9,439.0,left,imu,49.03
1783406782.9,439.0,left,0,45.76
1783406782.9,439.0,left,1,47.96
1783406782.9,439.0,left,2,50.67
1783406782.9,439.0,left,3,48.69
1783406782.9,439.0,left,4,49.41
1783406782.9,439.0,left,5,51.40
1783406782.9,439.0,left,6,50.68
1783406782.9,439.0,left,7,49.07
1783406782.9,439.0,right,imu,31.30
1783406782.9,439.0,right,0,28.01
1783406782.9,439.0,right,1,30.70
1783406782.9,439.0,right,2,35.19
1783406782.9,439.0,right,3,38.20
1783406782.9,439.0,right,4,37.20
1783406782.9,439.0,right,5,36.01
1783406782.9,439.0,right,6,35.66
1783406782.9,439.0,right,7,34.34
1783406788.0,444.1,left,imu,48.80
1783406788.0,444.1,left,0,45.69
1783406788.0,444.1,left,1,47.89
1783406788.0,444.1,left,2,50.52
1783406788.0,444.1,left,3,48.69
1783406788.0,444.1,left,4,49.19
1783406788.0,444.1,left,5,51.33
1783406788.0,444.1,left,6,50.61
1783406788.0,444.1,left,7,48.99
1783406788.0,444.1,right,imu,31.30
1783406788.0,444.1,right,0,27.94
1783406788.0,444.1,right,1,30.70
1783406788.0,444.1,right,2,35.11
1783406788.0,444.1,right,3,38.04
1783406788.0,444.1,right,4,37.12
1783406788.0,444.1,right,5,35.93
1783406788.0,444.1,right,6,35.59
1783406788.0,444.1,right,7,34.26
1783406793.0,449.1,left,imu,48.70
1783406793.0,449.1,left,0,45.61
1783406793.0,449.1,left,1,47.73
1783406793.0,449.1,left,2,50.45
1783406793.0,449.1,left,3,48.54
1783406793.0,449.1,left,4,48.73
1783406793.0,449.1,left,5,51.25
1783406793.0,449.1,left,6,50.53
1783406793.0,449.1,left,7,48.84
1783406793.0,449.1,right,imu,31.21
1783406793.0,449.1,right,0,27.94
1783406793.0,449.1,right,1,30.70
1783406793.0,449.1,right,2,35.11
1783406793.0,449.1,right,3,38.04
1783406793.0,449.1,right,4,37.05
1783406793.0,449.1,right,5,35.86
1783406793.0,449.1,right,6,35.59
1783406793.0,449.1,right,7,34.26
1783406798.1,454.2,left,imu,48.80
1783406798.1,454.2,left,0,45.54
1783406798.1,454.2,left,1,47.66
1783406798.1,454.2,left,2,50.30
1783406798.1,454.2,left,3,48.69
1783406798.1,454.2,left,4,48.96
1783406798.1,454.2,left,5,51.18
1783406798.1,454.2,left,6,50.38
1783406798.1,454.2,left,7,48.76
1783406798.1,454.2,right,imu,31.21
1783406798.1,454.2,right,0,27.94
1783406798.1,454.2,right,1,30.62
1783406798.1,454.2,right,2,35.04
1783406798.1,454.2,right,3,37.97
1783406798.1,454.2,right,4,37.05
1783406798.1,454.2,right,5,35.86
1783406798.1,454.2,right,6,35.51
1783406798.1,454.2,right,7,34.26
1783406803.1,459.2,left,imu,48.65
1783406803.1,459.2,left,0,45.46
1783406803.1,459.2,left,1,47.58
1783406803.1,459.2,left,2,50.22
1783406803.1,459.2,left,3,48.38
1783406803.1,459.2,left,4,49.04
1783406803.1,459.2,left,5,51.03
1783406803.1,459.2,left,6,50.30
1783406803.1,459.2,left,7,48.69
1783406803.1,459.2,right,imu,31.45
1783406803.1,459.2,right,0,27.86
1783406803.1,459.2,right,1,30.62
1783406803.1,459.2,right,2,35.04
1783406803.1,459.2,right,3,37.89
1783406803.1,459.2,right,4,36.89
1783406803.1,459.2,right,5,35.78
1783406803.1,459.2,right,6,35.51
1783406803.1,459.2,right,7,34.26
1783406808.2,464.3,left,imu,48.46
1783406808.2,464.3,left,0,45.38
1783406808.2,464.3,left,1,47.51
1783406808.2,464.3,left,2,50.14
1783406808.2,464.3,left,3,48.16
1783406808.2,464.3,left,4,48.58
1783406808.2,464.3,left,5,50.95
1783406808.2,464.3,left,6,50.23
1783406808.2,464.3,left,7,48.61
1783406808.2,464.3,right,imu,31.30
1783406808.2,464.3,right,0,27.86
1783406808.2,464.3,right,1,30.54
1783406808.2,464.3,right,2,34.96
1783406808.2,464.3,right,3,37.89
1783406808.2,464.3,right,4,36.89
1783406808.2,464.3,right,5,35.71
1783406808.2,464.3,right,6,35.44
1783406808.2,464.3,right,7,34.19
1783406813.2,469.3,left,imu,48.46
1783406813.2,469.3,left,0,45.31
1783406813.2,469.3,left,1,47.51
1783406813.2,469.3,left,2,50.00
1783406813.2,469.3,left,3,48.38
1783406813.2,469.3,left,4,48.66
1783406813.2,469.3,left,5,50.80
1783406813.2,469.3,left,6,50.08
1783406813.2,469.3,left,7,48.54
1783406813.2,469.3,right,imu,31.26
1783406813.2,469.3,right,0,27.79
1783406813.2,469.3,right,1,30.54
1783406813.2,469.3,right,2,34.89
1783406813.2,469.3,right,3,37.82
1783406813.2,469.3,right,4,36.82
1783406813.2,469.3,right,5,35.71
1783406813.2,469.3,right,6,35.44
1783406813.2,469.3,right,7,34.04
1783406818.2,474.4,left,imu,48.41
1783406818.2,474.4,left,0,45.23
1783406818.2,474.4,left,1,47.36
1783406818.2,474.4,left,2,49.92
1783406818.2,474.4,left,3,48.01
1783406818.2,474.4,left,4,48.51
1783406818.2,474.4,left,5,50.73
1783406818.2,474.4,left,6,50.00
1783406818.2,474.4,left,7,48.46
1783406818.2,474.4,right,imu,31.11
1783406818.2,474.4,right,0,27.71
1783406818.2,474.4,right,1,30.46
1783406818.2,474.4,right,2,34.81
1783406818.2,474.4,right,3,37.74
1783406818.2,474.4,right,4,36.75
1783406818.2,474.4,right,5,35.63
1783406818.2,474.4,right,6,35.29
1783406818.2,474.4,right,7,34.04
1783406823.3,479.4,left,imu,48.27
1783406823.3,479.4,left,0,45.08
1783406823.3,479.4,left,1,47.28
1783406823.3,479.4,left,2,49.84
1783406823.3,479.4,left,3,48.23
1783406823.3,479.4,left,4,48.28
1783406823.3,479.4,left,5,50.65
1783406823.3,479.4,left,6,49.93
1783406823.3,479.4,left,7,48.30
1783406823.3,479.4,right,imu,31.21
1783406823.3,479.4,right,0,27.71
1783406823.3,479.4,right,1,30.39
1783406823.3,479.4,right,2,34.73
1783406823.3,479.4,right,3,37.66
1783406823.3,479.4,right,4,36.67
1783406823.3,479.4,right,5,35.55
1783406823.3,479.4,right,6,35.29
1783406823.3,479.4,right,7,34.04
1783406828.3,484.5,left,imu,48.32
1783406828.3,484.5,left,0,45.00
1783406828.3,484.5,left,1,47.20
1783406828.3,484.5,left,2,49.77
1783406828.3,484.5,left,3,47.93
1783406828.3,484.5,left,4,48.43
1783406828.3,484.5,left,5,50.50
1783406828.3,484.5,left,6,49.85
1783406828.3,484.5,left,7,48.23
1783406828.3,484.5,right,imu,30.92
1783406828.3,484.5,right,0,27.71
1783406828.3,484.5,right,1,30.39
1783406828.3,484.5,right,2,34.73
1783406828.3,484.5,right,3,37.59
1783406828.3,484.5,right,4,36.59
1783406828.3,484.5,right,5,35.55
1783406828.3,484.5,right,6,35.21
1783406828.3,484.5,right,7,33.96
1783406833.4,489.5,left,imu,48.27
1783406833.4,489.5,left,0,44.93
1783406833.4,489.5,left,1,47.05
1783406833.4,489.5,left,2,49.70
1783406833.4,489.5,left,3,47.78
1783406833.4,489.5,left,4,48.43
1783406833.4,489.5,left,5,50.43
1783406833.4,489.5,left,6,49.77
1783406833.4,489.5,left,7,48.16
1783406833.4,489.5,right,imu,31.11
1783406833.4,489.5,right,0,27.71
1783406833.4,489.5,right,1,30.39
1783406833.4,489.5,right,2,34.73
1783406833.4,489.5,right,3,37.59
1783406833.4,489.5,right,4,36.52
1783406833.4,489.5,right,5,35.48
1783406833.4,489.5,right,6,35.21
1783406833.4,489.5,right,7,33.96
1783406838.4,494.6,left,imu,48.12
1783406838.4,494.6,left,0,44.85
1783406838.4,494.6,left,1,46.98
1783406838.4,494.6,left,2,49.62
1783406838.4,494.6,left,3,47.63
1783406838.4,494.6,left,4,48.13
1783406838.4,494.6,left,5,50.28
1783406838.4,494.6,left,6,49.70
1783406838.4,494.6,left,7,48.08
1783406838.4,494.6,right,imu,30.87
1783406838.4,494.6,right,0,27.71
1783406838.4,494.6,right,1,30.39
1783406838.4,494.6,right,2,34.66
1783406838.4,494.6,right,3,37.51
1783406838.4,494.6,right,4,36.52
1783406838.4,494.6,right,5,35.41
1783406838.4,494.6,right,6,35.13
1783406838.4,494.6,right,7,33.88
1783406843.5,499.6,left,imu,47.93
1783406843.5,499.6,left,0,44.78
1783406843.5,499.6,left,1,46.90
1783406843.5,499.6,left,2,49.54
1783406843.5,499.6,left,3,47.78
1783406843.5,499.6,left,4,47.90
1783406843.5,499.6,left,5,50.20
1783406843.5,499.6,left,6,49.62
1783406843.5,499.6,left,7,48.00
1783406843.5,499.6,right,imu,31.11
1783406843.5,499.6,right,0,27.63
1783406843.5,499.6,right,1,30.32
1783406843.5,499.6,right,2,34.66
1783406843.5,499.6,right,3,37.51
1783406843.5,499.6,right,4,36.44
1783406843.5,499.6,right,5,35.33
1783406843.5,499.6,right,6,35.06
1783406843.5,499.6,right,7,33.96
1783406848.5,504.6,left,imu,47.79
1783406848.5,504.6,left,0,44.70
1783406848.5,504.6,left,1,46.82
1783406848.5,504.6,left,2,49.47
1783406848.5,504.6,left,3,47.55
1783406848.5,504.6,left,4,47.83
1783406848.5,504.6,left,5,50.12
1783406848.5,504.6,left,6,49.47
1783406848.5,504.6,left,7,47.93
1783406848.5,504.6,right,imu,31.11
1783406848.5,504.6,right,0,27.63
1783406848.5,504.6,right,1,30.24
1783406848.5,504.6,right,2,34.66
1783406848.5,504.6,right,3,37.44
1783406848.5,504.6,right,4,36.37
1783406848.5,504.6,right,5,35.41
1783406848.5,504.6,right,6,35.06
1783406848.5,504.6,right,7,33.88
1783406853.6,509.7,left,imu,48.12
1783406853.6,509.7,left,0,44.55
1783406853.6,509.7,left,1,46.75
1783406853.6,509.7,left,2,49.39
1783406853.6,509.7,left,3,47.55
1783406853.6,509.7,left,4,47.90
1783406853.6,509.7,left,5,49.98
1783406853.6,509.7,left,6,49.39
1783406853.6,509.7,left,7,47.85
1783406853.6,509.7,right,imu,31.11
1783406853.6,509.7,right,0,27.63
1783406853.6,509.7,right,1,30.24
1783406853.6,509.7,right,2,34.66
1783406853.6,509.7,right,3,37.36
1783406853.6,509.7,right,4,36.37
1783406853.6,509.7,right,5,35.33
1783406853.6,509.7,right,6,35.06
1783406853.6,509.7,right,7,33.80
1783406858.6,514.7,left,imu,47.74
1783406858.6,514.7,left,0,44.55
1783406858.6,514.7,left,1,46.67
1783406858.6,514.7,left,2,49.24
1783406858.6,514.7,left,3,47.33
1783406858.6,514.7,left,4,47.60
1783406858.6,514.7,left,5,49.98
1783406858.6,514.7,left,6,49.32
1783406858.6,514.7,left,7,47.78
1783406858.6,514.7,right,imu,31.21
1783406858.6,514.7,right,0,27.63
1783406858.6,514.7,right,1,30.16
1783406858.6,514.7,right,2,34.59
1783406858.6,514.7,right,3,37.29
1783406858.6,514.7,right,4,36.29
1783406858.6,514.7,right,5,35.18
1783406858.6,514.7,right,6,34.98
1783406858.6,514.7,right,7,33.80
1783406863.7,519.8,left,imu,47.65
1783406863.7,519.8,left,0,44.47
1783406863.7,519.8,left,1,46.60
1783406863.7,519.8,left,2,49.17
1783406863.7,519.8,left,3,47.40
1783406863.7,519.8,left,4,47.68
1783406863.7,519.8,left,5,49.82
1783406863.7,519.8,left,6,49.24
1783406863.7,519.8,left,7,47.62
1783406863.7,519.8,right,imu,30.78
1783406863.7,519.8,right,0,27.63
1783406863.7,519.8,right,1,30.16
1783406863.7,519.8,right,2,34.51
1783406863.7,519.8,right,3,37.21
1783406863.7,519.8,right,4,36.21
1783406863.7,519.8,right,5,35.18
1783406863.7,519.8,right,6,34.98
1783406863.7,519.8,right,7,33.73
1783406868.7,524.8,left,imu,47.74
1783406868.7,524.8,left,0,44.32
1783406868.7,524.8,left,1,46.52
1783406868.7,524.8,left,2,49.09
1783406868.7,524.8,left,3,47.03
1783406868.7,524.8,left,4,47.68
1783406868.7,524.8,left,5,49.75
1783406868.7,524.8,left,6,49.09
1783406868.7,524.8,left,7,47.55
1783406868.7,524.8,right,imu,30.87
1783406868.7,524.8,right,0,27.63
1783406868.7,524.8,right,1,30.16
1783406868.7,524.8,right,2,34.43
1783406868.7,524.8,right,3,37.21
1783406868.7,524.8,right,4,36.14
1783406868.7,524.8,right,5,35.11
1783406868.7,524.8,right,6,34.91
1783406868.7,524.8,right,7,33.66
1783406873.8,529.9,left,imu,47.65
1783406873.8,529.9,left,0,44.32
1783406873.8,529.9,left,1,46.45
1783406873.8,529.9,left,2,49.09
1783406873.8,529.9,left,3,47.33
1783406873.8,529.9,left,4,47.52
1783406873.8,529.9,left,5,49.68
1783406873.8,529.9,left,6,49.02
1783406873.8,529.9,left,7,47.47
1783406873.8,529.9,right,imu,30.78
1783406873.8,529.9,right,0,27.63
1783406873.8,529.9,right,1,30.24
1783406873.8,529.9,right,2,34.43
1783406873.8,529.9,right,3,37.06
1783406873.8,529.9,right,4,36.14
1783406873.8,529.9,right,5,35.03
1783406873.8,529.9,right,6,34.83
1783406873.8,529.9,right,7,33.66
1783406878.8,534.9,left,imu,47.55
1783406878.8,534.9,left,0,44.25
1783406878.8,534.9,left,1,46.37
1783406878.8,534.9,left,2,48.94
1783406878.8,534.9,left,3,47.03
1783406878.8,534.9,left,4,47.15
1783406878.8,534.9,left,5,49.60
1783406878.8,534.9,left,6,48.94
1783406878.8,534.9,left,7,47.39
1783406878.8,534.9,right,imu,30.87
1783406878.8,534.9,right,0,27.63
1783406878.8,534.9,right,1,30.16
1783406878.8,534.9,right,2,34.36
1783406878.8,534.9,right,3,37.06
1783406878.8,534.9,right,4,36.14
1783406878.8,534.9,right,5,35.03
1783406878.8,534.9,right,6,34.83
1783406878.8,534.9,right,7,33.66
1783406883.8,540.0,left,imu,47.36
1783406883.8,540.0,left,0,44.17
1783406883.8,540.0,left,1,46.29
1783406883.8,540.0,left,2,48.87
1783406883.8,540.0,left,3,47.25
1783406883.8,540.0,left,4,47.22
1783406883.8,540.0,left,5,49.52
1783406883.8,540.0,left,6,48.86
1783406883.8,540.0,left,7,47.32
1783406883.8,540.0,right,imu,31.06
1783406883.8,540.0,right,0,27.56
1783406883.8,540.0,right,1,30.16
1783406883.8,540.0,right,2,34.36
1783406883.8,540.0,right,3,37.06
1783406883.8,540.0,right,4,36.06
1783406883.8,540.0,right,5,34.96
1783406883.8,540.0,right,6,34.76
1783406883.8,540.0,right,7,33.58
1783406888.9,545.0,left,imu,47.26
1783406888.9,545.0,left,0,44.09
1783406888.9,545.0,left,1,46.14
1783406888.9,545.0,left,2,48.79
1783406888.9,545.0,left,3,46.95
1783406888.9,545.0,left,4,47.30
1783406888.9,545.0,left,5,49.45
1783406888.9,545.0,left,6,48.71
1783406888.9,545.0,left,7,47.25
1783406888.9,545.0,right,imu,30.78
1783406888.9,545.0,right,0,27.56
1783406888.9,545.0,right,1,30.09
1783406888.9,545.0,right,2,34.36
1783406888.9,545.0,right,3,36.91
1783406888.9,545.0,right,4,35.99
1783406888.9,545.0,right,5,34.96
1783406888.9,545.0,right,6,34.68
1783406888.9,545.0,right,7,33.50
1783406893.9,550.1,left,imu,47.36
1783406893.9,550.1,left,0,44.02
1783406893.9,550.1,left,1,46.14
1783406893.9,550.1,left,2,48.71
1783406893.9,550.1,left,3,46.73
1783406893.9,550.1,left,4,47.15
1783406893.9,550.1,left,5,49.38
1783406893.9,550.1,left,6,48.71
1783406893.9,550.1,left,7,47.17
1783406893.9,550.1,right,imu,30.73
1783406893.9,550.1,right,0,27.56
1783406893.9,550.1,right,1,30.01
1783406893.9,550.1,right,2,34.28
1783406893.9,550.1,right,3,36.91
1783406893.9,550.1,right,4,35.91
1783406893.9,550.1,right,5,34.96
1783406893.9,550.1,right,6,34.68
1783406893.9,550.1,right,7,33.50
1783406899.0,555.1,left,imu,47.12
1783406899.0,555.1,left,0,44.02
1783406899.0,555.1,left,1,46.07
1783406899.0,555.1,left,2,48.64
1783406899.0,555.1,left,3,46.73
1783406899.0,555.1,left,4,47.22
1783406899.0,555.1,left,5,49.30
1783406899.0,555.1,left,6,48.56
1783406899.0,555.1,left,7,47.09
1783406899.0,555.1,right,imu,30.73
1783406899.0,555.1,right,0,27.56
1783406899.0,555.1,right,1,30.01
1783406899.0,555.1,right,2,34.21
1783406899.0,555.1,right,3,36.91
1783406899.0,555.1,right,4,35.91
1783406899.0,555.1,right,5,34.88
1783406899.0,555.1,right,6,34.68
1783406899.0,555.1,right,7,33.50
1783406904.0,560.1,left,imu,47.07
1783406904.0,560.1,left,0,43.94
1783406904.0,560.1,left,1,45.99
1783406904.0,560.1,left,2,48.57
1783406904.0,560.1,left,3,47.40
1783406904.0,560.1,left,4,47.30
1783406904.0,560.1,left,5,49.22
1783406904.0,560.1,left,6,48.56
1783406904.0,560.1,left,7,47.02
1783406904.0,560.1,right,imu,30.92
1783406904.0,560.1,right,0,27.56
1783406904.0,560.1,right,1,30.01
1783406904.0,560.1,right,2,34.13
1783406904.0,560.1,right,3,36.83
1783406904.0,560.1,right,4,35.84
1783406904.0,560.1,right,5,34.80
1783406904.0,560.1,right,6,34.61
1783406904.0,560.1,right,7,33.43
1783406909.1,565.2,left,imu,46.93
1783406909.1,565.2,left,0,43.87
1783406909.1,565.2,left,1,45.91
1783406909.1,565.2,left,2,48.49
1783406909.1,565.2,left,3,46.73
1783406909.1,565.2,left,4,47.00
1783406909.1,565.2,left,5,49.15
1783406909.1,565.2,left,6,48.49
1783406909.1,565.2,left,7,47.02
1783406909.1,565.2,right,imu,30.58
1783406909.1,565.2,right,0,27.56
1783406909.1,565.2,right,1,29.86
1783406909.1,565.2,right,2,34.13
1783406909.1,565.2,right,3,36.76
1783406909.1,565.2,right,4,35.84
1783406909.1,565.2,right,5,34.80
1783406909.1,565.2,right,6,34.61
1783406909.1,565.2,right,7,33.35
1783406914.1,570.2,left,imu,47.07
1783406914.1,570.2,left,0,43.79
1783406914.1,570.2,left,1,45.84
1783406914.1,570.2,left,2,48.34
1783406914.1,570.2,left,3,46.73
1783406914.1,570.2,left,4,47.07
1783406914.1,570.2,left,5,49.07
1783406914.1,570.2,left,6,48.41
1783406914.1,570.2,left,7,46.94
1783406914.1,570.2,right,imu,30.39
1783406914.1,570.2,right,0,27.48
1783406914.1,570.2,right,1,29.86
1783406914.1,570.2,right,2,34.13
1783406914.1,570.2,right,3,36.68
1783406914.1,570.2,right,4,35.76
1783406914.1,570.2,right,5,34.73
1783406914.1,570.2,right,6,34.53
1783406914.1,570.2,right,7,33.35
1783406919.2,575.3,left,imu,46.93
1783406919.2,575.3,left,0,43.71
1783406919.2,575.3,left,1,45.76
1783406919.2,575.3,left,2,48.34
1783406919.2,575.3,left,3,46.20
1783406919.2,575.3,left,4,46.92
1783406919.2,575.3,left,5,49.00
1783406919.2,575.3,left,6,48.26
1783406919.2,575.3,left,7,46.86
1783406919.2,575.3,right,imu,30.73
1783406919.2,575.3,right,0,27.48
1783406919.2,575.3,right,1,29.86
1783406919.2,575.3,right,2,34.06
1783406919.2,575.3,right,3,36.68
1783406919.2,575.3,right,4,35.76
1783406919.2,575.3,right,5,34.73
1783406919.2,575.3,right,6,34.53
1783406919.2,575.3,right,7,33.35
1783406924.2,580.3,left,imu,46.93
1783406924.2,580.3,left,0,43.71
1783406924.2,580.3,left,1,45.76
1783406924.2,580.3,left,2,48.26
1783406924.2,580.3,left,3,46.43
1783406924.2,580.3,left,4,46.92
1783406924.2,580.3,left,5,48.92
1783406924.2,580.3,left,6,48.26
1783406924.2,580.3,left,7,46.79
1783406924.2,580.3,right,imu,30.58
1783406924.2,580.3,right,0,27.48
1783406924.2,580.3,right,1,29.86
1783406924.2,580.3,right,2,34.06
1783406924.2,580.3,right,3,36.61
1783406924.2,580.3,right,4,35.68
1783406924.2,580.3,right,5,34.66
1783406924.2,580.3,right,6,34.53
1783406924.2,580.3,right,7,33.27
1783406929.2,585.4,left,imu,46.88
1783406929.2,585.4,left,0,43.64
1783406929.2,585.4,left,1,45.61
1783406929.2,585.4,left,2,48.19
1783406929.2,585.4,left,3,45.67
1783406929.2,585.4,left,4,46.54
1783406929.2,585.4,left,5,48.77
1783406929.2,585.4,left,6,48.26
1783406929.2,585.4,left,7,46.64
1783406929.2,585.4,right,imu,30.78
1783406929.2,585.4,right,0,27.48
1783406929.2,585.4,right,1,29.86
1783406929.2,585.4,right,2,34.06
1783406929.2,585.4,right,3,36.61
1783406929.2,585.4,right,4,35.61
1783406929.2,585.4,right,5,34.66
1783406929.2,585.4,right,6,34.45
1783406929.2,585.4,right,7,33.27
1783406934.3,590.4,left,imu,46.93
1783406934.3,590.4,left,0,43.56
1783406934.3,590.4,left,1,45.61
1783406934.3,590.4,left,2,48.11
1783406934.3,590.4,left,3,46.35
1783406934.3,590.4,left,4,46.70
1783406934.3,590.4,left,5,48.77
1783406934.3,590.4,left,6,48.11
1783406934.3,590.4,left,7,46.56
1783406934.3,590.4,right,imu,30.68
1783406934.3,590.4,right,0,27.48
1783406934.3,590.4,right,1,29.86
1783406934.3,590.4,right,2,33.91
1783406934.3,590.4,right,3,36.53
1783406934.3,590.4,right,4,35.61
1783406934.3,590.4,right,5,34.58
1783406934.3,590.4,right,6,34.38
1783406934.3,590.4,right,7,33.20
1783406939.3,595.5,left,imu,46.69
1783406939.3,595.5,left,0,43.49
1783406939.3,595.5,left,1,45.54
1783406939.3,595.5,left,2,48.04
1783406939.3,595.5,left,3,46.20
1783406939.3,595.5,left,4,46.32
1783406939.3,595.5,left,5,48.62
1783406939.3,595.5,left,6,48.11
1783406939.3,595.5,left,7,46.56
1783406939.3,595.5,right,imu,30.49
1783406939.3,595.5,right,0,27.48
1783406939.3,595.5,right,1,29.86
1783406939.3,595.5,right,2,33.91
1783406939.3,595.5,right,3,36.53
1783406939.3,595.5,right,4,35.53
1783406939.3,595.5,right,5,34.58
1783406939.3,595.5,right,6,34.38
1783406939.3,595.5,right,7,33.12
1783406944.4,600.5,left,imu,46.69
1783406944.4,600.5,left,0,43.49
1783406944.4,600.5,left,1,45.46
1783406944.4,600.5,left,2,48.04
1783406944.4,600.5,left,3,45.75
1783406944.4,600.5,left,4,46.39
1783406944.4,600.5,left,5,48.62
1783406944.4,600.5,left,6,47.96
1783406944.4,600.5,left,7,46.48
1783406944.4,600.5,right,imu,30.73
1783406944.4,600.5,right,0,27.48
1783406944.4,600.5,right,1,29.86
1783406944.4,600.5,right,2,33.83
1783406944.4,600.5,right,3,36.45
1783406944.4,600.5,right,4,35.53
1783406944.4,600.5,right,5,34.58
1783406944.4,600.5,right,6,34.38
1783406944.4,600.5,right,7,33.20
1783406949.4,605.6,left,imu,46.35
1783406949.4,605.6,left,0,43.41
1783406949.4,605.6,left,1,45.38
1783406949.4,605.6,left,2,47.96
1783406949.4,605.6,left,3,45.97
1783406949.4,605.6,left,4,46.39
1783406949.4,605.6,left,5,48.55
1783406949.4,605.6,left,6,47.88
1783406949.4,605.6,left,7,46.41
1783406949.4,605.6,right,imu,30.39
1783406949.4,605.6,right,0,27.41
1783406949.4,605.6,right,1,29.79
1783406949.4,605.6,right,2,33.83
1783406949.4,605.6,right,3,36.45
1783406949.4,605.6,right,4,35.46
1783406949.4,605.6,right,5,34.58
1783406949.4,605.6,right,6,34.30
1783406949.4,605.6,right,7,33.12
1783406954.5,610.6,left,imu,46.69
1783406954.5,610.6,left,0,43.34
1783406954.5,610.6,left,1,45.38
1783406954.5,610.6,left,2,47.89
1783406954.5,610.6,left,3,45.89
1783406954.5,610.6,left,4,46.32
1783406954.5,610.6,left,5,48.40
1783406954.5,610.6,left,6,47.80
1783406954.5,610.6,left,7,46.34
1783406954.5,610.6,right,imu,30.68
1783406954.5,610.6,right,0,27.48
1783406954.5,610.6,right,1,29.79
1783406954.5,610.6,right,2,33.83
1783406954.5,610.6,right,3,36.45
1783406954.5,610.6,right,4,35.46
1783406954.5,610.6,right,5,34.58
1783406954.5,610.6,right,6,34.30
1783406954.5,610.6,right,7,33.12
1783406959.5,615.7,left,imu,46.54
1783406959.5,615.7,left,0,43.26
1783406959.5,615.7,left,1,45.31
1783406959.5,615.7,left,2,47.81
1783406959.5,615.7,left,3,46.05
1783406959.5,615.7,left,4,46.32
1783406959.5,615.7,left,5,48.40
1783406959.5,615.7,left,6,47.80
1783406959.5,615.7,left,7,46.26
1783406959.5,615.7,right,imu,30.68
1783406959.5,615.7,right,0,27.41
1783406959.5,615.7,right,1,29.79
1783406959.5,615.7,right,2,33.75
1783406959.5,615.7,right,3,36.38
1783406959.5,615.7,right,4,35.38
1783406959.5,615.7,right,5,34.50
1783406959.5,615.7,right,6,34.23
1783406959.5,615.7,right,7,33.05
1783406964.6,620.7,left,imu,46.40
1783406964.6,620.7,left,0,43.18
1783406964.6,620.7,left,1,45.23
1783406964.6,620.7,left,2,47.73
1783406964.6,620.7,left,3,45.97
1783406964.6,620.7,left,4,46.16
1783406964.6,620.7,left,5,48.32
1783406964.6,620.7,left,6,47.73
1783406964.6,620.7,left,7,46.26
1783406964.6,620.7,right,imu,30.78
1783406964.6,620.7,right,0,27.41
1783406964.6,620.7,right,1,29.79
1783406964.6,620.7,right,2,33.68
1783406964.6,620.7,right,3,36.30
1783406964.6,620.7,right,4,35.38
1783406964.6,620.7,right,5,34.43
1783406964.6,620.7,right,6,34.23
1783406964.6,620.7,right,7,33.05
1783406969.6,625.7,left,imu,46.16
1783406969.6,625.7,left,0,43.18
1783406969.6,625.7,left,1,45.16
1783406969.6,625.7,left,2,47.73
1783406969.6,625.7,left,3,45.37
1783406969.6,625.7,left,4,45.86
1783406969.6,625.7,left,5,48.25
1783406969.6,625.7,left,6,47.58
1783406969.6,625.7,left,7,46.11
1783406969.6,625.7,right,imu,30.68
1783406969.6,625.7,right,0,27.41
1783406969.6,625.7,right,1,29.71
1783406969.6,625.7,right,2,33.68
1783406969.6,625.7,right,3,36.30
1783406969.6,625.7,right,4,35.30
1783406969.6,625.7,right,5,34.43
1783406969.6,625.7,right,6,34.15
1783406969.6,625.7,right,7,32.97
1783406974.7,630.8,left,imu,46.21
1783406974.7,630.8,left,0,43.11
1783406974.7,630.8,left,1,45.08
1783406974.7,630.8,left,2,47.66
1783406974.7,630.8,left,3,45.52
1783406974.7,630.8,left,4,46.24
1783406974.7,630.8,left,5,48.10
1783406974.7,630.8,left,6,47.58
1783406974.7,630.8,left,7,46.11
1783406974.7,630.8,right,imu,30.39
1783406974.7,630.8,right,0,27.41
1783406974.7,630.8,right,1,29.71
1783406974.7,630.8,right,2,33.68
1783406974.7,630.8,right,3,36.30
1783406974.7,630.8,right,4,35.23
1783406974.7,630.8,right,5,34.36
1783406974.7,630.8,right,6,34.08
1783406974.7,630.8,right,7,32.97
1783406979.7,635.8,left,imu,45.87
1783406979.7,635.8,left,0,43.11
1783406979.7,635.8,left,1,45.00
1783406979.7,635.8,left,2,47.59
1783406979.7,635.8,left,3,45.37
1783406979.7,635.8,left,4,45.86
1783406979.7,635.8,left,5,48.10
1783406979.7,635.8,left,6,47.50
1783406979.7,635.8,left,7,46.03
1783406979.7,635.8,right,imu,30.49
1783406979.7,635.8,right,0,27.41
1783406979.7,635.8,right,1,29.63
1783406979.7,635.8,right,2,33.61
1783406979.7,635.8,right,3,36.23
1783406979.7,635.8,right,4,35.23
1783406979.7,635.8,right,5,34.28
1783406979.7,635.8,right,6,34.08
1783406979.7,635.8,right,7,32.89
1783406984.7,640.9,left,imu,46.06
1783406984.7,640.9,left,0,42.96
1783406984.7,640.9,left,1,44.93
1783406984.7,640.9,left,2,47.51
1783406984.7,640.9,left,3,45.89
1783406984.7,640.9,left,4,45.94
1783406984.7,640.9,left,5,48.10
1783406984.7,640.9,left,6,47.43
1783406984.7,640.9,left,7,46.03
1783406984.7,640.9,right,imu,30.25
1783406984.7,640.9,right,0,27.41
1783406984.7,640.9,right,1,29.63
1783406984.7,640.9,right,2,33.61
1783406984.7,640.9,right,3,36.15
1783406984.7,640.9,right,4,35.23
1783406984.7,640.9,right,5,34.20
1783406984.7,640.9,right,6,34.08
1783406984.7,640.9,right,7,32.89
1783406989.8,645.9,left,imu,46.21
1783406989.8,645.9,left,0,42.88
1783406989.8,645.9,left,1,44.85
1783406989.8,645.9,left,2,47.43
1783406989.8,645.9,left,3,45.52
1783406989.8,645.9,left,4,45.64
1783406989.8,645.9,left,5,47.95
1783406989.8,645.9,left,6,47.35
1783406989.8,645.9,left,7,45.88
1783406989.8,645.9,right,imu,30.20
1783406989.8,645.9,right,0,27.41
1783406989.8,645.9,right,1,29.56
1783406989.8,645.9,right,2,33.53
1783406989.8,645.9,right,3,36.15
1783406989.8,645.9,right,4,35.15
1783406989.8,645.9,right,5,34.20
1783406989.8,645.9,right,6,34.08
1783406989.8,645.9,right,7,32.89
1783406994.8,651.0,left,imu,46.06
1783406994.8,651.0,left,0,42.88
1783406994.8,651.0,left,1,44.78
1783406994.8,651.0,left,2,47.36
1783406994.8,651.0,left,3,45.59
1783406994.8,651.0,left,4,45.79
1783406994.8,651.0,left,5,47.87
1783406994.8,651.0,left,6,47.35
1783406994.8,651.0,left,7,45.80
1783406994.8,651.0,right,imu,30.39
1783406994.8,651.0,right,0,27.41
1783406994.8,651.0,right,1,29.56
1783406994.8,651.0,right,2,33.53
1783406994.8,651.0,right,3,36.08
1783406994.8,651.0,right,4,35.15
1783406994.8,651.0,right,5,34.20
1783406994.8,651.0,right,6,34.00
1783406994.8,651.0,right,7,32.89
1783406999.9,656.0,left,imu,45.87
1783406999.9,656.0,left,0,42.80
1783406999.9,656.0,left,1,44.78
1783406999.9,656.0,left,2,47.29
1783406999.9,656.0,left,3,44.91
1783406999.9,656.0,left,4,45.86
1783406999.9,656.0,left,5,47.72
1783406999.9,656.0,left,6,47.27
1783406999.9,656.0,left,7,45.80
1783406999.9,656.0,right,imu,30.39
1783406999.9,656.0,right,0,27.33
1783406999.9,656.0,right,1,29.56
1783406999.9,656.0,right,2,33.53
1783406999.9,656.0,right,3,36.08
1783406999.9,656.0,right,4,35.08
1783406999.9,656.0,right,5,34.20
1783406999.9,656.0,right,6,34.00
1783406999.9,656.0,right,7,32.89
1783407004.9,661.1,left,imu,45.87
1783407004.9,661.1,left,0,42.73
1783407004.9,661.1,left,1,44.70
1783407004.9,661.1,left,2,47.29
1783407004.9,661.1,left,3,45.52
1783407004.9,661.1,left,4,45.48
1783407004.9,661.1,left,5,47.72
1783407004.9,661.1,left,6,47.12
1783407004.9,661.1,left,7,45.73
1783407004.9,661.1,right,imu,30.68
1783407004.9,661.1,right,0,27.33
1783407004.9,661.1,right,1,29.56
1783407004.9,661.1,right,2,33.53
1783407004.9,661.1,right,3,36.08
1783407004.9,661.1,right,4,35.08
1783407004.9,661.1,right,5,34.20
1783407004.9,661.1,right,6,33.93
1783407004.9,661.1,right,7,32.82
1783407010.0,666.1,left,imu,45.87
1783407010.0,666.1,left,0,42.66
1783407010.0,666.1,left,1,44.62
1783407010.0,666.1,left,2,47.13
1783407010.0,666.1,left,3,44.77
1783407010.0,666.1,left,4,45.48
1783407010.0,666.1,left,5,47.65
1783407010.0,666.1,left,6,47.12
1783407010.0,666.1,left,7,45.65
1783407010.0,666.1,right,imu,30.49
1783407010.0,666.1,right,0,27.33
1783407010.0,666.1,right,1,29.56
1783407010.0,666.1,right,2,33.45
1783407010.0,666.1,right,3,36.00
1783407010.0,666.1,right,4,35.00
1783407010.0,666.1,right,5,34.20
1783407010.0,666.1,right,6,33.93
1783407010.0,666.1,right,7,32.82
1783407015.0,671.2,left,imu,45.63
1783407015.0,671.2,left,0,42.66
1783407015.0,671.2,left,1,44.55
1783407015.0,671.2,left,2,47.13
1783407015.0,671.2,left,3,45.22
1783407015.0,671.2,left,4,45.34
1783407015.0,671.2,left,5,47.57
1783407015.0,671.2,left,6,47.05
1783407015.0,671.2,left,7,45.57
1783407015.0,671.2,right,imu,30.49
1783407015.0,671.2,right,0,27.33
1783407015.0,671.2,right,1,29.56
1783407015.0,671.2,right,2,33.45
1783407015.0,671.2,right,3,35.93
1783407015.0,671.2,right,4,35.00
1783407015.0,671.2,right,5,34.20
1783407015.0,671.2,right,6,33.93
1783407015.0,671.2,right,7,32.82
1783407020.1,676.2,left,imu,45.54
1783407020.1,676.2,left,0,42.58
1783407020.1,676.2,left,1,44.55
1783407020.1,676.2,left,2,47.06
1783407020.1,676.2,left,3,44.99
1783407020.1,676.2,left,4,45.41
1783407020.1,676.2,left,5,47.50
1783407020.1,676.2,left,6,46.97
1783407020.1,676.2,left,7,45.50
1783407020.1,676.2,right,imu,30.39
1783407020.1,676.2,right,0,27.33
1783407020.1,676.2,right,1,29.56
1783407020.1,676.2,right,2,33.45
1783407020.1,676.2,right,3,35.93
1783407020.1,676.2,right,4,34.93
1783407020.1,676.2,right,5,34.13
1783407020.1,676.2,right,6,33.93
1783407020.1,676.2,right,7,32.74
1783407025.1,681.2,left,imu,45.82
1783407025.1,681.2,left,0,42.50
1783407025.1,681.2,left,1,44.47
1783407025.1,681.2,left,2,47.06
1783407025.1,681.2,left,3,45.07
1783407025.1,681.2,left,4,45.03
1783407025.1,681.2,left,5,47.42
1783407025.1,681.2,left,6,46.89
1783407025.1,681.2,left,7,45.50
1783407025.1,681.2,right,imu,30.39
1783407025.1,681.2,right,0,27.33
1783407025.1,681.2,right,1,29.56
1783407025.1,681.2,right,2,33.45
1783407025.1,681.2,right,3,35.85
1783407025.1,681.2,right,4,34.85
1783407025.1,681.2,right,5,34.05
1783407025.1,681.2,right,6,33.85
1783407025.1,681.2,right,7,32.74
1783407030.2,686.3,left,imu,45.30
1783407030.2,686.3,left,0,42.43
1783407030.2,686.3,left,1,44.40
1783407030.2,686.3,left,2,46.91
1783407030.2,686.3,left,3,44.91
1783407030.2,686.3,left,4,45.26
1783407030.2,686.3,left,5,47.35
1783407030.2,686.3,left,6,46.82
1783407030.2,686.3,left,7,45.35
1783407030.2,686.3,right,imu,30.25
1783407030.2,686.3,right,0,27.33
1783407030.2,686.3,right,1,29.56
1783407030.2,686.3,right,2,33.38
1783407030.2,686.3,right,3,35.85
1783407030.2,686.3,right,4,34.93
1783407030.2,686.3,right,5,34.05
1783407030.2,686.3,right,6,33.85
1783407030.2,686.3,right,7,32.74
1783407035.2,691.3,left,imu,45.63
1783407035.2,691.3,left,0,42.43
1783407035.2,691.3,left,1,44.32
1783407035.2,691.3,left,2,46.83
1783407035.2,691.3,left,3,44.77
1783407035.2,691.3,left,4,45.11
1783407035.2,691.3,left,5,47.35
1783407035.2,691.3,left,6,46.74
1783407035.2,691.3,left,7,45.27
1783407035.2,691.3,right,imu,30.58
1783407035.2,691.3,right,0,27.33
1783407035.2,691.3,right,1,29.56
1783407035.2,691.3,right,2,33.30
1783407035.2,691.3,right,3,35.85
1783407035.2,691.3,right,4,34.85
1783407035.2,691.3,right,5,33.98
1783407035.2,691.3,right,6,33.85
1783407035.2,691.3,right,7,32.74
1783407040.3,696.4,left,imu,45.44
1783407040.3,696.4,left,0,42.35
1783407040.3,696.4,left,1,44.32
1783407040.3,696.4,left,2,46.83
1783407040.3,696.4,left,3,45.07
1783407040.3,696.4,left,4,45.03
1783407040.3,696.4,left,5,47.35
1783407040.3,696.4,left,6,46.74
1783407040.3,696.4,left,7,45.27
1783407040.3,696.4,right,imu,30.39
1783407040.3,696.4,right,0,27.33
1783407040.3,696.4,right,1,29.56
1783407040.3,696.4,right,2,33.30
1783407040.3,696.4,right,3,35.77
1783407040.3,696.4,right,4,34.85
1783407040.3,696.4,right,5,33.98
1783407040.3,696.4,right,6,33.77
1783407040.3,696.4,right,7,32.59
1783407045.3,701.4,left,imu,45.54
1783407045.3,701.4,left,0,42.35
1783407045.3,701.4,left,1,44.32
1783407045.3,701.4,left,2,46.76
1783407045.3,701.4,left,3,44.54
1783407045.3,701.4,left,4,45.03
1783407045.3,701.4,left,5,47.20
1783407045.3,701.4,left,6,46.67
1783407045.3,701.4,left,7,45.20
1783407045.3,701.4,right,imu,30.39
1783407045.3,701.4,right,0,27.33
1783407045.3,701.4,right,1,29.56
1783407045.3,701.4,right,2,33.23
1783407045.3,701.4,right,3,35.77
1783407045.3,701.4,right,4,34.77
1783407045.3,701.4,right,5,33.90
1783407045.3,701.4,right,6,33.77
1783407045.3,701.4,right,7,32.59
1783407050.3,706.5,left,imu,45.30
1783407050.3,706.5,left,0,42.27
1783407050.3,706.5,left,1,44.17
1783407050.3,706.5,left,2,46.68
1783407050.3,706.5,left,3,44.99
1783407050.3,706.5,left,4,44.88
1783407050.3,706.5,left,5,47.20
1783407050.3,706.5,left,6,46.67
1783407050.3,706.5,left,7,45.12
1783407050.3,706.5,right,imu,30.39
1783407050.3,706.5,right,0,27.33
1783407050.3,706.5,right,1,29.56
1783407050.3,706.5,right,2,33.23
1783407050.3,706.5,right,3,35.70
1783407050.3,706.5,right,4,34.70
1783407050.3,706.5,right,5,33.90
1783407050.3,706.5,right,6,33.70
1783407050.3,706.5,right,7,32.59
1783407055.4,711.5,left,imu,45.54
1783407055.4,711.5,left,0,42.20
1783407055.4,711.5,left,1,44.09
1783407055.4,711.5,left,2,46.61
1783407055.4,711.5,left,3,44.77
1783407055.4,711.5,left,4,44.96
1783407055.4,711.5,left,5,47.12
1783407055.4,711.5,left,6,46.59
1783407055.4,711.5,left,7,45.12
1783407055.4,711.5,right,imu,30.49
1783407055.4,711.5,right,0,27.33
1783407055.4,711.5,right,1,29.48
1783407055.4,711.5,right,2,33.23
1783407055.4,711.5,right,3,35.62
1783407055.4,711.5,right,4,34.70
1783407055.4,711.5,right,5,33.90
1783407055.4,711.5,right,6,33.70
1783407055.4,711.5,right,7,32.52
1783407060.4,716.6,left,imu,45.44
1783407060.4,716.6,left,0,42.20
1783407060.4,716.6,left,1,44.02
1783407060.4,716.6,left,2,46.53
1783407060.4,716.6,left,3,44.24
1783407060.4,716.6,left,4,44.80
1783407060.4,716.6,left,5,47.05
1783407060.4,716.6,left,6,46.52
1783407060.4,716.6,left,7,45.04
1783407060.4,716.6,right,imu,30.39
1783407060.4,716.6,right,0,27.33
1783407060.4,716.6,right,1,29.48
1783407060.4,716.6,right,2,33.23
1783407060.4,716.6,right,3,35.55
1783407060.4,716.6,right,4,34.70
1783407060.4,716.6,right,5,33.90
1783407060.4,716.6,right,6,33.62
1783407060.4,716.6,right,7,32.59
1783407065.5,721.6,left,imu,45.11
1783407065.5,721.6,left,0,42.12
1783407065.5,721.6,left,1,44.02
1783407065.5,721.6,left,2,46.53
1783407065.5,721.6,left,3,44.77
1783407065.5,721.6,left,4,44.80
1783407065.5,721.6,left,5,47.05
1783407065.5,721.6,left,6,46.52
1783407065.5,721.6,left,7,44.97
1783407065.5,721.6,right,imu,30.39
1783407065.5,721.6,right,0,27.33
1783407065.5,721.6,right,1,29.41
1783407065.5,721.6,right,2,33.23
1783407065.5,721.6,right,3,35.55
1783407065.5,721.6,right,4,34.70
1783407065.5,721.6,right,5,33.90
1783407065.5,721.6,right,6,33.62
1783407065.5,721.6,right,7,32.52
1783407070.5,726.7,left,imu,45.01
1783407070.5,726.7,left,0,42.05
1783407070.5,726.7,left,1,43.94
1783407070.5,726.7,left,2,46.46
1783407070.5,726.7,left,3,44.01
1783407070.5,726.7,left,4,45.03
1783407070.5,726.7,left,5,46.97
1783407070.5,726.7,left,6,46.44
1783407070.5,726.7,left,7,44.89
1783407070.5,726.7,right,imu,30.06
1783407070.5,726.7,right,0,27.33
1783407070.5,726.7,right,1,29.41
1783407070.5,726.7,right,2,33.15
1783407070.5,726.7,right,3,35.55
1783407070.5,726.7,right,4,34.62
1783407070.5,726.7,right,5,33.90
1783407070.5,726.7,right,6,33.62
1783407070.5,726.7,right,7,32.52
1783407075.6,731.7,left,imu,45.25
1783407075.6,731.7,left,0,42.05
1783407075.6,731.7,left,1,43.94
1783407075.6,731.7,left,2,46.46
1783407075.6,731.7,left,3,44.54
1783407075.6,731.7,left,4,44.50
1783407075.6,731.7,left,5,46.89
1783407075.6,731.7,left,6,46.36
1783407075.6,731.7,left,7,44.89
1783407075.6,731.7,right,imu,29.96
1783407075.6,731.7,right,0,27.33
1783407075.6,731.7,right,1,29.33
1783407075.6,731.7,right,2,33.08
1783407075.6,731.7,right,3,35.55
1783407075.6,731.7,right,4,34.62
1783407075.6,731.7,right,5,33.83
1783407075.6,731.7,right,6,33.62
1783407075.6,731.7,right,7,32.52
1783407080.6,736.7,left,imu,44.77
1783407080.6,736.7,left,0,41.97
1783407080.6,736.7,left,1,43.87
1783407080.6,736.7,left,2,46.38
1783407080.6,736.7,left,3,43.93
1783407080.6,736.7,left,4,44.50
1783407080.6,736.7,left,5,46.82
1783407080.6,736.7,left,6,46.29
1783407080.6,736.7,left,7,44.89
1783407080.6,736.7,right,imu,30.34
1783407080.6,736.7,right,0,27.33
1783407080.6,736.7,right,1,29.25
1783407080.6,736.7,right,2,33.00
1783407080.6,736.7,right,3,35.55
1783407080.6,736.7,right,4,34.55
1783407080.6,736.7,right,5,33.83
1783407080.6,736.7,right,6,33.62
1783407080.6,736.7,right,7,32.44
1783407085.7,741.8,left,imu,45.11
1783407085.7,741.8,left,0,41.97
1783407085.7,741.8,left,1,43.79
1783407085.7,741.8,left,2,46.30
1783407085.7,741.8,left,3,44.24
1783407085.7,741.8,left,4,44.43
1783407085.7,741.8,left,5,46.75
1783407085.7,741.8,left,6,46.21
1783407085.7,741.8,left,7,44.82
1783407085.7,741.8,right,imu,30.39
1783407085.7,741.8,right,0,27.26
1783407085.7,741.8,right,1,29.25
1783407085.7,741.8,right,2,33.00
1783407085.7,741.8,right,3,35.47
1783407085.7,741.8,right,4,34.55
1783407085.7,741.8,right,5,33.75
1783407085.7,741.8,right,6,33.47
1783407085.7,741.8,right,7,32.44
1783407090.7,746.8,left,imu,44.63
1783407090.7,746.8,left,0,41.89
1783407090.7,746.8,left,1,43.79
1783407090.7,746.8,left,2,46.30
1783407090.7,746.8,left,3,43.93
1783407090.7,746.8,left,4,44.43
1783407090.7,746.8,left,5,46.75
1783407090.7,746.8,left,6,46.21
1783407090.7,746.8,left,7,44.74
1783407090.7,746.8,right,imu,30.20
1783407090.7,746.8,right,0,27.26
1783407090.7,746.8,right,1,29.25
1783407090.7,746.8,right,2,33.00
1783407090.7,746.8,right,3,35.39
1783407090.7,746.8,right,4,34.47
1783407090.7,746.8,right,5,33.68
1783407090.7,746.8,right,6,33.47
1783407090.7,746.8,right,7,32.36
1783407095.8,751.9,left,imu,44.63
1783407095.8,751.9,left,0,41.89
1783407095.8,751.9,left,1,43.71
1783407095.8,751.9,left,2,46.30
1783407095.8,751.9,left,3,44.24
1783407095.8,751.9,left,4,44.66
1783407095.8,751.9,left,5,46.67
1783407095.8,751.9,left,6,46.14
1783407095.8,751.9,left,7,44.66
1783407095.8,751.9,right,imu,30.25
1783407095.8,751.9,right,0,27.26
1783407095.8,751.9,right,1,29.25
1783407095.8,751.9,right,2,33.00
1783407095.8,751.9,right,3,35.39
1783407095.8,751.9,right,4,34.47
1783407095.8,751.9,right,5,33.68
1783407095.8,751.9,right,6,33.47
1783407095.8,751.9,right,7,32.44
1783407100.8,756.9,left,imu,44.91
1783407100.8,756.9,left,0,41.75
1783407100.8,756.9,left,1,43.64
1783407100.8,756.9,left,2,46.16
1783407100.8,756.9,left,3,44.01
1783407100.8,756.9,left,4,44.12
1783407100.8,756.9,left,5,46.59
1783407100.8,756.9,left,6,46.06
1783407100.8,756.9,left,7,44.59
1783407100.8,756.9,right,imu,30.15
1783407100.8,756.9,right,0,27.26
1783407100.8,756.9,right,1,29.25
1783407100.8,756.9,right,2,33.00
1783407100.8,756.9,right,3,35.39
1783407100.8,756.9,right,4,34.47
1783407100.8,756.9,right,5,33.68
1783407100.8,756.9,right,6,33.47
1783407100.8,756.9,right,7,32.36
1783407105.8,762.0,left,imu,44.63
1783407105.8,762.0,left,0,41.75
1783407105.8,762.0,left,1,43.56
1783407105.8,762.0,left,2,46.16
1783407105.8,762.0,left,3,44.09
1783407105.8,762.0,left,4,44.20
1783407105.8,762.0,left,5,46.59
1783407105.8,762.0,left,6,45.99
1783407105.8,762.0,left,7,44.59
1783407105.8,762.0,right,imu,30.15
1783407105.8,762.0,right,0,27.26
1783407105.8,762.0,right,1,29.25
1783407105.8,762.0,right,2,33.00
1783407105.8,762.0,right,3,35.32
1783407105.8,762.0,right,4,34.39
1783407105.8,762.0,right,5,33.68
1783407105.8,762.0,right,6,33.47
1783407105.8,762.0,right,7,32.36
1783407110.9,767.0,left,imu,44.72
1783407110.9,767.0,left,0,41.67
1783407110.9,767.0,left,1,43.56
1783407110.9,767.0,left,2,46.08
1783407110.9,767.0,left,3,44.09
1783407110.9,767.0,left,4,44.35
1783407110.9,767.0,left,5,46.52
1783407110.9,767.0,left,6,45.91
1783407110.9,767.0,left,7,44.59
1783407110.9,767.0,right,imu,30.34
1783407110.9,767.0,right,0,27.26
1783407110.9,767.0,right,1,29.25
1783407110.9,767.0,right,2,32.93
1783407110.9,767.0,right,3,35.39
1783407110.9,767.0,right,4,34.39
1783407110.9,767.0,right,5,33.60
1783407110.9,767.0,right,6,33.47
1783407110.9,767.0,right,7,32.36
1783407115.9,772.1,left,imu,44.77
1783407115.9,772.1,left,0,41.67
1783407115.9,772.1,left,1,43.56
1783407115.9,772.1,left,2,46.00
1783407115.9,772.1,left,3,44.16
1783407115.9,772.1,left,4,44.20
1783407115.9,772.1,left,5,46.45
1783407115.9,772.1,left,6,45.91
1783407115.9,772.1,left,7,44.51
1783407115.9,772.1,right,imu,30.06
1783407115.9,772.1,right,0,27.26
1783407115.9,772.1,right,1,29.25
1783407115.9,772.1,right,2,32.93
1783407115.9,772.1,right,3,35.32
1783407115.9,772.1,right,4,34.39
1783407115.9,772.1,right,5,33.68
1783407115.9,772.1,right,6,33.39
1783407115.9,772.1,right,7,32.29
1783407121.0,777.1,left,imu,44.72
1783407121.0,777.1,left,0,41.59
1783407121.0,777.1,left,1,43.49
1783407121.0,777.1,left,2,45.93
1783407121.0,777.1,left,3,44.01
1783407121.0,777.1,left,4,43.98
1783407121.0,777.1,left,5,46.37
1783407121.0,777.1,left,6,45.76
1783407121.0,777.1,left,7,44.44
1783407121.0,777.1,right,imu,30.20
1783407121.0,777.1,right,0,27.26
1783407121.0,777.1,right,1,29.25
1783407121.0,777.1,right,2,32.93
1783407121.0,777.1,right,3,35.25
1783407121.0,777.1,right,4,34.32
1783407121.0,777.1,right,5,33.60
1783407121.0,777.1,right,6,33.39
1783407121.0,777.1,right,7,32.29
1783407126.0,782.2,left,imu,44.58
1783407126.0,782.2,left,0,41.59
1783407126.0,782.2,left,1,43.41
1783407126.0,782.2,left,2,45.85
1783407126.0,782.2,left,3,43.56
1783407126.0,782.2,left,4,43.90
1783407126.0,782.2,left,5,46.30
1783407126.0,782.2,left,6,45.76
1783407126.0,782.2,left,7,44.36
1783407126.0,782.2,right,imu,30.20
1783407126.0,782.2,right,0,27.26
1783407126.0,782.2,right,1,29.25
1783407126.0,782.2,right,2,32.85
1783407126.0,782.2,right,3,35.25
1783407126.0,782.2,right,4,34.32
1783407126.0,782.2,right,5,33.60
1783407126.0,782.2,right,6,33.32
1783407126.0,782.2,right,7,32.21
1783407131.1,787.2,left,imu,44.48
1783407131.1,787.2,left,0,41.52
1783407131.1,787.2,left,1,43.34
1783407131.1,787.2,left,2,45.78
1783407131.1,787.2,left,3,43.63
1783407131.1,787.2,left,4,43.90
1783407131.1,787.2,left,5,46.30
1783407131.1,787.2,left,6,45.76
1783407131.1,787.2,left,7,44.36
1783407131.1,787.2,right,imu,30.01
1783407131.1,787.2,right,0,27.26
1783407131.1,787.2,right,1,29.25
1783407131.1,787.2,right,2,32.77
1783407131.1,787.2,right,3,35.25
1783407131.1,787.2,right,4,34.25
1783407131.1,787.2,right,5,33.60
1783407131.1,787.2,right,6,33.32
1783407131.1,787.2,right,7,32.21
1783407136.1,792.2,left,imu,44.58
1783407136.1,792.2,left,0,41.44
1783407136.1,792.2,left,1,43.34
1783407136.1,792.2,left,2,45.78
1783407136.1,792.2,left,3,43.63
1783407136.1,792.2,left,4,43.90
1783407136.1,792.2,left,5,46.22
1783407136.1,792.2,left,6,45.68
1783407136.1,792.2,left,7,44.29
1783407136.1,792.2,right,imu,30.15
1783407136.1,792.2,right,0,27.26
1783407136.1,792.2,right,1,29.25
1783407136.1,792.2,right,2,32.85
1783407136.1,792.2,right,3,35.25
1783407136.1,792.2,right,4,34.17
1783407136.1,792.2,right,5,33.60
1783407136.1,792.2,right,6,33.32
1783407136.1,792.2,right,7,32.21
1783407141.2,797.3,left,imu,44.58
1783407141.2,797.3,left,0,41.44
1783407141.2,797.3,left,1,43.26
1783407141.2,797.3,left,2,45.70
1783407141.2,797.3,left,3,43.48
1783407141.2,797.3,left,4,43.90
1783407141.2,797.3,left,5,46.14
1783407141.2,797.3,left,6,45.61
1783407141.2,797.3,left,7,44.21
1783407141.2,797.3,right,imu,30.01
1783407141.2,797.3,right,0,27.26
1783407141.2,797.3,right,1,29.25
1783407141.2,797.3,right,2,32.77
1783407141.2,797.3,right,3,35.25
1783407141.2,797.3,right,4,34.17
1783407141.2,797.3,right,5,33.53
1783407141.2,797.3,right,6,33.32
1783407141.2,797.3,right,7,32.14
1783407146.2,802.3,left,imu,44.48
1783407146.2,802.3,left,0,41.37
1783407146.2,802.3,left,1,43.18
1783407146.2,802.3,left,2,45.63
1783407146.2,802.3,left,3,43.48
1783407146.2,802.3,left,4,43.67
1783407146.2,802.3,left,5,46.07
1783407146.2,802.3,left,6,45.61
1783407146.2,802.3,left,7,44.13
1783407146.2,802.3,right,imu,30.20
1783407146.2,802.3,right,0,27.26
1783407146.2,802.3,right,1,29.25
1783407146.2,802.3,right,2,32.70
1783407146.2,802.3,right,3,35.17
1783407146.2,802.3,right,4,34.17
1783407146.2,802.3,right,5,33.53
1783407146.2,802.3,right,6,33.25
1783407146.2,802.3,right,7,32.21
1783407151.3,807.4,left,imu,44.10
1783407151.3,807.4,left,0,41.37
1783407151.3,807.4,left,1,43.18
1783407151.3,807.4,left,2,45.55
1783407151.3,807.4,left,3,43.93
1783407151.3,807.4,left,4,43.90
1783407151.3,807.4,left,5,46.07
1783407151.3,807.4,left,6,45.53
1783407151.3,807.4,left,7,44.06
1783407151.3,807.4,right,imu,30.06
1783407151.3,807.4,right,0,27.26
1783407151.3,807.4,right,1,29.25
1783407151.3,807.4,right,2,32.70
1783407151.3,807.4,right,3,35.17
1783407151.3,807.4,right,4,34.17
1783407151.3,807.4,right,5,33.53
1783407151.3,807.4,right,6,33.25
1783407151.3,807.4,right,7,32.14
1783407156.3,812.4,left,imu,44.43
1783407156.3,812.4,left,0,41.29
1783407156.3,812.4,left,1,43.11
1783407156.3,812.4,left,2,45.55
1783407156.3,812.4,left,3,43.71
1783407156.3,812.4,left,4,43.82
1783407156.3,812.4,left,5,46.00
1783407156.3,812.4,left,6,45.53
1783407156.3,812.4,left,7,44.06
1783407156.3,812.4,right,imu,30.15
1783407156.3,812.4,right,0,27.18
1783407156.3,812.4,right,1,29.25
1783407156.3,812.4,right,2,32.70
1783407156.3,812.4,right,3,35.17
1783407156.3,812.4,right,4,34.17
1783407156.3,812.4,right,5,33.45
1783407156.3,812.4,right,6,33.17
1783407156.3,812.4,right,7,32.14
1783407161.3,817.5,left,imu,44.29
1783407161.3,817.5,left,0,41.29
1783407161.3,817.5,left,1,43.11
1783407161.3,817.5,left,2,45.48
1783407161.3,817.5,left,3,43.71
1783407161.3,817.5,left,4,43.60
1783407161.3,817.5,left,5,45.92
1783407161.3,817.5,left,6,45.53
1783407161.3,817.5,left,7,44.06
1783407161.3,817.5,right,imu,30.15
1783407161.3,817.5,right,0,27.18
1783407161.3,817.5,right,1,29.25
1783407161.3,817.5,right,2,32.70
1783407161.3,817.5,right,3,35.09
1783407161.3,817.5,right,4,34.09
1783407161.3,817.5,right,5,33.45
1783407161.3,817.5,right,6,33.17
1783407161.3,817.5,right,7,32.14
1783407166.4,822.5,left,imu,44.39
1783407166.4,822.5,left,0,41.29
1783407166.4,822.5,left,1,43.04
1783407166.4,822.5,left,2,45.40
1783407166.4,822.5,left,3,43.26
1783407166.4,822.5,left,4,43.60
1783407166.4,822.5,left,5,45.92
1783407166.4,822.5,left,6,45.46
1783407166.4,822.5,left,7,43.98
1783407166.4,822.5,right,imu,30.15
1783407166.4,822.5,right,0,27.26
1783407166.4,822.5,right,1,29.18
1783407166.4,822.5,right,2,32.62
1783407166.4,822.5,right,3,35.09
1783407166.4,822.5,right,4,34.09
1783407166.4,822.5,right,5,33.38
1783407166.4,822.5,right,6,33.17
1783407166.4,822.5,right,7,32.14
1783407171.4,827.6,left,imu,44.10
1783407171.4,827.6,left,0,41.21
1783407171.4,827.6,left,1,43.04
1783407171.4,827.6,left,2,45.40
1783407171.4,827.6,left,3,43.26
1783407171.4,827.6,left,4,43.45
1783407171.4,827.6,left,5,45.84
1783407171.4,827.6,left,6,45.38
1783407171.4,827.6,left,7,43.98
1783407171.4,827.6,right,imu,29.82
1783407171.4,827.6,right,0,27.18
1783407171.4,827.6,right,1,29.18
1783407171.4,827.6,right,2,32.62
1783407171.4,827.6,right,3,35.09
1783407171.4,827.6,right,4,34.09
1783407171.4,827.6,right,5,33.38
1783407171.4,827.6,right,6,33.17
1783407171.4,827.6,right,7,32.06
1783407176.5,832.6,left,imu,43.96
1783407176.5,832.6,left,0,41.14
1783407176.5,832.6,left,1,42.96
1783407176.5,832.6,left,2,45.33
1783407176.5,832.6,left,3,43.41
1783407176.5,832.6,left,4,43.45
1783407176.5,832.6,left,5,45.77
1783407176.5,832.6,left,6,45.30
1783407176.5,832.6,left,7,43.83
1783407176.5,832.6,right,imu,30.15
1783407176.5,832.6,right,0,27.26
1783407176.5,832.6,right,1,29.11
1783407176.5,832.6,right,2,32.62
1783407176.5,832.6,right,3,35.02
1783407176.5,832.6,right,4,34.02
1783407176.5,832.6,right,5,33.38
1783407176.5,832.6,right,6,33.17
1783407176.5,832.6,right,7,32.06
1783407181.5,837.7,left,imu,44.39
1783407181.5,837.7,left,0,41.14
1783407181.5,837.7,left,1,42.96
1783407181.5,837.7,left,2,45.25
1783407181.5,837.7,left,3,43.11
1783407181.5,837.7,left,4,43.52
1783407181.5,837.7,left,5,45.77
1783407181.5,837.7,left,6,45.30
1783407181.5,837.7,left,7,43.83
1783407181.5,837.7,right,imu,30.20
1783407181.5,837.7,right,0,27.26
1783407181.5,837.7,right,1,29.11
1783407181.5,837.7,right,2,32.62
1783407181.5,837.7,right,3,35.02
1783407181.5,837.7,right,4,34.02
1783407181.5,837.7,right,5,33.38
1783407181.5,837.7,right,6,33.17
1783407181.5,837.7,right,7,31.98
1783407186.6,842.7,left,imu,44.05
1783407186.6,842.7,left,0,41.06
1783407186.6,842.7,left,1,42.88
1783407186.6,842.7,left,2,45.25
1783407186.6,842.7,left,3,43.18
1783407186.6,842.7,left,4,43.52
1783407186.6,842.7,left,5,45.77
1783407186.6,842.7,left,6,45.30
1783407186.6,842.7,left,7,43.83
1783407186.6,842.7,right,imu,29.87
1783407186.6,842.7,right,0,27.26
1783407186.6,842.7,right,1,29.11
1783407186.6,842.7,right,2,32.62
1783407186.6,842.7,right,3,35.02
1783407186.6,842.7,right,4,33.94
1783407186.6,842.7,right,5,33.30
1783407186.6,842.7,right,6,33.09
1783407186.6,842.7,right,7,31.91
1783407191.6,847.8,left,imu,44.05
1783407191.6,847.8,left,0,41.06
1783407191.6,847.8,left,1,42.88
1783407191.6,847.8,left,2,45.18
1783407191.6,847.8,left,3,43.03
1783407191.6,847.8,left,4,43.22
1783407191.6,847.8,left,5,45.70
1783407191.6,847.8,left,6,45.23
1783407191.6,847.8,left,7,43.75
1783407191.6,847.8,right,imu,30.01
1783407191.6,847.8,right,0,27.26
1783407191.6,847.8,right,1,29.11
1783407191.6,847.8,right,2,32.62
1783407191.6,847.8,right,3,34.94
1783407191.6,847.8,right,4,33.94
1783407191.6,847.8,right,5,33.23
1783407191.6,847.8,right,6,33.09
1783407191.6,847.8,right,7,31.98
1783407196.7,852.8,left,imu,43.96
1783407196.7,852.8,left,0,40.98
1783407196.7,852.8,left,1,42.80
1783407196.7,852.8,left,2,45.18
1783407196.7,852.8,left,3,43.03
1783407196.7,852.8,left,4,43.52
1783407196.7,852.8,left,5,45.62
1783407196.7,852.8,left,6,45.23
1783407196.7,852.8,left,7,43.68
1783407196.7,852.8,right,imu,30.25
1783407196.7,852.8,right,0,27.18
1783407196.7,852.8,right,1,29.11
1783407196.7,852.8,right,2,32.55
1783407196.7,852.8,right,3,34.94
1783407196.7,852.8,right,4,33.94
1783407196.7,852.8,right,5,33.23
1783407196.7,852.8,right,6,33.09
1783407196.7,852.8,right,7,31.91
1783407201.7,857.8,left,imu,44.05
1783407201.7,857.8,left,0,40.98
1783407201.7,857.8,left,1,42.80
1783407201.7,857.8,left,2,45.18
1783407201.7,857.8,left,3,42.73
1783407201.7,857.8,left,4,43.30
1783407201.7,857.8,left,5,45.62
1783407201.7,857.8,left,6,45.23
1783407201.7,857.8,left,7,43.68
1783407201.7,857.8,right,imu,30.06
1783407201.7,857.8,right,0,27.18
1783407201.7,857.8,right,1,29.18
1783407201.7,857.8,right,2,32.55
1783407201.7,857.8,right,3,34.87
1783407201.7,857.8,right,4,33.87
1783407201.7,857.8,right,5,33.23
1783407201.7,857.8,right,6,33.02
1783407201.7,857.8,right,7,31.91
1783407206.8,862.9,left,imu,43.91
1783407206.8,862.9,left,0,40.91
1783407206.8,862.9,left,1,42.66
1783407206.8,862.9,left,2,45.10
1783407206.8,862.9,left,3,42.73
1783407206.8,862.9,left,4,43.37
1783407206.8,862.9,left,5,45.54
1783407206.8,862.9,left,6,45.08
1783407206.8,862.9,left,7,43.60
1783407206.8,862.9,right,imu,30.15
1783407206.8,862.9,right,0,27.26
1783407206.8,862.9,right,1,29.11
1783407206.8,862.9,right,2,32.55
1783407206.8,862.9,right,3,34.87
1783407206.8,862.9,right,4,33.87
1783407206.8,862.9,right,5,33.23
1783407206.8,862.9,right,6,33.02
1783407206.8,862.9,right,7,31.91
1783407211.8,867.9,left,imu,43.86
1783407211.8,867.9,left,0,40.91
1783407211.8,867.9,left,1,42.66
1783407211.8,867.9,left,2,45.02
1783407211.8,867.9,left,3,43.11
1783407211.8,867.9,left,4,42.84
1783407211.8,867.9,left,5,45.54
1783407211.8,867.9,left,6,45.08
1783407211.8,867.9,left,7,43.53
1783407211.8,867.9,right,imu,29.72
1783407211.8,867.9,right,0,27.18
1783407211.8,867.9,right,1,29.11
1783407211.8,867.9,right,2,32.55
1783407211.8,867.9,right,3,34.87
1783407211.8,867.9,right,4,33.87
1783407211.8,867.9,right,5,33.15
1783407211.8,867.9,right,6,32.94
1783407211.8,867.9,right,7,31.83
1783407216.8,873.0,left,imu,43.96
1783407216.8,873.0,left,0,40.84
1783407216.8,873.0,left,1,42.66
1783407216.8,873.0,left,2,44.95
1783407216.8,873.0,left,3,43.18
1783407216.8,873.0,left,4,43.22
1783407216.8,873.0,left,5,45.47
1783407216.8,873.0,left,6,45.00
1783407216.8,873.0,left,7,43.53
1783407216.8,873.0,right,imu,30.01
1783407216.8,873.0,right,0,27.18
1783407216.8,873.0,right,1,29.11
1783407216.8,873.0,right,2,32.55
1783407216.8,873.0,right,3,34.87
1783407216.8,873.0,right,4,33.87
1783407216.8,873.0,right,5,33.15
1783407216.8,873.0,right,6,32.94
1783407216.8,873.0,right,7,31.91
1783407221.9,878.0,left,imu,43.76
1783407221.9,878.0,left,0,40.76
1783407221.9,878.0,left,1,42.58
1783407221.9,878.0,left,2,45.02
1783407221.9,878.0,left,3,42.88
1783407221.9,878.0,left,4,42.99
1783407221.9,878.0,left,5,45.39
1783407221.9,878.0,left,6,44.93
1783407221.9,878.0,left,7,43.45
1783407221.9,878.0,right,imu,30.01
1783407221.9,878.0,right,0,27.11
1783407221.9,878.0,right,1,29.11
1783407221.9,878.0,right,2,32.55
1783407221.9,878.0,right,3,34.79
1783407221.9,878.0,right,4,33.87
1783407221.9,878.0,right,5,33.15
1783407221.9,878.0,right,6,32.94
1783407221.9,878.0,right,7,31.83
1783407226.9,883.1,left,imu,43.86
1783407226.9,883.1,left,0,40.76
1783407226.9,883.1,left,1,42.50
1783407226.9,883.1,left,2,44.95
1783407226.9,883.1,left,3,42.88
1783407226.9,883.1,left,4,43.14
1783407226.9,883.1,left,5,45.39
1783407226.9,883.1,left,6,44.93
1783407226.9,883.1,left,7,43.38
1783407226.9,883.1,right,imu,29.72
1783407226.9,883.1,right,0,27.03
1783407226.9,883.1,right,1,29.11
1783407226.9,883.1,right,2,32.55
1783407226.9,883.1,right,3,34.79
1783407226.9,883.1,right,4,33.79
1783407226.9,883.1,right,5,33.15
1783407226.9,883.1,right,6,32.94
1783407226.9,883.1,right,7,31.83
1783407232.0,888.1,left,imu,43.86
1783407232.0,888.1,left,0,40.76
1783407232.0,888.1,left,1,42.50
1783407232.0,888.1,left,2,44.88
1783407232.0,888.1,left,3,42.73
1783407232.0,888.1,left,4,43.07
1783407232.0,888.1,left,5,45.32
1783407232.0,888.1,left,6,44.93
1783407232.0,888.1,left,7,43.45
1783407232.0,888.1,right,imu,29.87
1783407232.0,888.1,right,0,27.03
1783407232.0,888.1,right,1,29.18
1783407232.0,888.1,right,2,32.55
1783407232.0,888.1,right,3,34.79
1783407232.0,888.1,right,4,33.79
1783407232.0,888.1,right,5,33.15
1783407232.0,888.1,right,6,32.94
1783407232.0,888.1,right,7,31.83
1783407237.0,893.2,left,imu,43.91
1783407237.0,893.2,left,0,40.68
1783407237.0,893.2,left,1,42.50
1783407237.0,893.2,left,2,44.88
1783407237.0,893.2,left,3,42.65
1783407237.0,893.2,left,4,43.30
1783407237.0,893.2,left,5,45.24
1783407237.0,893.2,left,6,44.85
1783407237.0,893.2,left,7,43.38
1783407237.0,893.2,right,imu,30.01
1783407237.0,893.2,right,0,27.03
1783407237.0,893.2,right,1,29.11
1783407237.0,893.2,right,2,32.55
1783407237.0,893.2,right,3,34.71
1783407237.0,893.2,right,4,33.71
1783407237.0,893.2,right,5,33.08
1783407237.0,893.2,right,6,32.94
1783407237.0,893.2,right,7,31.76
1783407242.1,898.2,left,imu,43.57
1783407242.1,898.2,left,0,40.61
1783407242.1,898.2,left,1,42.43
1783407242.1,898.2,left,2,44.80
1783407242.1,898.2,left,3,42.58
1783407242.1,898.2,left,4,42.92
1783407242.1,898.2,left,5,45.17
1783407242.1,898.2,left,6,44.77
1783407242.1,898.2,left,7,43.38
1783407242.1,898.2,right,imu,29.87
1783407242.1,898.2,right,0,27.11
1783407242.1,898.2,right,1,29.18
1783407242.1,898.2,right,2,32.47
1783407242.1,898.2,right,3,34.64
1783407242.1,898.2,right,4,33.71
1783407242.1,898.2,right,5,33.00
1783407242.1,898.2,right,6,32.87
1783407242.1,898.2,right,7,31.76
1783407247.1,903.3,left,imu,43.86
1783407247.1,903.3,left,0,40.61
1783407247.1,903.3,left,1,42.43
1783407247.1,903.3,left,2,44.80
1783407247.1,903.3,left,3,41.67
1783407247.1,903.3,left,4,42.77
1783407247.1,903.3,left,5,45.17
1783407247.1,903.3,left,6,44.77
1783407247.1,903.3,left,7,43.30
1783407247.1,903.3,right,imu,30.15
1783407247.1,903.3,right,0,27.03
1783407247.1,903.3,right,1,29.18
1783407247.1,903.3,right,2,32.47
1783407247.1,903.3,right,3,34.71
1783407247.1,903.3,right,4,33.71
1783407247.1,903.3,right,5,33.00
1783407247.1,903.3,right,6,32.87
1783407247.1,903.3,right,7,31.76
1783407252.2,908.3,left,imu,43.72
1783407252.2,908.3,left,0,40.53
1783407252.2,908.3,left,1,42.35
1783407252.2,908.3,left,2,44.72
1783407252.2,908.3,left,3,42.65
1783407252.2,908.3,left,4,42.92
1783407252.2,908.3,left,5,45.09
1783407252.2,908.3,left,6,44.70
1783407252.2,908.3,left,7,43.30
1783407252.2,908.3,right,imu,30.01
1783407252.2,908.3,right,0,27.11
1783407252.2,908.3,right,1,29.11
1783407252.2,908.3,right,2,32.55
1783407252.2,908.3,right,3,34.64
1783407252.2,908.3,right,4,33.71
1783407252.2,908.3,right,5,33.00
1783407252.2,908.3,right,6,32.87
1783407252.2,908.3,right,7,31.76
1783407257.2,913.3,left,imu,43.67
1783407257.2,913.3,left,0,40.46
1783407257.2,913.3,left,1,42.35
1783407257.2,913.3,left,2,44.65
1783407257.2,913.3,left,3,42.58
1783407257.2,913.3,left,4,42.77
1783407257.2,913.3,left,5,45.09
1783407257.2,913.3,left,6,44.62
1783407257.2,913.3,left,7,43.22
1783407257.2,913.3,right,imu,30.01
1783407257.2,913.3,right,0,27.03
1783407257.2,913.3,right,1,29.11
1783407257.2,913.3,right,2,32.47
1783407257.2,913.3,right,3,34.64
1783407257.2,913.3,right,4,33.64
1783407257.2,913.3,right,5,33.08
1783407257.2,913.3,right,6,32.87
1783407257.2,913.3,right,7,31.76
1783407262.3,918.4,left,imu,43.43
1783407262.3,918.4,left,0,40.46
1783407262.3,918.4,left,1,42.27
1783407262.3,918.4,left,2,44.65
1783407262.3,918.4,left,3,42.43
1783407262.3,918.4,left,4,42.84
1783407262.3,918.4,left,5,45.09
1783407262.3,918.4,left,6,44.62
1783407262.3,918.4,left,7,43.22
1783407262.3,918.4,right,imu,30.01
1783407262.3,918.4,right,0,27.03
1783407262.3,918.4,right,1,28.95
1783407262.3,918.4,right,2,32.47
1783407262.3,918.4,right,3,34.64
1783407262.3,918.4,right,4,33.56
1783407262.3,918.4,right,5,33.00
1783407262.3,918.4,right,6,32.79
1783407262.3,918.4,right,7,31.76
1783407267.3,923.4,left,imu,43.67
1783407267.3,923.4,left,0,40.38
1783407267.3,923.4,left,1,42.20
1783407267.3,923.4,left,2,44.65
1783407267.3,923.4,left,3,42.58
1783407267.3,923.4,left,4,42.99
1783407267.3,923.4,left,5,45.02
1783407267.3,923.4,left,6,44.55
1783407267.3,923.4,left,7,43.15
1783407267.3,923.4,right,imu,30.01
1783407267.3,923.4,right,0,26.95
1783407267.3,923.4,right,1,29.11
1783407267.3,923.4,right,2,32.47
1783407267.3,923.4,right,3,34.57
1783407267.3,923.4,right,4,33.64
1783407267.3,923.4,right,5,33.00
1783407267.3,923.4,right,6,32.79
1783407267.3,923.4,right,7,31.76
1783407272.4,928.5,left,imu,43.52
1783407272.4,928.5,left,0,40.38
1783407272.4,928.5,left,1,42.20
1783407272.4,928.5,left,2,44.57
1783407272.4,928.5,left,3,42.35
1783407272.4,928.5,left,4,42.62
1783407272.4,928.5,left,5,45.02
1783407272.4,928.5,left,6,44.55
1783407272.4,928.5,left,7,43.07
1783407272.4,928.5,right,imu,30.01
1783407272.4,928.5,right,0,27.03
1783407272.4,928.5,right,1,29.03
1783407272.4,928.5,right,2,32.40
1783407272.4,928.5,right,3,34.57
1783407272.4,928.5,right,4,33.56
1783407272.4,928.5,right,5,32.93
1783407272.4,928.5,right,6,32.79
1783407272.4,928.5,right,7,31.76
1783407277.4,933.5,left,imu,43.43
1783407277.4,933.5,left,0,40.30
1783407277.4,933.5,left,1,42.12
1783407277.4,933.5,left,2,44.50
1783407277.4,933.5,left,3,42.43
1783407277.4,933.5,left,4,42.54
1783407277.4,933.5,left,5,44.95
1783407277.4,933.5,left,6,44.47
1783407277.4,933.5,left,7,43.07
1783407277.4,933.5,right,imu,30.01
1783407277.4,933.5,right,0,27.03
1783407277.4,933.5,right,1,29.03
1783407277.4,933.5,right,2,32.32
1783407277.4,933.5,right,3,34.57
1783407277.4,933.5,right,4,33.56
1783407277.4,933.5,right,5,33.00
1783407277.4,933.5,right,6,32.79
1783407277.4,933.5,right,7,31.68
1783407282.4,938.6,left,imu,43.57
1783407282.4,938.6,left,0,40.30
1783407282.4,938.6,left,1,42.05
1783407282.4,938.6,left,2,44.50
1783407282.4,938.6,left,3,42.28
1783407282.4,938.6,left,4,42.46
1783407282.4,938.6,left,5,44.95
1783407282.4,938.6,left,6,44.47
1783407282.4,938.6,left,7,43.07
1783407282.4,938.6,right,imu,29.67
1783407282.4,938.6,right,0,27.03
1783407282.4,938.6,right,1,28.88
1783407282.4,938.6,right,2,32.25
1783407282.4,938.6,right,3,34.57
1783407282.4,938.6,right,4,33.56
1783407282.4,938.6,right,5,32.93
1783407282.4,938.6,right,6,32.71
1783407282.4,938.6,right,7,31.68
1783407287.5,943.6,left,imu,43.43
1783407287.5,943.6,left,0,40.30
1783407287.5,943.6,left,1,42.05
1783407287.5,943.6,left,2,44.42
1783407287.5,943.6,left,3,42.12
1783407287.5,943.6,left,4,42.46
1783407287.5,943.6,left,5,44.87
1783407287.5,943.6,left,6,44.39
1783407287.5,943.6,left,7,43.00
1783407287.5,943.6,right,imu,29.82
1783407287.5,943.6,right,0,27.03
1783407287.5,943.6,right,1,28.88
1783407287.5,943.6,right,2,32.32
1783407287.5,943.6,right,3,34.57
1783407287.5,943.6,right,4,33.56
1783407287.5,943.6,right,5,32.93
1783407287.5,943.6,right,6,32.71
1783407287.5,943.6,right,7,31.68
1783407292.5,948.7,left,imu,43.33
1783407292.5,948.7,left,0,40.30
1783407292.5,948.7,left,1,42.05
1783407292.5,948.7,left,2,44.42
1783407292.5,948.7,left,3,41.90
1783407292.5,948.7,left,4,42.62
1783407292.5,948.7,left,5,44.87
1783407292.5,948.7,left,6,44.39
1783407292.5,948.7,left,7,43.00
1783407292.5,948.7,right,imu,29.67
1783407292.5,948.7,right,0,26.95
1783407292.5,948.7,right,1,28.95
1783407292.5,948.7,right,2,32.32
1783407292.5,948.7,right,3,34.57
1783407292.5,948.7,right,4,33.56
1783407292.5,948.7,right,5,32.93
1783407292.5,948.7,right,6,32.71
1783407292.5,948.7,right,7,31.68
1783407297.6,953.7,left,imu,43.38
1783407297.6,953.7,left,0,40.23
1783407297.6,953.7,left,1,41.97
1783407297.6,953.7,left,2,44.35
1783407297.6,953.7,left,3,42.35
1783407297.6,953.7,left,4,42.46
1783407297.6,953.7,left,5,44.87
1783407297.6,953.7,left,6,44.32
1783407297.6,953.7,left,7,42.92
1783407297.6,953.7,right,imu,29.87
1783407297.6,953.7,right,0,27.03
1783407297.6,953.7,right,1,28.80
1783407297.6,953.7,right,2,32.25
1783407297.6,953.7,right,3,34.49
1783407297.6,953.7,right,4,33.56
1783407297.6,953.7,right,5,32.85
1783407297.6,953.7,right,6,32.64
1783407297.6,953.7,right,7,31.76
1783407302.6,958.8,left,imu,43.19
1783407302.6,958.8,left,0,40.23
1783407302.6,958.8,left,1,41.97
1783407302.6,958.8,left,2,44.35
1783407302.6,958.8,left,3,42.28
1783407302.6,958.8,left,4,42.39
1783407302.6,958.8,left,5,44.79
1783407302.6,958.8,left,6,44.32
1783407302.6,958.8,left,7,42.84
1783407302.6,958.8,right,imu,29.67
1783407302.6,958.8,right,0,26.95
1783407302.6,958.8,right,1,28.80
1783407302.6,958.8,right,2,32.32
1783407302.6,958.8,right,3,34.41
1783407302.6,958.8,right,4,33.49
1783407302.6,958.8,right,5,32.78
1783407302.6,958.8,right,6,32.64
1783407302.6,958.8,right,7,31.68
1783407307.7,963.8,left,imu,43.19
1783407307.7,963.8,left,0,40.15
1783407307.7,963.8,left,1,41.89
1783407307.7,963.8,left,2,44.27
1783407307.7,963.8,left,3,42.28
1783407307.7,963.8,left,4,42.09
1783407307.7,963.8,left,5,44.79
1783407307.7,963.8,left,6,44.24
1783407307.7,963.8,left,7,42.84
1783407307.7,963.8,right,imu,30.06
1783407307.7,963.8,right,0,27.03
1783407307.7,963.8,right,1,28.80
1783407307.7,963.8,right,2,32.25
1783407307.7,963.8,right,3,34.41
1783407307.7,963.8,right,4,33.56
1783407307.7,963.8,right,5,32.78
1783407307.7,963.8,right,6,32.64
1783407307.7,963.8,right,7,31.68
1783407312.7,968.9,left,imu,43.33
1783407312.7,968.9,left,0,40.15
1783407312.7,968.9,left,1,41.89
1783407312.7,968.9,left,2,44.27
1783407312.7,968.9,left,3,41.90
1783407312.7,968.9,left,4,42.39
1783407312.7,968.9,left,5,44.72
1783407312.7,968.9,left,6,44.24
1783407312.7,968.9,left,7,42.77
1783407312.7,968.9,right,imu,29.82
1783407312.7,968.9,right,0,26.95
1783407312.7,968.9,right,1,28.88
1783407312.7,968.9,right,2,32.25
1783407312.7,968.9,right,3,34.41
1783407312.7,968.9,right,4,33.49
1783407312.7,968.9,right,5,32.85
1783407312.7,968.9,right,6,32.64
1783407312.7,968.9,right,7,31.68
1783407317.8,973.9,left,imu,43.04
1783407317.8,973.9,left,0,40.15
1783407317.8,973.9,left,1,41.82
1783407317.8,973.9,left,2,44.12
1783407317.8,973.9,left,3,42.35
1783407317.8,973.9,left,4,42.39
1783407317.8,973.9,left,5,44.72
1783407317.8,973.9,left,6,44.17
1783407317.8,973.9,left,7,42.77
1783407317.8,973.9,right,imu,29.87
1783407317.8,973.9,right,0,26.95
1783407317.8,973.9,right,1,28.80
1783407317.8,973.9,right,2,32.25
1783407317.8,973.9,right,3,34.41
1783407317.8,973.9,right,4,33.49
1783407317.8,973.9,right,5,32.78
1783407317.8,973.9,right,6,32.64
1783407317.8,973.9,right,7,31.61
1783407322.8,978.9,left,imu,43.43
1783407322.8,978.9,left,0,40.08
1783407322.8,978.9,left,1,41.82
1783407322.8,978.9,left,2,44.12
1783407322.8,978.9,left,3,42.43
1783407322.8,978.9,left,4,42.31
1783407322.8,978.9,left,5,44.64
1783407322.8,978.9,left,6,44.17
1783407322.8,978.9,left,7,42.69
1783407322.8,978.9,right,imu,29.96
1783407322.8,978.9,right,0,26.95
1783407322.8,978.9,right,1,28.80
1783407322.8,978.9,right,2,32.25
1783407322.8,978.9,right,3,34.34
1783407322.8,978.9,right,4,33.41
1783407322.8,978.9,right,5,32.78
1783407322.8,978.9,right,6,32.64
1783407322.8,978.9,right,7,31.61
1783407327.9,984.0,left,imu,43.04
1783407327.9,984.0,left,0,40.08
1783407327.9,984.0,left,1,41.75
1783407327.9,984.0,left,2,44.12
1783407327.9,984.0,left,3,42.50
1783407327.9,984.0,left,4,42.31
1783407327.9,984.0,left,5,44.57
1783407327.9,984.0,left,6,44.17
1783407327.9,984.0,left,7,42.69
1783407327.9,984.0,right,imu,29.87
1783407327.9,984.0,right,0,26.95
1783407327.9,984.0,right,1,28.80
1783407327.9,984.0,right,2,32.25
1783407327.9,984.0,right,3,34.34
1783407327.9,984.0,right,4,33.41
1783407327.9,984.0,right,5,32.78
1783407327.9,984.0,right,6,32.64
1783407327.9,984.0,right,7,31.61
1783407332.9,989.0,left,imu,43.14
1783407332.9,989.0,left,0,40.08
1783407332.9,989.0,left,1,41.75
1783407332.9,989.0,left,2,44.05
1783407332.9,989.0,left,3,41.67
1783407332.9,989.0,left,4,42.24
1783407332.9,989.0,left,5,44.57
1783407332.9,989.0,left,6,44.09
1783407332.9,989.0,left,7,42.62
1783407332.9,989.0,right,imu,29.87
1783407332.9,989.0,right,0,27.03
1783407332.9,989.0,right,1,28.80
1783407332.9,989.0,right,2,32.25
1783407332.9,989.0,right,3,34.34
1783407332.9,989.0,right,4,33.41
1783407332.9,989.0,right,5,32.78
1783407332.9,989.0,right,6,32.64
1783407332.9,989.0,right,7,31.61
1783407338.0,994.1,left,imu,43.14
1783407338.0,994.1,left,0,40.00
1783407338.0,994.1,left,1,41.75
1783407338.0,994.1,left,2,44.05
1783407338.0,994.1,left,3,42.28
1783407338.0,994.1,left,4,42.09
1783407338.0,994.1,left,5,44.49
1783407338.0,994.1,left,6,44.02
1783407338.0,994.1,left,7,42.62
1783407338.0,994.1,right,imu,29.72
1783407338.0,994.1,right,0,26.95
1783407338.0,994.1,right,1,28.80
1783407338.0,994.1,right,2,32.25
1783407338.0,994.1,right,3,34.34
1783407338.0,994.1,right,4,33.34
1783407338.0,994.1,right,5,32.78
1783407338.0,994.1,right,6,32.64
1783407338.0,994.1,right,7,31.61
1783407343.0,999.1,left,imu,43.04
1783407343.0,999.1,left,0,39.93
1783407343.0,999.1,left,1,41.67
1783407343.0,999.1,left,2,43.97
1783407343.0,999.1,left,3,41.67
1783407343.0,999.1,left,4,42.31
1783407343.0,999.1,left,5,44.42
1783407343.0,999.1,left,6,44.02
1783407343.0,999.1,left,7,42.54
1783407343.0,999.1,right,imu,29.87
1783407343.0,999.1,right,0,26.95
1783407343.0,999.1,right,1,28.80
1783407343.0,999.1,right,2,32.25
1783407343.0,999.1,right,3,34.34
1783407343.0,999.1,right,4,33.34
1783407343.0,999.1,right,5,32.70
1783407343.0,999.1,right,6,32.57
1783407343.0,999.1,right,7,31.61
1783407348.1,1004.2,left,imu,43.04
1783407348.1,1004.2,left,0,39.93
1783407348.1,1004.2,left,1,41.59
1783407348.1,1004.2,left,2,43.97
1783407348.1,1004.2,left,3,41.82
1783407348.1,1004.2,left,4,41.94
1783407348.1,1004.2,left,5,44.42
1783407348.1,1004.2,left,6,44.02
1783407348.1,1004.2,left,7,42.54
1783407348.1,1004.2,right,imu,29.72
1783407348.1,1004.2,right,0,26.95
1783407348.1,1004.2,right,1,28.80
1783407348.1,1004.2,right,2,32.17
1783407348.1,1004.2,right,3,34.34
1783407348.1,1004.2,right,4,33.34
1783407348.1,1004.2,right,5,32.70
1783407348.1,1004.2,right,6,32.57
1783407348.1,1004.2,right,7,31.61
1783407353.1,1009.2,left,imu,42.85
1783407353.1,1009.2,left,0,39.93
1783407353.1,1009.2,left,1,41.59
1783407353.1,1009.2,left,2,43.97
1783407353.1,1009.2,left,3,41.67
1783407353.1,1009.2,left,4,42.16
1783407353.1,1009.2,left,5,44.42
1783407353.1,1009.2,left,6,43.87
1783407353.1,1009.2,left,7,42.54
1783407353.1,1009.2,right,imu,30.06
1783407353.1,1009.2,right,0,26.95
1783407353.1,1009.2,right,1,28.80
1783407353.1,1009.2,right,2,32.25
1783407353.1,1009.2,right,3,34.26
1783407353.1,1009.2,right,4,33.34
1783407353.1,1009.2,right,5,32.70
1783407353.1,1009.2,right,6,32.57
1783407353.1,1009.2,right,7,31.61
1783407358.1,1014.3,left,imu,43.00
1783407358.1,1014.3,left,0,39.85
1783407358.1,1014.3,left,1,41.59
1783407358.1,1014.3,left,2,43.89
1783407358.1,1014.3,left,3,41.90
1783407358.1,1014.3,left,4,41.94
1783407358.1,1014.3,left,5,44.34
1783407358.1,1014.3,left,6,43.87
1783407358.1,1014.3,left,7,42.54
1783407358.1,1014.3,right,imu,30.01
1783407358.1,1014.3,right,0,26.95
1783407358.1,1014.3,right,1,28.80
1783407358.1,1014.3,right,2,32.17
1783407358.1,1014.3,right,3,34.26
1783407358.1,1014.3,right,4,33.26
1783407358.1,1014.3,right,5,32.63
1783407358.1,1014.3,right,6,32.49
1783407358.1,1014.3,right,7,31.61
1783407363.2,1019.3,left,imu,42.85
1783407363.2,1019.3,left,0,39.85
1783407363.2,1019.3,left,1,41.59
1783407363.2,1019.3,left,2,43.89
1783407363.2,1019.3,left,3,41.67
1783407363.2,1019.3,left,4,42.01
1783407363.2,1019.3,left,5,44.34
1783407363.2,1019.3,left,6,43.79
1783407363.2,1019.3,left,7,42.46
1783407363.2,1019.3,right,imu,29.67
1783407363.2,1019.3,right,0,26.95
1783407363.2,1019.3,right,1,28.80
1783407363.2,1019.3,right,2,32.17
1783407363.2,1019.3,right,3,34.26
1783407363.2,1019.3,right,4,33.26
1783407363.2,1019.3,right,5,32.63
1783407363.2,1019.3,right,6,32.49
1783407363.2,1019.3,right,7,31.61
1783407368.2,1024.4,left,imu,42.66
1783407368.2,1024.4,left,0,39.85
1783407368.2,1024.4,left,1,41.52
1783407368.2,1024.4,left,2,43.82
1783407368.2,1024.4,left,3,41.45
1783407368.2,1024.4,left,4,42.09
1783407368.2,1024.4,left,5,44.34
1783407368.2,1024.4,left,6,43.79
1783407368.2,1024.4,left,7,42.39
1783407368.2,1024.4,right,imu,29.82
1783407368.2,1024.4,right,0,26.95
1783407368.2,1024.4,right,1,28.80
1783407368.2,1024.4,right,2,32.17
1783407368.2,1024.4,right,3,34.26
1783407368.2,1024.4,right,4,33.26
1783407368.2,1024.4,right,5,32.63
1783407368.2,1024.4,right,6,32.49
1783407368.2,1024.4,right,7,31.61
1783407373.3,1029.4,left,imu,43.00
1783407373.3,1029.4,left,0,39.85
1783407373.3,1029.4,left,1,41.52
1783407373.3,1029.4,left,2,43.82
1783407373.3,1029.4,left,3,42.20
1783407373.3,1029.4,left,4,41.94
1783407373.3,1029.4,left,5,44.27
1783407373.3,1029.4,left,6,43.79
1783407373.3,1029.4,left,7,42.39
1783407373.3,1029.4,right,imu,29.87
1783407373.3,1029.4,right,0,26.95
1783407373.3,1029.4,right,1,28.80
1783407373.3,1029.4,right,2,32.10
1783407373.3,1029.4,right,3,34.26
1783407373.3,1029.4,right,4,33.26
1783407373.3,1029.4,right,5,32.63
1783407373.3,1029.4,right,6,32.49
1783407373.3,1029.4,right,7,31.61
1783407378.3,1034.5,left,imu,42.85
1783407378.3,1034.5,left,0,39.77
1783407378.3,1034.5,left,1,41.44
1783407378.3,1034.5,left,2,43.75
1783407378.3,1034.5,left,3,41.45
1783407378.3,1034.5,left,4,42.09
1783407378.3,1034.5,left,5,44.19
1783407378.3,1034.5,left,6,43.71
1783407378.3,1034.5,left,7,42.31
1783407378.3,1034.5,right,imu,29.87
1783407378.3,1034.5,right,0,26.95
1783407378.3,1034.5,right,1,28.80
1783407378.3,1034.5,right,2,32.17
1783407378.3,1034.5,right,3,34.19
1783407378.3,1034.5,right,4,33.26
1783407378.3,1034.5,right,5,32.55
1783407378.3,1034.5,right,6,32.49
1783407378.3,1034.5,right,7,31.61
1783407383.4,1039.5,left,imu,42.71
1783407383.4,1039.5,left,0,39.70
1783407383.4,1039.5,left,1,41.44
1783407383.4,1039.5,left,2,43.75
1783407383.4,1039.5,left,3,41.82
1783407383.4,1039.5,left,4,41.79
1783407383.4,1039.5,left,5,44.19
1783407383.4,1039.5,left,6,43.71
1783407383.4,1039.5,left,7,42.31
1783407383.4,1039.5,right,imu,29.82
1783407383.4,1039.5,right,0,26.95
1783407383.4,1039.5,right,1,28.80
1783407383.4,1039.5,right,2,32.17
1783407383.4,1039.5,right,3,34.19
1783407383.4,1039.5,right,4,33.26
1783407383.4,1039.5,right,5,32.63
1783407383.4,1039.5,right,6,32.49
1783407383.4,1039.5,right,7,31.61
1783407388.4,1044.5,left,imu,42.71
1783407388.4,1044.5,left,0,39.70
1783407388.4,1044.5,left,1,41.37
1783407388.4,1044.5,left,2,43.75
1783407388.4,1044.5,left,3,41.75
1783407388.4,1044.5,left,4,41.86
1783407388.4,1044.5,left,5,44.12
1783407388.4,1044.5,left,6,43.64
1783407388.4,1044.5,left,7,42.31
1783407388.4,1044.5,right,imu,29.82
1783407388.4,1044.5,right,0,26.95
1783407388.4,1044.5,right,1,28.80
1783407388.4,1044.5,right,2,32.10
1783407388.4,1044.5,right,3,34.19
1783407388.4,1044.5,right,4,33.18
1783407388.4,1044.5,right,5,32.55
1783407388.4,1044.5,right,6,32.41
1783407388.4,1044.5,right,7,31.53
1783407393.5,1049.6,left,imu,42.90
1783407393.5,1049.6,left,0,39.70
1783407393.5,1049.6,left,1,41.37
1783407393.5,1049.6,left,2,43.67
1783407393.5,1049.6,left,3,41.45
1783407393.5,1049.6,left,4,42.86
1783407393.5,1049.6,left,5,44.12
1783407393.5,1049.6,left,6,43.71
1783407393.5,1049.6,left,7,42.31
1783407393.5,1049.6,right,imu,29.87
1783407393.5,1049.6,right,0,26.95
1783407393.5,1049.6,right,1,28.80
1783407393.5,1049.6,right,2,32.10
1783407393.5,1049.6,right,3,34.19
1783407393.5,1049.6,right,4,33.18
1783407393.5,1049.6,right,5,32.55
1783407393.5,1049.6,right,6,32.49
1783407393.5,1049.6,right,7,31.61
1783407398.5,1054.6,left,imu,42.80
1783407398.5,1054.6,left,0,39.70
1783407398.5,1054.6,left,1,41.44
1783407398.5,1054.6,left,2,43.67
1783407398.5,1054.6,left,3,41.60
1783407398.5,1054.6,left,4,41.94
1783407398.5,1054.6,left,5,44.04
1783407398.5,1054.6,left,6,43.64
1783407398.5,1054.6,left,7,42.24
1783407398.5,1054.6,right,imu,29.72
1783407398.5,1054.6,right,0,26.88
1783407398.5,1054.6,right,1,28.73
1783407398.5,1054.6,right,2,32.10
1783407398.5,1054.6,right,3,34.11
1783407398.5,1054.6,right,4,33.11
1783407398.5,1054.6,right,5,32.55
1783407398.5,1054.6,right,6,32.41
1783407398.5,1054.6,right,7,31.61
1783407403.6,1059.7,left,imu,42.66
1783407403.6,1059.7,left,0,39.62
1783407403.6,1059.7,left,1,41.37
1783407403.6,1059.7,left,2,43.59
1783407403.6,1059.7,left,3,40.77
1783407403.6,1059.7,left,4,42.01
1783407403.6,1059.7,left,5,44.04
1783407403.6,1059.7,left,6,43.64
1783407403.6,1059.7,left,7,42.24
1783407403.6,1059.7,right,imu,30.01
1783407403.6,1059.7,right,0,26.88
1783407403.6,1059.7,right,1,28.73
1783407403.6,1059.7,right,2,32.10
1783407403.6,1059.7,right,3,34.11
1783407403.6,1059.7,right,4,33.11
1783407403.6,1059.7,right,5,32.55
1783407403.6,1059.7,right,6,32.41
1783407403.6,1059.7,right,7,31.53
1783407408.6,1064.7,left,imu,42.66
1783407408.6,1064.7,left,0,39.62
1783407408.6,1064.7,left,1,41.29
1783407408.6,1064.7,left,2,43.52
1783407408.6,1064.7,left,3,42.12
1783407408.6,1064.7,left,4,41.64
1783407408.6,1064.7,left,5,43.97
1783407408.6,1064.7,left,6,43.64
1783407408.6,1064.7,left,7,42.16
1783407408.6,1064.7,right,imu,29.87
1783407408.6,1064.7,right,0,26.95
1783407408.6,1064.7,right,1,28.73
1783407408.6,1064.7,right,2,32.10
1783407408.6,1064.7,right,3,34.11
1783407408.6,1064.7,right,4,33.11
1783407408.6,1064.7,right,5,32.55
1783407408.6,1064.7,right,6,32.41
1783407408.6,1064.7,right,7,31.45
1783407413.7,1069.8,left,imu,42.66
1783407413.7,1069.8,left,0,39.55
1783407413.7,1069.8,left,1,41.29
1783407413.7,1069.8,left,2,43.52
1783407413.7,1069.8,left,3,41.98
1783407413.7,1069.8,left,4,41.71
1783407413.7,1069.8,left,5,43.97
1783407413.7,1069.8,left,6,43.56
1783407413.7,1069.8,left,7,42.16
1783407413.7,1069.8,right,imu,29.67
1783407413.7,1069.8,right,0,26.88
1783407413.7,1069.8,right,1,28.73
1783407413.7,1069.8,right,2,32.10
1783407413.7,1069.8,right,3,34.04
1783407413.7,1069.8,right,4,33.11
1783407413.7,1069.8,right,5,32.55
1783407413.7,1069.8,right,6,32.41
1783407413.7,1069.8,right,7,31.53
1783407418.7,1074.8,left,imu,42.80
1783407418.7,1074.8,left,0,39.55
1783407418.7,1074.8,left,1,41.21
1783407418.7,1074.8,left,2,43.52
1783407418.7,1074.8,left,3,40.62
1783407418.7,1074.8,left,4,41.79
1783407418.7,1074.8,left,5,43.97
1783407418.7,1074.8,left,6,43.56
1783407418.7,1074.8,left,7,42.09
1783407418.7,1074.8,right,imu,29.67
1783407418.7,1074.8,right,0,26.88
1783407418.7,1074.8,right,1,28.65
1783407418.7,1074.8,right,2,32.10
1783407418.7,1074.8,right,3,34.04
1783407418.7,1074.8,right,4,33.11
1783407418.7,1074.8,right,5,32.55
1783407418.7,1074.8,right,6,32.34
1783407418.7,1074.8,right,7,31.45
1783407423.7,1079.9,left,imu,42.61
1783407423.7,1079.9,left,0,39.47
1783407423.7,1079.9,left,1,41.21
1783407423.7,1079.9,left,2,43.45
1783407423.7,1079.9,left,3,41.22
1783407423.7,1079.9,left,4,41.56
1783407423.7,1079.9,left,5,43.89
1783407423.7,1079.9,left,6,43.56
1783407423.7,1079.9,left,7,42.09
1783407423.7,1079.9,right,imu,29.63
1783407423.7,1079.9,right,0,26.88
1783407423.7,1079.9,right,1,28.65
1783407423.7,1079.9,right,2,32.10
1783407423.7,1079.9,right,3,34.04
1783407423.7,1079.9,right,4,33.03
1783407423.7,1079.9,right,5,32.55
1783407423.7,1079.9,right,6,32.34
1783407423.7,1079.9,right,7,31.38
1783407428.8,1084.9,left,imu,42.33
1783407428.8,1084.9,left,0,39.47
1783407428.8,1084.9,left,1,41.21
1783407428.8,1084.9,left,2,43.45
1783407428.8,1084.9,left,3,41.52
1783407428.8,1084.9,left,4,41.48
1783407428.8,1084.9,left,5,43.89
1783407428.8,1084.9,left,6,43.49
1783407428.8,1084.9,left,7,42.09
1783407428.8,1084.9,right,imu,29.87
1783407428.8,1084.9,right,0,26.88
1783407428.8,1084.9,right,1,28.65
1783407428.8,1084.9,right,2,32.10
1783407428.8,1084.9,right,3,34.04
1783407428.8,1084.9,right,4,32.96
1783407428.8,1084.9,right,5,32.48
1783407428.8,1084.9,right,6,32.34
1783407428.8,1084.9,right,7,31.38
1783407433.8,1090.0,left,imu,42.61
1783407433.8,1090.0,left,0,39.47
1783407433.8,1090.0,left,1,41.21
1783407433.8,1090.0,left,2,43.45
1783407433.8,1090.0,left,3,41.45
1783407433.8,1090.0,left,4,41.33
1783407433.8,1090.0,left,5,43.82
1783407433.8,1090.0,left,6,43.49
1783407433.8,1090.0,left,7,42.01
1783407433.8,1090.0,right,imu,29.67
1783407433.8,1090.0,right,0,26.88
1783407433.8,1090.0,right,1,28.65
1783407433.8,1090.0,right,2,32.02
1783407433.8,1090.0,right,3,34.04
1783407433.8,1090.0,right,4,33.03
1783407433.8,1090.0,right,5,32.48
1783407433.8,1090.0,right,6,32.34
1783407433.8,1090.0,right,7,31.38
1783407438.9,1095.0,left,imu,42.37
1783407438.9,1095.0,left,0,39.47
1783407438.9,1095.0,left,1,41.14
1783407438.9,1095.0,left,2,43.37
1783407438.9,1095.0,left,3,41.22
1783407438.9,1095.0,left,4,41.41
1783407438.9,1095.0,left,5,43.82
1783407438.9,1095.0,left,6,43.49
1783407438.9,1095.0,left,7,42.01
1783407438.9,1095.0,right,imu,29.48
1783407438.9,1095.0,right,0,26.88
1783407438.9,1095.0,right,1,28.65
1783407438.9,1095.0,right,2,32.02
1783407438.9,1095.0,right,3,33.96
1783407438.9,1095.0,right,4,33.03
1783407438.9,1095.0,right,5,32.48
1783407438.9,1095.0,right,6,32.34
1783407438.9,1095.0,right,7,31.30
1783407443.9,1100.1,left,imu,42.37
1783407443.9,1100.1,left,0,39.32
1783407443.9,1100.1,left,1,41.06
1783407443.9,1100.1,left,2,43.29
1783407443.9,1100.1,left,3,41.37
1783407443.9,1100.1,left,4,41.71
1783407443.9,1100.1,left,5,43.82
1783407443.9,1100.1,left,6,43.41
1783407443.9,1100.1,left,7,42.01
1783407443.9,1100.1,right,imu,30.01
1783407443.9,1100.1,right,0,26.88
1783407443.9,1100.1,right,1,28.65
1783407443.9,1100.1,right,2,32.02
1783407443.9,1100.1,right,3,33.96
1783407443.9,1100.1,right,4,33.03
1783407443.9,1100.1,right,5,32.48
1783407443.9,1100.1,right,6,32.26
1783407443.9,1100.1,right,7,31.38
1783407449.0,1105.1,left,imu,42.28
1783407449.0,1105.1,left,0,39.32
1783407449.0,1105.1,left,1,41.06
1783407449.0,1105.1,left,2,43.29
1783407449.0,1105.1,left,3,41.14
1783407449.0,1105.1,left,4,41.56
1783407449.0,1105.1,left,5,43.74
1783407449.0,1105.1,left,6,43.41
1783407449.0,1105.1,left,7,41.93
1783407449.0,1105.1,right,imu,29.72
1783407449.0,1105.1,right,0,26.88
1783407449.0,1105.1,right,1,28.65
1783407449.0,1105.1,right,2,32.02
1783407449.0,1105.1,right,3,33.96
1783407449.0,1105.1,right,4,32.96
1783407449.0,1105.1,right,5,32.40
1783407449.0,1105.1,right,6,32.26
1783407449.0,1105.1,right,7,31.30
1783407454.0,1110.1,left,imu,42.47
1783407454.0,1110.1,left,0,39.32
1783407454.0,1110.1,left,1,41.06
1783407454.0,1110.1,left,2,43.22
1783407454.0,1110.1,left,3,41.90
1783407454.0,1110.1,left,4,41.64
1783407454.0,1110.1,left,5,43.74
1783407454.0,1110.1,left,6,43.41
1783407454.0,1110.1,left,7,41.93
1783407454.0,1110.1,right,imu,29.63
1783407454.0,1110.1,right,0,26.88
1783407454.0,1110.1,right,1,28.65
1783407454.0,1110.1,right,2,31.95
1783407454.0,1110.1,right,3,33.96
1783407454.0,1110.1,right,4,32.96
1783407454.0,1110.1,right,5,32.40
1783407454.0,1110.1,right,6,32.26
1783407454.0,1110.1,right,7,31.30
1783407459.1,1115.2,left,imu,42.71
1783407459.1,1115.2,left,0,39.24
1783407459.1,1115.2,left,1,41.06
1783407459.1,1115.2,left,2,43.22
1783407459.1,1115.2,left,3,41.14
1783407459.1,1115.2,left,4,41.41
1783407459.1,1115.2,left,5,43.74
1783407459.1,1115.2,left,6,43.26
1783407459.1,1115.2,left,7,41.86
1783407459.1,1115.2,right,imu,29.67
1783407459.1,1115.2,right,0,26.80
1783407459.1,1115.2,right,1,28.65
1783407459.1,1115.2,right,2,31.87
1783407459.1,1115.2,right,3,33.96
1783407459.1,1115.2,right,4,32.96
1783407459.1,1115.2,right,5,32.40
1783407459.1,1115.2,right,6,32.19
1783407459.1,1115.2,right,7,31.30
1783407464.1,1120.2,left,imu,42.37
1783407464.1,1120.2,left,0,39.24
1783407464.1,1120.2,left,1,40.98
1783407464.1,1120.2,left,2,43.22
1783407464.1,1120.2,left,3,41.07
1783407464.1,1120.2,left,4,41.18
1783407464.1,1120.2,left,5,43.67
1783407464.1,1120.2,left,6,43.26
1783407464.1,1120.2,left,7,41.86
1783407464.1,1120.2,right,imu,29.63
1783407464.1,1120.2,right,0,26.88
1783407464.1,1120.2,right,1,28.65
1783407464.1,1120.2,right,2,31.95
1783407464.1,1120.2,right,3,33.88
1783407464.1,1120.2,right,4,32.96
1783407464.1,1120.2,right,5,32.33
1783407464.1,1120.2,right,6,32.26
1783407464.1,1120.2,right,7,31.22
1783407469.2,1125.3,left,imu,42.18
1783407469.2,1125.3,left,0,39.17
1783407469.2,1125.3,left,1,40.91
1783407469.2,1125.3,left,2,43.14
1783407469.2,1125.3,left,3,41.07
1783407469.2,1125.3,left,4,41.18
1783407469.2,1125.3,left,5,43.67
1783407469.2,1125.3,left,6,43.26
1783407469.2,1125.3,left,7,41.78
1783407469.2,1125.3,right,imu,29.87
1783407469.2,1125.3,right,0,26.80
1783407469.2,1125.3,right,1,28.65
1783407469.2,1125.3,right,2,31.87
1783407469.2,1125.3,right,3,33.88
1783407469.2,1125.3,right,4,32.96
1783407469.2,1125.3,right,5,32.33
1783407469.2,1125.3,right,6,32.19
1783407469.2,1125.3,right,7,31.30
1783407474.2,1130.3,left,imu,42.09
1783407474.2,1130.3,left,0,39.17
1783407474.2,1130.3,left,1,40.91
1783407474.2,1130.3,left,2,43.14
1783407474.2,1130.3,left,3,40.92
1783407474.2,1130.3,left,4,41.18
1783407474.2,1130.3,left,5,43.59
1783407474.2,1130.3,left,6,43.26
1783407474.2,1130.3,left,7,41.78
1783407474.2,1130.3,right,imu,29.72
1783407474.2,1130.3,right,0,26.80
1783407474.2,1130.3,right,1,28.65
1783407474.2,1130.3,right,2,31.87
1783407474.2,1130.3,right,3,33.88
1783407474.2,1130.3,right,4,32.88
1783407474.2,1130.3,right,5,32.33
1783407474.2,1130.3,right,6,32.26
1783407474.2,1130.3,right,7,31.30
1783407479.2,1135.4,left,imu,42.47
1783407479.2,1135.4,left,0,39.17
1783407479.2,1135.4,left,1,40.91
1783407479.2,1135.4,left,2,43.07
1783407479.2,1135.4,left,3,41.22
1783407479.2,1135.4,left,4,41.48
1783407479.2,1135.4,left,5,43.59
1783407479.2,1135.4,left,6,43.18
1783407479.2,1135.4,left,7,41.71
1783407479.2,1135.4,right,imu,29.87
1783407479.2,1135.4,right,0,26.88
1783407479.2,1135.4,right,1,28.65
1783407479.2,1135.4,right,2,31.87
1783407479.2,1135.4,right,3,33.88
1783407479.2,1135.4,right,4,32.88
1783407479.2,1135.4,right,5,32.33
1783407479.2,1135.4,right,6,32.19
1783407479.2,1135.4,right,7,31.22
1783407484.3,1140.4,left,imu,42.37
1783407484.3,1140.4,left,0,39.17
1783407484.3,1140.4,left,1,40.84
1783407484.3,1140.4,left,2,43.07
1783407484.3,1140.4,left,3,40.84
1783407484.3,1140.4,left,4,41.56
1783407484.3,1140.4,left,5,43.52
1783407484.3,1140.4,left,6,43.18
1783407484.3,1140.4,left,7,41.71
1783407484.3,1140.4,right,imu,29.67
1783407484.3,1140.4,right,0,26.88
1783407484.3,1140.4,right,1,28.65
1783407484.3,1140.4,right,2,31.87
1783407484.3,1140.4,right,3,33.88
1783407484.3,1140.4,right,4,32.88
1783407484.3,1140.4,right,5,32.33
1783407484.3,1140.4,right,6,32.26
1783407484.3,1140.4,right,7,31.22
1783407489.3,1145.5,left,imu,42.18
1783407489.3,1145.5,left,0,39.09
1783407489.3,1145.5,left,1,40.84
1783407489.3,1145.5,left,2,43.07
1783407489.3,1145.5,left,3,40.84
1783407489.3,1145.5,left,4,41.18
1783407489.3,1145.5,left,5,43.52
1783407489.3,1145.5,left,6,43.11
1783407489.3,1145.5,left,7,41.63
1783407489.3,1145.5,right,imu,29.63
1783407489.3,1145.5,right,0,26.88
1783407489.3,1145.5,right,1,28.65
1783407489.3,1145.5,right,2,31.87
1783407489.3,1145.5,right,3,33.88
1783407489.3,1145.5,right,4,32.80
1783407489.3,1145.5,right,5,32.25
1783407489.3,1145.5,right,6,32.19
1783407489.3,1145.5,right,7,31.22
1783407494.4,1150.5,left,imu,42.18
1783407494.4,1150.5,left,0,39.09
1783407494.4,1150.5,left,1,40.84
1783407494.4,1150.5,left,2,42.99
1783407494.4,1150.5,left,3,41.22
1783407494.4,1150.5,left,4,40.96
1783407494.4,1150.5,left,5,43.52
1783407494.4,1150.5,left,6,43.11
1783407494.4,1150.5,left,7,41.63
1783407494.4,1150.5,right,imu,29.53
1783407494.4,1150.5,right,0,26.88
1783407494.4,1150.5,right,1,28.65
1783407494.4,1150.5,right,2,31.87
1783407494.4,1150.5,right,3,33.88
1783407494.4,1150.5,right,4,32.88
1783407494.4,1150.5,right,5,32.33
1783407494.4,1150.5,right,6,32.19
1783407494.4,1150.5,right,7,31.15
1783407499.4,1155.6,left,imu,42.18
1783407499.4,1155.6,left,0,39.02
1783407499.4,1155.6,left,1,40.76
1783407499.4,1155.6,left,2,42.99
1783407499.4,1155.6,left,3,39.86
1783407499.4,1155.6,left,4,41.03
1783407499.4,1155.6,left,5,43.44
1783407499.4,1155.6,left,6,43.03
1783407499.4,1155.6,left,7,41.63
1783407499.4,1155.6,right,imu,29.87
1783407499.4,1155.6,right,0,26.80
1783407499.4,1155.6,right,1,28.65
1783407499.4,1155.6,right,2,31.79
1783407499.4,1155.6,right,3,33.81
1783407499.4,1155.6,right,4,32.80
1783407499.4,1155.6,right,5,32.25
1783407499.4,1155.6,right,6,32.19
1783407499.4,1155.6,right,7,31.15
1783407504.5,1160.6,left,imu,42.33
1783407504.5,1160.6,left,0,39.02
1783407504.5,1160.6,left,1,40.76
1783407504.5,1160.6,left,2,42.92
1783407504.5,1160.6,left,3,41.07
1783407504.5,1160.6,left,4,40.50
1783407504.5,1160.6,left,5,43.44
1783407504.5,1160.6,left,6,43.03
1783407504.5,1160.6,left,7,41.55
1783407504.5,1160.6,right,imu,29.53
1783407504.5,1160.6,right,0,26.88
1783407504.5,1160.6,right,1,28.65
1783407504.5,1160.6,right,2,31.79
1783407504.5,1160.6,right,3,33.81
1783407504.5,1160.6,right,4,32.80
1783407504.5,1160.6,right,5,32.25
1783407504.5,1160.6,right,6,32.11
1783407504.5,1160.6,right,7,31.07
1783407509.5,1165.6,left,imu,42.28
1783407509.5,1165.6,left,0,39.02
1783407509.5,1165.6,left,1,40.76
1783407509.5,1165.6,left,2,42.92
1783407509.5,1165.6,left,3,40.39
1783407509.5,1165.6,left,4,41.11
1783407509.5,1165.6,left,5,43.37
1783407509.5,1165.6,left,6,43.03
1783407509.5,1165.6,left,7,41.55
1783407509.5,1165.6,right,imu,29.82
1783407509.5,1165.6,right,0,26.80
1783407509.5,1165.6,right,1,28.65
1783407509.5,1165.6,right,2,31.79
1783407509.5,1165.6,right,3,33.73
1783407509.5,1165.6,right,4,32.73
1783407509.5,1165.6,right,5,32.25
1783407509.5,1165.6,right,6,32.11
1783407509.5,1165.6,right,7,31.15
1783407514.6,1170.7,left,imu,42.09
1783407514.6,1170.7,left,0,38.94
1783407514.6,1170.7,left,1,40.68
1783407514.6,1170.7,left,2,42.92
1783407514.6,1170.7,left,3,40.32
1783407514.6,1170.7,left,4,41.03
1783407514.6,1170.7,left,5,43.37
1783407514.6,1170.7,left,6,42.96
1783407514.6,1170.7,left,7,41.55
1783407514.6,1170.7,right,imu,29.67
1783407514.6,1170.7,right,0,26.80
1783407514.6,1170.7,right,1,28.57
1783407514.6,1170.7,right,2,31.79
1783407514.6,1170.7,right,3,33.73
1783407514.6,1170.7,right,4,32.73
1783407514.6,1170.7,right,5,32.25
1783407514.6,1170.7,right,6,32.11
1783407514.6,1170.7,right,7,31.15
1783407519.6,1175.7,left,imu,42.13
1783407519.6,1175.7,left,0,38.94
1783407519.6,1175.7,left,1,40.68
1783407519.6,1175.7,left,2,42.92
1783407519.6,1175.7,left,3,40.77
1783407519.6,1175.7,left,4,40.88
1783407519.6,1175.7,left,5,43.37
1783407519.6,1175.7,left,6,42.96
1783407519.6,1175.7,left,7,41.48
1783407519.6,1175.7,right,imu,29.53
1783407519.6,1175.7,right,0,26.80
1783407519.6,1175.7,right,1,28.57
1783407519.6,1175.7,right,2,31.79
1783407519.6,1175.7,right,3,33.73
1783407519.6,1175.7,right,4,32.73
1783407519.6,1175.7,right,5,32.25
1783407519.6,1175.7,right,6,32.11
1783407519.6,1175.7,right,7,31.07
1783407524.7,1180.8,left,imu,41.99
1783407524.7,1180.8,left,0,38.86
1783407524.7,1180.8,left,1,40.61
1783407524.7,1180.8,left,2,42.84
1783407524.7,1180.8,left,3,40.62
1783407524.7,1180.8,left,4,41.11
1783407524.7,1180.8,left,5,43.29
1783407524.7,1180.8,left,6,42.88
1783407524.7,1180.8,left,7,41.48
1783407524.7,1180.8,right,imu,29.43
1783407524.7,1180.8,right,0,26.88
1783407524.7,1180.8,right,1,28.57
1783407524.7,1180.8,right,2,31.79
1783407524.7,1180.8,right,3,33.73
1783407524.7,1180.8,right,4,32.73
1783407524.7,1180.8,right,5,32.33
1783407524.7,1180.8,right,6,32.11
1783407524.7,1180.8,right,7,31.07
1783407529.7,1185.8,left,imu,41.99
1783407529.7,1185.8,left,0,38.86
1783407529.7,1185.8,left,1,40.61
1783407529.7,1185.8,left,2,42.84
1783407529.7,1185.8,left,3,40.62
1783407529.7,1185.8,left,4,40.96
1783407529.7,1185.8,left,5,43.29
1783407529.7,1185.8,left,6,42.80
1783407529.7,1185.8,left,7,41.40
1783407529.7,1185.8,right,imu,29.63
1783407529.7,1185.8,right,0,26.80
1783407529.7,1185.8,right,1,28.57
1783407529.7,1185.8,right,2,31.79
1783407529.7,1185.8,right,3,33.73
1783407529.7,1185.8,right,4,32.73
1783407529.7,1185.8,right,5,32.25
1783407529.7,1185.8,right,6,32.11
1783407529.7,1185.8,right,7,31.07
1783407534.8,1190.9,left,imu,42.09
1783407534.8,1190.9,left,0,38.86
1783407534.8,1190.9,left,1,40.53
1783407534.8,1190.9,left,2,42.77
1783407534.8,1190.9,left,3,40.84
1783407534.8,1190.9,left,4,40.96
1783407534.8,1190.9,left,5,43.21
1783407534.8,1190.9,left,6,42.80
1783407534.8,1190.9,left,7,41.40
1783407534.8,1190.9,right,imu,29.67
1783407534.8,1190.9,right,0,26.80
1783407534.8,1190.9,right,1,28.50
1783407534.8,1190.9,right,2,31.79
1783407534.8,1190.9,right,3,33.66
1783407534.8,1190.9,right,4,32.73
1783407534.8,1190.9,right,5,32.25
1783407534.8,1190.9,right,6,32.11
1783407534.8,1190.9,right,7,31.07
1783407539.8,1195.9,left,imu,41.99
1783407539.8,1195.9,left,0,38.86
1783407539.8,1195.9,left,1,40.53
1783407539.8,1195.9,left,2,42.77
1783407539.8,1195.9,left,3,40.39
1783407539.8,1195.9,left,4,40.96
1783407539.8,1195.9,left,5,43.21
1783407539.8,1195.9,left,6,42.80
1783407539.8,1195.9,left,7,41.33
1783407539.8,1195.9,right,imu,29.43
1783407539.8,1195.9,right,0,26.80
1783407539.8,1195.9,right,1,28.57
1783407539.8,1195.9,right,2,31.79
1783407539.8,1195.9,right,3,33.66
1783407539.8,1195.9,right,4,32.65
1783407539.8,1195.9,right,5,32.25
1783407539.8,1195.9,right,6,32.11
1783407539.8,1195.9,right,7,31.00
1783407544.8,1201.0,left,imu,41.85
1783407544.8,1201.0,left,0,38.79
1783407544.8,1201.0,left,1,40.53
1783407544.8,1201.0,left,2,42.69
1783407544.8,1201.0,left,3,40.62
1783407544.8,1201.0,left,4,40.88
1783407544.8,1201.0,left,5,43.14
1783407544.8,1201.0,left,6,42.73
1783407544.8,1201.0,left,7,41.33
1783407544.8,1201.0,right,imu,29.53
1783407544.8,1201.0,right,0,26.80
1783407544.8,1201.0,right,1,28.57
1783407544.8,1201.0,right,2,31.79
1783407544.8,1201.0,right,3,33.66
1783407544.8,1201.0,right,4,32.73
1783407544.8,1201.0,right,5,32.25
1783407544.8,1201.0,right,6,32.04
1783407544.8,1201.0,right,7,31.07
1783407549.9,1206.0,left,imu,41.85
1783407549.9,1206.0,left,0,38.79
1783407549.9,1206.0,left,1,40.53
1783407549.9,1206.0,left,2,42.69
1783407549.9,1206.0,left,3,40.84
1783407549.9,1206.0,left,4,40.80
1783407549.9,1206.0,left,5,43.14
1783407549.9,1206.0,left,6,42.73
1783407549.9,1206.0,left,7,41.33
1783407549.9,1206.0,right,imu,29.63
1783407549.9,1206.0,right,0,26.80
1783407549.9,1206.0,right,1,28.50
1783407549.9,1206.0,right,2,31.79
1783407549.9,1206.0,right,3,33.66
1783407549.9,1206.0,right,4,32.65
1783407549.9,1206.0,right,5,32.25
1783407549.9,1206.0,right,6,32.11
1783407549.9,1206.0,right,7,31.00
1783407554.9,1211.1,left,imu,41.99
1783407554.9,1211.1,left,0,38.71
1783407554.9,1211.1,left,1,40.46
1783407554.9,1211.1,left,2,42.62
1783407554.9,1211.1,left,3,40.24
1783407554.9,1211.1,left,4,40.58
1783407554.9,1211.1,left,5,43.07
1783407554.9,1211.1,left,6,42.65
1783407554.9,1211.1,left,7,41.33
1783407554.9,1211.1,right,imu,29.63
1783407554.9,1211.1,right,0,26.88
1783407554.9,1211.1,right,1,28.50
1783407554.9,1211.1,right,2,31.79
1783407554.9,1211.1,right,3,33.58
1783407554.9,1211.1,right,4,32.65
1783407554.9,1211.1,right,5,32.25
1783407554.9,1211.1,right,6,32.04
1783407554.9,1211.1,right,7,31.07
1783407560.0,1216.1,left,imu,41.99
1783407560.0,1216.1,left,0,38.71
1783407560.0,1216.1,left,1,40.46
1783407560.0,1216.1,left,2,42.62
1783407560.0,1216.1,left,3,40.24
1783407560.0,1216.1,left,4,40.88
1783407560.0,1216.1,left,5,43.07
1783407560.0,1216.1,left,6,42.65
1783407560.0,1216.1,left,7,41.25
1783407560.0,1216.1,right,imu,29.53
1783407560.0,1216.1,right,0,26.88
1783407560.0,1216.1,right,1,28.50
1783407560.0,1216.1,right,2,31.79
1783407560.0,1216.1,right,3,33.58
1783407560.0,1216.1,right,4,32.65
1783407560.0,1216.1,right,5,32.18
1783407560.0,1216.1,right,6,32.04
1783407560.0,1216.1,right,7,31.07
1783407565.0,1221.2,left,imu,41.94
1783407565.0,1221.2,left,0,38.71
1783407565.0,1221.2,left,1,40.38
1783407565.0,1221.2,left,2,42.62
1783407565.0,1221.2,left,3,40.46
1783407565.0,1221.2,left,4,40.80
1783407565.0,1221.2,left,5,43.07
1783407565.0,1221.2,left,6,42.65
1783407565.0,1221.2,left,7,41.25
1783407565.0,1221.2,right,imu,29.87
1783407565.0,1221.2,right,0,26.80
1783407565.0,1221.2,right,1,28.50
1783407565.0,1221.2,right,2,31.79
1783407565.0,1221.2,right,3,33.58
1783407565.0,1221.2,right,4,32.65
1783407565.0,1221.2,right,5,32.18
1783407565.0,1221.2,right,6,31.96
1783407565.0,1221.2,right,7,31.00
1783407570.1,1226.2,left,imu,41.99
1783407570.1,1226.2,left,0,38.64
1783407570.1,1226.2,left,1,40.38
1783407570.1,1226.2,left,2,42.62
1783407570.1,1226.2,left,3,40.46
1783407570.1,1226.2,left,4,40.73
1783407570.1,1226.2,left,5,43.07
1783407570.1,1226.2,left,6,42.58
1783407570.1,1226.2,left,7,41.18
1783407570.1,1226.2,right,imu,29.63
1783407570.1,1226.2,right,0,26.80
1783407570.1,1226.2,right,1,28.50
1783407570.1,1226.2,right,2,31.79
1783407570.1,1226.2,right,3,33.58
1783407570.1,1226.2,right,4,32.65
1783407570.1,1226.2,right,5,32.18
1783407570.1,1226.2,right,6,31.96
1783407570.1,1226.2,right,7,31.00
1783407575.1,1231.2,left,imu,41.94
1783407575.1,1231.2,left,0,38.64
1783407575.1,1231.2,left,1,40.38
1783407575.1,1231.2,left,2,42.54
1783407575.1,1231.2,left,3,40.39
1783407575.1,1231.2,left,4,40.65
1783407575.1,1231.2,left,5,42.99
1783407575.1,1231.2,left,6,42.58
1783407575.1,1231.2,left,7,41.18
1783407575.1,1231.2,right,imu,29.63
1783407575.1,1231.2,right,0,26.80
1783407575.1,1231.2,right,1,28.50
1783407575.1,1231.2,right,2,31.79
1783407575.1,1231.2,right,3,33.58
1783407575.1,1231.2,right,4,32.58
1783407575.1,1231.2,right,5,32.18
1783407575.1,1231.2,right,6,31.96
1783407575.1,1231.2,right,7,31.00
1783407580.2,1236.3,left,imu,42.13
1783407580.2,1236.3,left,0,38.64
1783407580.2,1236.3,left,1,40.30
1783407580.2,1236.3,left,2,42.54
1783407580.2,1236.3,left,3,40.39
1783407580.2,1236.3,left,4,40.50
1783407580.2,1236.3,left,5,42.99
1783407580.2,1236.3,left,6,42.58
1783407580.2,1236.3,left,7,41.18
1783407580.2,1236.3,right,imu,29.63
1783407580.2,1236.3,right,0,26.80
1783407580.2,1236.3,right,1,28.50
1783407580.2,1236.3,right,2,31.79
1783407580.2,1236.3,right,3,33.58
1783407580.2,1236.3,right,4,32.58
1783407580.2,1236.3,right,5,32.18
1783407580.2,1236.3,right,6,31.96
1783407580.2,1236.3,right,7,31.00
1783407585.2,1241.3,left,imu,41.85
1783407585.2,1241.3,left,0,38.56
1783407585.2,1241.3,left,1,40.30
1783407585.2,1241.3,left,2,42.46
1783407585.2,1241.3,left,3,40.09
1783407585.2,1241.3,left,4,40.73
1783407585.2,1241.3,left,5,42.91
1783407585.2,1241.3,left,6,42.58
1783407585.2,1241.3,left,7,41.18
1783407585.2,1241.3,right,imu,29.19
1783407585.2,1241.3,right,0,26.80
1783407585.2,1241.3,right,1,28.57
1783407585.2,1241.3,right,2,31.79
1783407585.2,1241.3,right,3,33.58
1783407585.2,1241.3,right,4,32.65
1783407585.2,1241.3,right,5,32.10
1783407585.2,1241.3,right,6,31.88
1783407585.2,1241.3,right,7,31.00
1783407590.3,1246.4,left,imu,41.75
1783407590.3,1246.4,left,0,38.56
1783407590.3,1246.4,left,1,40.23
1783407590.3,1246.4,left,2,42.46
1783407590.3,1246.4,left,3,40.62
1783407590.3,1246.4,left,4,40.80
1783407590.3,1246.4,left,5,42.91
1783407590.3,1246.4,left,6,42.50
1783407590.3,1246.4,left,7,41.10
1783407590.3,1246.4,right,imu,29.34
1783407590.3,1246.4,right,0,26.80
1783407590.3,1246.4,right,1,28.50
1783407590.3,1246.4,right,2,31.79
1783407590.3,1246.4,right,3,33.51
1783407590.3,1246.4,right,4,32.58
1783407590.3,1246.4,right,5,32.10
1783407590.3,1246.4,right,6,31.96
1783407590.3,1246.4,right,7,31.00
1783407595.3,1251.4,left,imu,41.75
1783407595.3,1251.4,left,0,38.56
1783407595.3,1251.4,left,1,40.23
1783407595.3,1251.4,left,2,42.46
1783407595.3,1251.4,left,3,40.09
1783407595.3,1251.4,left,4,40.35
1783407595.3,1251.4,left,5,42.91
1783407595.3,1251.4,left,6,42.43
1783407595.3,1251.4,left,7,41.02
1783407595.3,1251.4,right,imu,29.43
1783407595.3,1251.4,right,0,26.80
1783407595.3,1251.4,right,1,28.57
1783407595.3,1251.4,right,2,31.79
1783407595.3,1251.4,right,3,33.51
1783407595.3,1251.4,right,4,32.58
1783407595.3,1251.4,right,5,32.10
1783407595.3,1251.4,right,6,31.88
1783407595.3,1251.4,right,7,31.00
1783407600.3,1256.5,left,imu,41.61
1783407600.3,1256.5,left,0,38.56
1783407600.3,1256.5,left,1,40.23
1783407600.3,1256.5,left,2,42.46
1783407600.3,1256.5,left,3,40.39
1783407600.3,1256.5,left,4,40.35
1783407600.3,1256.5,left,5,42.84
1783407600.3,1256.5,left,6,42.43
1783407600.3,1256.5,left,7,41.10
1783407600.3,1256.5,right,imu,29.67
1783407600.3,1256.5,right,0,26.65
1783407600.3,1256.5,right,1,28.57
1783407600.3,1256.5,right,2,31.79
1783407600.3,1256.5,right,3,33.51
1783407600.3,1256.5,right,4,32.58
1783407600.3,1256.5,right,5,32.10
1783407600.3,1256.5,right,6,31.88
1783407600.3,1256.5,right,7,31.00
1783407605.4,1261.5,left,imu,41.75
1783407605.4,1261.5,left,0,38.56
1783407605.4,1261.5,left,1,40.15
1783407605.4,1261.5,left,2,42.39
1783407605.4,1261.5,left,3,40.16
1783407605.4,1261.5,left,4,40.65
1783407605.4,1261.5,left,5,42.77
1783407605.4,1261.5,left,6,42.43
1783407605.4,1261.5,left,7,41.02
1783407605.4,1261.5,right,imu,29.43
1783407605.4,1261.5,right,0,26.73
1783407605.4,1261.5,right,1,28.57
1783407605.4,1261.5,right,2,31.87
1783407605.4,1261.5,right,3,33.51
1783407605.4,1261.5,right,4,32.58
1783407605.4,1261.5,right,5,32.10
1783407605.4,1261.5,right,6,31.88
1783407605.4,1261.5,right,7,30.92
1783407610.4,1266.6,left,imu,41.80
1783407610.4,1266.6,left,0,38.56
1783407610.4,1266.6,left,1,40.15
1783407610.4,1266.6,left,2,42.31
1783407610.4,1266.6,left,3,40.16
1783407610.4,1266.6,left,4,39.90
1783407610.4,1266.6,left,5,42.84
1783407610.4,1266.6,left,6,42.43
1783407610.4,1266.6,left,7,41.02
1783407610.4,1266.6,right,imu,29.63
1783407610.4,1266.6,right,0,26.73
1783407610.4,1266.6,right,1,28.57
1783407610.4,1266.6,right,2,31.79
1783407610.4,1266.6,right,3,33.43
1783407610.4,1266.6,right,4,32.58
1783407610.4,1266.6,right,5,32.10
1783407610.4,1266.6,right,6,31.88
1783407610.4,1266.6,right,7,30.92
1783407615.5,1271.6,left,imu,41.80
1783407615.5,1271.6,left,0,38.56
1783407615.5,1271.6,left,1,40.15
1783407615.5,1271.6,left,2,42.31
1783407615.5,1271.6,left,3,40.09
1783407615.5,1271.6,left,4,40.35
1783407615.5,1271.6,left,5,42.77
1783407615.5,1271.6,left,6,42.35
1783407615.5,1271.6,left,7,40.95
1783407615.5,1271.6,right,imu,29.43
1783407615.5,1271.6,right,0,26.73
1783407615.5,1271.6,right,1,28.50
1783407615.5,1271.6,right,2,31.87
1783407615.5,1271.6,right,3,33.43
1783407615.5,1271.6,right,4,32.58
1783407615.5,1271.6,right,5,32.10
1783407615.5,1271.6,right,6,31.88
1783407615.5,1271.6,right,7,30.92
1783407620.5,1276.7,left,imu,41.61
1783407620.5,1276.7,left,0,38.48
1783407620.5,1276.7,left,1,40.15
1783407620.5,1276.7,left,2,42.24
1783407620.5,1276.7,left,3,40.16
1783407620.5,1276.7,left,4,40.88
1783407620.5,1276.7,left,5,42.77
1783407620.5,1276.7,left,6,42.35
1783407620.5,1276.7,left,7,40.95
1783407620.5,1276.7,right,imu,29.48
1783407620.5,1276.7,right,0,26.73
1783407620.5,1276.7,right,1,28.57
1783407620.5,1276.7,right,2,31.87
1783407620.5,1276.7,right,3,33.43
1783407620.5,1276.7,right,4,32.50
1783407620.5,1276.7,right,5,32.03
1783407620.5,1276.7,right,6,31.81
1783407620.5,1276.7,right,7,30.92
1783407625.6,1281.7,left,imu,41.75
1783407625.6,1281.7,left,0,38.41
1783407625.6,1281.7,left,1,40.08
1783407625.6,1281.7,left,2,42.24
1783407625.6,1281.7,left,3,40.09
1783407625.6,1281.7,left,4,40.73
1783407625.6,1281.7,left,5,42.69
1783407625.6,1281.7,left,6,42.35
1783407625.6,1281.7,left,7,40.87
1783407625.6,1281.7,right,imu,29.53
1783407625.6,1281.7,right,0,26.73
1783407625.6,1281.7,right,1,28.50
1783407625.6,1281.7,right,2,31.87
1783407625.6,1281.7,right,3,33.43
1783407625.6,1281.7,right,4,32.50
1783407625.6,1281.7,right,5,32.10
1783407625.6,1281.7,right,6,31.81
1783407625.6,1281.7,right,7,30.92
1783407630.6,1286.7,left,imu,41.65
1783407630.6,1286.7,left,0,38.41
1783407630.6,1286.7,left,1,40.08
1783407630.6,1286.7,left,2,42.24
1783407630.6,1286.7,left,3,40.09
1783407630.6,1286.7,left,4,40.12
1783407630.6,1286.7,left,5,42.69
1783407630.6,1286.7,left,6,42.35
1783407630.6,1286.7,left,7,40.87
1783407630.6,1286.7,right,imu,29.63
1783407630.6,1286.7,right,0,26.73
1783407630.6,1286.7,right,1,28.57
1783407630.6,1286.7,right,2,31.79
1783407630.6,1286.7,right,3,33.51
1783407630.6,1286.7,right,4,32.43
1783407630.6,1286.7,right,5,32.03
1783407630.6,1286.7,right,6,31.81
1783407630.6,1286.7,right,7,30.92
1783407635.7,1291.8,left,imu,41.56
1783407635.7,1291.8,left,0,38.41
1783407635.7,1291.8,left,1,40.08
1783407635.7,1291.8,left,2,42.24
1783407635.7,1291.8,left,3,39.79
1783407635.7,1291.8,left,4,40.43
1783407635.7,1291.8,left,5,42.69
1783407635.7,1291.8,left,6,42.27
1783407635.7,1291.8,left,7,40.87
1783407635.7,1291.8,right,imu,29.29
1783407635.7,1291.8,right,0,26.73
1783407635.7,1291.8,right,1,28.57
1783407635.7,1291.8,right,2,31.79
1783407635.7,1291.8,right,3,33.51
1783407635.7,1291.8,right,4,32.43
1783407635.7,1291.8,right,5,32.03
1783407635.7,1291.8,right,6,31.81
1783407635.7,1291.8,right,7,30.92
1783407640.7,1296.8,left,imu,41.56
1783407640.7,1296.8,left,0,38.33
1783407640.7,1296.8,left,1,40.08
1783407640.7,1296.8,left,2,42.16
1783407640.7,1296.8,left,3,40.02
1783407640.7,1296.8,left,4,40.20
1783407640.7,1296.8,left,5,42.69
1783407640.7,1296.8,left,6,42.20
1783407640.7,1296.8,left,7,40.87
1783407640.7,1296.8,right,imu,29.63
1783407640.7,1296.8,right,0,26.73
1783407640.7,1296.8,right,1,28.57
1783407640.7,1296.8,right,2,31.79
1783407640.7,1296.8,right,3,33.43
1783407640.7,1296.8,right,4,32.43
1783407640.7,1296.8,right,5,31.95
1783407640.7,1296.8,right,6,31.81
1783407640.7,1296.8,right,7,30.84
1783407645.8,1301.9,left,imu,41.56
1783407645.8,1301.9,left,0,38.41
1783407645.8,1301.9,left,1,40.08
1783407645.8,1301.9,left,2,42.16
1783407645.8,1301.9,left,3,39.86
1783407645.8,1301.9,left,4,40.28
1783407645.8,1301.9,left,5,42.69
1783407645.8,1301.9,left,6,42.20
1783407645.8,1301.9,left,7,40.80
1783407645.8,1301.9,right,imu,29.63
1783407645.8,1301.9,right,0,26.65
1783407645.8,1301.9,right,1,28.57
1783407645.8,1301.9,right,2,31.72
1783407645.8,1301.9,right,3,33.43
1783407645.8,1301.9,right,4,32.43
1783407645.8,1301.9,right,5,31.95
1783407645.8,1301.9,right,6,31.88
1783407645.8,1301.9,right,7,30.84
1783407650.8,1306.9,left,imu,41.46
1783407650.8,1306.9,left,0,38.33
1783407650.8,1306.9,left,1,40.00
1783407650.8,1306.9,left,2,42.16
1783407650.8,1306.9,left,3,40.02
1783407650.8,1306.9,left,4,40.28
1783407650.8,1306.9,left,5,42.62
1783407650.8,1306.9,left,6,42.20
1783407650.8,1306.9,left,7,40.80
1783407650.8,1306.9,right,imu,29.63
1783407650.8,1306.9,right,0,26.65
1783407650.8,1306.9,right,1,28.50
1783407650.8,1306.9,right,2,31.79
1783407650.8,1306.9,right,3,33.43
1783407650.8,1306.9,right,4,32.43
1783407650.8,1306.9,right,5,31.95
1783407650.8,1306.9,right,6,31.81
1783407650.8,1306.9,right,7,30.84
1783407655.8,1312.0,left,imu,41.61
1783407655.8,1312.0,left,0,38.33
1783407655.8,1312.0,left,1,40.00
1783407655.8,1312.0,left,2,42.09
1783407655.8,1312.0,left,3,39.94
1783407655.8,1312.0,left,4,40.12
1783407655.8,1312.0,left,5,42.62
1783407655.8,1312.0,left,6,42.20
1783407655.8,1312.0,left,7,40.80
1783407655.8,1312.0,right,imu,29.63
1783407655.8,1312.0,right,0,26.65
1783407655.8,1312.0,right,1,28.50
1783407655.8,1312.0,right,2,31.72
1783407655.8,1312.0,right,3,33.43
1783407655.8,1312.0,right,4,32.43
1783407655.8,1312.0,right,5,31.95
1783407655.8,1312.0,right,6,31.81
1783407655.8,1312.0,right,7,30.84
1783407660.9,1317.0,left,imu,41.32
1783407660.9,1317.0,left,0,38.26
1783407660.9,1317.0,left,1,39.93
1783407660.9,1317.0,left,2,42.09
1783407660.9,1317.0,left,3,39.71
1783407660.9,1317.0,left,4,40.05
1783407660.9,1317.0,left,5,42.62
1783407660.9,1317.0,left,6,42.12
1783407660.9,1317.0,left,7,40.72
1783407660.9,1317.0,right,imu,29.53
1783407660.9,1317.0,right,0,26.65
1783407660.9,1317.0,right,1,28.50
1783407660.9,1317.0,right,2,31.64
1783407660.9,1317.0,right,3,33.43
1783407660.9,1317.0,right,4,32.43
1783407660.9,1317.0,right,5,31.95
1783407660.9,1317.0,right,6,31.81
1783407660.9,1317.0,right,7,30.92
1783407665.9,1322.1,left,imu,41.46
1783407665.9,1322.1,left,0,38.26
1783407665.9,1322.1,left,1,39.93
1783407665.9,1322.1,left,2,42.09
1783407665.9,1322.1,left,3,39.71
1783407665.9,1322.1,left,4,40.05
1783407665.9,1322.1,left,5,42.54
1783407665.9,1322.1,left,6,42.12
1783407665.9,1322.1,left,7,40.80
1783407665.9,1322.1,right,imu,29.53
1783407665.9,1322.1,right,0,26.65
1783407665.9,1322.1,right,1,28.50
1783407665.9,1322.1,right,2,31.64
1783407665.9,1322.1,right,3,33.43
1783407665.9,1322.1,right,4,32.43
1783407665.9,1322.1,right,5,31.88
1783407665.9,1322.1,right,6,31.81
1783407665.9,1322.1,right,7,30.84
1783407671.0,1327.1,left,imu,41.32
1783407671.0,1327.1,left,0,38.26
1783407671.0,1327.1,left,1,39.93
1783407671.0,1327.1,left,2,42.01
1783407671.0,1327.1,left,3,39.71
1783407671.0,1327.1,left,4,40.35
1783407671.0,1327.1,left,5,42.46
1783407671.0,1327.1,left,6,42.05
1783407671.0,1327.1,left,7,40.72
1783407671.0,1327.1,right,imu,29.34
1783407671.0,1327.1,right,0,26.57
1783407671.0,1327.1,right,1,28.50
1783407671.0,1327.1,right,2,31.64
1783407671.0,1327.1,right,3,33.43
1783407671.0,1327.1,right,4,32.43
1783407671.0,1327.1,right,5,31.95
1783407671.0,1327.1,right,6,31.81
1783407671.0,1327.1,right,7,30.84
1783407676.0,1332.1,left,imu,41.42
1783407676.0,1332.1,left,0,38.26
1783407676.0,1332.1,left,1,39.93
1783407676.0,1332.1,left,2,42.01
1783407676.0,1332.1,left,3,39.71
1783407676.0,1332.1,left,4,40.35
1783407676.0,1332.1,left,5,42.46
1783407676.0,1332.1,left,6,42.05
1783407676.0,1332.1,left,7,40.72
1783407676.0,1332.1,right,imu,29.63
1783407676.0,1332.1,right,0,26.65
1783407676.0,1332.1,right,1,28.50
1783407676.0,1332.1,right,2,31.72
1783407676.0,1332.1,right,3,33.43
1783407676.0,1332.1,right,4,32.43
1783407676.0,1332.1,right,5,31.95
1783407676.0,1332.1,right,6,31.81
1783407676.0,1332.1,right,7,30.77
1783407681.1,1337.2,left,imu,41.32
1783407681.1,1337.2,left,0,38.18
1783407681.1,1337.2,left,1,39.85
1783407681.1,1337.2,left,2,41.94
1783407681.1,1337.2,left,3,39.71
1783407681.1,1337.2,left,4,39.67
1783407681.1,1337.2,left,5,42.46
1783407681.1,1337.2,left,6,42.05
1783407681.1,1337.2,left,7,40.72
1783407681.1,1337.2,right,imu,29.48
1783407681.1,1337.2,right,0,26.65
1783407681.1,1337.2,right,1,28.42
1783407681.1,1337.2,right,2,31.64
1783407681.1,1337.2,right,3,33.36
1783407681.1,1337.2,right,4,32.35
1783407681.1,1337.2,right,5,31.95
1783407681.1,1337.2,right,6,31.81
1783407681.1,1337.2,right,7,30.77
1783407686.1,1342.2,left,imu,41.42
1783407686.1,1342.2,left,0,38.18
1783407686.1,1342.2,left,1,39.85
1783407686.1,1342.2,left,2,41.94
1783407686.1,1342.2,left,3,39.79
1783407686.1,1342.2,left,4,39.97
1783407686.1,1342.2,left,5,42.46
1783407686.1,1342.2,left,6,42.05
1783407686.1,1342.2,left,7,40.64
1783407686.1,1342.2,right,imu,29.48
1783407686.1,1342.2,right,0,26.65
1783407686.1,1342.2,right,1,28.42
1783407686.1,1342.2,right,2,31.72
1783407686.1,1342.2,right,3,33.36
1783407686.1,1342.2,right,4,32.35
1783407686.1,1342.2,right,5,31.88
1783407686.1,1342.2,right,6,31.81
1783407686.1,1342.2,right,7,30.77
1783407691.2,1347.3,left,imu,41.13
1783407691.2,1347.3,left,0,38.18
1783407691.2,1347.3,left,1,39.85
1783407691.2,1347.3,left,2,41.94
1783407691.2,1347.3,left,3,39.71
1783407691.2,1347.3,left,4,40.05
1783407691.2,1347.3,left,5,42.46
1783407691.2,1347.3,left,6,42.05
1783407691.2,1347.3,left,7,40.72
1783407691.2,1347.3,right,imu,29.63
1783407691.2,1347.3,right,0,26.65
1783407691.2,1347.3,right,1,28.50
1783407691.2,1347.3,right,2,31.72
1783407691.2,1347.3,right,3,33.28
1783407691.2,1347.3,right,4,32.27
1783407691.2,1347.3,right,5,31.88
1783407691.2,1347.3,right,6,31.81
1783407691.2,1347.3,right,7,30.84
1783407696.2,1352.3,left,imu,41.42
1783407696.2,1352.3,left,0,38.18
1783407696.2,1352.3,left,1,39.77
1783407696.2,1352.3,left,2,41.94
1783407696.2,1352.3,left,3,39.71
1783407696.2,1352.3,left,4,39.67
1783407696.2,1352.3,left,5,42.39
1783407696.2,1352.3,left,6,41.97
1783407696.2,1352.3,left,7,40.64
1783407696.2,1352.3,right,imu,29.34
1783407696.2,1352.3,right,0,26.57
1783407696.2,1352.3,right,1,28.50
1783407696.2,1352.3,right,2,31.64
1783407696.2,1352.3,right,3,33.28
1783407696.2,1352.3,right,4,32.35
1783407696.2,1352.3,right,5,31.88
1783407696.2,1352.3,right,6,31.73
1783407696.2,1352.3,right,7,30.77
1783407701.3,1357.4,left,imu,41.22
1783407701.3,1357.4,left,0,38.11
1783407701.3,1357.4,left,1,39.77
1783407701.3,1357.4,left,2,41.94
1783407701.3,1357.4,left,3,39.56
1783407701.3,1357.4,left,4,39.97
1783407701.3,1357.4,left,5,42.39
1783407701.3,1357.4,left,6,41.97
1783407701.3,1357.4,left,7,40.57
1783407701.3,1357.4,right,imu,29.48
1783407701.3,1357.4,right,0,26.65
1783407701.3,1357.4,right,1,28.50
1783407701.3,1357.4,right,2,31.64
1783407701.3,1357.4,right,3,33.36
1783407701.3,1357.4,right,4,32.35
1783407701.3,1357.4,right,5,31.88
1783407701.3,1357.4,right,6,31.81
1783407701.3,1357.4,right,7,30.77
1783407706.3,1362.4,left,imu,41.65
1783407706.3,1362.4,left,0,38.11
1783407706.3,1362.4,left,1,39.77
1783407706.3,1362.4,left,2,41.94
1783407706.3,1362.4,left,3,39.56
1783407706.3,1362.4,left,4,39.97
1783407706.3,1362.4,left,5,42.39
1783407706.3,1362.4,left,6,41.97
1783407706.3,1362.4,left,7,40.57
1783407706.3,1362.4,right,imu,29.29
1783407706.3,1362.4,right,0,26.65
1783407706.3,1362.4,right,1,28.42
1783407706.3,1362.4,right,2,31.72
1783407706.3,1362.4,right,3,33.36
1783407706.3,1362.4,right,4,32.35
1783407706.3,1362.4,right,5,31.88
1783407706.3,1362.4,right,6,31.73
1783407706.3,1362.4,right,7,30.77
1783407711.3,1367.5,left,imu,41.32
1783407711.3,1367.5,left,0,38.11
1783407711.3,1367.5,left,1,39.77
1783407711.3,1367.5,left,2,41.86
1783407711.3,1367.5,left,3,39.64
1783407711.3,1367.5,left,4,40.12
1783407711.3,1367.5,left,5,42.39
1783407711.3,1367.5,left,6,41.97
1783407711.3,1367.5,left,7,40.57
1783407711.3,1367.5,right,imu,29.43
1783407711.3,1367.5,right,0,26.65
1783407711.3,1367.5,right,1,28.50
1783407711.3,1367.5,right,2,31.64
1783407711.3,1367.5,right,3,33.28
1783407711.3,1367.5,right,4,32.27
1783407711.3,1367.5,right,5,31.88
1783407711.3,1367.5,right,6,31.81
1783407711.3,1367.5,right,7,30.77
1783407716.4,1372.5,left,imu,41.32
1783407716.4,1372.5,left,0,38.11
1783407716.4,1372.5,left,1,39.77
1783407716.4,1372.5,left,2,41.86
1783407716.4,1372.5,left,3,39.94
1783407716.4,1372.5,left,4,40.28
1783407716.4,1372.5,left,5,42.32
1783407716.4,1372.5,left,6,41.97
1783407716.4,1372.5,left,7,40.49
1783407716.4,1372.5,right,imu,29.53
1783407716.4,1372.5,right,0,26.57
1783407716.4,1372.5,right,1,28.50
1783407716.4,1372.5,right,2,31.64
1783407716.4,1372.5,right,3,33.28
1783407716.4,1372.5,right,4,32.35
1783407716.4,1372.5,right,5,31.88
1783407716.4,1372.5,right,6,31.81
1783407716.4,1372.5,right,7,30.77
1783407721.4,1377.6,left,imu,41.13
1783407721.4,1377.6,left,0,38.11
1783407721.4,1377.6,left,1,39.77
1783407721.4,1377.6,left,2,41.79
1783407721.4,1377.6,left,3,40.24
1783407721.4,1377.6,left,4,39.67
1783407721.4,1377.6,left,5,42.32
1783407721.4,1377.6,left,6,41.89
1783407721.4,1377.6,left,7,40.49
1783407721.4,1377.6,right,imu,29.43
1783407721.4,1377.6,right,0,26.57
1783407721.4,1377.6,right,1,28.42
1783407721.4,1377.6,right,2,31.64
1783407721.4,1377.6,right,3,33.20
1783407721.4,1377.6,right,4,32.27
1783407721.4,1377.6,right,5,31.88
1783407721.4,1377.6,right,6,31.73
1783407721.4,1377.6,right,7,30.69
1783407726.5,1382.6,left,imu,41.32
1783407726.5,1382.6,left,0,38.03
1783407726.5,1382.6,left,1,39.70
1783407726.5,1382.6,left,2,41.86
1783407726.5,1382.6,left,3,40.32
1783407726.5,1382.6,left,4,39.60
1783407726.5,1382.6,left,5,42.32
1783407726.5,1382.6,left,6,41.89
1783407726.5,1382.6,left,7,40.49
1783407726.5,1382.6,right,imu,29.29
1783407726.5,1382.6,right,0,26.65
1783407726.5,1382.6,right,1,28.42
1783407726.5,1382.6,right,2,31.57
1783407726.5,1382.6,right,3,33.20
1783407726.5,1382.6,right,4,32.27
1783407726.5,1382.6,right,5,31.80
1783407726.5,1382.6,right,6,31.73
1783407726.5,1382.6,right,7,30.69
1783407731.5,1387.7,left,imu,41.32
1783407731.5,1387.7,left,0,38.11
1783407731.5,1387.7,left,1,39.77
1783407731.5,1387.7,left,2,41.79
1783407731.5,1387.7,left,3,38.81
1783407731.5,1387.7,left,4,39.90
1783407731.5,1387.7,left,5,42.24
1783407731.5,1387.7,left,6,41.89
1783407731.5,1387.7,left,7,40.49
1783407731.5,1387.7,right,imu,29.53
1783407731.5,1387.7,right,0,26.57
1783407731.5,1387.7,right,1,28.42
1783407731.5,1387.7,right,2,31.49
1783407731.5,1387.7,right,3,33.20
1783407731.5,1387.7,right,4,32.27
1783407731.5,1387.7,right,5,31.80
1783407731.5,1387.7,right,6,31.73
1783407731.5,1387.7,right,7,30.77
1783407736.6,1392.7,left,imu,41.03
1783407736.6,1392.7,left,0,38.03
1783407736.6,1392.7,left,1,39.70
1783407736.6,1392.7,left,2,41.79
1783407736.6,1392.7,left,3,40.16
1783407736.6,1392.7,left,4,39.97
1783407736.6,1392.7,left,5,42.24
1783407736.6,1392.7,left,6,41.89
1783407736.6,1392.7,left,7,40.42
1783407736.6,1392.7,right,imu,29.53
1783407736.6,1392.7,right,0,26.57
1783407736.6,1392.7,right,1,28.42
1783407736.6,1392.7,right,2,31.57
1783407736.6,1392.7,right,3,33.20
1783407736.6,1392.7,right,4,32.27
1783407736.6,1392.7,right,5,31.80
1783407736.6,1392.7,right,6,31.73
1783407736.6,1392.7,right,7,30.69
1783407741.6,1397.8,left,imu,41.03
1783407741.6,1397.8,left,0,38.03
1783407741.6,1397.8,left,1,39.70
1783407741.6,1397.8,left,2,41.79
1783407741.6,1397.8,left,3,38.58
1783407741.6,1397.8,left,4,39.82
1783407741.6,1397.8,left,5,42.24
1783407741.6,1397.8,left,6,41.82
1783407741.6,1397.8,left,7,40.42
1783407741.6,1397.8,right,imu,29.53
1783407741.6,1397.8,right,0,26.57
1783407741.6,1397.8,right,1,28.35
1783407741.6,1397.8,right,2,31.49
1783407741.6,1397.8,right,3,33.20
1783407741.6,1397.8,right,4,32.27
1783407741.6,1397.8,right,5,31.80
1783407741.6,1397.8,right,6,31.73
1783407741.6,1397.8,right,7,30.69
1783407746.7,1402.8,left,imu,41.13
1783407746.7,1402.8,left,0,38.03
1783407746.7,1402.8,left,1,39.62
1783407746.7,1402.8,left,2,41.71
1783407746.7,1402.8,left,3,39.34
1783407746.7,1402.8,left,4,40.20
1783407746.7,1402.8,left,5,42.24
1783407746.7,1402.8,left,6,41.82
1783407746.7,1402.8,left,7,40.42
1783407746.7,1402.8,right,imu,29.43
1783407746.7,1402.8,right,0,26.57
1783407746.7,1402.8,right,1,28.42
1783407746.7,1402.8,right,2,31.49
1783407746.7,1402.8,right,3,33.20
1783407746.7,1402.8,right,4,32.20
1783407746.7,1402.8,right,5,31.80
1783407746.7,1402.8,right,6,31.73
1783407746.7,1402.8,right,7,30.77
1783407751.7,1407.8,left,imu,41.27
1783407751.7,1407.8,left,0,37.95
1783407751.7,1407.8,left,1,39.62
1783407751.7,1407.8,left,2,41.71
1783407751.7,1407.8,left,3,39.04
1783407751.7,1407.8,left,4,40.05
1783407751.7,1407.8,left,5,42.24
1783407751.7,1407.8,left,6,41.82
1783407751.7,1407.8,left,7,40.42
1783407751.7,1407.8,right,imu,29.19
1783407751.7,1407.8,right,0,26.57
1783407751.7,1407.8,right,1,28.42
1783407751.7,1407.8,right,2,31.57
1783407751.7,1407.8,right,3,33.20
1783407751.7,1407.8,right,4,32.27
1783407751.7,1407.8,right,5,31.80
1783407751.7,1407.8,right,6,31.73
1783407751.7,1407.8,right,7,30.69
1783407756.8,1412.9,left,imu,40.94
1783407756.8,1412.9,left,0,37.95
1783407756.8,1412.9,left,1,39.62
1783407756.8,1412.9,left,2,41.71
1783407756.8,1412.9,left,3,39.18
1783407756.8,1412.9,left,4,39.97
1783407756.8,1412.9,left,5,42.24
1783407756.8,1412.9,left,6,41.74
1783407756.8,1412.9,left,7,40.34
1783407756.8,1412.9,right,imu,29.48
1783407756.8,1412.9,right,0,26.57
1783407756.8,1412.9,right,1,28.35
1783407756.8,1412.9,right,2,31.57
1783407756.8,1412.9,right,3,33.13
1783407756.8,1412.9,right,4,32.20
1783407756.8,1412.9,right,5,31.80
1783407756.8,1412.9,right,6,31.73
1783407756.8,1412.9,right,7,30.69
1783407761.8,1417.9,left,imu,41.13
1783407761.8,1417.9,left,0,37.95
1783407761.8,1417.9,left,1,39.55
1783407761.8,1417.9,left,2,41.71
1783407761.8,1417.9,left,3,38.96
1783407761.8,1417.9,left,4,39.45
1783407761.8,1417.9,left,5,42.16
1783407761.8,1417.9,left,6,41.82
1783407761.8,1417.9,left,7,40.42
1783407761.8,1417.9,right,imu,29.67
1783407761.8,1417.9,right,0,26.57
1783407761.8,1417.9,right,1,28.42
1783407761.8,1417.9,right,2,31.49
1783407761.8,1417.9,right,3,33.20
1783407761.8,1417.9,right,4,32.20
1783407761.8,1417.9,right,5,31.80
1783407761.8,1417.9,right,6,31.73
1783407761.8,1417.9,right,7,30.69
1783407766.9,1423.0,left,imu,41.22
1783407766.9,1423.0,left,0,37.95
1783407766.9,1423.0,left,1,39.62
1783407766.9,1423.0,left,2,41.64
1783407766.9,1423.0,left,3,39.56
1783407766.9,1423.0,left,4,39.37
1783407766.9,1423.0,left,5,42.16
1783407766.9,1423.0,left,6,41.74
1783407766.9,1423.0,left,7,40.34
1783407766.9,1423.0,right,imu,29.34
1783407766.9,1423.0,right,0,26.57
1783407766.9,1423.0,right,1,28.35
1783407766.9,1423.0,right,2,31.49
1783407766.9,1423.0,right,3,33.20
1783407766.9,1423.0,right,4,32.20
1783407766.9,1423.0,right,5,31.80
1783407766.9,1423.0,right,6,31.73
1783407766.9,1423.0,right,7,30.69
1783407771.9,1428.0,left,imu,41.03
1783407771.9,1428.0,left,0,37.95
1783407771.9,1428.0,left,1,39.55
1783407771.9,1428.0,left,2,41.64
1783407771.9,1428.0,left,3,39.11
1783407771.9,1428.0,left,4,39.97
1783407771.9,1428.0,left,5,42.16
1783407771.9,1428.0,left,6,41.74
1783407771.9,1428.0,left,7,40.34
1783407771.9,1428.0,right,imu,29.48
1783407771.9,1428.0,right,0,26.57
1783407771.9,1428.0,right,1,28.42
1783407771.9,1428.0,right,2,31.57
1783407771.9,1428.0,right,3,33.20
1783407771.9,1428.0,right,4,32.20
1783407771.9,1428.0,right,5,31.80
1783407771.9,1428.0,right,6,31.73
1783407771.9,1428.0,right,7,30.62
1783407777.0,1433.1,left,imu,41.13
1783407777.0,1433.1,left,0,37.88
1783407777.0,1433.1,left,1,39.55
1783407777.0,1433.1,left,2,41.56
1783407777.0,1433.1,left,3,39.48
1783407777.0,1433.1,left,4,39.37
1783407777.0,1433.1,left,5,42.16
1783407777.0,1433.1,left,6,41.74
1783407777.0,1433.1,left,7,40.34
1783407777.0,1433.1,right,imu,29.43
1783407777.0,1433.1,right,0,26.57
1783407777.0,1433.1,right,1,28.42
1783407777.0,1433.1,right,2,31.49
1783407777.0,1433.1,right,3,33.13
1783407777.0,1433.1,right,4,32.20
1783407777.0,1433.1,right,5,31.80
1783407777.0,1433.1,right,6,31.66
1783407777.0,1433.1,right,7,30.62
1783407782.0,1438.1,left,imu,40.74
1783407782.0,1438.1,left,0,37.88
1783407782.0,1438.1,left,1,39.47
1783407782.0,1438.1,left,2,41.64
1783407782.0,1438.1,left,3,39.56
1783407782.0,1438.1,left,4,39.75
1783407782.0,1438.1,left,5,42.09
1783407782.0,1438.1,left,6,41.67
1783407782.0,1438.1,left,7,40.27
1783407782.0,1438.1,right,imu,29.63
1783407782.0,1438.1,right,0,26.57
1783407782.0,1438.1,right,1,28.42
1783407782.0,1438.1,right,2,31.49
1783407782.0,1438.1,right,3,33.13
1783407782.0,1438.1,right,4,32.12
1783407782.0,1438.1,right,5,31.80
1783407782.0,1438.1,right,6,31.66
1783407782.0,1438.1,right,7,30.62
1783407787.0,1443.2,left,imu,41.03
1783407787.0,1443.2,left,0,37.88
1783407787.0,1443.2,left,1,39.55
1783407787.0,1443.2,left,2,41.64
1783407787.0,1443.2,left,3,39.56
1783407787.0,1443.2,left,4,39.52
1783407787.0,1443.2,left,5,42.09
1783407787.0,1443.2,left,6,41.67
1783407787.0,1443.2,left,7,40.27
1783407787.0,1443.2,right,imu,29.63
1783407787.0,1443.2,right,0,26.57
1783407787.0,1443.2,right,1,28.35
1783407787.0,1443.2,right,2,31.49
1783407787.0,1443.2,right,3,33.20
1783407787.0,1443.2,right,4,32.20
1783407787.0,1443.2,right,5,31.80
1783407787.0,1443.2,right,6,31.66
1783407787.0,1443.2,right,7,30.62
1783407792.1,1448.2,left,imu,41.03
1783407792.1,1448.2,left,0,37.80
1783407792.1,1448.2,left,1,39.47
1783407792.1,1448.2,left,2,41.56
1783407792.1,1448.2,left,3,39.34
1783407792.1,1448.2,left,4,39.75
1783407792.1,1448.2,left,5,42.09
1783407792.1,1448.2,left,6,41.67
1783407792.1,1448.2,left,7,40.27
1783407792.1,1448.2,right,imu,29.43
1783407792.1,1448.2,right,0,26.57
1783407792.1,1448.2,right,1,28.35
1783407792.1,1448.2,right,2,31.49
1783407792.1,1448.2,right,3,33.20
1783407792.1,1448.2,right,4,32.12
1783407792.1,1448.2,right,5,31.80
1783407792.1,1448.2,right,6,31.66
1783407792.1,1448.2,right,7,30.62
1783407797.1,1453.3,left,imu,41.08
1783407797.1,1453.3,left,0,37.80
1783407797.1,1453.3,left,1,39.47
1783407797.1,1453.3,left,2,41.56
1783407797.1,1453.3,left,3,39.26
1783407797.1,1453.3,left,4,39.67
1783407797.1,1453.3,left,5,42.02
1783407797.1,1453.3,left,6,41.59
1783407797.1,1453.3,left,7,40.19
1783407797.1,1453.3,right,imu,29.43
1783407797.1,1453.3,right,0,26.57
1783407797.1,1453.3,right,1,28.35
1783407797.1,1453.3,right,2,31.49
1783407797.1,1453.3,right,3,33.13
1783407797.1,1453.3,right,4,32.12
1783407797.1,1453.3,right,5,31.80
1783407797.1,1453.3,right,6,31.66
1783407797.1,1453.3,right,7,30.69
1783407802.2,1458.3,left,imu,40.94
1783407802.2,1458.3,left,0,37.73
1783407802.2,1458.3,left,1,39.47
1783407802.2,1458.3,left,2,41.56
1783407802.2,1458.3,left,3,39.56
1783407802.2,1458.3,left,4,39.90
1783407802.2,1458.3,left,5,42.02
1783407802.2,1458.3,left,6,41.59
1783407802.2,1458.3,left,7,40.19
1783407802.2,1458.3,right,imu,29.29
1783407802.2,1458.3,right,0,26.57
1783407802.2,1458.3,right,1,28.42
1783407802.2,1458.3,right,2,31.49
1783407802.2,1458.3,right,3,33.13
1783407802.2,1458.3,right,4,32.12
1783407802.2,1458.3,right,5,31.80
1783407802.2,1458.3,right,6,31.66
1783407802.2,1458.3,right,7,30.62
1783407807.2,1463.4,left,imu,40.74
1783407807.2,1463.4,left,0,37.73
1783407807.2,1463.4,left,1,39.39
1783407807.2,1463.4,left,2,41.48
1783407807.2,1463.4,left,3,39.18
1783407807.2,1463.4,left,4,39.37
1783407807.2,1463.4,left,5,42.02
1783407807.2,1463.4,left,6,41.59
1783407807.2,1463.4,left,7,40.19
1783407807.2,1463.4,right,imu,29.43
1783407807.2,1463.4,right,0,26.57
1783407807.2,1463.4,right,1,28.35
1783407807.2,1463.4,right,2,31.49
1783407807.2,1463.4,right,3,33.13
1783407807.2,1463.4,right,4,32.12
1783407807.2,1463.4,right,5,31.80
1783407807.2,1463.4,right,6,31.66
1783407807.2,1463.4,right,7,30.54
1783407812.3,1468.4,left,imu,41.08
1783407812.3,1468.4,left,0,37.80
1783407812.3,1468.4,left,1,39.39
1783407812.3,1468.4,left,2,41.48
1783407812.3,1468.4,left,3,38.81
1783407812.3,1468.4,left,4,39.90
1783407812.3,1468.4,left,5,42.02
1783407812.3,1468.4,left,6,41.52
1783407812.3,1468.4,left,7,40.19
1783407812.3,1468.4,right,imu,29.34
1783407812.3,1468.4,right,0,26.57
1783407812.3,1468.4,right,1,28.42
1783407812.3,1468.4,right,2,31.49
1783407812.3,1468.4,right,3,33.13
1783407812.3,1468.4,right,4,32.12
1783407812.3,1468.4,right,5,31.80
1783407812.3,1468.4,right,6,31.66
1783407812.3,1468.4,right,7,30.62
1783407817.3,1473.4,left,imu,41.08
1783407817.3,1473.4,left,0,37.73
1783407817.3,1473.4,left,1,39.39
1783407817.3,1473.4,left,2,41.48
1783407817.3,1473.4,left,3,38.96
1783407817.3,1473.4,left,4,39.67
1783407817.3,1473.4,left,5,41.94
1783407817.3,1473.4,left,6,41.52
1783407817.3,1473.4,left,7,40.11
1783407817.3,1473.4,right,imu,29.63
1783407817.3,1473.4,right,0,26.57
1783407817.3,1473.4,right,1,28.42
1783407817.3,1473.4,right,2,31.49
1783407817.3,1473.4,right,3,33.13
1783407817.3,1473.4,right,4,32.12
1783407817.3,1473.4,right,5,31.80
1783407817.3,1473.4,right,6,31.66
1783407817.3,1473.4,right,7,30.62
1783407822.4,1478.5,left,imu,40.94
1783407822.4,1478.5,left,0,37.73
1783407822.4,1478.5,left,1,39.32
1783407822.4,1478.5,left,2,41.41
1783407822.4,1478.5,left,3,38.96
1783407822.4,1478.5,left,4,39.29
1783407822.4,1478.5,left,5,41.94
1783407822.4,1478.5,left,6,41.52
1783407822.4,1478.5,left,7,40.11
1783407822.4,1478.5,right,imu,29.53
1783407822.4,1478.5,right,0,26.57
1783407822.4,1478.5,right,1,28.42
1783407822.4,1478.5,right,2,31.49
1783407822.4,1478.5,right,3,33.13
1783407822.4,1478.5,right,4,32.12
1783407822.4,1478.5,right,5,31.80
1783407822.4,1478.5,right,6,31.51
1783407822.4,1478.5,right,7,30.54
1783407827.4,1483.5,left,imu,40.79
1783407827.4,1483.5,left,0,37.73
1783407827.4,1483.5,left,1,39.39
1783407827.4,1483.5,left,2,41.41
1783407827.4,1483.5,left,3,39.04
1783407827.4,1483.5,left,4,39.37
1783407827.4,1483.5,left,5,41.94
1783407827.4,1483.5,left,6,41.52
1783407827.4,1483.5,left,7,40.11
1783407827.4,1483.5,right,imu,29.29
1783407827.4,1483.5,right,0,26.57
1783407827.4,1483.5,right,1,28.42
1783407827.4,1483.5,right,2,31.49
1783407827.4,1483.5,right,3,33.13
1783407827.4,1483.5,right,4,32.12
1783407827.4,1483.5,right,5,31.80
1783407827.4,1483.5,right,6,31.58
1783407827.4,1483.5,right,7,30.54
1783407832.5,1488.6,left,imu,40.94
1783407832.5,1488.6,left,0,37.65
1783407832.5,1488.6,left,1,39.32
1783407832.5,1488.6,left,2,41.41
1783407832.5,1488.6,left,3,39.18
1783407832.5,1488.6,left,4,39.52
1783407832.5,1488.6,left,5,41.86
1783407832.5,1488.6,left,6,41.52
1783407832.5,1488.6,left,7,40.11
1783407832.5,1488.6,right,imu,29.29
1783407832.5,1488.6,right,0,26.57
1783407832.5,1488.6,right,1,28.35
1783407832.5,1488.6,right,2,31.49
1783407832.5,1488.6,right,3,33.13
1783407832.5,1488.6,right,4,32.12
1783407832.5,1488.6,right,5,31.80
1783407832.5,1488.6,right,6,31.51
1783407832.5,1488.6,right,7,30.54
1783407837.5,1493.6,left,imu,40.79
1783407837.5,1493.6,left,0,37.65
1783407837.5,1493.6,left,1,39.32
1783407837.5,1493.6,left,2,41.41
1783407837.5,1493.6,left,3,39.26
1783407837.5,1493.6,left,4,39.22
1783407837.5,1493.6,left,5,41.86
1783407837.5,1493.6,left,6,41.44
1783407837.5,1493.6,left,7,40.11
1783407837.5,1493.6,right,imu,29.29
1783407837.5,1493.6,right,0,26.57
1783407837.5,1493.6,right,1,28.35
1783407837.5,1493.6,right,2,31.49
1783407837.5,1493.6,right,3,33.13
1783407837.5,1493.6,right,4,32.12
1783407837.5,1493.6,right,5,31.80
1783407837.5,1493.6,right,6,31.51
1783407837.5,1493.6,right,7,30.54
1783407842.5,1498.7,left,imu,41.03
1783407842.5,1498.7,left,0,37.65
1783407842.5,1498.7,left,1,39.32
1783407842.5,1498.7,left,2,41.34
1783407842.5,1498.7,left,3,38.96
1783407842.5,1498.7,left,4,39.37
1783407842.5,1498.7,left,5,41.79
1783407842.5,1498.7,left,6,41.44
1783407842.5,1498.7,left,7,40.04
1783407842.5,1498.7,right,imu,29.43
1783407842.5,1498.7,right,0,26.57
1783407842.5,1498.7,right,1,28.35
1783407842.5,1498.7,right,2,31.49
1783407842.5,1498.7,right,3,33.13
1783407842.5,1498.7,right,4,32.05
1783407842.5,1498.7,right,5,31.80
1783407842.5,1498.7,right,6,31.51
1783407842.5,1498.7,right,7,30.54
1783407847.6,1503.7,left,imu,41.03
1783407847.6,1503.7,left,0,37.57
1783407847.6,1503.7,left,1,39.24
1783407847.6,1503.7,left,2,41.34
1783407847.6,1503.7,left,3,39.26
1783407847.6,1503.7,left,4,39.29
1783407847.6,1503.7,left,5,41.79
1783407847.6,1503.7,left,6,41.44
1783407847.6,1503.7,left,7,39.96
1783407847.6,1503.7,right,imu,29.19
1783407847.6,1503.7,right,0,26.57
1783407847.6,1503.7,right,1,28.35
1783407847.6,1503.7,right,2,31.49
1783407847.6,1503.7,right,3,33.13
1783407847.6,1503.7,right,4,32.05
1783407847.6,1503.7,right,5,31.80
1783407847.6,1503.7,right,6,31.51
1783407847.6,1503.7,right,7,30.54
1783407852.6,1508.8,left,imu,41.03
1783407852.6,1508.8,left,0,37.65
1783407852.6,1508.8,left,1,39.24
1783407852.6,1508.8,left,2,41.34
1783407852.6,1508.8,left,3,39.41
1783407852.6,1508.8,left,4,39.14
1783407852.6,1508.8,left,5,41.79
1783407852.6,1508.8,left,6,41.37
1783407852.6,1508.8,left,7,39.96
1783407852.6,1508.8,right,imu,29.43
1783407852.6,1508.8,right,0,26.57
1783407852.6,1508.8,right,1,28.35
1783407852.6,1508.8,right,2,31.49
1783407852.6,1508.8,right,3,33.13
1783407852.6,1508.8,right,4,32.05
1783407852.6,1508.8,right,5,31.73
1783407852.6,1508.8,right,6,31.51
1783407852.6,1508.8,right,7,30.46
1783407857.7,1513.8,left,imu,40.94
1783407857.7,1513.8,left,0,37.57
1783407857.7,1513.8,left,1,39.17
1783407857.7,1513.8,left,2,41.34
1783407857.7,1513.8,left,3,39.56
1783407857.7,1513.8,left,4,39.14
1783407857.7,1513.8,left,5,41.79
1783407857.7,1513.8,left,6,41.37
1783407857.7,1513.8,left,7,40.04
1783407857.7,1513.8,right,imu,29.53
1783407857.7,1513.8,right,0,26.57
1783407857.7,1513.8,right,1,28.27
1783407857.7,1513.8,right,2,31.49
1783407857.7,1513.8,right,3,33.05
1783407857.7,1513.8,right,4,32.05
1783407857.7,1513.8,right,5,31.73
1783407857.7,1513.8,right,6,31.51
1783407857.7,1513.8,right,7,30.46
1783407862.7,1518.9,left,imu,40.94
1783407862.7,1518.9,left,0,37.57
1783407862.7,1518.9,left,1,39.24
1783407862.7,1518.9,left,2,41.26
1783407862.7,1518.9,left,3,39.18
1783407862.7,1518.9,left,4,39.29
1783407862.7,1518.9,left,5,41.71
1783407862.7,1518.9,left,6,41.37
1783407862.7,1518.9,left,7,39.96
1783407862.7,1518.9,right,imu,29.29
1783407862.7,1518.9,right,0,26.57
1783407862.7,1518.9,right,1,28.27
1783407862.7,1518.9,right,2,31.49
1783407862.7,1518.9,right,3,33.05
1783407862.7,1518.9,right,4,32.05
1783407862.7,1518.9,right,5,31.73
1783407862.7,1518.9,right,6,31.51
1783407862.7,1518.9,right,7,30.46
1783407867.8,1523.9,left,imu,40.94
1783407867.8,1523.9,left,0,37.57
1783407867.8,1523.9,left,1,39.24
1783407867.8,1523.9,left,2,41.26
1783407867.8,1523.9,left,3,39.26
1783407867.8,1523.9,left,4,39.52
1783407867.8,1523.9,left,5,41.71
1783407867.8,1523.9,left,6,41.29
1783407867.8,1523.9,left,7,39.96
1783407867.8,1523.9,right,imu,29.48
1783407867.8,1523.9,right,0,26.57
1783407867.8,1523.9,right,1,28.27
1783407867.8,1523.9,right,2,31.49
1783407867.8,1523.9,right,3,33.05
1783407867.8,1523.9,right,4,31.97
1783407867.8,1523.9,right,5,31.73
1783407867.8,1523.9,right,6,31.51
1783407867.8,1523.9,right,7,30.46
1783407872.8,1529.0,left,imu,40.79
1783407872.8,1529.0,left,0,37.57
1783407872.8,1529.0,left,1,39.17
1783407872.8,1529.0,left,2,41.26
1783407872.8,1529.0,left,3,39.04
1783407872.8,1529.0,left,4,39.45
1783407872.8,1529.0,left,5,41.71
1783407872.8,1529.0,left,6,41.29
1783407872.8,1529.0,left,7,39.89
1783407872.8,1529.0,right,imu,29.29
1783407872.8,1529.0,right,0,26.57
1783407872.8,1529.0,right,1,28.27
1783407872.8,1529.0,right,2,31.49
1783407872.8,1529.0,right,3,33.05
1783407872.8,1529.0,right,4,32.05
1783407872.8,1529.0,right,5,31.73
1783407872.8,1529.0,right,6,31.51
1783407872.8,1529.0,right,7,30.46
1783407877.9,1534.0,left,imu,40.70
1783407877.9,1534.0,left,0,37.57
1783407877.9,1534.0,left,1,39.17
1783407877.9,1534.0,left,2,41.18
1783407877.9,1534.0,left,3,40.54
1783407877.9,1534.0,left,4,39.37
1783407877.9,1534.0,left,5,41.71
1783407877.9,1534.0,left,6,41.29
1783407877.9,1534.0,left,7,39.89
1783407877.9,1534.0,right,imu,29.63
1783407877.9,1534.0,right,0,26.57
1783407877.9,1534.0,right,1,28.35
1783407877.9,1534.0,right,2,31.49
1783407877.9,1534.0,right,3,33.05
1783407877.9,1534.0,right,4,31.97
1783407877.9,1534.0,right,5,31.73
1783407877.9,1534.0,right,6,31.43
1783407877.9,1534.0,right,7,30.46
1783407882.9,1539.0,left,imu,40.79
1783407882.9,1539.0,left,0,37.50
1783407882.9,1539.0,left,1,39.09
1783407882.9,1539.0,left,2,41.18
1783407882.9,1539.0,left,3,37.68
1783407882.9,1539.0,left,4,39.29
1783407882.9,1539.0,left,5,41.64
1783407882.9,1539.0,left,6,41.29
1783407882.9,1539.0,left,7,39.89
1783407882.9,1539.0,right,imu,29.43
1783407882.9,1539.0,right,0,26.57
1783407882.9,1539.0,right,1,28.27
1783407882.9,1539.0,right,2,31.49
1783407882.9,1539.0,right,3,33.05
1783407882.9,1539.0,right,4,32.05
1783407882.9,1539.0,right,5,31.73
1783407882.9,1539.0,right,6,31.43
1783407882.9,1539.0,right,7,30.46
1783407888.0,1544.1,left,imu,40.70
1783407888.0,1544.1,left,0,37.50
1783407888.0,1544.1,left,1,39.17
1783407888.0,1544.1,left,2,41.18
1783407888.0,1544.1,left,3,39.18
1783407888.0,1544.1,left,4,39.22
1783407888.0,1544.1,left,5,41.64
1783407888.0,1544.1,left,6,41.29
1783407888.0,1544.1,left,7,39.89
1783407888.0,1544.1,right,imu,29.48
1783407888.0,1544.1,right,0,26.57
1783407888.0,1544.1,right,1,28.35
1783407888.0,1544.1,right,2,31.49
1783407888.0,1544.1,right,3,32.98
1783407888.0,1544.1,right,4,31.97
1783407888.0,1544.1,right,5,31.73
1783407888.0,1544.1,right,6,31.43
1783407888.0,1544.1,right,7,30.46
1783407893.0,1549.1,left,imu,40.74
1783407893.0,1549.1,left,0,37.42
1783407893.0,1549.1,left,1,39.09
1783407893.0,1549.1,left,2,41.18
1783407893.0,1549.1,left,3,40.02
1783407893.0,1549.1,left,4,39.22
1783407893.0,1549.1,left,5,41.56
1783407893.0,1549.1,left,6,41.21
1783407893.0,1549.1,left,7,39.89
1783407893.0,1549.1,right,imu,29.15
1783407893.0,1549.1,right,0,26.57
1783407893.0,1549.1,right,1,28.20
1783407893.0,1549.1,right,2,31.49
1783407893.0,1549.1,right,3,32.98
1783407893.0,1549.1,right,4,31.97
1783407893.0,1549.1,right,5,31.73
1783407893.0,1549.1,right,6,31.51
1783407893.0,1549.1,right,7,30.46
1783407898.1,1554.2,left,imu,40.50
1783407898.1,1554.2,left,0,37.50
1783407898.1,1554.2,left,1,39.09
1783407898.1,1554.2,left,2,41.18
1783407898.1,1554.2,left,3,39.11
1783407898.1,1554.2,left,4,39.22
1783407898.1,1554.2,left,5,41.56
1783407898.1,1554.2,left,6,41.21
1783407898.1,1554.2,left,7,39.81
1783407898.1,1554.2,right,imu,29.15
1783407898.1,1554.2,right,0,26.57
1783407898.1,1554.2,right,1,28.27
1783407898.1,1554.2,right,2,31.49
1783407898.1,1554.2,right,3,32.98
1783407898.1,1554.2,right,4,31.97
1783407898.1,1554.2,right,5,31.73
1783407898.1,1554.2,right,6,31.43
1783407898.1,1554.2,right,7,30.46
1783407903.1,1559.2,left,imu,40.94
1783407903.1,1559.2,left,0,37.42
1783407903.1,1559.2,left,1,39.09
1783407903.1,1559.2,left,2,41.11
1783407903.1,1559.2,left,3,38.43
1783407903.1,1559.2,left,4,38.84
1783407903.1,1559.2,left,5,41.49
1783407903.1,1559.2,left,6,41.21
1783407903.1,1559.2,left,7,39.81
1783407903.1,1559.2,right,imu,29.34
1783407903.1,1559.2,right,0,26.57
1783407903.1,1559.2,right,1,28.27
1783407903.1,1559.2,right,2,31.49
1783407903.1,1559.2,right,3,32.98
1783407903.1,1559.2,right,4,31.97
1783407903.1,1559.2,right,5,31.65
1783407903.1,1559.2,right,6,31.43
1783407903.1,1559.2,right,7,30.46
1783407908.2,1564.3,left,imu,40.79
1783407908.2,1564.3,left,0,37.42
1783407908.2,1564.3,left,1,39.09
1783407908.2,1564.3,left,2,41.11
1783407908.2,1564.3,left,3,38.96
1783407908.2,1564.3,left,4,39.07
1783407908.2,1564.3,left,5,41.56
1783407908.2,1564.3,left,6,41.14
1783407908.2,1564.3,left,7,39.81
1783407908.2,1564.3,right,imu,29.43
1783407908.2,1564.3,right,0,26.57
1783407908.2,1564.3,right,1,28.27
1783407908.2,1564.3,right,2,31.49
1783407908.2,1564.3,right,3,32.98
1783407908.2,1564.3,right,4,31.97
1783407908.2,1564.3,right,5,31.73
1783407908.2,1564.3,right,6,31.51
1783407908.2,1564.3,right,7,30.46
1783407913.2,1569.3,left,imu,40.74
1783407913.2,1569.3,left,0,37.42
1783407913.2,1569.3,left,1,39.09
1783407913.2,1569.3,left,2,41.11
1783407913.2,1569.3,left,3,38.88
1783407913.2,1569.3,left,4,38.99
1783407913.2,1569.3,left,5,41.49
1783407913.2,1569.3,left,6,41.14
1783407913.2,1569.3,left,7,39.81
1783407913.2,1569.3,right,imu,29.43
1783407913.2,1569.3,right,0,26.57
1783407913.2,1569.3,right,1,28.27
1783407913.2,1569.3,right,2,31.49
1783407913.2,1569.3,right,3,32.90
1783407913.2,1569.3,right,4,31.97
1783407913.2,1569.3,right,5,31.65
1783407913.2,1569.3,right,6,31.43
1783407913.2,1569.3,right,7,30.46
1783407918.2,1574.4,left,imu,40.89
1783407918.2,1574.4,left,0,37.42
1783407918.2,1574.4,left,1,39.02
1783407918.2,1574.4,left,2,41.11
1783407918.2,1574.4,left,3,39.34
1783407918.2,1574.4,left,4,39.22
1783407918.2,1574.4,left,5,41.49
1783407918.2,1574.4,left,6,41.14
1783407918.2,1574.4,left,7,39.81
1783407918.2,1574.4,right,imu,29.15
1783407918.2,1574.4,right,0,26.57
1783407918.2,1574.4,right,1,28.27
1783407918.2,1574.4,right,2,31.49
1783407918.2,1574.4,right,3,32.98
1783407918.2,1574.4,right,4,31.89
1783407918.2,1574.4,right,5,31.65
1783407918.2,1574.4,right,6,31.51
1783407918.2,1574.4,right,7,30.46
1783407923.3,1579.4,left,imu,40.55
1783407923.3,1579.4,left,0,37.42
1783407923.3,1579.4,left,1,39.02
1783407923.3,1579.4,left,2,41.04
1783407923.3,1579.4,left,3,39.11
1783407923.3,1579.4,left,4,38.99
1783407923.3,1579.4,left,5,41.56
1783407923.3,1579.4,left,6,41.14
1783407923.3,1579.4,left,7,39.73
1783407923.3,1579.4,right,imu,29.34
1783407923.3,1579.4,right,0,26.57
1783407923.3,1579.4,right,1,28.27
1783407923.3,1579.4,right,2,31.49
1783407923.3,1579.4,right,3,32.98
1783407923.3,1579.4,right,4,31.97
1783407923.3,1579.4,right,5,31.73
1783407923.3,1579.4,right,6,31.43
1783407923.3,1579.4,right,7,30.46
1783407928.3,1584.5,left,imu,40.74
1783407928.3,1584.5,left,0,37.42
1783407928.3,1584.5,left,1,39.02
1783407928.3,1584.5,left,2,41.04
1783407928.3,1584.5,left,3,38.73
1783407928.3,1584.5,left,4,39.29
1783407928.3,1584.5,left,5,41.49
1783407928.3,1584.5,left,6,41.14
1783407928.3,1584.5,left,7,39.81
1783407928.3,1584.5,right,imu,29.53
1783407928.3,1584.5,right,0,26.57
1783407928.3,1584.5,right,1,28.27
1783407928.3,1584.5,right,2,31.49
1783407928.3,1584.5,right,3,32.98
1783407928.3,1584.5,right,4,31.97
1783407928.3,1584.5,right,5,31.65
1783407928.3,1584.5,right,6,31.51
1783407928.3,1584.5,right,7,30.46
1783407933.4,1589.5,left,imu,40.74
1783407933.4,1589.5,left,0,37.35
1783407933.4,1589.5,left,1,38.94
1783407933.4,1589.5,left,2,41.04
1783407933.4,1589.5,left,3,38.81
1783407933.4,1589.5,left,4,39.07
1783407933.4,1589.5,left,5,41.49
1783407933.4,1589.5,left,6,41.06
1783407933.4,1589.5,left,7,39.73
1783407933.4,1589.5,right,imu,29.34
1783407933.4,1589.5,right,0,26.57
1783407933.4,1589.5,right,1,28.27
1783407933.4,1589.5,right,2,31.49
1783407933.4,1589.5,right,3,32.98
1783407933.4,1589.5,right,4,31.97
1783407933.4,1589.5,right,5,31.73
1783407933.4,1589.5,right,6,31.51
1783407933.4,1589.5,right,7,30.46
1783407938.4,1594.6,left,imu,40.55
1783407938.4,1594.6,left,0,37.35
1783407938.4,1594.6,left,1,38.94
1783407938.4,1594.6,left,2,41.04
1783407938.4,1594.6,left,3,39.11
1783407938.4,1594.6,left,4,39.22
1783407938.4,1594.6,left,5,41.41
1783407938.4,1594.6,left,6,41.06
1783407938.4,1594.6,left,7,39.66
1783407938.4,1594.6,right,imu,29.34
1783407938.4,1594.6,right,0,26.57
1783407938.4,1594.6,right,1,28.27
1783407938.4,1594.6,right,2,31.49
1783407938.4,1594.6,right,3,32.98
1783407938.4,1594.6,right,4,31.97
1783407938.4,1594.6,right,5,31.65
1783407938.4,1594.6,right,6,31.51
1783407938.4,1594.6,right,7,30.46
1783407943.5,1599.6,left,imu,40.70
1783407943.5,1599.6,left,0,37.35
1783407943.5,1599.6,left,1,38.94
1783407943.5,1599.6,left,2,40.96
1783407943.5,1599.6,left,3,38.58
1783407943.5,1599.6,left,4,39.07
1783407943.5,1599.6,left,5,41.41
1783407943.5,1599.6,left,6,40.99
1783407943.5,1599.6,left,7,39.73
1783407943.5,1599.6,right,imu,29.15
1783407943.5,1599.6,right,0,26.57
1783407943.5,1599.6,right,1,28.27
1783407943.5,1599.6,right,2,31.49
1783407943.5,1599.6,right,3,32.90
1783407943.5,1599.6,right,4,31.97
1783407943.5,1599.6,right,5,31.65
1783407943.5,1599.6,right,6,31.51
1783407943.5,1599.6,right,7,30.46
1783407948.5,1604.7,left,imu,40.60
1783407948.5,1604.7,left,0,37.35
1783407948.5,1604.7,left,1,38.94
1783407948.5,1604.7,left,2,40.96
1783407948.5,1604.7,left,3,38.58
1783407948.5,1604.7,left,4,39.14
1783407948.5,1604.7,left,5,41.41
1783407948.5,1604.7,left,6,40.99
1783407948.5,1604.7,left,7,39.66
1783407948.5,1604.7,right,imu,29.43
1783407948.5,1604.7,right,0,26.57
1783407948.5,1604.7,right,1,28.27
1783407948.5,1604.7,right,2,31.49
1783407948.5,1604.7,right,3,32.98
1783407948.5,1604.7,right,4,31.89
1783407948.5,1604.7,right,5,31.57
1783407948.5,1604.7,right,6,31.43
1783407948.5,1604.7,right,7,30.46
1783407953.6,1609.7,left,imu,40.70
1783407953.6,1609.7,left,0,37.35
1783407953.6,1609.7,left,1,38.86
1783407953.6,1609.7,left,2,40.96
1783407953.6,1609.7,left,3,38.51
1783407953.6,1609.7,left,4,38.77
1783407953.6,1609.7,left,5,41.41
1783407953.6,1609.7,left,6,40.99
1783407953.6,1609.7,left,7,39.66
1783407953.6,1609.7,right,imu,29.48
1783407953.6,1609.7,right,0,26.57
1783407953.6,1609.7,right,1,28.27
1783407953.6,1609.7,right,2,31.49
1783407953.6,1609.7,right,3,32.90
1783407953.6,1609.7,right,4,31.89
1783407953.6,1609.7,right,5,31.65
1783407953.6,1609.7,right,6,31.43
1783407953.6,1609.7,right,7,30.46
1783407958.6,1614.7,left,imu,40.70
1783407958.6,1614.7,left,0,37.35
1783407958.6,1614.7,left,1,38.94
1783407958.6,1614.7,left,2,40.96
1783407958.6,1614.7,left,3,38.58
1783407958.6,1614.7,left,4,39.14
1783407958.6,1614.7,left,5,41.41
1783407958.6,1614.7,left,6,40.99
1783407958.6,1614.7,left,7,39.66
1783407958.6,1614.7,right,imu,29.34
1783407958.6,1614.7,right,0,26.57
1783407958.6,1614.7,right,1,28.27
1783407958.6,1614.7,right,2,31.49
1783407958.6,1614.7,right,3,32.90
1783407958.6,1614.7,right,4,31.89
1783407958.6,1614.7,right,5,31.65
1783407958.6,1614.7,right,6,31.51
1783407958.6,1614.7,right,7,30.46
1783407963.7,1619.8,left,imu,40.70
1783407963.7,1619.8,left,0,37.27
1783407963.7,1619.8,left,1,38.86
1783407963.7,1619.8,left,2,40.96
1783407963.7,1619.8,left,3,38.58
1783407963.7,1619.8,left,4,38.92
1783407963.7,1619.8,left,5,41.41
1783407963.7,1619.8,left,6,40.99
1783407963.7,1619.8,left,7,39.66
1783407963.7,1619.8,right,imu,29.43
1783407963.7,1619.8,right,0,26.57
1783407963.7,1619.8,right,1,28.20
1783407963.7,1619.8,right,2,31.49
1783407963.7,1619.8,right,3,32.90
1783407963.7,1619.8,right,4,31.82
1783407963.7,1619.8,right,5,31.65
1783407963.7,1619.8,right,6,31.51
1783407963.7,1619.8,right,7,30.46
1783407968.7,1624.8,left,imu,40.36
1783407968.7,1624.8,left,0,37.27
1783407968.7,1624.8,left,1,38.86
1783407968.7,1624.8,left,2,40.96
1783407968.7,1624.8,left,3,38.73
1783407968.7,1624.8,left,4,39.07
1783407968.7,1624.8,left,5,41.34
1783407968.7,1624.8,left,6,40.99
1783407968.7,1624.8,left,7,39.58
1783407968.7,1624.8,right,imu,29.19
1783407968.7,1624.8,right,0,26.57
1783407968.7,1624.8,right,1,28.27
1783407968.7,1624.8,right,2,31.49
1783407968.7,1624.8,right,3,32.90
1783407968.7,1624.8,right,4,31.89
1783407968.7,1624.8,right,5,31.65
1783407968.7,1624.8,right,6,31.43
1783407968.7,1624.8,right,7,30.46
1783407973.8,1629.9,left,imu,40.36
1783407973.8,1629.9,left,0,37.27
1783407973.8,1629.9,left,1,38.86
1783407973.8,1629.9,left,2,40.96
1783407973.8,1629.9,left,3,38.88
1783407973.8,1629.9,left,4,38.84
1783407973.8,1629.9,left,5,41.26
1783407973.8,1629.9,left,6,40.99
1783407973.8,1629.9,left,7,39.58
1783407973.8,1629.9,right,imu,29.19
1783407973.8,1629.9,right,0,26.57
1783407973.8,1629.9,right,1,28.20
1783407973.8,1629.9,right,2,31.49
1783407973.8,1629.9,right,3,32.90
1783407973.8,1629.9,right,4,31.82
1783407973.8,1629.9,right,5,31.57
1783407973.8,1629.9,right,6,31.43
1783407973.8,1629.9,right,7,30.46
1783407978.8,1634.9,left,imu,40.36
1783407978.8,1634.9,left,0,37.20
1783407978.8,1634.9,left,1,38.86
1783407978.8,1634.9,left,2,40.88
1783407978.8,1634.9,left,3,38.51
1783407978.8,1634.9,left,4,38.69
1783407978.8,1634.9,left,5,41.26
1783407978.8,1634.9,left,6,40.99
1783407978.8,1634.9,left,7,39.58
1783407978.8,1634.9,right,imu,29.43
1783407978.8,1634.9,right,0,26.57
1783407978.8,1634.9,right,1,28.27
1783407978.8,1634.9,right,2,31.49
1783407978.8,1634.9,right,3,32.90
1783407978.8,1634.9,right,4,31.89
1783407978.8,1634.9,right,5,31.57
1783407978.8,1634.9,right,6,31.43
1783407978.8,1634.9,right,7,30.54
1783407983.9,1640.0,left,imu,40.70
1783407983.9,1640.0,left,0,37.20
1783407983.9,1640.0,left,1,38.79
1783407983.9,1640.0,left,2,40.88
1783407983.9,1640.0,left,3,38.51
1783407983.9,1640.0,left,4,38.92
1783407983.9,1640.0,left,5,41.34
1783407983.9,1640.0,left,6,40.91
1783407983.9,1640.0,left,7,39.58
1783407983.9,1640.0,right,imu,29.43
1783407983.9,1640.0,right,0,26.50
1783407983.9,1640.0,right,1,28.27
1783407983.9,1640.0,right,2,31.49
1783407983.9,1640.0,right,3,32.90
1783407983.9,1640.0,right,4,31.89
1783407983.9,1640.0,right,5,31.57
1783407983.9,1640.0,right,6,31.43
1783407983.9,1640.0,right,7,30.46
1783407988.9,1645.0,left,imu,40.36
1783407988.9,1645.0,left,0,37.20
1783407988.9,1645.0,left,1,38.79
1783407988.9,1645.0,left,2,40.81
1783407988.9,1645.0,left,3,38.28
1783407988.9,1645.0,left,4,38.99
1783407988.9,1645.0,left,5,41.26
1783407988.9,1645.0,left,6,40.91
1783407988.9,1645.0,left,7,39.51
1783407988.9,1645.0,right,imu,29.19
1783407988.9,1645.0,right,0,26.50
1783407988.9,1645.0,right,1,28.27
1783407988.9,1645.0,right,2,31.49
1783407988.9,1645.0,right,3,32.90
1783407988.9,1645.0,right,4,31.89
1783407988.9,1645.0,right,5,31.57
1783407988.9,1645.0,right,6,31.43
1783407988.9,1645.0,right,7,30.54
1783407993.9,1650.1,left,imu,40.41
1783407993.9,1650.1,left,0,37.20
1783407993.9,1650.1,left,1,38.79
1783407993.9,1650.1,left,2,40.81
1783407993.9,1650.1,left,3,38.81
1783407993.9,1650.1,left,4,38.69
1783407993.9,1650.1,left,5,41.26
1783407993.9,1650.1,left,6,40.91
1783407993.9,1650.1,left,7,39.58
1783407993.9,1650.1,right,imu,29.10
1783407993.9,1650.1,right,0,26.57
1783407993.9,1650.1,right,1,28.20
1783407993.9,1650.1,right,2,31.49
1783407993.9,1650.1,right,3,32.82
1783407993.9,1650.1,right,4,31.89
1783407993.9,1650.1,right,5,31.50
1783407993.9,1650.1,right,6,31.43
1783407993.9,1650.1,right,7,30.46
1783407999.0,1655.1,left,imu,40.60
1783407999.0,1655.1,left,0,37.20
1783407999.0,1655.1,left,1,38.79
1783407999.0,1655.1,left,2,40.81
1783407999.0,1655.1,left,3,38.51
1783407999.0,1655.1,left,4,38.61
1783407999.0,1655.1,left,5,41.26
1783407999.0,1655.1,left,6,40.84
1783407999.0,1655.1,left,7,39.51
1783407999.0,1655.1,right,imu,29.34
1783407999.0,1655.1,right,0,26.57
1783407999.0,1655.1,right,1,28.27
1783407999.0,1655.1,right,2,31.49
1783407999.0,1655.1,right,3,32.90
1783407999.0,1655.1,right,4,31.82
1783407999.0,1655.1,right,5,31.50
1783407999.0,1655.1,right,6,31.43
1783407999.0,1655.1,right,7,30.46
1783408004.0,1660.2,left,imu,40.50
1783408004.0,1660.2,left,0,37.20
1783408004.0,1660.2,left,1,38.71
1783408004.0,1660.2,left,2,40.81
1783408004.0,1660.2,left,3,38.66
1783408004.0,1660.2,left,4,39.07
1783408004.0,1660.2,left,5,41.26
1783408004.0,1660.2,left,6,40.84
1783408004.0,1660.2,left,7,39.51
1783408004.0,1660.2,right,imu,29.53
1783408004.0,1660.2,right,0,26.57
1783408004.0,1660.2,right,1,28.20
1783408004.0,1660.2,right,2,31.49
1783408004.0,1660.2,right,3,32.82
1783408004.0,1660.2,right,4,31.89
1783408004.0,1660.2,right,5,31.50
1783408004.0,1660.2,right,6,31.43
1783408004.0,1660.2,right,7,30.54
1783408009.1,1665.2,left,imu,40.55
1783408009.1,1665.2,left,0,37.20
1783408009.1,1665.2,left,1,38.71
1783408009.1,1665.2,left,2,40.81
1783408009.1,1665.2,left,3,38.73
1783408009.1,1665.2,left,4,38.84
1783408009.1,1665.2,left,5,41.19
1783408009.1,1665.2,left,6,40.84
1783408009.1,1665.2,left,7,39.51
1783408009.1,1665.2,right,imu,29.48
1783408009.1,1665.2,right,0,26.57
1783408009.1,1665.2,right,1,28.27
1783408009.1,1665.2,right,2,31.49
1783408009.1,1665.2,right,3,32.82
1783408009.1,1665.2,right,4,31.89
1783408009.1,1665.2,right,5,31.50
1783408009.1,1665.2,right,6,31.43
1783408009.1,1665.2,right,7,30.46
1783408014.1,1670.3,left,imu,40.36
1783408014.1,1670.3,left,0,37.12
1783408014.1,1670.3,left,1,38.71
1783408014.1,1670.3,left,2,40.81
1783408014.1,1670.3,left,3,38.66
1783408014.1,1670.3,left,4,38.69
1783408014.1,1670.3,left,5,41.19
1783408014.1,1670.3,left,6,40.84
1783408014.1,1670.3,left,7,39.51
1783408014.1,1670.3,right,imu,29.29
1783408014.1,1670.3,right,0,26.57
1783408014.1,1670.3,right,1,28.27
1783408014.1,1670.3,right,2,31.49
1783408014.1,1670.3,right,3,32.90
1783408014.1,1670.3,right,4,31.82
1783408014.1,1670.3,right,5,31.50
1783408014.1,1670.3,right,6,31.43
1783408014.1,1670.3,right,7,30.54
1783408019.2,1675.3,left,imu,40.50
1783408019.2,1675.3,left,0,37.12
1783408019.2,1675.3,left,1,38.71
1783408019.2,1675.3,left,2,40.73
1783408019.2,1675.3,left,3,38.58
1783408019.2,1675.3,left,4,38.92
1783408019.2,1675.3,left,5,41.19
1783408019.2,1675.3,left,6,40.76
1783408019.2,1675.3,left,7,39.43
1783408019.2,1675.3,right,imu,29.53
1783408019.2,1675.3,right,0,26.57
1783408019.2,1675.3,right,1,28.20
1783408019.2,1675.3,right,2,31.49
1783408019.2,1675.3,right,3,32.82
1783408019.2,1675.3,right,4,31.89
1783408019.2,1675.3,right,5,31.50
1783408019.2,1675.3,right,6,31.43
1783408019.2,1675.3,right,7,30.46
1783408024.2,1680.3,left,imu,40.22
1783408024.2,1680.3,left,0,37.12
1783408024.2,1680.3,left,1,38.71
1783408024.2,1680.3,left,2,40.73
1783408024.2,1680.3,left,3,38.51
1783408024.2,1680.3,left,4,38.61
1783408024.2,1680.3,left,5,41.19
1783408024.2,1680.3,left,6,40.76
1783408024.2,1680.3,left,7,39.51
1783408024.2,1680.3,right,imu,29.43
1783408024.2,1680.3,right,0,26.57
1783408024.2,1680.3,right,1,28.27
1783408024.2,1680.3,right,2,31.49
1783408024.2,1680.3,right,3,32.82
1783408024.2,1680.3,right,4,31.89
1783408024.2,1680.3,right,5,31.50
1783408024.2,1680.3,right,6,31.43
1783408024.2,1680.3,right,7,30.46
1783408029.3,1685.4,left,imu,40.22
1783408029.3,1685.4,left,0,37.12
1783408029.3,1685.4,left,1,38.79
1783408029.3,1685.4,left,2,40.73
1783408029.3,1685.4,left,3,38.51
1783408029.3,1685.4,left,4,38.61
1783408029.3,1685.4,left,5,41.11
1783408029.3,1685.4,left,6,40.84
1783408029.3,1685.4,left,7,39.43
1783408029.3,1685.4,right,imu,29.43
1783408029.3,1685.4,right,0,26.57
1783408029.3,1685.4,right,1,28.20
1783408029.3,1685.4,right,2,31.57
1783408029.3,1685.4,right,3,32.82
1783408029.3,1685.4,right,4,31.89
1783408029.3,1685.4,right,5,31.50
1783408029.3,1685.4,right,6,31.43
1783408029.3,1685.4,right,7,30.46
1783408034.3,1690.4,left,imu,40.41
1783408034.3,1690.4,left,0,37.12
1783408034.3,1690.4,left,1,38.71
1783408034.3,1690.4,left,2,40.73
1783408034.3,1690.4,left,3,38.66
1783408034.3,1690.4,left,4,38.92
1783408034.3,1690.4,left,5,41.11
1783408034.3,1690.4,left,6,40.76
1783408034.3,1690.4,left,7,39.43
1783408034.3,1690.4,right,imu,29.19
1783408034.3,1690.4,right,0,26.50
1783408034.3,1690.4,right,1,28.27
1783408034.3,1690.4,right,2,31.49
1783408034.3,1690.4,right,3,32.90
1783408034.3,1690.4,right,4,31.82
1783408034.3,1690.4,right,5,31.50
1783408034.3,1690.4,right,6,31.43
1783408034.3,1690.4,right,7,30.46
1783408039.4,1695.5,left,imu,40.17
1783408039.4,1695.5,left,0,37.12
1783408039.4,1695.5,left,1,38.71
1783408039.4,1695.5,left,2,40.66
1783408039.4,1695.5,left,3,38.66
1783408039.4,1695.5,left,4,38.92
1783408039.4,1695.5,left,5,41.11
1783408039.4,1695.5,left,6,40.76
1783408039.4,1695.5,left,7,39.36
1783408039.4,1695.5,right,imu,29.34
1783408039.4,1695.5,right,0,26.50
1783408039.4,1695.5,right,1,28.20
1783408039.4,1695.5,right,2,31.49
1783408039.4,1695.5,right,3,32.90
1783408039.4,1695.5,right,4,31.89
1783408039.4,1695.5,right,5,31.50
1783408039.4,1695.5,right,6,31.43
1783408039.4,1695.5,right,7,30.46
1783408044.4,1700.5,left,imu,40.26
1783408044.4,1700.5,left,0,37.04
1783408044.4,1700.5,left,1,38.71
1783408044.4,1700.5,left,2,40.66
1783408044.4,1700.5,left,3,38.36
1783408044.4,1700.5,left,4,38.77
1783408044.4,1700.5,left,5,41.04
1783408044.4,1700.5,left,6,40.68
1783408044.4,1700.5,left,7,39.43
1783408044.4,1700.5,right,imu,29.34
1783408044.4,1700.5,right,0,26.57
1783408044.4,1700.5,right,1,28.20
1783408044.4,1700.5,right,2,31.42
1783408044.4,1700.5,right,3,32.82
1783408044.4,1700.5,right,4,31.89
1783408044.4,1700.5,right,5,31.50
1783408044.4,1700.5,right,6,31.43
1783408044.4,1700.5,right,7,30.46
1783408049.4,1705.6,left,imu,40.03
1783408049.4,1705.6,left,0,37.04
1783408049.4,1705.6,left,1,38.64
1783408049.4,1705.6,left,2,40.66
1783408049.4,1705.6,left,3,38.28
1783408049.4,1705.6,left,4,38.39
1783408049.4,1705.6,left,5,41.04
1783408049.4,1705.6,left,6,40.68
1783408049.4,1705.6,left,7,39.36
1783408049.4,1705.6,right,imu,29.34
1783408049.4,1705.6,right,0,26.50
1783408049.4,1705.6,right,1,28.20
1783408049.4,1705.6,right,2,31.42
1783408049.4,1705.6,right,3,32.82
1783408049.4,1705.6,right,4,31.82
1783408049.4,1705.6,right,5,31.50
1783408049.4,1705.6,right,6,31.43
1783408049.4,1705.6,right,7,30.46
1783408054.5,1710.6,left,imu,40.36
1783408054.5,1710.6,left,0,37.04
1783408054.5,1710.6,left,1,38.71
1783408054.5,1710.6,left,2,40.66
1783408054.5,1710.6,left,3,38.43
1783408054.5,1710.6,left,4,38.61
1783408054.5,1710.6,left,5,41.04
1783408054.5,1710.6,left,6,40.76
1783408054.5,1710.6,left,7,39.36
1783408054.5,1710.6,right,imu,29.15
1783408054.5,1710.6,right,0,26.50
1783408054.5,1710.6,right,1,28.20
1783408054.5,1710.6,right,2,31.42
1783408054.5,1710.6,right,3,32.82
1783408054.5,1710.6,right,4,31.82
1783408054.5,1710.6,right,5,31.50
1783408054.5,1710.6,right,6,31.36
1783408054.5,1710.6,right,7,30.46
1783408059.5,1715.7,left,imu,40.36
1783408059.5,1715.7,left,0,37.04
1783408059.5,1715.7,left,1,38.64
1783408059.5,1715.7,left,2,40.66
1783408059.5,1715.7,left,3,38.43
1783408059.5,1715.7,left,4,38.84
1783408059.5,1715.7,left,5,41.04
1783408059.5,1715.7,left,6,40.76
1783408059.5,1715.7,left,7,39.36
1783408059.5,1715.7,right,imu,29.29
1783408059.5,1715.7,right,0,26.50
1783408059.5,1715.7,right,1,28.20
1783408059.5,1715.7,right,2,31.42
1783408059.5,1715.7,right,3,32.82
1783408059.5,1715.7,right,4,31.82
1783408059.5,1715.7,right,5,31.50
1783408059.5,1715.7,right,6,31.43
1783408059.5,1715.7,right,7,30.46
1783408064.6,1720.7,left,imu,40.26
1783408064.6,1720.7,left,0,37.04
1783408064.6,1720.7,left,1,38.64
1783408064.6,1720.7,left,2,40.66
1783408064.6,1720.7,left,3,38.20
1783408064.6,1720.7,left,4,38.61
1783408064.6,1720.7,left,5,41.04
1783408064.6,1720.7,left,6,40.68
1783408064.6,1720.7,left,7,39.36
1783408064.6,1720.7,right,imu,29.43
1783408064.6,1720.7,right,0,26.50
1783408064.6,1720.7,right,1,28.20
1783408064.6,1720.7,right,2,31.49
1783408064.6,1720.7,right,3,32.82
1783408064.6,1720.7,right,4,31.82
1783408064.6,1720.7,right,5,31.50
1783408064.6,1720.7,right,6,31.43
1783408064.6,1720.7,right,7,30.46
1783408069.6,1725.8,left,imu,40.50
1783408069.6,1725.8,left,0,37.04
1783408069.6,1725.8,left,1,38.64
1783408069.6,1725.8,left,2,40.66
1783408069.6,1725.8,left,3,37.98
1783408069.6,1725.8,left,4,38.77
1783408069.6,1725.8,left,5,41.04
1783408069.6,1725.8,left,6,40.68
1783408069.6,1725.8,left,7,39.36
1783408069.6,1725.8,right,imu,29.19
1783408069.6,1725.8,right,0,26.50
1783408069.6,1725.8,right,1,28.20
1783408069.6,1725.8,right,2,31.42
1783408069.6,1725.8,right,3,32.82
1783408069.6,1725.8,right,4,31.82
1783408069.6,1725.8,right,5,31.50
1783408069.6,1725.8,right,6,31.36
1783408069.6,1725.8,right,7,30.46
1783408074.7,1730.8,left,imu,40.26
1783408074.7,1730.8,left,0,37.04
1783408074.7,1730.8,left,1,38.64
1783408074.7,1730.8,left,2,40.58
1783408074.7,1730.8,left,3,38.05
1783408074.7,1730.8,left,4,38.61
1783408074.7,1730.8,left,5,40.96
1783408074.7,1730.8,left,6,40.68
1783408074.7,1730.8,left,7,39.36
1783408074.7,1730.8,right,imu,29.34
1783408074.7,1730.8,right,0,26.50
1783408074.7,1730.8,right,1,28.20
1783408074.7,1730.8,right,2,31.42
1783408074.7,1730.8,right,3,32.82
1783408074.7,1730.8,right,4,31.82
1783408074.7,1730.8,right,5,31.50
1783408074.7,1730.8,right,6,31.36
1783408074.7,1730.8,right,7,30.46
1783408079.7,1735.9,left,imu,40.22
1783408079.7,1735.9,left,0,36.97
1783408079.7,1735.9,left,1,38.64
1783408079.7,1735.9,left,2,40.58
1783408079.7,1735.9,left,3,38.28
1783408079.7,1735.9,left,4,38.31
1783408079.7,1735.9,left,5,40.96
1783408079.7,1735.9,left,6,40.68
1783408079.7,1735.9,left,7,39.28
1783408079.7,1735.9,right,imu,29.48
1783408079.7,1735.9,right,0,26.57
1783408079.7,1735.9,right,1,28.20
1783408079.7,1735.9,right,2,31.49
1783408079.7,1735.9,right,3,32.82
1783408079.7,1735.9,right,4,31.82
1783408079.7,1735.9,right,5,31.50
1783408079.7,1735.9,right,6,31.36
1783408079.7,1735.9,right,7,30.46
1783408084.8,1740.9,left,imu,40.26
1783408084.8,1740.9,left,0,37.04
1783408084.8,1740.9,left,1,38.56
1783408084.8,1740.9,left,2,40.58
1783408084.8,1740.9,left,3,38.81
1783408084.8,1740.9,left,4,38.69
1783408084.8,1740.9,left,5,40.96
1783408084.8,1740.9,left,6,40.61
1783408084.8,1740.9,left,7,39.20
1783408084.8,1740.9,right,imu,29.34
1783408084.8,1740.9,right,0,26.50
1783408084.8,1740.9,right,1,28.20
1783408084.8,1740.9,right,2,31.49
1783408084.8,1740.9,right,3,32.82
1783408084.8,1740.9,right,4,31.82
1783408084.8,1740.9,right,5,31.50
1783408084.8,1740.9,right,6,31.36
1783408084.8,1740.9,right,7,30.39
1783408089.8,1745.9,left,imu,40.07
1783408089.8,1745.9,left,0,36.97
1783408089.8,1745.9,left,1,38.56
1783408089.8,1745.9,left,2,40.58
1783408089.8,1745.9,left,3,37.98
1783408089.8,1745.9,left,4,38.69
1783408089.8,1745.9,left,5,40.96
1783408089.8,1745.9,left,6,40.61
1783408089.8,1745.9,left,7,39.28
1783408089.8,1745.9,right,imu,29.15
1783408089.8,1745.9,right,0,26.50
1783408089.8,1745.9,right,1,28.20
1783408089.8,1745.9,right,2,31.49
1783408089.8,1745.9,right,3,32.82
1783408089.8,1745.9,right,4,31.75
1783408089.8,1745.9,right,5,31.50
1783408089.8,1745.9,right,6,31.36
1783408089.8,1745.9,right,7,30.46
1783408094.9,1751.0,left,imu,40.22
1783408094.9,1751.0,left,0,36.97
1783408094.9,1751.0,left,1,38.56
1783408094.9,1751.0,left,2,40.58
1783408094.9,1751.0,left,3,37.98
1783408094.9,1751.0,left,4,38.09
1783408094.9,1751.0,left,5,40.89
1783408094.9,1751.0,left,6,40.61
1783408094.9,1751.0,left,7,39.28
1783408094.9,1751.0,right,imu,29.43
1783408094.9,1751.0,right,0,26.50
1783408094.9,1751.0,right,1,28.20
1783408094.9,1751.0,right,2,31.42
1783408094.9,1751.0,right,3,32.82
1783408094.9,1751.0,right,4,31.75
1783408094.9,1751.0,right,5,31.50
1783408094.9,1751.0,right,6,31.36
1783408094.9,1751.0,right,7,30.39
1783408099.9,1756.0,left,imu,40.26
1783408099.9,1756.0,left,0,36.97
1783408099.9,1756.0,left,1,38.56
1783408099.9,1756.0,left,2,40.51
1783408099.9,1756.0,left,3,38.13
1783408099.9,1756.0,left,4,38.54
1783408099.9,1756.0,left,5,40.89
1783408099.9,1756.0,left,6,40.61
1783408099.9,1756.0,left,7,39.20
1783408099.9,1756.0,right,imu,29.29
1783408099.9,1756.0,right,0,26.50
1783408099.9,1756.0,right,1,28.20
1783408099.9,1756.0,right,2,31.34
1783408099.9,1756.0,right,3,32.82
1783408099.9,1756.0,right,4,31.75
1783408099.9,1756.0,right,5,31.50
1783408099.9,1756.0,right,6,31.36
1783408099.9,1756.0,right,7,30.39
1783408105.0,1761.1,left,imu,40.17
1783408105.0,1761.1,left,0,36.97
1783408105.0,1761.1,left,1,38.48
1783408105.0,1761.1,left,2,40.51
1783408105.0,1761.1,left,3,38.58
1783408105.0,1761.1,left,4,38.54
1783408105.0,1761.1,left,5,40.89
1783408105.0,1761.1,left,6,40.53
1783408105.0,1761.1,left,7,39.28
1783408105.0,1761.1,right,imu,29.19
1783408105.0,1761.1,right,0,26.50
1783408105.0,1761.1,right,1,28.20
1783408105.0,1761.1,right,2,31.42
1783408105.0,1761.1,right,3,32.75
1783408105.0,1761.1,right,4,31.67
1783408105.0,1761.1,right,5,31.50
1783408105.0,1761.1,right,6,31.36
1783408105.0,1761.1,right,7,30.39
1783408110.0,1766.1,left,imu,40.03
1783408110.0,1766.1,left,0,36.97
1783408110.0,1766.1,left,1,38.56
1783408110.0,1766.1,left,2,40.51
1783408110.0,1766.1,left,3,38.43
1783408110.0,1766.1,left,4,37.79
1783408110.0,1766.1,left,5,40.89
1783408110.0,1766.1,left,6,40.61
1783408110.0,1766.1,left,7,39.20
1783408110.0,1766.1,right,imu,29.34
1783408110.0,1766.1,right,0,26.50
1783408110.0,1766.1,right,1,28.20
1783408110.0,1766.1,right,2,31.34
1783408110.0,1766.1,right,3,32.75
1783408110.0,1766.1,right,4,31.75
1783408110.0,1766.1,right,5,31.50
1783408110.0,1766.1,right,6,31.36
1783408110.0,1766.1,right,7,30.39
1783408115.0,1771.2,left,imu,40.17
1783408115.0,1771.2,left,0,36.89
1783408115.0,1771.2,left,1,38.48
1783408115.0,1771.2,left,2,40.51
1783408115.0,1771.2,left,3,38.05
1783408115.0,1771.2,left,4,38.39
1783408115.0,1771.2,left,5,40.89
1783408115.0,1771.2,left,6,40.53
1783408115.0,1771.2,left,7,39.20
1783408115.0,1771.2,right,imu,29.48
1783408115.0,1771.2,right,0,26.50
1783408115.0,1771.2,right,1,28.20
1783408115.0,1771.2,right,2,31.42
1783408115.0,1771.2,right,3,32.82
1783408115.0,1771.2,right,4,31.75
1783408115.0,1771.2,right,5,31.50
1783408115.0,1771.2,right,6,31.36
1783408115.0,1771.2,right,7,30.39
1783408120.1,1776.2,left,imu,40.41
1783408120.1,1776.2,left,0,36.97
1783408120.1,1776.2,left,1,38.56
1783408120.1,1776.2,left,2,40.43
1783408120.1,1776.2,left,3,37.60
1783408120.1,1776.2,left,4,38.24
1783408120.1,1776.2,left,5,40.89
1783408120.1,1776.2,left,6,40.53
1783408120.1,1776.2,left,7,39.20
1783408120.1,1776.2,right,imu,29.15
1783408120.1,1776.2,right,0,26.50
1783408120.1,1776.2,right,1,28.20
1783408120.1,1776.2,right,2,31.42
1783408120.1,1776.2,right,3,32.75
1783408120.1,1776.2,right,4,31.67
1783408120.1,1776.2,right,5,31.50
1783408120.1,1776.2,right,6,31.36
1783408120.1,1776.2,right,7,30.39
1783408125.1,1781.3,left,imu,40.22
1783408125.1,1781.3,left,0,36.97
1783408125.1,1781.3,left,1,38.48
1783408125.1,1781.3,left,2,40.51
1783408125.1,1781.3,left,3,37.98
1783408125.1,1781.3,left,4,38.46
1783408125.1,1781.3,left,5,40.81
1783408125.1,1781.3,left,6,40.46
1783408125.1,1781.3,left,7,39.20
1783408125.1,1781.3,right,imu,29.34
1783408125.1,1781.3,right,0,26.50
1783408125.1,1781.3,right,1,28.20
1783408125.1,1781.3,right,2,31.34
1783408125.1,1781.3,right,3,32.82
1783408125.1,1781.3,right,4,31.67
1783408125.1,1781.3,right,5,31.50
1783408125.1,1781.3,right,6,31.36
1783408125.1,1781.3,right,7,30.39
1783408130.2,1786.3,left,imu,40.22
1783408130.2,1786.3,left,0,36.89
1783408130.2,1786.3,left,1,38.48
1783408130.2,1786.3,left,2,40.51
1783408130.2,1786.3,left,3,38.13
1783408130.2,1786.3,left,4,38.24
1783408130.2,1786.3,left,5,40.89
1783408130.2,1786.3,left,6,40.53
1783408130.2,1786.3,left,7,39.13
1783408130.2,1786.3,right,imu,29.19
1783408130.2,1786.3,right,0,26.50
1783408130.2,1786.3,right,1,28.20
1783408130.2,1786.3,right,2,31.42
1783408130.2,1786.3,right,3,32.82
1783408130.2,1786.3,right,4,31.75
1783408130.2,1786.3,right,5,31.50
1783408130.2,1786.3,right,6,31.36
1783408130.2,1786.3,right,7,30.39
1783408135.2,1791.4,left,imu,40.17
1783408135.2,1791.4,left,0,36.89
1783408135.2,1791.4,left,1,38.48
1783408135.2,1791.4,left,2,40.51
1783408135.2,1791.4,left,3,38.05
1783408135.2,1791.4,left,4,38.61
1783408135.2,1791.4,left,5,40.81
1783408135.2,1791.4,left,6,40.46
1783408135.2,1791.4,left,7,39.20
1783408135.2,1791.4,right,imu,29.48
1783408135.2,1791.4,right,0,26.50
1783408135.2,1791.4,right,1,28.20
1783408135.2,1791.4,right,2,31.49
1783408135.2,1791.4,right,3,32.82
1783408135.2,1791.4,right,4,31.75
1783408135.2,1791.4,right,5,31.50
1783408135.2,1791.4,right,6,31.36
1783408135.2,1791.4,right,7,30.39
1783408140.3,1796.4,left,imu,39.98
1783408140.3,1796.4,left,0,36.89
1783408140.3,1796.4,left,1,38.41
1783408140.3,1796.4,left,2,40.43
1783408140.3,1796.4,left,3,38.36
1783408140.3,1796.4,left,4,38.46
1783408140.3,1796.4,left,5,40.81
1783408140.3,1796.4,left,6,40.46
1783408140.3,1796.4,left,7,39.13
1783408140.3,1796.4,right,imu,29.29
1783408140.3,1796.4,right,0,26.50
1783408140.3,1796.4,right,1,28.20
1783408140.3,1796.4,right,2,31.34
1783408140.3,1796.4,right,3,32.82
1783408140.3,1796.4,right,4,31.67
1783408140.3,1796.4,right,5,31.50
1783408140.3,1796.4,right,6,31.36
1783408140.3,1796.4,right,7,30.39
1783408145.3,1801.5,left,imu,40.07
1783408145.3,1801.5,left,0,36.82
1783408145.3,1801.5,left,1,38.41
1783408145.3,1801.5,left,2,40.43
1783408145.3,1801.5,left,3,37.98
1783408145.3,1801.5,left,4,38.39
1783408145.3,1801.5,left,5,40.81
1783408145.3,1801.5,left,6,40.46
1783408145.3,1801.5,left,7,39.13
1783408145.3,1801.5,right,imu,29.19
1783408145.3,1801.5,right,0,26.50
1783408145.3,1801.5,right,1,28.20
1783408145.3,1801.5,right,2,31.34
1783408145.3,1801.5,right,3,32.75
1783408145.3,1801.5,right,4,31.67
1783408145.3,1801.5,right,5,31.50
1783408145.3,1801.5,right,6,31.36
1783408145.3,1801.5,right,7,30.39
1783408150.4,1806.5,left,imu,40.17
1783408150.4,1806.5,left,0,36.89
1783408150.4,1806.5,left,1,38.48
1783408150.4,1806.5,left,2,40.43
1783408150.4,1806.5,left,3,37.53
1783408150.4,1806.5,left,4,38.69
1783408150.4,1806.5,left,5,40.81
1783408150.4,1806.5,left,6,40.46
1783408150.4,1806.5,left,7,39.20
1783408150.4,1806.5,right,imu,29.15
1783408150.4,1806.5,right,0,26.50
1783408150.4,1806.5,right,1,28.20
1783408150.4,1806.5,right,2,31.34
1783408150.4,1806.5,right,3,32.75
1783408150.4,1806.5,right,4,31.67
1783408150.4,1806.5,right,5,31.50
1783408150.4,1806.5,right,6,31.36
1783408150.4,1806.5,right,7,30.39
1783408155.4,1811.5,left,imu,40.17
1783408155.4,1811.5,left,0,36.89
1783408155.4,1811.5,left,1,38.48
1783408155.4,1811.5,left,2,40.36
1783408155.4,1811.5,left,3,37.83
1783408155.4,1811.5,left,4,38.77
1783408155.4,1811.5,left,5,40.74
1783408155.4,1811.5,left,6,40.46
1783408155.4,1811.5,left,7,39.13
1783408155.4,1811.5,right,imu,29.29
1783408155.4,1811.5,right,0,26.50
1783408155.4,1811.5,right,1,28.20
1783408155.4,1811.5,right,2,31.34
1783408155.4,1811.5,right,3,32.82
1783408155.4,1811.5,right,4,31.67
1783408155.4,1811.5,right,5,31.50
1783408155.4,1811.5,right,6,31.36
1783408155.4,1811.5,right,7,30.39
1783408160.5,1816.6,left,imu,40.36
1783408160.5,1816.6,left,0,36.89
1783408160.5,1816.6,left,1,38.48
1783408160.5,1816.6,left,2,40.36
1783408160.5,1816.6,left,3,37.98
1783408160.5,1816.6,left,4,38.31
1783408160.5,1816.6,left,5,40.81
1783408160.5,1816.6,left,6,40.38
1783408160.5,1816.6,left,7,39.13
1783408160.5,1816.6,right,imu,29.48
1783408160.5,1816.6,right,0,26.50
1783408160.5,1816.6,right,1,28.20
1783408160.5,1816.6,right,2,31.34
1783408160.5,1816.6,right,3,32.82
1783408160.5,1816.6,right,4,31.59
1783408160.5,1816.6,right,5,31.50
1783408160.5,1816.6,right,6,31.36
1783408160.5,1816.6,right,7,30.39
1783408165.5,1821.6,left,imu,40.41
1783408165.5,1821.6,left,0,36.82
1783408165.5,1821.6,left,1,38.41
1783408165.5,1821.6,left,2,40.36
1783408165.5,1821.6,left,3,37.98
1783408165.5,1821.6,left,4,38.54
1783408165.5,1821.6,left,5,40.81
1783408165.5,1821.6,left,6,40.46
1783408165.5,1821.6,left,7,39.13
1783408165.5,1821.6,right,imu,29.43
1783408165.5,1821.6,right,0,26.50
1783408165.5,1821.6,right,1,28.20
1783408165.5,1821.6,right,2,31.34
1783408165.5,1821.6,right,3,32.82
1783408165.5,1821.6,right,4,31.59
1783408165.5,1821.6,right,5,31.50
1783408165.5,1821.6,right,6,31.36
1783408165.5,1821.6,right,7,30.39
1783408170.6,1826.7,left,imu,40.22
1783408170.6,1826.7,left,0,36.89
1783408170.6,1826.7,left,1,38.41
1783408170.6,1826.7,left,2,40.43
1783408170.6,1826.7,left,3,38.13
1783408170.6,1826.7,left,4,38.61
1783408170.6,1826.7,left,5,40.74
1783408170.6,1826.7,left,6,40.38
1783408170.6,1826.7,left,7,39.13
1783408170.6,1826.7,right,imu,29.53
1783408170.6,1826.7,right,0,26.50
1783408170.6,1826.7,right,1,28.20
1783408170.6,1826.7,right,2,31.27
1783408170.6,1826.7,right,3,32.75
1783408170.6,1826.7,right,4,31.59
1783408170.6,1826.7,right,5,31.50
1783408170.6,1826.7,right,6,31.36
1783408170.6,1826.7,right,7,30.39
1783408175.6,1831.7,left,imu,40.07
1783408175.6,1831.7,left,0,36.82
1783408175.6,1831.7,left,1,38.41
1783408175.6,1831.7,left,2,40.36
1783408175.6,1831.7,left,3,37.90
1783408175.6,1831.7,left,4,38.46
1783408175.6,1831.7,left,5,40.81
1783408175.6,1831.7,left,6,40.38
1783408175.6,1831.7,left,7,39.05
1783408175.6,1831.7,right,imu,29.29
1783408175.6,1831.7,right,0,26.57
1783408175.6,1831.7,right,1,28.20
1783408175.6,1831.7,right,2,31.27
1783408175.6,1831.7,right,3,32.75
1783408175.6,1831.7,right,4,31.59
1783408175.6,1831.7,right,5,31.50
1783408175.6,1831.7,right,6,31.36
1783408175.6,1831.7,right,7,30.39
1783408180.6,1836.8,left,imu,40.07
1783408180.6,1836.8,left,0,36.82
1783408180.6,1836.8,left,1,38.41
1783408180.6,1836.8,left,2,40.36
1783408180.6,1836.8,left,3,38.05
1783408180.6,1836.8,left,4,38.16
1783408180.6,1836.8,left,5,40.74
1783408180.6,1836.8,left,6,40.38
1783408180.6,1836.8,left,7,39.05
1783408180.6,1836.8,right,imu,29.29
1783408180.6,1836.8,right,0,26.50
1783408180.6,1836.8,right,1,28.20
1783408180.6,1836.8,right,2,31.34
1783408180.6,1836.8,right,3,32.75
1783408180.6,1836.8,right,4,31.59
1783408180.6,1836.8,right,5,31.50
1783408180.6,1836.8,right,6,31.36
1783408180.6,1836.8,right,7,30.39
1783408185.7,1841.8,left,imu,40.17
1783408185.7,1841.8,left,0,36.82
1783408185.7,1841.8,left,1,38.33
1783408185.7,1841.8,left,2,40.36
1783408185.7,1841.8,left,3,38.05
1783408185.7,1841.8,left,4,38.24
1783408185.7,1841.8,left,5,40.74
1783408185.7,1841.8,left,6,40.38
1783408185.7,1841.8,left,7,39.05
1783408185.7,1841.8,right,imu,29.48
1783408185.7,1841.8,right,0,26.50
1783408185.7,1841.8,right,1,28.20
1783408185.7,1841.8,right,2,31.19
1783408185.7,1841.8,right,3,32.75
1783408185.7,1841.8,right,4,31.59
1783408185.7,1841.8,right,5,31.50
1783408185.7,1841.8,right,6,31.36
1783408185.7,1841.8,right,7,30.31
1783408190.7,1846.9,left,imu,40.07
1783408190.7,1846.9,left,0,36.82
1783408190.7,1846.9,left,1,38.41
1783408190.7,1846.9,left,2,40.36
1783408190.7,1846.9,left,3,38.05
1783408190.7,1846.9,left,4,38.39
1783408190.7,1846.9,left,5,40.74
1783408190.7,1846.9,left,6,40.38
1783408190.7,1846.9,left,7,38.98
1783408190.7,1846.9,right,imu,29.15
1783408190.7,1846.9,right,0,26.50
1783408190.7,1846.9,right,1,28.20
1783408190.7,1846.9,right,2,31.27
1783408190.7,1846.9,right,3,32.75
1783408190.7,1846.9,right,4,31.59
1783408190.7,1846.9,right,5,31.50
1783408190.7,1846.9,right,6,31.36
1783408190.7,1846.9,right,7,30.31
1783408195.8,1851.9,left,imu,40.26
1783408195.8,1851.9,left,0,36.82
1783408195.8,1851.9,left,1,38.33
1783408195.8,1851.9,left,2,40.36
1783408195.8,1851.9,left,3,37.68
1783408195.8,1851.9,left,4,38.31
1783408195.8,1851.9,left,5,40.74
1783408195.8,1851.9,left,6,40.38
1783408195.8,1851.9,left,7,39.05
1783408195.8,1851.9,right,imu,29.48
1783408195.8,1851.9,right,0,26.50
1783408195.8,1851.9,right,1,28.20
1783408195.8,1851.9,right,2,31.27
1783408195.8,1851.9,right,3,32.75
1783408195.8,1851.9,right,4,31.59
1783408195.8,1851.9,right,5,31.50
1783408195.8,1851.9,right,6,31.28
1783408195.8,1851.9,right,7,30.31
1783408200.8,1857.0,left,imu,40.03
1783408200.8,1857.0,left,0,36.74
1783408200.8,1857.0,left,1,38.33
1783408200.8,1857.0,left,2,40.28
1783408200.8,1857.0,left,3,38.20
1783408200.8,1857.0,left,4,37.93
1783408200.8,1857.0,left,5,40.74
1783408200.8,1857.0,left,6,40.30
1783408200.8,1857.0,left,7,38.98
1783408200.8,1857.0,right,imu,29.29
1783408200.8,1857.0,right,0,26.50
1783408200.8,1857.0,right,1,28.20
1783408200.8,1857.0,right,2,31.34
1783408200.8,1857.0,right,3,32.75
1783408200.8,1857.0,right,4,31.59
1783408200.8,1857.0,right,5,31.50
1783408200.8,1857.0,right,6,31.36
1783408200.8,1857.0,right,7,30.31
1783408205.9,1862.0,left,imu,39.98
1783408205.9,1862.0,left,0,36.74
1783408205.9,1862.0,left,1,38.33
1783408205.9,1862.0,left,2,40.28
1783408205.9,1862.0,left,3,37.75
1783408205.9,1862.0,left,4,38.54
1783408205.9,1862.0,left,5,40.66
1783408205.9,1862.0,left,6,40.30
1783408205.9,1862.0,left,7,38.98
1783408205.9,1862.0,right,imu,29.19
1783408205.9,1862.0,right,0,26.50
1783408205.9,1862.0,right,1,28.20
1783408205.9,1862.0,right,2,31.27
1783408205.9,1862.0,right,3,32.75
1783408205.9,1862.0,right,4,31.59
1783408205.9,1862.0,right,5,31.50
1783408205.9,1862.0,right,6,31.36
1783408205.9,1862.0,right,7,30.31
1783408210.9,1867.0,left,imu,40.07
1783408210.9,1867.0,left,0,36.74
1783408210.9,1867.0,left,1,38.33
1783408210.9,1867.0,left,2,40.21
1783408210.9,1867.0,left,3,37.60
1783408210.9,1867.0,left,4,38.46
1783408210.9,1867.0,left,5,40.66
1783408210.9,1867.0,left,6,40.30
1783408210.9,1867.0,left,7,38.98
1783408210.9,1867.0,right,imu,29.15
1783408210.9,1867.0,right,0,26.50
1783408210.9,1867.0,right,1,28.20
1783408210.9,1867.0,right,2,31.19
1783408210.9,1867.0,right,3,32.75
1783408210.9,1867.0,right,4,31.59
1783408210.9,1867.0,right,5,31.50
1783408210.9,1867.0,right,6,31.36
1783408210.9,1867.0,right,7,30.31
1783408216.0,1872.1,left,imu,40.07
1783408216.0,1872.1,left,0,36.66
1783408216.0,1872.1,left,1,38.26
1783408216.0,1872.1,left,2,40.21
1783408216.0,1872.1,left,3,37.98
1783408216.0,1872.1,left,4,38.24
1783408216.0,1872.1,left,5,40.66
1783408216.0,1872.1,left,6,40.30
1783408216.0,1872.1,left,7,38.98
1783408216.0,1872.1,right,imu,29.15
1783408216.0,1872.1,right,0,26.50
1783408216.0,1872.1,right,1,28.20
1783408216.0,1872.1,right,2,31.19
1783408216.0,1872.1,right,3,32.75
1783408216.0,1872.1,right,4,31.52
1783408216.0,1872.1,right,5,31.50
1783408216.0,1872.1,right,6,31.28
1783408216.0,1872.1,right,7,30.31
1783408221.0,1877.1,left,imu,39.98
1783408221.0,1877.1,left,0,36.66
1783408221.0,1877.1,left,1,38.26
1783408221.0,1877.1,left,2,40.21
1783408221.0,1877.1,left,3,37.90
1783408221.0,1877.1,left,4,38.24
1783408221.0,1877.1,left,5,40.66
1783408221.0,1877.1,left,6,40.30
1783408221.0,1877.1,left,7,38.98
1783408221.0,1877.1,right,imu,29.10
1783408221.0,1877.1,right,0,26.50
1783408221.0,1877.1,right,1,28.20
1783408221.0,1877.1,right,2,31.19
1783408221.0,1877.1,right,3,32.75
1783408221.0,1877.1,right,4,31.52
1783408221.0,1877.1,right,5,31.50
1783408221.0,1877.1,right,6,31.28
1783408221.0,1877.1,right,7,30.24
1783408226.1,1882.2,left,imu,39.98
1783408226.1,1882.2,left,0,36.66
1783408226.1,1882.2,left,1,38.26
1783408226.1,1882.2,left,2,40.21
1783408226.1,1882.2,left,3,37.75
1783408226.1,1882.2,left,4,38.31
1783408226.1,1882.2,left,5,40.66
1783408226.1,1882.2,left,6,40.23
1783408226.1,1882.2,left,7,38.98
1783408226.1,1882.2,right,imu,29.34
1783408226.1,1882.2,right,0,26.50
1783408226.1,1882.2,right,1,28.20
1783408226.1,1882.2,right,2,31.19
1783408226.1,1882.2,right,3,32.75
1783408226.1,1882.2,right,4,31.52
1783408226.1,1882.2,right,5,31.50
1783408226.1,1882.2,right,6,31.28
1783408226.1,1882.2,right,7,30.24
1783408231.1,1887.2,left,imu,39.88
1783408231.1,1887.2,left,0,36.74
1783408231.1,1887.2,left,1,38.26
1783408231.1,1887.2,left,2,40.21
1783408231.1,1887.2,left,3,37.75
1783408231.1,1887.2,left,4,38.16
1783408231.1,1887.2,left,5,40.59
1783408231.1,1887.2,left,6,40.30
1783408231.1,1887.2,left,7,38.98
1783408231.1,1887.2,right,imu,29.34
1783408231.1,1887.2,right,0,26.50
1783408231.1,1887.2,right,1,28.20
1783408231.1,1887.2,right,2,31.27
1783408231.1,1887.2,right,3,32.75
1783408231.1,1887.2,right,4,31.52
1783408231.1,1887.2,right,5,31.50
1783408231.1,1887.2,right,6,31.28
1783408231.1,1887.2,right,7,30.24
1783408236.2,1892.3,left,imu,40.22
1783408236.2,1892.3,left,0,36.66
1783408236.2,1892.3,left,1,38.18
1783408236.2,1892.3,left,2,40.21
1783408236.2,1892.3,left,3,37.75
1783408236.2,1892.3,left,4,37.93
1783408236.2,1892.3,left,5,40.59
1783408236.2,1892.3,left,6,40.23
1783408236.2,1892.3,left,7,38.98
1783408236.2,1892.3,right,imu,29.15
1783408236.2,1892.3,right,0,26.50
1783408236.2,1892.3,right,1,28.20
1783408236.2,1892.3,right,2,31.19
1783408236.2,1892.3,right,3,32.75
1783408236.2,1892.3,right,4,31.52
1783408236.2,1892.3,right,5,31.50
1783408236.2,1892.3,right,6,31.28
1783408236.2,1892.3,right,7,30.31
1783408241.2,1897.3,left,imu,40.22
1783408241.2,1897.3,left,0,36.66
1783408241.2,1897.3,left,1,38.26
1783408241.2,1897.3,left,2,40.21
1783408241.2,1897.3,left,3,37.75
1783408241.2,1897.3,left,4,38.09
1783408241.2,1897.3,left,5,40.59
1783408241.2,1897.3,left,6,40.23
1783408241.2,1897.3,left,7,38.90
1783408241.2,1897.3,right,imu,29.29
1783408241.2,1897.3,right,0,26.50
1783408241.2,1897.3,right,1,28.20
1783408241.2,1897.3,right,2,31.19
1783408241.2,1897.3,right,3,32.68
1783408241.2,1897.3,right,4,31.52
1783408241.2,1897.3,right,5,31.50
1783408241.2,1897.3,right,6,31.28
1783408241.2,1897.3,right,7,30.31
1783408246.2,1902.4,left,imu,39.98
1783408246.2,1902.4,left,0,36.66
1783408246.2,1902.4,left,1,38.18
1783408246.2,1902.4,left,2,40.13
1783408246.2,1902.4,left,3,37.60
1783408246.2,1902.4,left,4,38.24
1783408246.2,1902.4,left,5,40.59
1783408246.2,1902.4,left,6,40.23
1783408246.2,1902.4,left,7,38.90
1783408246.2,1902.4,right,imu,29.19
1783408246.2,1902.4,right,0,26.50
1783408246.2,1902.4,right,1,28.20
1783408246.2,1902.4,right,2,31.19
1783408246.2,1902.4,right,3,32.68
1783408246.2,1902.4,right,4,31.52
1783408246.2,1902.4,right,5,31.50
1783408246.2,1902.4,right,6,31.36
1783408246.2,1902.4,right,7,30.31
1783408251.3,1907.4,left,imu,39.88
1783408251.3,1907.4,left,0,36.66
1783408251.3,1907.4,left,1,38.18
1783408251.3,1907.4,left,2,40.21
1783408251.3,1907.4,left,3,37.90
1783408251.3,1907.4,left,4,38.09
1783408251.3,1907.4,left,5,40.59
1783408251.3,1907.4,left,6,40.23
1783408251.3,1907.4,left,7,38.90
1783408251.3,1907.4,right,imu,29.29
1783408251.3,1907.4,right,0,26.57
1783408251.3,1907.4,right,1,28.20
1783408251.3,1907.4,right,2,31.19
1783408251.3,1907.4,right,3,32.75
1783408251.3,1907.4,right,4,31.52
1783408251.3,1907.4,right,5,31.50
1783408251.3,1907.4,right,6,31.36
1783408251.3,1907.4,right,7,30.24
1783408256.3,1912.5,left,imu,40.03
1783408256.3,1912.5,left,0,36.66
1783408256.3,1912.5,left,1,38.18
1783408256.3,1912.5,left,2,40.13
1783408256.3,1912.5,left,3,37.68
1783408256.3,1912.5,left,4,38.09
1783408256.3,1912.5,left,5,40.51
1783408256.3,1912.5,left,6,40.23
1783408256.3,1912.5,left,7,38.90
1783408256.3,1912.5,right,imu,29.34
1783408256.3,1912.5,right,0,26.50
1783408256.3,1912.5,right,1,28.20
1783408256.3,1912.5,right,2,31.19
1783408256.3,1912.5,right,3,32.68
1783408256.3,1912.5,right,4,31.52
1783408256.3,1912.5,right,5,31.50
1783408256.3,1912.5,right,6,31.36
1783408256.3,1912.5,right,7,30.31
1783408261.4,1917.5,left,imu,40.03
1783408261.4,1917.5,left,0,36.66
1783408261.4,1917.5,left,1,38.18
1783408261.4,1917.5,left,2,40.13
1783408261.4,1917.5,left,3,37.53
1783408261.4,1917.5,left,4,38.01
1783408261.4,1917.5,left,5,40.51
1783408261.4,1917.5,left,6,40.23
1783408261.4,1917.5,left,7,38.90
1783408261.4,1917.5,right,imu,29.34
1783408261.4,1917.5,right,0,26.57
1783408261.4,1917.5,right,1,28.20
1783408261.4,1917.5,right,2,31.27
1783408261.4,1917.5,right,3,32.75
1783408261.4,1917.5,right,4,31.59
1783408261.4,1917.5,right,5,31.50
1783408261.4,1917.5,right,6,31.28
1783408261.4,1917.5,right,7,30.24
1783408266.4,1922.6,left,imu,39.98
1783408266.4,1922.6,left,0,36.66
1783408266.4,1922.6,left,1,38.18
1783408266.4,1922.6,left,2,40.13
1783408266.4,1922.6,left,3,38.13
1783408266.4,1922.6,left,4,38.24
1783408266.4,1922.6,left,5,40.59
1783408266.4,1922.6,left,6,40.15
1783408266.4,1922.6,left,7,38.82
1783408266.4,1922.6,right,imu,29.19
1783408266.4,1922.6,right,0,26.50
1783408266.4,1922.6,right,1,28.20
1783408266.4,1922.6,right,2,31.19
1783408266.4,1922.6,right,3,32.68
1783408266.4,1922.6,right,4,31.59
1783408266.4,1922.6,right,5,31.50
1783408266.4,1922.6,right,6,31.36
1783408266.4,1922.6,right,7,30.24
1783408271.5,1927.6,left,imu,40.03
1783408271.5,1927.6,left,0,36.66
1783408271.5,1927.6,left,1,38.18
1783408271.5,1927.6,left,2,40.05
1783408271.5,1927.6,left,3,38.13
1783408271.5,1927.6,left,4,38.01
1783408271.5,1927.6,left,5,40.51
1783408271.5,1927.6,left,6,40.15
1783408271.5,1927.6,left,7,38.82
1783408271.5,1927.6,right,imu,29.15
1783408271.5,1927.6,right,0,26.50
1783408271.5,1927.6,right,1,28.20
1783408271.5,1927.6,right,2,31.19
1783408271.5,1927.6,right,3,32.68
1783408271.5,1927.6,right,4,31.52
1783408271.5,1927.6,right,5,31.50
1783408271.5,1927.6,right,6,31.28
1783408271.5,1927.6,right,7,30.24
1783408276.5,1932.7,left,imu,39.88
1783408276.5,1932.7,left,0,36.59
1783408276.5,1932.7,left,1,38.18
1783408276.5,1932.7,left,2,40.13
1783408276.5,1932.7,left,3,37.75
1783408276.5,1932.7,left,4,38.09
1783408276.5,1932.7,left,5,40.51
1783408276.5,1932.7,left,6,40.15
1783408276.5,1932.7,left,7,38.82
1783408276.5,1932.7,right,imu,29.43
1783408276.5,1932.7,right,0,26.50
1783408276.5,1932.7,right,1,28.20
1783408276.5,1932.7,right,2,31.19
1783408276.5,1932.7,right,3,32.68
1783408276.5,1932.7,right,4,31.52
1783408276.5,1932.7,right,5,31.50
1783408276.5,1932.7,right,6,31.28
1783408276.5,1932.7,right,7,30.24
1783408281.6,1937.7,left,imu,40.07
1783408281.6,1937.7,left,0,36.59
1783408281.6,1937.7,left,1,38.11
1783408281.6,1937.7,left,2,40.13
1783408281.6,1937.7,left,3,37.83
1783408281.6,1937.7,left,4,37.86
1783408281.6,1937.7,left,5,40.51
1783408281.6,1937.7,left,6,40.15
1783408281.6,1937.7,left,7,38.75
1783408281.6,1937.7,right,imu,29.15
1783408281.6,1937.7,right,0,26.50
1783408281.6,1937.7,right,1,28.20
1783408281.6,1937.7,right,2,31.19
1783408281.6,1937.7,right,3,32.75
1783408281.6,1937.7,right,4,31.52
1783408281.6,1937.7,right,5,31.50
1783408281.6,1937.7,right,6,31.28
1783408281.6,1937.7,right,7,30.24
1783408286.6,1942.8,left,imu,40.03
1783408286.6,1942.8,left,0,36.59
1783408286.6,1942.8,left,1,38.11
1783408286.6,1942.8,left,2,40.05
1783408286.6,1942.8,left,3,37.45
1783408286.6,1942.8,left,4,38.16
1783408286.6,1942.8,left,5,40.51
1783408286.6,1942.8,left,6,40.15
1783408286.6,1942.8,left,7,38.82
1783408286.6,1942.8,right,imu,29.19
1783408286.6,1942.8,right,0,26.50
1783408286.6,1942.8,right,1,28.20
1783408286.6,1942.8,right,2,31.19
1783408286.6,1942.8,right,3,32.75
1783408286.6,1942.8,right,4,31.52
1783408286.6,1942.8,right,5,31.50
1783408286.6,1942.8,right,6,31.28
1783408286.6,1942.8,right,7,30.31
1783408291.7,1947.8,left,imu,39.74
1783408291.7,1947.8,left,0,36.59
1783408291.7,1947.8,left,1,38.18
1783408291.7,1947.8,left,2,40.13
1783408291.7,1947.8,left,3,37.60
1783408291.7,1947.8,left,4,38.16
1783408291.7,1947.8,left,5,40.51
1783408291.7,1947.8,left,6,40.08
1783408291.7,1947.8,left,7,38.82
1783408291.7,1947.8,right,imu,29.19
1783408291.7,1947.8,right,0,26.50
1783408291.7,1947.8,right,1,28.20
1783408291.7,1947.8,right,2,31.19
1783408291.7,1947.8,right,3,32.75
1783408291.7,1947.8,right,4,31.52
1783408291.7,1947.8,right,5,31.50
1783408291.7,1947.8,right,6,31.28
1783408291.7,1947.8,right,7,30.24
1783408296.7,1952.8,left,imu,39.88
1783408296.7,1952.8,left,0,36.59
1783408296.7,1952.8,left,1,38.18
1783408296.7,1952.8,left,2,40.13
1783408296.7,1952.8,left,3,37.75
1783408296.7,1952.8,left,4,38.16
1783408296.7,1952.8,left,5,40.51
1783408296.7,1952.8,left,6,40.08
1783408296.7,1952.8,left,7,38.82
1783408296.7,1952.8,right,imu,29.48
1783408296.7,1952.8,right,0,26.50
1783408296.7,1952.8,right,1,28.20
1783408296.7,1952.8,right,2,31.19
1783408296.7,1952.8,right,3,32.75
1783408296.7,1952.8,right,4,31.52
1783408296.7,1952.8,right,5,31.50
1783408296.7,1952.8,right,6,31.28
1783408296.7,1952.8,right,7,30.24
1783408301.8,1957.9,left,imu,39.98
1783408301.8,1957.9,left,0,36.59
1783408301.8,1957.9,left,1,38.11
1783408301.8,1957.9,left,2,40.13
1783408301.8,1957.9,left,3,37.45
1783408301.8,1957.9,left,4,38.09
1783408301.8,1957.9,left,5,40.44
1783408301.8,1957.9,left,6,40.08
1783408301.8,1957.9,left,7,38.75
1783408301.8,1957.9,right,imu,29.19
1783408301.8,1957.9,right,0,26.50
1783408301.8,1957.9,right,1,28.20
1783408301.8,1957.9,right,2,31.19
1783408301.8,1957.9,right,3,32.75
1783408301.8,1957.9,right,4,31.52
1783408301.8,1957.9,right,5,31.50
1783408301.8,1957.9,right,6,31.28
1783408301.8,1957.9,right,7,30.24
1783408306.8,1962.9,left,imu,40.03
1783408306.8,1962.9,left,0,36.59
1783408306.8,1962.9,left,1,38.11
1783408306.8,1962.9,left,2,40.05
1783408306.8,1962.9,left,3,37.90
1783408306.8,1962.9,left,4,37.93
1783408306.8,1962.9,left,5,40.44
1783408306.8,1962.9,left,6,40.08
1783408306.8,1962.9,left,7,38.75
1783408306.8,1962.9,right,imu,29.15
1783408306.8,1962.9,right,0,26.50
1783408306.8,1962.9,right,1,28.20
1783408306.8,1962.9,right,2,31.19
1783408306.8,1962.9,right,3,32.75
1783408306.8,1962.9,right,4,31.52
1783408306.8,1962.9,right,5,31.50
1783408306.8,1962.9,right,6,31.28
1783408306.8,1962.9,right,7,30.24
1783408311.9,1968.0,left,imu,39.74
1783408311.9,1968.0,left,0,36.59
1783408311.9,1968.0,left,1,38.11
1783408311.9,1968.0,left,2,40.05
1783408311.9,1968.0,left,3,37.68
1783408311.9,1968.0,left,4,38.24
1783408311.9,1968.0,left,5,40.44
1783408311.9,1968.0,left,6,40.08
1783408311.9,1968.0,left,7,38.75
1783408311.9,1968.0,right,imu,29.19
1783408311.9,1968.0,right,0,26.50
1783408311.9,1968.0,right,1,28.20
1783408311.9,1968.0,right,2,31.19
1783408311.9,1968.0,right,3,32.68
1783408311.9,1968.0,right,4,31.52
1783408311.9,1968.0,right,5,31.50
1783408311.9,1968.0,right,6,31.28
1783408311.9,1968.0,right,7,30.16
1783408316.9,1973.0,left,imu,40.07
1783408316.9,1973.0,left,0,36.59
1783408316.9,1973.0,left,1,38.11
1783408316.9,1973.0,left,2,40.05
1783408316.9,1973.0,left,3,37.75
1783408316.9,1973.0,left,4,38.09
1783408316.9,1973.0,left,5,40.44
1783408316.9,1973.0,left,6,40.08
1783408316.9,1973.0,left,7,38.75
1783408316.9,1973.0,right,imu,29.34
1783408316.9,1973.0,right,0,26.50
1783408316.9,1973.0,right,1,28.20
1783408316.9,1973.0,right,2,31.19
1783408316.9,1973.0,right,3,32.68
1783408316.9,1973.0,right,4,31.52
1783408316.9,1973.0,right,5,31.50
1783408316.9,1973.0,right,6,31.28
1783408316.9,1973.0,right,7,30.24
1783408321.9,1978.1,left,imu,39.88
1783408321.9,1978.1,left,0,36.59
1783408321.9,1978.1,left,1,38.11
1783408321.9,1978.1,left,2,40.05
1783408321.9,1978.1,left,3,37.53
1783408321.9,1978.1,left,4,38.01
1783408321.9,1978.1,left,5,40.44
1783408321.9,1978.1,left,6,40.08
1783408321.9,1978.1,left,7,38.67
1783408321.9,1978.1,right,imu,29.29
1783408321.9,1978.1,right,0,26.50
1783408321.9,1978.1,right,1,28.20
1783408321.9,1978.1,right,2,31.19
1783408321.9,1978.1,right,3,32.68
1783408321.9,1978.1,right,4,31.52
1783408321.9,1978.1,right,5,31.50
1783408321.9,1978.1,right,6,31.28
1783408321.9,1978.1,right,7,30.24
1783408327.0,1983.1,left,imu,39.88
1783408327.0,1983.1,left,0,36.59
1783408327.0,1983.1,left,1,38.11
1783408327.0,1983.1,left,2,40.05
1783408327.0,1983.1,left,3,37.83
1783408327.0,1983.1,left,4,38.09
1783408327.0,1983.1,left,5,40.44
1783408327.0,1983.1,left,6,40.00
1783408327.0,1983.1,left,7,38.67
1783408327.0,1983.1,right,imu,29.43
1783408327.0,1983.1,right,0,26.50
1783408327.0,1983.1,right,1,28.20
1783408327.0,1983.1,right,2,31.19
1783408327.0,1983.1,right,3,32.68
1783408327.0,1983.1,right,4,31.52
1783408327.0,1983.1,right,5,31.50
1783408327.0,1983.1,right,6,31.28
1783408327.0,1983.1,right,7,30.24
1783408332.0,1988.2,left,imu,39.98
1783408332.0,1988.2,left,0,36.51
1783408332.0,1988.2,left,1,38.11
1783408332.0,1988.2,left,2,39.98
1783408332.0,1988.2,left,3,37.68
1783408332.0,1988.2,left,4,38.24
1783408332.0,1988.2,left,5,40.44
1783408332.0,1988.2,left,6,40.00
1783408332.0,1988.2,left,7,38.75
1783408332.0,1988.2,right,imu,29.15
1783408332.0,1988.2,right,0,26.50
1783408332.0,1988.2,right,1,28.20
1783408332.0,1988.2,right,2,31.19
1783408332.0,1988.2,right,3,32.68
1783408332.0,1988.2,right,4,31.52
1783408332.0,1988.2,right,5,31.50
1783408332.0,1988.2,right,6,31.28
1783408332.0,1988.2,right,7,30.24
1783408337.1,1993.2,left,imu,39.88
1783408337.1,1993.2,left,0,36.51
1783408337.1,1993.2,left,1,38.03
1783408337.1,1993.2,left,2,39.98
1783408337.1,1993.2,left,3,38.05
1783408337.1,1993.2,left,4,37.41
1783408337.1,1993.2,left,5,40.36
1783408337.1,1993.2,left,6,40.00
1783408337.1,1993.2,left,7,38.67
1783408337.1,1993.2,right,imu,29.34
1783408337.1,1993.2,right,0,26.50
1783408337.1,1993.2,right,1,28.20
1783408337.1,1993.2,right,2,31.19
1783408337.1,1993.2,right,3,32.68
1783408337.1,1993.2,right,4,31.52
1783408337.1,1993.2,right,5,31.50
1783408337.1,1993.2,right,6,31.28
1783408337.1,1993.2,right,7,30.16
1783408342.1,1998.3,left,imu,39.74
1783408342.1,1998.3,left,0,36.51
1783408342.1,1998.3,left,1,38.03
1783408342.1,1998.3,left,2,39.98
1783408342.1,1998.3,left,3,37.38
1783408342.1,1998.3,left,4,38.09
1783408342.1,1998.3,left,5,40.36
1783408342.1,1998.3,left,6,40.00
1783408342.1,1998.3,left,7,38.67
1783408342.1,1998.3,right,imu,29.29
1783408342.1,1998.3,right,0,26.50
1783408342.1,1998.3,right,1,28.20
1783408342.1,1998.3,right,2,31.19
1783408342.1,1998.3,right,3,32.60
1783408342.1,1998.3,right,4,31.52
1783408342.1,1998.3,right,5,31.50
1783408342.1,1998.3,right,6,31.28
1783408342.1,1998.3,right,7,30.16
1783408347.2,2003.3,left,imu,39.83
1783408347.2,2003.3,left,0,36.51
1783408347.2,2003.3,left,1,38.03
1783408347.2,2003.3,left,2,39.98
1783408347.2,2003.3,left,3,37.45
1783408347.2,2003.3,left,4,38.01
1783408347.2,2003.3,left,5,40.36
1783408347.2,2003.3,left,6,40.00
1783408347.2,2003.3,left,7,38.67
1783408347.2,2003.3,right,imu,29.10
1783408347.2,2003.3,right,0,26.50
1783408347.2,2003.3,right,1,28.20
1783408347.2,2003.3,right,2,31.19
1783408347.2,2003.3,right,3,32.68
1783408347.2,2003.3,right,4,31.52
1783408347.2,2003.3,right,5,31.50
1783408347.2,2003.3,right,6,31.28
1783408347.2,2003.3,right,7,30.16
1783408352.2,2008.4,left,imu,39.88
1783408352.2,2008.4,left,0,36.44
1783408352.2,2008.4,left,1,38.03
1783408352.2,2008.4,left,2,39.90
1783408352.2,2008.4,left,3,38.13
1783408352.2,2008.4,left,4,38.61
1783408352.2,2008.4,left,5,40.36
1783408352.2,2008.4,left,6,40.00
1783408352.2,2008.4,left,7,38.67
1783408352.2,2008.4,right,imu,29.29
1783408352.2,2008.4,right,0,26.50
1783408352.2,2008.4,right,1,28.20
1783408352.2,2008.4,right,2,31.19
1783408352.2,2008.4,right,3,32.68
1783408352.2,2008.4,right,4,31.52
1783408352.2,2008.4,right,5,31.50
1783408352.2,2008.4,right,6,31.28
1783408352.2,2008.4,right,7,30.16
1783408357.3,2013.4,left,imu,39.88
1783408357.3,2013.4,left,0,36.44
1783408357.3,2013.4,left,1,38.03
1783408357.3,2013.4,left,2,39.98
1783408357.3,2013.4,left,3,36.92
1783408357.3,2013.4,left,4,38.54
1783408357.3,2013.4,left,5,40.36
1783408357.3,2013.4,left,6,40.00
1783408357.3,2013.4,left,7,38.67
1783408357.3,2013.4,right,imu,29.34
1783408357.3,2013.4,right,0,26.50
1783408357.3,2013.4,right,1,28.20
1783408357.3,2013.4,right,2,31.19
1783408357.3,2013.4,right,3,32.68
1783408357.3,2013.4,right,4,31.52
1783408357.3,2013.4,right,5,31.50
1783408357.3,2013.4,right,6,31.28
1783408357.3,2013.4,right,7,30.16
1783408362.3,2018.5,left,imu,39.88
1783408362.3,2018.5,left,0,36.44
1783408362.3,2018.5,left,1,38.03
1783408362.3,2018.5,left,2,39.98
1783408362.3,2018.5,left,3,38.36
1783408362.3,2018.5,left,4,37.63
1783408362.3,2018.5,left,5,40.36
1783408362.3,2018.5,left,6,40.00
1783408362.3,2018.5,left,7,38.67
1783408362.3,2018.5,right,imu,29.43
1783408362.3,2018.5,right,0,26.50
1783408362.3,2018.5,right,1,28.20
1783408362.3,2018.5,right,2,31.19
1783408362.3,2018.5,right,3,32.60
1783408362.3,2018.5,right,4,31.52
1783408362.3,2018.5,right,5,31.50
1783408362.3,2018.5,right,6,31.20
1783408362.3,2018.5,right,7,30.24
1783408367.4,2023.5,left,imu,39.98
1783408367.4,2023.5,left,0,36.44
1783408367.4,2023.5,left,1,38.03
1783408367.4,2023.5,left,2,39.90
1783408367.4,2023.5,left,3,36.85
1783408367.4,2023.5,left,4,38.39
1783408367.4,2023.5,left,5,40.29
1783408367.4,2023.5,left,6,39.93
1783408367.4,2023.5,left,7,38.67
1783408367.4,2023.5,right,imu,29.34
1783408367.4,2023.5,right,0,26.50
1783408367.4,2023.5,right,1,28.20
1783408367.4,2023.5,right,2,31.19
1783408367.4,2023.5,right,3,32.60
1783408367.4,2023.5,right,4,31.52
1783408367.4,2023.5,right,5,31.50
1783408367.4,2023.5,right,6,31.20
1783408367.4,2023.5,right,7,30.24
1783408372.4,2028.6,left,imu,39.74
1783408372.4,2028.6,left,0,36.44
1783408372.4,2028.6,left,1,37.95
1783408372.4,2028.6,left,2,39.90
1783408372.4,2028.6,left,3,37.30
1783408372.4,2028.6,left,4,37.79
1783408372.4,2028.6,left,5,40.29
1783408372.4,2028.6,left,6,40.00
1783408372.4,2028.6,left,7,38.67
1783408372.4,2028.6,right,imu,29.19
1783408372.4,2028.6,right,0,26.50
1783408372.4,2028.6,right,1,28.20
1783408372.4,2028.6,right,2,31.19
1783408372.4,2028.6,right,3,32.60
1783408372.4,2028.6,right,4,31.44
1783408372.4,2028.6,right,5,31.50
1783408372.4,2028.6,right,6,31.28
1783408372.4,2028.6,right,7,30.24
1783408377.5,2033.6,left,imu,39.88
1783408377.5,2033.6,left,0,36.44
1783408377.5,2033.6,left,1,38.03
1783408377.5,2033.6,left,2,39.90
1783408377.5,2033.6,left,3,38.13
1783408377.5,2033.6,left,4,37.33
1783408377.5,2033.6,left,5,40.29
1783408377.5,2033.6,left,6,39.93
1783408377.5,2033.6,left,7,38.60
1783408377.5,2033.6,right,imu,29.34
1783408377.5,2033.6,right,0,26.50
1783408377.5,2033.6,right,1,28.20
1783408377.5,2033.6,right,2,31.19
1783408377.5,2033.6,right,3,32.60
1783408377.5,2033.6,right,4,31.44
1783408377.5,2033.6,right,5,31.50
1783408377.5,2033.6,right,6,31.28
1783408377.5,2033.6,right,7,30.16
1783408382.5,2038.6,left,imu,39.74
1783408382.5,2038.6,left,0,36.44
1783408382.5,2038.6,left,1,37.95
1783408382.5,2038.6,left,2,39.90
1783408382.5,2038.6,left,3,37.07
1783408382.5,2038.6,left,4,37.63
1783408382.5,2038.6,left,5,40.29
1783408382.5,2038.6,left,6,39.93
1783408382.5,2038.6,left,7,38.60
1783408382.5,2038.6,right,imu,29.15
1783408382.5,2038.6,right,0,26.50
1783408382.5,2038.6,right,1,28.20
1783408382.5,2038.6,right,2,31.19
1783408382.5,2038.6,right,3,32.60
1783408382.5,2038.6,right,4,31.52
1783408382.5,2038.6,right,5,31.50
1783408382.5,2038.6,right,6,31.28
1783408382.5,2038.6,right,7,30.24
1783408387.6,2043.7,left,imu,39.88
1783408387.6,2043.7,left,0,36.44
1783408387.6,2043.7,left,1,38.03
1783408387.6,2043.7,left,2,39.90
1783408387.6,2043.7,left,3,37.83
1783408387.6,2043.7,left,4,37.63
1783408387.6,2043.7,left,5,40.29
1783408387.6,2043.7,left,6,39.93
1783408387.6,2043.7,left,7,38.67
1783408387.6,2043.7,right,imu,29.15
1783408387.6,2043.7,right,0,26.50
1783408387.6,2043.7,right,1,28.20
1783408387.6,2043.7,right,2,31.19
1783408387.6,2043.7,right,3,32.52
1783408387.6,2043.7,right,4,31.52
1783408387.6,2043.7,right,5,31.50
1783408387.6,2043.7,right,6,31.28
1783408387.6,2043.7,right,7,30.16
1783408392.6,2048.7,left,imu,39.83
1783408392.6,2048.7,left,0,36.44
1783408392.6,2048.7,left,1,38.03
1783408392.6,2048.7,left,2,39.83
1783408392.6,2048.7,left,3,37.30
1783408392.6,2048.7,left,4,37.71
1783408392.6,2048.7,left,5,40.29
1783408392.6,2048.7,left,6,39.93
1783408392.6,2048.7,left,7,38.60
1783408392.6,2048.7,right,imu,29.15
1783408392.6,2048.7,right,0,26.43
1783408392.6,2048.7,right,1,28.20
1783408392.6,2048.7,right,2,31.19
1783408392.6,2048.7,right,3,32.52
1783408392.6,2048.7,right,4,31.44
1783408392.6,2048.7,right,5,31.50
1783408392.6,2048.7,right,6,31.20
1783408392.6,2048.7,right,7,30.16
1783408397.7,2053.8,left,imu,39.50
1783408397.7,2053.8,left,0,36.36
1783408397.7,2053.8,left,1,37.95
1783408397.7,2053.8,left,2,39.83
1783408397.7,2053.8,left,3,37.38
1783408397.7,2053.8,left,4,37.93
1783408397.7,2053.8,left,5,40.29
1783408397.7,2053.8,left,6,39.85
1783408397.7,2053.8,left,7,38.60
1783408397.7,2053.8,right,imu,29.34
1783408397.7,2053.8,right,0,26.50
1783408397.7,2053.8,right,1,28.12
1783408397.7,2053.8,right,2,31.19
1783408397.7,2053.8,right,3,32.52
1783408397.7,2053.8,right,4,31.44
1783408397.7,2053.8,right,5,31.50
1783408397.7,2053.8,right,6,31.28
1783408397.7,2053.8,right,7,30.16
1783408402.7,2058.8,left,imu,39.74
1783408402.7,2058.8,left,0,36.36
1783408402.7,2058.8,left,1,37.95
1783408402.7,2058.8,left,2,39.83
1783408402.7,2058.8,left,3,37.45
1783408402.7,2058.8,left,4,37.79
1783408402.7,2058.8,left,5,40.29
1783408402.7,2058.8,left,6,39.85
1783408402.7,2058.8,left,7,38.60
1783408402.7,2058.8,right,imu,29.63
1783408402.7,2058.8,right,0,26.50
1783408402.7,2058.8,right,1,28.20
1783408402.7,2058.8,right,2,31.19
1783408402.7,2058.8,right,3,32.60
1783408402.7,2058.8,right,4,31.44
1783408402.7,2058.8,right,5,31.50
1783408402.7,2058.8,right,6,31.28
1783408402.7,2058.8,right,7,30.16
1783408407.7,2063.9,left,imu,39.64
1783408407.7,2063.9,left,0,36.36
1783408407.7,2063.9,left,1,37.95
1783408407.7,2063.9,left,2,39.83
1783408407.7,2063.9,left,3,37.53
1783408407.7,2063.9,left,4,37.93
1783408407.7,2063.9,left,5,40.29
1783408407.7,2063.9,left,6,39.85
1783408407.7,2063.9,left,7,38.60
1783408407.7,2063.9,right,imu,29.29
1783408407.7,2063.9,right,0,26.50
1783408407.7,2063.9,right,1,28.12
1783408407.7,2063.9,right,2,31.19
1783408407.7,2063.9,right,3,32.52
1783408407.7,2063.9,right,4,31.52
1783408407.7,2063.9,right,5,31.50
1783408407.7,2063.9,right,6,31.20
1783408407.7,2063.9,right,7,30.16
1783408412.8,2068.9,left,imu,39.69
1783408412.8,2068.9,left,0,36.36
1783408412.8,2068.9,left,1,37.95
1783408412.8,2068.9,left,2,39.90
1783408412.8,2068.9,left,3,37.60
1783408412.8,2068.9,left,4,37.71
1783408412.8,2068.9,left,5,40.21
1783408412.8,2068.9,left,6,39.85
1783408412.8,2068.9,left,7,38.60
1783408412.8,2068.9,right,imu,29.15
1783408412.8,2068.9,right,0,26.50
1783408412.8,2068.9,right,1,28.20
1783408412.8,2068.9,right,2,31.19
1783408412.8,2068.9,right,3,32.52
1783408412.8,2068.9,right,4,31.44
1783408412.8,2068.9,right,5,31.50
1783408412.8,2068.9,right,6,31.20
1783408412.8,2068.9,right,7,30.16
1783408417.8,2074.0,left,imu,39.50
1783408417.8,2074.0,left,0,36.36
1783408417.8,2074.0,left,1,37.95
1783408417.8,2074.0,left,2,39.83
1783408417.8,2074.0,left,3,37.53
1783408417.8,2074.0,left,4,37.63
1783408417.8,2074.0,left,5,40.21
1783408417.8,2074.0,left,6,39.85
1783408417.8,2074.0,left,7,38.60
1783408417.8,2074.0,right,imu,29.43
1783408417.8,2074.0,right,0,26.43
1783408417.8,2074.0,right,1,28.12
1783408417.8,2074.0,right,2,31.19
1783408417.8,2074.0,right,3,32.52
1783408417.8,2074.0,right,4,31.52
1783408417.8,2074.0,right,5,31.50
1783408417.8,2074.0,right,6,31.13
1783408417.8,2074.0,right,7,30.16
1783408422.9,2079.0,left,imu,39.88
1783408422.9,2079.0,left,0,36.36
1783408422.9,2079.0,left,1,37.88
1783408422.9,2079.0,left,2,39.83
1783408422.9,2079.0,left,3,37.60
1783408422.9,2079.0,left,4,37.79
1783408422.9,2079.0,left,5,40.21
1783408422.9,2079.0,left,6,39.85
1783408422.9,2079.0,left,7,38.52
1783408422.9,2079.0,right,imu,29.43
1783408422.9,2079.0,right,0,26.43
1783408422.9,2079.0,right,1,28.12
1783408422.9,2079.0,right,2,31.19
1783408422.9,2079.0,right,3,32.45
1783408422.9,2079.0,right,4,31.52
1783408422.9,2079.0,right,5,31.50
1783408422.9,2079.0,right,6,31.13
1783408422.9,2079.0,right,7,30.16
1783408427.9,2084.1,left,imu,39.98
1783408427.9,2084.1,left,0,36.36
1783408427.9,2084.1,left,1,37.88
1783408427.9,2084.1,left,2,39.75
1783408427.9,2084.1,left,3,37.75
1783408427.9,2084.1,left,4,37.56
1783408427.9,2084.1,left,5,40.21
1783408427.9,2084.1,left,6,39.85
1783408427.9,2084.1,left,7,38.52
1783408427.9,2084.1,right,imu,29.15
1783408427.9,2084.1,right,0,26.43
1783408427.9,2084.1,right,1,28.12
1783408427.9,2084.1,right,2,31.19
1783408427.9,2084.1,right,3,32.45
1783408427.9,2084.1,right,4,31.44
1783408427.9,2084.1,right,5,31.50
1783408427.9,2084.1,right,6,31.13
1783408427.9,2084.1,right,7,30.16
1783408433.0,2089.1,left,imu,39.88
1783408433.0,2089.1,left,0,36.36
1783408433.0,2089.1,left,1,37.88
1783408433.0,2089.1,left,2,39.83
1783408433.0,2089.1,left,3,37.38
1783408433.0,2089.1,left,4,37.48
1783408433.0,2089.1,left,5,40.21
1783408433.0,2089.1,left,6,39.77
1783408433.0,2089.1,left,7,38.52
1783408433.0,2089.1,right,imu,29.19
1783408433.0,2089.1,right,0,26.43
1783408433.0,2089.1,right,1,28.12
1783408433.0,2089.1,right,2,31.19
1783408433.0,2089.1,right,3,32.45
1783408433.0,2089.1,right,4,31.44
1783408433.0,2089.1,right,5,31.50
1783408433.0,2089.1,right,6,31.13
1783408433.0,2089.1,right,7,30.16
1783408438.0,2094.2,left,imu,39.74
1783408438.0,2094.2,left,0,36.36
1783408438.0,2094.2,left,1,37.88
1783408438.0,2094.2,left,2,39.83
1783408438.0,2094.2,left,3,37.00
1783408438.0,2094.2,left,4,37.48
1783408438.0,2094.2,left,5,40.14
1783408438.0,2094.2,left,6,39.85
1783408438.0,2094.2,left,7,38.52
1783408438.0,2094.2,right,imu,29.29
1783408438.0,2094.2,right,0,26.43
1783408438.0,2094.2,right,1,28.12
1783408438.0,2094.2,right,2,31.19
1783408438.0,2094.2,right,3,32.45
1783408438.0,2094.2,right,4,31.44
1783408438.0,2094.2,right,5,31.50
1783408438.0,2094.2,right,6,31.13
1783408438.0,2094.2,right,7,30.24
1783408443.1,2099.2,left,imu,39.88
1783408443.1,2099.2,left,0,36.29
1783408443.1,2099.2,left,1,37.80
1783408443.1,2099.2,left,2,39.83
1783408443.1,2099.2,left,3,37.45
1783408443.1,2099.2,left,4,37.48
1783408443.1,2099.2,left,5,40.14
1783408443.1,2099.2,left,6,39.85
1783408443.1,2099.2,left,7,38.45
1783408443.1,2099.2,right,imu,29.19
1783408443.1,2099.2,right,0,26.43
1783408443.1,2099.2,right,1,28.20
1783408443.1,2099.2,right,2,31.19
1783408443.1,2099.2,right,3,32.45
1783408443.1,2099.2,right,4,31.44
1783408443.1,2099.2,right,5,31.50
1783408443.1,2099.2,right,6,31.13
1783408443.1,2099.2,right,7,30.16
1783408448.1,2104.2,left,imu,39.55
1783408448.1,2104.2,left,0,36.29
1783408448.1,2104.2,left,1,37.80
1783408448.1,2104.2,left,2,39.75
1783408448.1,2104.2,left,3,37.53
1783408448.1,2104.2,left,4,37.79
1783408448.1,2104.2,left,5,40.14
1783408448.1,2104.2,left,6,39.77
1783408448.1,2104.2,left,7,38.45
1783408448.1,2104.2,right,imu,29.34
1783408448.1,2104.2,right,0,26.43
1783408448.1,2104.2,right,1,28.12
1783408448.1,2104.2,right,2,31.19
1783408448.1,2104.2,right,3,32.45
1783408448.1,2104.2,right,4,31.44
1783408448.1,2104.2,right,5,31.50
1783408448.1,2104.2,right,6,31.20
1783408448.1,2104.2,right,7,30.16
1783408453.2,2109.3,left,imu,39.64
1783408453.2,2109.3,left,0,36.29
1783408453.2,2109.3,left,1,37.80
1783408453.2,2109.3,left,2,39.83
1783408453.2,2109.3,left,3,37.22
1783408453.2,2109.3,left,4,37.56
1783408453.2,2109.3,left,5,40.14
1783408453.2,2109.3,left,6,39.77
1783408453.2,2109.3,left,7,38.52
1783408453.2,2109.3,right,imu,29.15
1783408453.2,2109.3,right,0,26.50
1783408453.2,2109.3,right,1,28.12
1783408453.2,2109.3,right,2,31.19
1783408453.2,2109.3,right,3,32.52
1783408453.2,2109.3,right,4,31.44
1783408453.2,2109.3,right,5,31.50
1783408453.2,2109.3,right,6,31.05
1783408453.2,2109.3,right,7,30.16
1783408458.2,2114.3,left,imu,39.69
1783408458.2,2114.3,left,0,36.29
1783408458.2,2114.3,left,1,37.88
1783408458.2,2114.3,left,2,39.75
1783408458.2,2114.3,left,3,37.38
1783408458.2,2114.3,left,4,37.18
1783408458.2,2114.3,left,5,40.14
1783408458.2,2114.3,left,6,39.70
1783408458.2,2114.3,left,7,38.45
1783408458.2,2114.3,right,imu,29.15
1783408458.2,2114.3,right,0,26.43
1783408458.2,2114.3,right,1,28.12
1783408458.2,2114.3,right,2,31.19
1783408458.2,2114.3,right,3,32.45
1783408458.2,2114.3,right,4,31.44
1783408458.2,2114.3,right,5,31.43
1783408458.2,2114.3,right,6,31.13
1783408458.2,2114.3,right,7,30.16
1783408463.3,2119.4,left,imu,39.69
1783408463.3,2119.4,left,0,36.29
1783408463.3,2119.4,left,1,37.80
1783408463.3,2119.4,left,2,39.75
1783408463.3,2119.4,left,3,37.30
1783408463.3,2119.4,left,4,37.71
1783408463.3,2119.4,left,5,40.14
1783408463.3,2119.4,left,6,39.77
1783408463.3,2119.4,left,7,38.45
1783408463.3,2119.4,right,imu,29.43
1783408463.3,2119.4,right,0,26.43
1783408463.3,2119.4,right,1,28.12
1783408463.3,2119.4,right,2,31.19
1783408463.3,2119.4,right,3,32.45
1783408463.3,2119.4,right,4,31.44
1783408463.3,2119.4,right,5,31.43
1783408463.3,2119.4,right,6,31.13
1783408463.3,2119.4,right,7,30.09
1783408468.3,2124.4,left,imu,39.69
1783408468.3,2124.4,left,0,36.29
1783408468.3,2124.4,left,1,37.80
1783408468.3,2124.4,left,2,39.75
1783408468.3,2124.4,left,3,37.60
1783408468.3,2124.4,left,4,37.48
1783408468.3,2124.4,left,5,40.14
1783408468.3,2124.4,left,6,39.77
1783408468.3,2124.4,left,7,38.45
1783408468.3,2124.4,right,imu,29.15
1783408468.3,2124.4,right,0,26.43
1783408468.3,2124.4,right,1,28.12
1783408468.3,2124.4,right,2,31.19
1783408468.3,2124.4,right,3,32.45
1783408468.3,2124.4,right,4,31.44
1783408468.3,2124.4,right,5,31.43
1783408468.3,2124.4,right,6,31.05
1783408468.3,2124.4,right,7,30.09
1783408473.3,2129.5,left,imu,39.74
1783408473.3,2129.5,left,0,36.29
1783408473.3,2129.5,left,1,37.80
1783408473.3,2129.5,left,2,39.75
1783408473.3,2129.5,left,3,37.53
1783408473.3,2129.5,left,4,37.63
1783408473.3,2129.5,left,5,40.14
1783408473.3,2129.5,left,6,39.77
1783408473.3,2129.5,left,7,38.37
1783408473.3,2129.5,right,imu,29.43
1783408473.3,2129.5,right,0,26.43
1783408473.3,2129.5,right,1,28.04
1783408473.3,2129.5,right,2,31.19
1783408473.3,2129.5,right,3,32.37
1783408473.3,2129.5,right,4,31.44
1783408473.3,2129.5,right,5,31.50
1783408473.3,2129.5,right,6,31.05
1783408473.3,2129.5,right,7,30.16
1783408478.4,2134.5,left,imu,39.88
1783408478.4,2134.5,left,0,36.21
1783408478.4,2134.5,left,1,37.80
1783408478.4,2134.5,left,2,39.68
1783408478.4,2134.5,left,3,37.30
1783408478.4,2134.5,left,4,37.79
1783408478.4,2134.5,left,5,40.14
1783408478.4,2134.5,left,6,39.77
1783408478.4,2134.5,left,7,38.45
1783408478.4,2134.5,right,imu,29.15
1783408478.4,2134.5,right,0,26.43
1783408478.4,2134.5,right,1,28.12
1783408478.4,2134.5,right,2,31.19
1783408478.4,2134.5,right,3,32.37
1783408478.4,2134.5,right,4,31.44
1783408478.4,2134.5,right,5,31.43
1783408478.4,2134.5,right,6,31.05
1783408478.4,2134.5,right,7,30.16
1783408483.4,2139.6,left,imu,39.64
1783408483.4,2139.6,left,0,36.21
1783408483.4,2139.6,left,1,37.80
1783408483.4,2139.6,left,2,39.68
1783408483.4,2139.6,left,3,37.15
1783408483.4,2139.6,left,4,37.79
1783408483.4,2139.6,left,5,40.14
1783408483.4,2139.6,left,6,39.70
1783408483.4,2139.6,left,7,38.37
1783408483.4,2139.6,right,imu,29.34
1783408483.4,2139.6,right,0,26.50
1783408483.4,2139.6,right,1,28.04
1783408483.4,2139.6,right,2,31.19
1783408483.4,2139.6,right,3,32.45
1783408483.4,2139.6,right,4,31.44
1783408483.4,2139.6,right,5,31.50
1783408483.4,2139.6,right,6,31.05
1783408483.4,2139.6,right,7,30.09
1783408488.5,2144.6,left,imu,39.64
1783408488.5,2144.6,left,0,36.29
1783408488.5,2144.6,left,1,37.80
1783408488.5,2144.6,left,2,39.68
1783408488.5,2144.6,left,3,37.30
1783408488.5,2144.6,left,4,37.56
1783408488.5,2144.6,left,5,40.06
1783408488.5,2144.6,left,6,39.70
1783408488.5,2144.6,left,7,38.37
1783408488.5,2144.6,right,imu,29.19
1783408488.5,2144.6,right,0,26.43
1783408488.5,2144.6,right,1,28.20
1783408488.5,2144.6,right,2,31.19
1783408488.5,2144.6,right,3,32.45
1783408488.5,2144.6,right,4,31.44
1783408488.5,2144.6,right,5,31.50
1783408488.5,2144.6,right,6,31.05
1783408488.5,2144.6,right,7,30.09
1783408493.5,2149.7,left,imu,39.69
1783408493.5,2149.7,left,0,36.29
1783408493.5,2149.7,left,1,37.80
1783408493.5,2149.7,left,2,39.68
1783408493.5,2149.7,left,3,37.38
1783408493.5,2149.7,left,4,37.25
1783408493.5,2149.7,left,5,40.06
1783408493.5,2149.7,left,6,39.70
1783408493.5,2149.7,left,7,38.37
1783408493.5,2149.7,right,imu,29.15
1783408493.5,2149.7,right,0,26.50
1783408493.5,2149.7,right,1,28.12
1783408493.5,2149.7,right,2,31.19
1783408493.5,2149.7,right,3,32.45
1783408493.5,2149.7,right,4,31.44
1783408493.5,2149.7,right,5,31.35
1783408493.5,2149.7,right,6,31.05
1783408493.5,2149.7,right,7,30.09
1783408498.6,2154.7,left,imu,39.64
1783408498.6,2154.7,left,0,36.21
1783408498.6,2154.7,left,1,37.80
1783408498.6,2154.7,left,2,39.68
1783408498.6,2154.7,left,3,37.22
1783408498.6,2154.7,left,4,37.56
1783408498.6,2154.7,left,5,40.06
1783408498.6,2154.7,left,6,39.70
1783408498.6,2154.7,left,7,38.37
1783408498.6,2154.7,right,imu,29.10
1783408498.6,2154.7,right,0,26.43
1783408498.6,2154.7,right,1,28.20
1783408498.6,2154.7,right,2,31.19
1783408498.6,2154.7,right,3,32.45
1783408498.6,2154.7,right,4,31.44
1783408498.6,2154.7,right,5,31.43
1783408498.6,2154.7,right,6,31.05
1783408498.6,2154.7,right,7,30.01
1783408503.6,2159.7,left,imu,39.50
1783408503.6,2159.7,left,0,36.21
1783408503.6,2159.7,left,1,37.73
1783408503.6,2159.7,left,2,39.60
1783408503.6,2159.7,left,3,37.15
1783408503.6,2159.7,left,4,37.79
1783408503.6,2159.7,left,5,40.06
1783408503.6,2159.7,left,6,39.62
1783408503.6,2159.7,left,7,38.29
1783408503.6,2159.7,right,imu,29.19
1783408503.6,2159.7,right,0,26.43
1783408503.6,2159.7,right,1,28.04
1783408503.6,2159.7,right,2,31.19
1783408503.6,2159.7,right,3,32.45
1783408503.6,2159.7,right,4,31.44
1783408503.6,2159.7,right,5,31.35
1783408503.6,2159.7,right,6,31.13
1783408503.6,2159.7,right,7,30.09
1783408508.7,2164.8,left,imu,39.50
1783408508.7,2164.8,left,0,36.21
1783408508.7,2164.8,left,1,37.80
1783408508.7,2164.8,left,2,39.68
1783408508.7,2164.8,left,3,37.53
1783408508.7,2164.8,left,4,37.71
1783408508.7,2164.8,left,5,40.06
1783408508.7,2164.8,left,6,39.62
1783408508.7,2164.8,left,7,38.37
1783408508.7,2164.8,right,imu,29.10
1783408508.7,2164.8,right,0,26.43
1783408508.7,2164.8,right,1,28.12
1783408508.7,2164.8,right,2,31.19
1783408508.7,2164.8,right,3,32.37
1783408508.7,2164.8,right,4,31.44
1783408508.7,2164.8,right,5,31.35
1783408508.7,2164.8,right,6,31.05
1783408508.7,2164.8,right,7,30.09
1783408513.7,2169.8,left,imu,39.64
1783408513.7,2169.8,left,0,36.21
1783408513.7,2169.8,left,1,37.73
1783408513.7,2169.8,left,2,39.60
1783408513.7,2169.8,left,3,37.30
1783408513.7,2169.8,left,4,37.56
1783408513.7,2169.8,left,5,39.99
1783408513.7,2169.8,left,6,39.70
1783408513.7,2169.8,left,7,38.37
1783408513.7,2169.8,right,imu,29.15
1783408513.7,2169.8,right,0,26.50
1783408513.7,2169.8,right,1,28.04
1783408513.7,2169.8,right,2,31.19
1783408513.7,2169.8,right,3,32.37
1783408513.7,2169.8,right,4,31.44
1783408513.7,2169.8,right,5,31.35
1783408513.7,2169.8,right,6,31.13
1783408513.7,2169.8,right,7,30.09
1783408518.8,2174.9,left,imu,39.69
1783408518.8,2174.9,left,0,36.21
1783408518.8,2174.9,left,1,37.73
1783408518.8,2174.9,left,2,39.68
1783408518.8,2174.9,left,3,37.15
1783408518.8,2174.9,left,4,37.86
1783408518.8,2174.9,left,5,39.99
1783408518.8,2174.9,left,6,39.70
1783408518.8,2174.9,left,7,38.37
1783408518.8,2174.9,right,imu,29.10
1783408518.8,2174.9,right,0,26.43
1783408518.8,2174.9,right,1,28.12
1783408518.8,2174.9,right,2,31.19
1783408518.8,2174.9,right,3,32.37
1783408518.8,2174.9,right,4,31.44
1783408518.8,2174.9,right,5,31.35
1783408518.8,2174.9,right,6,31.05
1783408518.8,2174.9,right,7,30.01
1783408523.8,2179.9,left,imu,39.64
1783408523.8,2179.9,left,0,36.21
1783408523.8,2179.9,left,1,37.73
1783408523.8,2179.9,left,2,39.60
1783408523.8,2179.9,left,3,37.22
1783408523.8,2179.9,left,4,37.33
1783408523.8,2179.9,left,5,39.99
1783408523.8,2179.9,left,6,39.62
1783408523.8,2179.9,left,7,38.29
1783408523.8,2179.9,right,imu,29.10
1783408523.8,2179.9,right,0,26.50
1783408523.8,2179.9,right,1,28.04
1783408523.8,2179.9,right,2,31.19
1783408523.8,2179.9,right,3,32.45
1783408523.8,2179.9,right,4,31.44
1783408523.8,2179.9,right,5,31.35
1783408523.8,2179.9,right,6,31.05
1783408523.8,2179.9,right,7,30.01
1783408528.8,2185.0,left,imu,39.50
1783408528.8,2185.0,left,0,36.13
1783408528.8,2185.0,left,1,37.73
1783408528.8,2185.0,left,2,39.60
1783408528.8,2185.0,left,3,37.38
1783408528.8,2185.0,left,4,37.71
1783408528.8,2185.0,left,5,40.06
1783408528.8,2185.0,left,6,39.62
1783408528.8,2185.0,left,7,38.37
1783408528.8,2185.0,right,imu,29.15
1783408528.8,2185.0,right,0,26.43
1783408528.8,2185.0,right,1,28.12
1783408528.8,2185.0,right,2,31.19
1783408528.8,2185.0,right,3,32.45
1783408528.8,2185.0,right,4,31.44
1783408528.8,2185.0,right,5,31.35
1783408528.8,2185.0,right,6,31.05
1783408528.8,2185.0,right,7,30.01
1783408533.9,2190.0,left,imu,39.31
1783408533.9,2190.0,left,0,36.21
1783408533.9,2190.0,left,1,37.73
1783408533.9,2190.0,left,2,39.60
1783408533.9,2190.0,left,3,37.22
1783408533.9,2190.0,left,4,37.63
1783408533.9,2190.0,left,5,39.99
1783408533.9,2190.0,left,6,39.62
1783408533.9,2190.0,left,7,38.37
1783408533.9,2190.0,right,imu,29.00
1783408533.9,2190.0,right,0,26.43
1783408533.9,2190.0,right,1,28.04
1783408533.9,2190.0,right,2,31.19
1783408533.9,2190.0,right,3,32.37
1783408533.9,2190.0,right,4,31.44
1783408533.9,2190.0,right,5,31.35
1783408533.9,2190.0,right,6,31.05
1783408533.9,2190.0,right,7,30.01
1783408538.9,2195.1,left,imu,39.55
1783408538.9,2195.1,left,0,36.13
1783408538.9,2195.1,left,1,37.73
1783408538.9,2195.1,left,2,39.60
1783408538.9,2195.1,left,3,37.00
1783408538.9,2195.1,left,4,37.71
1783408538.9,2195.1,left,5,40.06
1783408538.9,2195.1,left,6,39.62
1783408538.9,2195.1,left,7,38.37
1783408538.9,2195.1,right,imu,29.15
1783408538.9,2195.1,right,0,26.43
1783408538.9,2195.1,right,1,28.04
1783408538.9,2195.1,right,2,31.19
1783408538.9,2195.1,right,3,32.37
1783408538.9,2195.1,right,4,31.44
1783408538.9,2195.1,right,5,31.27
1783408538.9,2195.1,right,6,31.05
1783408538.9,2195.1,right,7,30.01
1783408544.0,2200.1,left,imu,39.69
1783408544.0,2200.1,left,0,36.13
1783408544.0,2200.1,left,1,37.65
1783408544.0,2200.1,left,2,39.60
1783408544.0,2200.1,left,3,36.92
1783408544.0,2200.1,left,4,37.63
1783408544.0,2200.1,left,5,39.99
1783408544.0,2200.1,left,6,39.62
1783408544.0,2200.1,left,7,38.37
1783408544.0,2200.1,right,imu,29.10
1783408544.0,2200.1,right,0,26.43
1783408544.0,2200.1,right,1,28.04
1783408544.0,2200.1,right,2,31.19
1783408544.0,2200.1,right,3,32.37
1783408544.0,2200.1,right,4,31.44
1783408544.0,2200.1,right,5,31.35
1783408544.0,2200.1,right,6,30.98
1783408544.0,2200.1,right,7,30.01
1783408549.0,2205.2,left,imu,39.69
1783408549.0,2205.2,left,0,36.21
1783408549.0,2205.2,left,1,37.73
1783408549.0,2205.2,left,2,39.60
1783408549.0,2205.2,left,3,37.22
1783408549.0,2205.2,left,4,37.86
1783408549.0,2205.2,left,5,39.99
1783408549.0,2205.2,left,6,39.62
1783408549.0,2205.2,left,7,38.29
1783408549.0,2205.2,right,imu,29.15
1783408549.0,2205.2,right,0,26.43
1783408549.0,2205.2,right,1,27.97
1783408549.0,2205.2,right,2,31.19
1783408549.0,2205.2,right,3,32.37
1783408549.0,2205.2,right,4,31.37
1783408549.0,2205.2,right,5,31.35
1783408549.0,2205.2,right,6,30.98
1783408549.0,2205.2,right,7,30.01
1783408554.1,2210.2,left,imu,39.69
1783408554.1,2210.2,left,0,36.13
1783408554.1,2210.2,left,1,37.65
1783408554.1,2210.2,left,2,39.60
1783408554.1,2210.2,left,3,37.30
1783408554.1,2210.2,left,4,37.33
1783408554.1,2210.2,left,5,39.99
1783408554.1,2210.2,left,6,39.62
1783408554.1,2210.2,left,7,38.29
1783408554.1,2210.2,right,imu,29.34
1783408554.1,2210.2,right,0,26.43
1783408554.1,2210.2,right,1,28.04
1783408554.1,2210.2,right,2,31.19
1783408554.1,2210.2,right,3,32.37
1783408554.1,2210.2,right,4,31.44
1783408554.1,2210.2,right,5,31.20
1783408554.1,2210.2,right,6,30.98
1783408554.1,2210.2,right,7,30.01
1783408559.1,2215.2,left,imu,39.50
1783408559.1,2215.2,left,0,36.13
1783408559.1,2215.2,left,1,37.65
1783408559.1,2215.2,left,2,39.60
1783408559.1,2215.2,left,3,37.00
1783408559.1,2215.2,left,4,37.63
1783408559.1,2215.2,left,5,39.99
1783408559.1,2215.2,left,6,39.62
1783408559.1,2215.2,left,7,38.29
1783408559.1,2215.2,right,imu,29.34
1783408559.1,2215.2,right,0,26.43
1783408559.1,2215.2,right,1,28.04
1783408559.1,2215.2,right,2,31.19
1783408559.1,2215.2,right,3,32.37
1783408559.1,2215.2,right,4,31.44
1783408559.1,2215.2,right,5,31.20
1783408559.1,2215.2,right,6,31.05
1783408559.1,2215.2,right,7,30.01
1783408564.2,2220.3,left,imu,39.64
1783408564.2,2220.3,left,0,36.13
1783408564.2,2220.3,left,1,37.65
1783408564.2,2220.3,left,2,39.53
1783408564.2,2220.3,left,3,37.00
1783408564.2,2220.3,left,4,37.18
1783408564.2,2220.3,left,5,39.91
1783408564.2,2220.3,left,6,39.62
1783408564.2,2220.3,left,7,38.29
1783408564.2,2220.3,right,imu,29.43
1783408564.2,2220.3,right,0,26.50
1783408564.2,2220.3,right,1,27.97
1783408564.2,2220.3,right,2,31.19
1783408564.2,2220.3,right,3,32.37
1783408564.2,2220.3,right,4,31.44
1783408564.2,2220.3,right,5,31.27
1783408564.2,2220.3,right,6,30.98
1783408564.2,2220.3,right,7,30.01
1783408569.2,2225.3,left,imu,39.64
1783408569.2,2225.3,left,0,36.13
1783408569.2,2225.3,left,1,37.65
1783408569.2,2225.3,left,2,39.53
1783408569.2,2225.3,left,3,37.30
1783408569.2,2225.3,left,4,37.48
1783408569.2,2225.3,left,5,39.91
1783408569.2,2225.3,left,6,39.55
1783408569.2,2225.3,left,7,38.29
1783408569.2,2225.3,right,imu,29.15
1783408569.2,2225.3,right,0,26.43
1783408569.2,2225.3,right,1,28.04
1783408569.2,2225.3,right,2,31.19
1783408569.2,2225.3,right,3,32.45
1783408569.2,2225.3,right,4,31.44
1783408569.2,2225.3,right,5,31.27
1783408569.2,2225.3,right,6,30.98
1783408569.2,2225.3,right,7,30.01
1783408574.3,2230.4,left,imu,39.55
1783408574.3,2230.4,left,0,36.13
1783408574.3,2230.4,left,1,37.65
1783408574.3,2230.4,left,2,39.53
1783408574.3,2230.4,left,3,37.22
1783408574.3,2230.4,left,4,37.33
1783408574.3,2230.4,left,5,39.99
1783408574.3,2230.4,left,6,39.55
1783408574.3,2230.4,left,7,38.29
1783408574.3,2230.4,right,imu,29.53
1783408574.3,2230.4,right,0,26.43
1783408574.3,2230.4,right,1,28.04
1783408574.3,2230.4,right,2,31.19
1783408574.3,2230.4,right,3,32.45
1783408574.3,2230.4,right,4,31.44
1783408574.3,2230.4,right,5,31.27
1783408574.3,2230.4,right,6,30.98
1783408574.3,2230.4,right,7,30.01
1783408579.3,2235.4,left,imu,39.64
1783408579.3,2235.4,left,0,36.06
1783408579.3,2235.4,left,1,37.57
1783408579.3,2235.4,left,2,39.53
1783408579.3,2235.4,left,3,37.15
1783408579.3,2235.4,left,4,37.86
1783408579.3,2235.4,left,5,39.91
1783408579.3,2235.4,left,6,39.55
1783408579.3,2235.4,left,7,38.22
1783408579.3,2235.4,right,imu,29.19
1783408579.3,2235.4,right,0,26.43
1783408579.3,2235.4,right,1,28.12
1783408579.3,2235.4,right,2,31.19
1783408579.3,2235.4,right,3,32.37
1783408579.3,2235.4,right,4,31.44
1783408579.3,2235.4,right,5,31.20
1783408579.3,2235.4,right,6,30.98
1783408579.3,2235.4,right,7,30.01
1783408584.4,2240.5,left,imu,39.35
1783408584.4,2240.5,left,0,36.13
1783408584.4,2240.5,left,1,37.65
1783408584.4,2240.5,left,2,39.53
1783408584.4,2240.5,left,3,37.07
1783408584.4,2240.5,left,4,37.25
1783408584.4,2240.5,left,5,39.91
1783408584.4,2240.5,left,6,39.55
1783408584.4,2240.5,left,7,38.29
1783408584.4,2240.5,right,imu,29.15
1783408584.4,2240.5,right,0,26.43
1783408584.4,2240.5,right,1,28.12
1783408584.4,2240.5,right,2,31.19
1783408584.4,2240.5,right,3,32.37
1783408584.4,2240.5,right,4,31.44
1783408584.4,2240.5,right,5,31.20
1783408584.4,2240.5,right,6,30.98
1783408584.4,2240.5,right,7,30.01
1783408589.4,2245.5,left,imu,39.45
1783408589.4,2245.5,left,0,36.06
1783408589.4,2245.5,left,1,37.57
1783408589.4,2245.5,left,2,39.53
1783408589.4,2245.5,left,3,37.30
1783408589.4,2245.5,left,4,37.56
1783408589.4,2245.5,left,5,39.91
1783408589.4,2245.5,left,6,39.55
1783408589.4,2245.5,left,7,38.22
1783408589.4,2245.5,right,imu,29.34
1783408589.4,2245.5,right,0,26.43
1783408589.4,2245.5,right,1,28.04
1783408589.4,2245.5,right,2,31.19
1783408589.4,2245.5,right,3,32.37
1783408589.4,2245.5,right,4,31.37
1783408589.4,2245.5,right,5,31.35
1783408589.4,2245.5,right,6,30.98
1783408589.4,2245.5,right,7,30.01
1783408594.4,2250.6,left,imu,39.31
1783408594.4,2250.6,left,0,36.06
1783408594.4,2250.6,left,1,37.65
1783408594.4,2250.6,left,2,39.53
1783408594.4,2250.6,left,3,37.15
1783408594.4,2250.6,left,4,37.41
1783408594.4,2250.6,left,5,39.84
1783408594.4,2250.6,left,6,39.55
1783408594.4,2250.6,left,7,38.22
1783408594.4,2250.6,right,imu,29.10
1783408594.4,2250.6,right,0,26.43
1783408594.4,2250.6,right,1,28.04
1783408594.4,2250.6,right,2,31.19
1783408594.4,2250.6,right,3,32.37
1783408594.4,2250.6,right,4,31.44
1783408594.4,2250.6,right,5,31.27
1783408594.4,2250.6,right,6,30.98
1783408594.4,2250.6,right,7,30.01
1783408599.5,2255.6,left,imu,39.64
1783408599.5,2255.6,left,0,36.13
1783408599.5,2255.6,left,1,37.57
1783408599.5,2255.6,left,2,39.53
1783408599.5,2255.6,left,3,37.00
1783408599.5,2255.6,left,4,37.56
1783408599.5,2255.6,left,5,39.91
1783408599.5,2255.6,left,6,39.47
1783408599.5,2255.6,left,7,38.22
1783408599.5,2255.6,right,imu,29.34
1783408599.5,2255.6,right,0,26.43
1783408599.5,2255.6,right,1,27.97
1783408599.5,2255.6,right,2,31.19
1783408599.5,2255.6,right,3,32.37
1783408599.5,2255.6,right,4,31.44
1783408599.5,2255.6,right,5,31.27
1783408599.5,2255.6,right,6,30.98
1783408599.5,2255.6,right,7,30.01
1783408604.5,2260.7,left,imu,39.31
1783408604.5,2260.7,left,0,36.06
1783408604.5,2260.7,left,1,37.57
1783408604.5,2260.7,left,2,39.53
1783408604.5,2260.7,left,3,37.30
1783408604.5,2260.7,left,4,37.56
1783408604.5,2260.7,left,5,39.84
1783408604.5,2260.7,left,6,39.47
1783408604.5,2260.7,left,7,38.22
1783408604.5,2260.7,right,imu,29.10
1783408604.5,2260.7,right,0,26.43
1783408604.5,2260.7,right,1,27.89
1783408604.5,2260.7,right,2,31.19
1783408604.5,2260.7,right,3,32.37
1783408604.5,2260.7,right,4,31.37
1783408604.5,2260.7,right,5,31.20
1783408604.5,2260.7,right,6,30.98
1783408604.5,2260.7,right,7,30.01
1783408609.6,2265.7,left,imu,39.55
1783408609.6,2265.7,left,0,36.13
1783408609.6,2265.7,left,1,37.57
1783408609.6,2265.7,left,2,39.53
1783408609.6,2265.7,left,3,37.22
1783408609.6,2265.7,left,4,37.41
1783408609.6,2265.7,left,5,39.84
1783408609.6,2265.7,left,6,39.55
1783408609.6,2265.7,left,7,38.22
1783408609.6,2265.7,right,imu,29.34
1783408609.6,2265.7,right,0,26.43
1783408609.6,2265.7,right,1,28.04
1783408609.6,2265.7,right,2,31.19
1783408609.6,2265.7,right,3,32.37
1783408609.6,2265.7,right,4,31.44
1783408609.6,2265.7,right,5,31.20
1783408609.6,2265.7,right,6,30.98
1783408609.6,2265.7,right,7,30.01
1783408614.6,2270.7,left,imu,39.69
1783408614.6,2270.7,left,0,36.06
1783408614.6,2270.7,left,1,37.57
1783408614.6,2270.7,left,2,39.53
1783408614.6,2270.7,left,3,37.00
1783408614.6,2270.7,left,4,37.25
1783408614.6,2270.7,left,5,39.84
1783408614.6,2270.7,left,6,39.55
1783408614.6,2270.7,left,7,38.22
1783408614.6,2270.7,right,imu,29.19
1783408614.6,2270.7,right,0,26.43
1783408614.6,2270.7,right,1,27.97
1783408614.6,2270.7,right,2,31.19
1783408614.6,2270.7,right,3,32.37
1783408614.6,2270.7,right,4,31.37
1783408614.6,2270.7,right,5,31.20
1783408614.6,2270.7,right,6,30.98
1783408614.6,2270.7,right,7,30.01
1783408619.7,2275.8,left,imu,39.50
1783408619.7,2275.8,left,0,36.06
1783408619.7,2275.8,left,1,37.57
1783408619.7,2275.8,left,2,39.45
1783408619.7,2275.8,left,3,37.00
1783408619.7,2275.8,left,4,37.41
1783408619.7,2275.8,left,5,39.84
1783408619.7,2275.8,left,6,39.47
1783408619.7,2275.8,left,7,38.22
1783408619.7,2275.8,right,imu,29.10
1783408619.7,2275.8,right,0,26.43
1783408619.7,2275.8,right,1,28.12
1783408619.7,2275.8,right,2,31.19
1783408619.7,2275.8,right,3,32.37
1783408619.7,2275.8,right,4,31.37
1783408619.7,2275.8,right,5,31.12
1783408619.7,2275.8,right,6,30.98
1783408619.7,2275.8,right,7,30.01
1783408624.7,2280.8,left,imu,39.50
1783408624.7,2280.8,left,0,36.06
1783408624.7,2280.8,left,1,37.57
1783408624.7,2280.8,left,2,39.53
1783408624.7,2280.8,left,3,36.85
1783408624.7,2280.8,left,4,37.25
1783408624.7,2280.8,left,5,39.84
1783408624.7,2280.8,left,6,39.47
1783408624.7,2280.8,left,7,38.14
1783408624.7,2280.8,right,imu,29.15
1783408624.7,2280.8,right,0,26.43
1783408624.7,2280.8,right,1,27.97
1783408624.7,2280.8,right,2,31.19
1783408624.7,2280.8,right,3,32.45
1783408624.7,2280.8,right,4,31.37
1783408624.7,2280.8,right,5,31.12
1783408624.7,2280.8,right,6,30.98
1783408624.7,2280.8,right,7,30.01
1783408629.8,2285.9,left,imu,39.50
1783408629.8,2285.9,left,0,36.06
1783408629.8,2285.9,left,1,37.50
1783408629.8,2285.9,left,2,39.45
1783408629.8,2285.9,left,3,36.70
1783408629.8,2285.9,left,4,37.48
1783408629.8,2285.9,left,5,39.84
1783408629.8,2285.9,left,6,39.47
1783408629.8,2285.9,left,7,38.14
1783408629.8,2285.9,right,imu,29.19
1783408629.8,2285.9,right,0,26.43
1783408629.8,2285.9,right,1,28.04
1783408629.8,2285.9,right,2,31.19
1783408629.8,2285.9,right,3,32.37
1783408629.8,2285.9,right,4,31.37
1783408629.8,2285.9,right,5,31.12
1783408629.8,2285.9,right,6,30.98
1783408629.8,2285.9,right,7,30.01
1783408634.8,2290.9,left,imu,39.64
1783408634.8,2290.9,left,0,36.06
1783408634.8,2290.9,left,1,37.57
1783408634.8,2290.9,left,2,39.38
1783408634.8,2290.9,left,3,37.60
1783408634.8,2290.9,left,4,37.11
1783408634.8,2290.9,left,5,39.84
1783408634.8,2290.9,left,6,39.47
1783408634.8,2290.9,left,7,38.14
1783408634.8,2290.9,right,imu,29.34
1783408634.8,2290.9,right,0,26.50
1783408634.8,2290.9,right,1,28.04
1783408634.8,2290.9,right,2,31.19
1783408634.8,2290.9,right,3,32.37
1783408634.8,2290.9,right,4,31.37
1783408634.8,2290.9,right,5,31.20
1783408634.8,2290.9,right,6,30.98
1783408634.8,2290.9,right,7,30.01
1783408639.8,2296.0,left,imu,39.45
1783408639.8,2296.0,left,0,36.06
1783408639.8,2296.0,left,1,37.57
1783408639.8,2296.0,left,2,39.45
1783408639.8,2296.0,left,3,37.22
1783408639.8,2296.0,left,4,37.25
1783408639.8,2296.0,left,5,39.84
1783408639.8,2296.0,left,6,39.47
1783408639.8,2296.0,left,7,38.14
1783408639.8,2296.0,right,imu,29.15
1783408639.8,2296.0,right,0,26.43
1783408639.8,2296.0,right,1,28.04
1783408639.8,2296.0,right,2,31.19
1783408639.8,2296.0,right,3,32.37
1783408639.8,2296.0,right,4,31.37
1783408639.8,2296.0,right,5,31.12
1783408639.8,2296.0,right,6,30.98
1783408639.8,2296.0,right,7,30.01
1783408644.9,2301.0,left,imu,39.35
1783408644.9,2301.0,left,0,36.06
1783408644.9,2301.0,left,1,37.57
1783408644.9,2301.0,left,2,39.45
1783408644.9,2301.0,left,3,37.53
1783408644.9,2301.0,left,4,37.25
1783408644.9,2301.0,left,5,39.76
1783408644.9,2301.0,left,6,39.39
1783408644.9,2301.0,left,7,38.14
1783408644.9,2301.0,right,imu,29.10
1783408644.9,2301.0,right,0,26.43
1783408644.9,2301.0,right,1,27.97
1783408644.9,2301.0,right,2,31.19
1783408644.9,2301.0,right,3,32.37
1783408644.9,2301.0,right,4,31.37
1783408644.9,2301.0,right,5,31.12
1783408644.9,2301.0,right,6,30.98
1783408644.9,2301.0,right,7,30.01
1783408649.9,2306.1,left,imu,39.35
1783408649.9,2306.1,left,0,36.06
1783408649.9,2306.1,left,1,37.50
1783408649.9,2306.1,left,2,39.45
1783408649.9,2306.1,left,3,36.39
1783408649.9,2306.1,left,4,37.25
1783408649.9,2306.1,left,5,39.84
1783408649.9,2306.1,left,6,39.47
1783408649.9,2306.1,left,7,38.14
1783408649.9,2306.1,right,imu,29.15
1783408649.9,2306.1,right,0,26.43
1783408649.9,2306.1,right,1,27.97
1783408649.9,2306.1,right,2,31.19
1783408649.9,2306.1,right,3,32.37
1783408649.9,2306.1,right,4,31.29
1783408649.9,2306.1,right,5,31.12
1783408649.9,2306.1,right,6,30.98
1783408649.9,2306.1,right,7,30.01
1783408655.0,2311.1,left,imu,39.45
1783408655.0,2311.1,left,0,36.06
1783408655.0,2311.1,left,1,37.57
1783408655.0,2311.1,left,2,39.38
1783408655.0,2311.1,left,3,37.68
1783408655.0,2311.1,left,4,37.18
1783408655.0,2311.1,left,5,39.84
1783408655.0,2311.1,left,6,39.39
1783408655.0,2311.1,left,7,38.14
1783408655.0,2311.1,right,imu,29.10
1783408655.0,2311.1,right,0,26.50
1783408655.0,2311.1,right,1,27.97
1783408655.0,2311.1,right,2,31.19
1783408655.0,2311.1,right,3,32.37
1783408655.0,2311.1,right,4,31.29
1783408655.0,2311.1,right,5,31.12
1783408655.0,2311.1,right,6,30.98
1783408655.0,2311.1,right,7,30.01
1783408660.0,2316.2,left,imu,39.45
1783408660.0,2316.2,left,0,36.06
1783408660.0,2316.2,left,1,37.50
1783408660.0,2316.2,left,2,39.45
1783408660.0,2316.2,left,3,37.53
1783408660.0,2316.2,left,4,37.63
1783408660.0,2316.2,left,5,39.76
1783408660.0,2316.2,left,6,39.39
1783408660.0,2316.2,left,7,38.14
1783408660.0,2316.2,right,imu,29.15
1783408660.0,2316.2,right,0,26.43
1783408660.0,2316.2,right,1,27.89
1783408660.0,2316.2,right,2,31.19
1783408660.0,2316.2,right,3,32.30
1783408660.0,2316.2,right,4,31.37
1783408660.0,2316.2,right,5,31.12
1783408660.0,2316.2,right,6,30.98
1783408660.0,2316.2,right,7,30.01
1783408665.1,2321.2,left,imu,39.35
1783408665.1,2321.2,left,0,35.98
1783408665.1,2321.2,left,1,37.50
1783408665.1,2321.2,left,2,39.38
1783408665.1,2321.2,left,3,36.24
1783408665.1,2321.2,left,4,37.56
1783408665.1,2321.2,left,5,39.76
1783408665.1,2321.2,left,6,39.39
1783408665.1,2321.2,left,7,38.14
1783408665.1,2321.2,right,imu,29.15
1783408665.1,2321.2,right,0,26.43
1783408665.1,2321.2,right,1,27.89
1783408665.1,2321.2,right,2,31.19
1783408665.1,2321.2,right,3,32.30
1783408665.1,2321.2,right,4,31.37
1783408665.1,2321.2,right,5,31.12
1783408665.1,2321.2,right,6,30.98
1783408665.1,2321.2,right,7,30.01
1783408670.1,2326.2,left,imu,39.31
1783408670.1,2326.2,left,0,36.06
1783408670.1,2326.2,left,1,37.50
1783408670.1,2326.2,left,2,39.45
1783408670.1,2326.2,left,3,36.55
1783408670.1,2326.2,left,4,37.41
1783408670.1,2326.2,left,5,39.76
1783408670.1,2326.2,left,6,39.39
1783408670.1,2326.2,left,7,38.14
1783408670.1,2326.2,right,imu,29.15
1783408670.1,2326.2,right,0,26.43
1783408670.1,2326.2,right,1,27.97
1783408670.1,2326.2,right,2,31.19
1783408670.1,2326.2,right,3,32.37
1783408670.1,2326.2,right,4,31.37
1783408670.1,2326.2,right,5,31.12
1783408670.1,2326.2,right,6,30.98
1783408670.1,2326.2,right,7,30.01
1783408675.2,2331.3,left,imu,39.21
1783408675.2,2331.3,left,0,35.98
1783408675.2,2331.3,left,1,37.50
1783408675.2,2331.3,left,2,39.45
1783408675.2,2331.3,left,3,36.55
1783408675.2,2331.3,left,4,37.25
1783408675.2,2331.3,left,5,39.84
1783408675.2,2331.3,left,6,39.39
1783408675.2,2331.3,left,7,38.14
1783408675.2,2331.3,right,imu,29.10
1783408675.2,2331.3,right,0,26.43
1783408675.2,2331.3,right,1,27.97
1783408675.2,2331.3,right,2,31.19
1783408675.2,2331.3,right,3,32.30
1783408675.2,2331.3,right,4,31.29
1783408675.2,2331.3,right,5,31.12
1783408675.2,2331.3,right,6,30.98
1783408675.2,2331.3,right,7,30.01
1783408680.2,2336.3,left,imu,39.31
1783408680.2,2336.3,left,0,35.98
1783408680.2,2336.3,left,1,37.50
1783408680.2,2336.3,left,2,39.38
1783408680.2,2336.3,left,3,36.55
1783408680.2,2336.3,left,4,36.80
1783408680.2,2336.3,left,5,39.76
1783408680.2,2336.3,left,6,39.39
1783408680.2,2336.3,left,7,38.14
1783408680.2,2336.3,right,imu,29.15
1783408680.2,2336.3,right,0,26.43
1783408680.2,2336.3,right,1,27.97
1783408680.2,2336.3,right,2,31.19
1783408680.2,2336.3,right,3,32.30
1783408680.2,2336.3,right,4,31.44
1783408680.2,2336.3,right,5,31.12
1783408680.2,2336.3,right,6,30.98
1783408680.2,2336.3,right,7,30.01
1783408685.3,2341.4,left,imu,39.31
1783408685.3,2341.4,left,0,35.98
1783408685.3,2341.4,left,1,37.50
1783408685.3,2341.4,left,2,39.38
1783408685.3,2341.4,left,3,37.53
1783408685.3,2341.4,left,4,37.33
1783408685.3,2341.4,left,5,39.76
1783408685.3,2341.4,left,6,39.39
1783408685.3,2341.4,left,7,38.14
1783408685.3,2341.4,right,imu,29.34
1783408685.3,2341.4,right,0,26.43
1783408685.3,2341.4,right,1,27.89
1783408685.3,2341.4,right,2,31.19
1783408685.3,2341.4,right,3,32.30
1783408685.3,2341.4,right,4,31.29
1783408685.3,2341.4,right,5,31.05
1783408685.3,2341.4,right,6,30.98
1783408685.3,2341.4,right,7,30.01
1783408690.3,2346.4,left,imu,39.21
1783408690.3,2346.4,left,0,35.98
1783408690.3,2346.4,left,1,37.50
1783408690.3,2346.4,left,2,39.38
1783408690.3,2346.4,left,3,37.07
1783408690.3,2346.4,left,4,37.48
1783408690.3,2346.4,left,5,39.76
1783408690.3,2346.4,left,6,39.39
1783408690.3,2346.4,left,7,38.07
1783408690.3,2346.4,right,imu,28.96
1783408690.3,2346.4,right,0,26.43
1783408690.3,2346.4,right,1,27.97
1783408690.3,2346.4,right,2,31.19
1783408690.3,2346.4,right,3,32.22
1783408690.3,2346.4,right,4,31.29
1783408690.3,2346.4,right,5,31.12
1783408690.3,2346.4,right,6,30.98
1783408690.3,2346.4,right,7,30.01
1783408695.3,2351.5,left,imu,39.35
1783408695.3,2351.5,left,0,35.98
1783408695.3,2351.5,left,1,37.50
1783408695.3,2351.5,left,2,39.38
1783408695.3,2351.5,left,3,37.15
1783408695.3,2351.5,left,4,37.11
1783408695.3,2351.5,left,5,39.76
1783408695.3,2351.5,left,6,39.39
1783408695.3,2351.5,left,7,38.07
1783408695.3,2351.5,right,imu,28.96
1783408695.3,2351.5,right,0,26.43
1783408695.3,2351.5,right,1,27.89
1783408695.3,2351.5,right,2,31.19
1783408695.3,2351.5,right,3,32.22
1783408695.3,2351.5,right,4,31.29
1783408695.3,2351.5,right,5,31.05
1783408695.3,2351.5,right,6,30.98
1783408695.3,2351.5,right,7,30.01
1783408700.4,2356.5,left,imu,39.11
1783408700.4,2356.5,left,0,35.98
1783408700.4,2356.5,left,1,37.50
1783408700.4,2356.5,left,2,39.38
1783408700.4,2356.5,left,3,37.07
1783408700.4,2356.5,left,4,37.48
1783408700.4,2356.5,left,5,39.76
1783408700.4,2356.5,left,6,39.39
1783408700.4,2356.5,left,7,38.07
1783408700.4,2356.5,right,imu,29.15
1783408700.4,2356.5,right,0,26.43
1783408700.4,2356.5,right,1,27.89
1783408700.4,2356.5,right,2,31.19
1783408700.4,2356.5,right,3,32.30
1783408700.4,2356.5,right,4,31.21
1783408700.4,2356.5,right,5,31.12
1783408700.4,2356.5,right,6,30.98
1783408700.4,2356.5,right,7,30.01
1783408705.4,2361.6,left,imu,39.45
1783408705.4,2361.6,left,0,35.98
1783408705.4,2361.6,left,1,37.50
1783408705.4,2361.6,left,2,39.38
1783408705.4,2361.6,left,3,36.77
1783408705.4,2361.6,left,4,37.11
1783408705.4,2361.6,left,5,39.76
1783408705.4,2361.6,left,6,39.32
1783408705.4,2361.6,left,7,38.07
1783408705.4,2361.6,right,imu,29.29
1783408705.4,2361.6,right,0,26.43
1783408705.4,2361.6,right,1,27.89
1783408705.4,2361.6,right,2,31.19
1783408705.4,2361.6,right,3,32.22
1783408705.4,2361.6,right,4,31.29
1783408705.4,2361.6,right,5,31.05
1783408705.4,2361.6,right,6,30.98
1783408705.4,2361.6,right,7,30.01
1783408710.5,2366.6,left,imu,39.35
1783408710.5,2366.6,left,0,35.98
1783408710.5,2366.6,left,1,37.50
1783408710.5,2366.6,left,2,39.38
1783408710.5,2366.6,left,3,37.07
1783408710.5,2366.6,left,4,37.25
1783408710.5,2366.6,left,5,39.76
1783408710.5,2366.6,left,6,39.32
1783408710.5,2366.6,left,7,37.99
1783408710.5,2366.6,right,imu,29.19
1783408710.5,2366.6,right,0,26.43
1783408710.5,2366.6,right,1,27.89
1783408710.5,2366.6,right,2,31.19
1783408710.5,2366.6,right,3,32.22
1783408710.5,2366.6,right,4,31.21
1783408710.5,2366.6,right,5,31.05
1783408710.5,2366.6,right,6,30.98
1783408710.5,2366.6,right,7,30.01
1783408715.5,2371.7,left,imu,39.21
1783408715.5,2371.7,left,0,35.98
1783408715.5,2371.7,left,1,37.42
1783408715.5,2371.7,left,2,39.30
1783408715.5,2371.7,left,3,37.15
1783408715.5,2371.7,left,4,37.11
1783408715.5,2371.7,left,5,39.76
1783408715.5,2371.7,left,6,39.32
1783408715.5,2371.7,left,7,38.07
1783408715.5,2371.7,right,imu,29.10
1783408715.5,2371.7,right,0,26.43
1783408715.5,2371.7,right,1,27.89
1783408715.5,2371.7,right,2,31.19
1783408715.5,2371.7,right,3,32.22
1783408715.5,2371.7,right,4,31.29
1783408715.5,2371.7,right,5,31.12
1783408715.5,2371.7,right,6,30.98
1783408715.5,2371.7,right,7,30.01
1783408720.6,2376.7,left,imu,39.45
1783408720.6,2376.7,left,0,35.98
1783408720.6,2376.7,left,1,37.42
1783408720.6,2376.7,left,2,39.30
1783408720.6,2376.7,left,3,36.70
1783408720.6,2376.7,left,4,36.95
1783408720.6,2376.7,left,5,39.76
1783408720.6,2376.7,left,6,39.32
1783408720.6,2376.7,left,7,38.07
1783408720.6,2376.7,right,imu,29.10
1783408720.6,2376.7,right,0,26.43
1783408720.6,2376.7,right,1,27.97
1783408720.6,2376.7,right,2,31.19
1783408720.6,2376.7,right,3,32.22
1783408720.6,2376.7,right,4,31.21
1783408720.6,2376.7,right,5,31.12
1783408720.6,2376.7,right,6,30.98
1783408720.6,2376.7,right,7,30.01
1783408725.6,2381.7,left,imu,39.21
1783408725.6,2381.7,left,0,35.98
1783408725.6,2381.7,left,1,37.42
1783408725.6,2381.7,left,2,39.38
1783408725.6,2381.7,left,3,37.00
1783408725.6,2381.7,left,4,37.41
1783408725.6,2381.7,left,5,39.76
1783408725.6,2381.7,left,6,39.32
1783408725.6,2381.7,left,7,37.99
1783408725.6,2381.7,right,imu,29.15
1783408725.6,2381.7,right,0,26.43
1783408725.6,2381.7,right,1,27.97
1783408725.6,2381.7,right,2,31.19
1783408725.6,2381.7,right,3,32.22
1783408725.6,2381.7,right,4,31.21
1783408725.6,2381.7,right,5,31.12
1783408725.6,2381.7,right,6,30.98
1783408725.6,2381.7,right,7,29.93
1783408730.7,2386.8,left,imu,39.45
1783408730.7,2386.8,left,0,35.91
1783408730.7,2386.8,left,1,37.42
1783408730.7,2386.8,left,2,39.30
1783408730.7,2386.8,left,3,37.15
1783408730.7,2386.8,left,4,37.11
1783408730.7,2386.8,left,5,39.69
1783408730.7,2386.8,left,6,39.32
1783408730.7,2386.8,left,7,38.07
1783408730.7,2386.8,right,imu,29.29
1783408730.7,2386.8,right,0,26.43
1783408730.7,2386.8,right,1,27.89
1783408730.7,2386.8,right,2,31.19
1783408730.7,2386.8,right,3,32.22
1783408730.7,2386.8,right,4,31.21
1783408730.7,2386.8,right,5,31.05
1783408730.7,2386.8,right,6,30.98
1783408730.7,2386.8,right,7,29.93
1783408735.7,2391.8,left,imu,39.35
1783408735.7,2391.8,left,0,35.98
1783408735.7,2391.8,left,1,37.42
1783408735.7,2391.8,left,2,39.30
1783408735.7,2391.8,left,3,36.70
1783408735.7,2391.8,left,4,37.48
1783408735.7,2391.8,left,5,39.69
1783408735.7,2391.8,left,6,39.32
1783408735.7,2391.8,left,7,38.07
1783408735.7,2391.8,right,imu,29.15
1783408735.7,2391.8,right,0,26.43
1783408735.7,2391.8,right,1,27.89
1783408735.7,2391.8,right,2,31.19
1783408735.7,2391.8,right,3,32.22
1783408735.7,2391.8,right,4,31.21
1783408735.7,2391.8,right,5,31.05
1783408735.7,2391.8,right,6,30.98
1783408735.7,2391.8,right,7,29.93
1783408740.8,2396.9,left,imu,39.02
1783408740.8,2396.9,left,0,35.98
1783408740.8,2396.9,left,1,37.35
1783408740.8,2396.9,left,2,39.30
1783408740.8,2396.9,left,3,36.70
1783408740.8,2396.9,left,4,37.25
1783408740.8,2396.9,left,5,39.69
1783408740.8,2396.9,left,6,39.32
1783408740.8,2396.9,left,7,38.07
1783408740.8,2396.9,right,imu,29.00
1783408740.8,2396.9,right,0,26.43
1783408740.8,2396.9,right,1,27.97
1783408740.8,2396.9,right,2,31.19
1783408740.8,2396.9,right,3,32.22
1783408740.8,2396.9,right,4,31.29
1783408740.8,2396.9,right,5,31.05
1783408740.8,2396.9,right,6,30.98
1783408740.8,2396.9,right,7,29.93
1783408745.8,2401.9,left,imu,39.35
1783408745.8,2401.9,left,0,35.91
1783408745.8,2401.9,left,1,37.42
1783408745.8,2401.9,left,2,39.30
1783408745.8,2401.9,left,3,36.92
1783408745.8,2401.9,left,4,36.73
1783408745.8,2401.9,left,5,39.69
1783408745.8,2401.9,left,6,39.32
1783408745.8,2401.9,left,7,37.99
1783408745.8,2401.9,right,imu,29.10
1783408745.8,2401.9,right,0,26.43
1783408745.8,2401.9,right,1,27.97
1783408745.8,2401.9,right,2,31.19
1783408745.8,2401.9,right,3,32.22
1783408745.8,2401.9,right,4,31.21
1783408745.8,2401.9,right,5,31.12
1783408745.8,2401.9,right,6,30.98
1783408745.8,2401.9,right,7,30.01
1783408750.8,2407.0,left,imu,39.45
1783408750.8,2407.0,left,0,35.91
1783408750.8,2407.0,left,1,37.42
1783408750.8,2407.0,left,2,39.30
1783408750.8,2407.0,left,3,37.07
1783408750.8,2407.0,left,4,37.48
1783408750.8,2407.0,left,5,39.69
1783408750.8,2407.0,left,6,39.32
1783408750.8,2407.0,left,7,38.07
1783408750.8,2407.0,right,imu,29.43
1783408750.8,2407.0,right,0,26.43
1783408750.8,2407.0,right,1,27.97
1783408750.8,2407.0,right,2,31.19
1783408750.8,2407.0,right,3,32.22
1783408750.8,2407.0,right,4,31.21
1783408750.8,2407.0,right,5,31.12
1783408750.8,2407.0,right,6,30.98
1783408750.8,2407.0,right,7,30.01
1783408755.9,2412.0,left,imu,39.21
1783408755.9,2412.0,left,0,35.91
1783408755.9,2412.0,left,1,37.42
1783408755.9,2412.0,left,2,39.30
1783408755.9,2412.0,left,3,36.85
1783408755.9,2412.0,left,4,36.80
1783408755.9,2412.0,left,5,39.69
1783408755.9,2412.0,left,6,39.24
1783408755.9,2412.0,left,7,38.07
1783408755.9,2412.0,right,imu,29.53
1783408755.9,2412.0,right,0,26.43
1783408755.9,2412.0,right,1,27.97
1783408755.9,2412.0,right,2,31.19
1783408755.9,2412.0,right,3,32.22
1783408755.9,2412.0,right,4,31.21
1783408755.9,2412.0,right,5,31.05
1783408755.9,2412.0,right,6,30.98
1783408755.9,2412.0,right,7,30.01
1783408760.9,2417.1,left,imu,39.35
1783408760.9,2417.1,left,0,35.91
1783408760.9,2417.1,left,1,37.42
1783408760.9,2417.1,left,2,39.23
1783408760.9,2417.1,left,3,36.85
1783408760.9,2417.1,left,4,36.80
1783408760.9,2417.1,left,5,39.69
1783408760.9,2417.1,left,6,39.32
1783408760.9,2417.1,left,7,37.99
1783408760.9,2417.1,right,imu,29.10
1783408760.9,2417.1,right,0,26.43
1783408760.9,2417.1,right,1,27.97
1783408760.9,2417.1,right,2,31.19
1783408760.9,2417.1,right,3,32.22
1783408760.9,2417.1,right,4,31.21
1783408760.9,2417.1,right,5,31.12
1783408760.9,2417.1,right,6,30.98
1783408760.9,2417.1,right,7,30.01
1783408766.0,2422.1,left,imu,39.35
1783408766.0,2422.1,left,0,35.91
1783408766.0,2422.1,left,1,37.42
1783408766.0,2422.1,left,2,39.23
1783408766.0,2422.1,left,3,36.85
1783408766.0,2422.1,left,4,36.95
1783408766.0,2422.1,left,5,39.69
1783408766.0,2422.1,left,6,39.24
1783408766.0,2422.1,left,7,37.99
1783408766.0,2422.1,right,imu,29.15
1783408766.0,2422.1,right,0,26.43
1783408766.0,2422.1,right,1,27.97
1783408766.0,2422.1,right,2,31.19
1783408766.0,2422.1,right,3,32.22
1783408766.0,2422.1,right,4,31.21
1783408766.0,2422.1,right,5,31.12
1783408766.0,2422.1,right,6,30.98
1783408766.0,2422.1,right,7,29.93
1783408771.0,2427.2,left,imu,39.21
1783408771.0,2427.2,left,0,35.91
1783408771.0,2427.2,left,1,37.35
1783408771.0,2427.2,left,2,39.23
1783408771.0,2427.2,left,3,36.62
1783408771.0,2427.2,left,4,37.18
1783408771.0,2427.2,left,5,39.69
1783408771.0,2427.2,left,6,39.24
1783408771.0,2427.2,left,7,37.99
1783408771.0,2427.2,right,imu,29.29
1783408771.0,2427.2,right,0,26.43
1783408771.0,2427.2,right,1,27.89
1783408771.0,2427.2,right,2,31.19
1783408771.0,2427.2,right,3,32.22
1783408771.0,2427.2,right,4,31.21
1783408771.0,2427.2,right,5,31.12
1783408771.0,2427.2,right,6,30.98
1783408771.0,2427.2,right,7,29.93
1783408776.1,2432.2,left,imu,39.21
1783408776.1,2432.2,left,0,35.83
1783408776.1,2432.2,left,1,37.35
1783408776.1,2432.2,left,2,39.23
1783408776.1,2432.2,left,3,36.77
1783408776.1,2432.2,left,4,37.11
1783408776.1,2432.2,left,5,39.61
1783408776.1,2432.2,left,6,39.32
1783408776.1,2432.2,left,7,37.99
1783408776.1,2432.2,right,imu,29.29
1783408776.1,2432.2,right,0,26.43
1783408776.1,2432.2,right,1,27.89
1783408776.1,2432.2,right,2,31.19
1783408776.1,2432.2,right,3,32.22
1783408776.1,2432.2,right,4,31.21
1783408776.1,2432.2,right,5,31.12
1783408776.1,2432.2,right,6,30.98
1783408776.1,2432.2,right,7,29.93
1783408781.1,2437.2,left,imu,39.35
1783408781.1,2437.2,left,0,35.91
1783408781.1,2437.2,left,1,37.42
1783408781.1,2437.2,left,2,39.23
1783408781.1,2437.2,left,3,36.70
1783408781.1,2437.2,left,4,37.25
1783408781.1,2437.2,left,5,39.61
1783408781.1,2437.2,left,6,39.24
1783408781.1,2437.2,left,7,37.99
1783408781.1,2437.2,right,imu,29.15
1783408781.1,2437.2,right,0,26.43
1783408781.1,2437.2,right,1,27.89
1783408781.1,2437.2,right,2,31.19
1783408781.1,2437.2,right,3,32.22
1783408781.1,2437.2,right,4,31.21
1783408781.1,2437.2,right,5,31.05
1783408781.1,2437.2,right,6,30.98
1783408781.1,2437.2,right,7,29.93
1783408786.2,2442.3,left,imu,39.02
1783408786.2,2442.3,left,0,35.91
1783408786.2,2442.3,left,1,37.35
1783408786.2,2442.3,left,2,39.23
1783408786.2,2442.3,left,3,36.77
1783408786.2,2442.3,left,4,37.25
1783408786.2,2442.3,left,5,39.61
1783408786.2,2442.3,left,6,39.24
1783408786.2,2442.3,left,7,37.99
1783408786.2,2442.3,right,imu,29.29
1783408786.2,2442.3,right,0,26.43
1783408786.2,2442.3,right,1,27.89
1783408786.2,2442.3,right,2,31.19
1783408786.2,2442.3,right,3,32.22
1783408786.2,2442.3,right,4,31.21
1783408786.2,2442.3,right,5,31.12
1783408786.2,2442.3,right,6,30.98
1783408786.2,2442.3,right,7,29.86
1783408791.2,2447.3,left,imu,39.02
1783408791.2,2447.3,left,0,35.91
1783408791.2,2447.3,left,1,37.35
1783408791.2,2447.3,left,2,39.23
1783408791.2,2447.3,left,3,37.00
1783408791.2,2447.3,left,4,37.11
1783408791.2,2447.3,left,5,39.61
1783408791.2,2447.3,left,6,39.24
1783408791.2,2447.3,left,7,37.99
1783408791.2,2447.3,right,imu,29.10
1783408791.2,2447.3,right,0,26.35
1783408791.2,2447.3,right,1,27.89
1783408791.2,2447.3,right,2,31.19
1783408791.2,2447.3,right,3,32.22
1783408791.2,2447.3,right,4,31.21
1783408791.2,2447.3,right,5,31.05
1783408791.2,2447.3,right,6,30.98
1783408791.2,2447.3,right,7,29.86
1783408796.2,2452.4,left,imu,39.45
1783408796.2,2452.4,left,0,35.91
1783408796.2,2452.4,left,1,37.35
1783408796.2,2452.4,left,2,39.23
1783408796.2,2452.4,left,3,36.47
1783408796.2,2452.4,left,4,36.95
1783408796.2,2452.4,left,5,39.61
1783408796.2,2452.4,left,6,39.17
1783408796.2,2452.4,left,7,37.99
1783408796.2,2452.4,right,imu,29.15
1783408796.2,2452.4,right,0,26.43
1783408796.2,2452.4,right,1,27.89
1783408796.2,2452.4,right,2,31.19
1783408796.2,2452.4,right,3,32.22
1783408796.2,2452.4,right,4,31.21
1783408796.2,2452.4,right,5,31.05
1783408796.2,2452.4,right,6,30.98
1783408796.2,2452.4,right,7,29.86
1783408801.3,2457.4,left,imu,39.21
1783408801.3,2457.4,left,0,35.91
1783408801.3,2457.4,left,1,37.35
1783408801.3,2457.4,left,2,39.23
1783408801.3,2457.4,left,3,36.77
1783408801.3,2457.4,left,4,37.11
1783408801.3,2457.4,left,5,39.61
1783408801.3,2457.4,left,6,39.24
1783408801.3,2457.4,left,7,37.91
1783408801.3,2457.4,right,imu,29.15
1783408801.3,2457.4,right,0,26.43
1783408801.3,2457.4,right,1,27.89
1783408801.3,2457.4,right,2,31.19
1783408801.3,2457.4,right,3,32.22
1783408801.3,2457.4,right,4,31.21
1783408801.3,2457.4,right,5,31.05
1783408801.3,2457.4,right,6,30.98
1783408801.3,2457.4,right,7,29.86
1783408806.3,2462.5,left,imu,39.31
1783408806.3,2462.5,left,0,35.83
1783408806.3,2462.5,left,1,37.35
1783408806.3,2462.5,left,2,39.23
1783408806.3,2462.5,left,3,37.07
1783408806.3,2462.5,left,4,37.03
1783408806.3,2462.5,left,5,39.54
1783408806.3,2462.5,left,6,39.24
1783408806.3,2462.5,left,7,37.99
1783408806.3,2462.5,right,imu,29.34
1783408806.3,2462.5,right,0,26.43
1783408806.3,2462.5,right,1,27.89
1783408806.3,2462.5,right,2,31.19
1783408806.3,2462.5,right,3,32.22
1783408806.3,2462.5,right,4,31.21
1783408806.3,2462.5,right,5,31.05
1783408806.3,2462.5,right,6,30.98
1783408806.3,2462.5,right,7,29.93
1783408811.4,2467.5,left,imu,39.45
1783408811.4,2467.5,left,0,35.83
1783408811.4,2467.5,left,1,37.35
1783408811.4,2467.5,left,2,39.23
1783408811.4,2467.5,left,3,36.85
1783408811.4,2467.5,left,4,37.11
1783408811.4,2467.5,left,5,39.61
1783408811.4,2467.5,left,6,39.24
1783408811.4,2467.5,left,7,37.99
1783408811.4,2467.5,right,imu,29.15
1783408811.4,2467.5,right,0,26.43
1783408811.4,2467.5,right,1,27.89
1783408811.4,2467.5,right,2,31.19
1783408811.4,2467.5,right,3,32.22
1783408811.4,2467.5,right,4,31.21
1783408811.4,2467.5,right,5,31.05
1783408811.4,2467.5,right,6,30.98
1783408811.4,2467.5,right,7,29.86
1783408816.4,2472.6,left,imu,39.35
1783408816.4,2472.6,left,0,35.83
1783408816.4,2472.6,left,1,37.35
1783408816.4,2472.6,left,2,39.23
1783408816.4,2472.6,left,3,36.77
1783408816.4,2472.6,left,4,36.88
1783408816.4,2472.6,left,5,39.61
1783408816.4,2472.6,left,6,39.24
1783408816.4,2472.6,left,7,37.91
1783408816.4,2472.6,right,imu,29.29
1783408816.4,2472.6,right,0,26.43
1783408816.4,2472.6,right,1,27.89
1783408816.4,2472.6,right,2,31.19
1783408816.4,2472.6,right,3,32.22
1783408816.4,2472.6,right,4,31.21
1783408816.4,2472.6,right,5,31.05
1783408816.4,2472.6,right,6,30.98
1783408816.4,2472.6,right,7,29.86
1783408821.5,2477.6,left,imu,39.21
1783408821.5,2477.6,left,0,35.83
1783408821.5,2477.6,left,1,37.35
1783408821.5,2477.6,left,2,39.15
1783408821.5,2477.6,left,3,36.62
1783408821.5,2477.6,left,4,37.03
1783408821.5,2477.6,left,5,39.54
1783408821.5,2477.6,left,6,39.24
1783408821.5,2477.6,left,7,37.91
1783408821.5,2477.6,right,imu,28.91
1783408821.5,2477.6,right,0,26.43
1783408821.5,2477.6,right,1,27.89
1783408821.5,2477.6,right,2,31.19
1783408821.5,2477.6,right,3,32.22
1783408821.5,2477.6,right,4,31.21
1783408821.5,2477.6,right,5,31.05
1783408821.5,2477.6,right,6,30.98
1783408821.5,2477.6,right,7,29.93
1783408826.5,2482.7,left,imu,39.21
1783408826.5,2482.7,left,0,35.83
1783408826.5,2482.7,left,1,37.35
1783408826.5,2482.7,left,2,39.23
1783408826.5,2482.7,left,3,36.62
1783408826.5,2482.7,left,4,37.11
1783408826.5,2482.7,left,5,39.54
1783408826.5,2482.7,left,6,39.17
1783408826.5,2482.7,left,7,37.91
1783408826.5,2482.7,right,imu,29.15
1783408826.5,2482.7,right,0,26.43
1783408826.5,2482.7,right,1,27.89
1783408826.5,2482.7,right,2,31.19
1783408826.5,2482.7,right,3,32.22
1783408826.5,2482.7,right,4,31.21
1783408826.5,2482.7,right,5,31.05
1783408826.5,2482.7,right,6,30.98
1783408826.5,2482.7,right,7,29.86
1783408831.6,2487.7,left,imu,39.11
1783408831.6,2487.7,left,0,35.83
1783408831.6,2487.7,left,1,37.35
1783408831.6,2487.7,left,2,39.23
1783408831.6,2487.7,left,3,36.77
1783408831.6,2487.7,left,4,36.73
1783408831.6,2487.7,left,5,39.54
1783408831.6,2487.7,left,6,39.17
1783408831.6,2487.7,left,7,37.91
1783408831.6,2487.7,right,imu,29.00
1783408831.6,2487.7,right,0,26.43
1783408831.6,2487.7,right,1,27.89
1783408831.6,2487.7,right,2,31.19
1783408831.6,2487.7,right,3,32.22
1783408831.6,2487.7,right,4,31.14
1783408831.6,2487.7,right,5,31.05
1783408831.6,2487.7,right,6,30.98
1783408831.6,2487.7,right,7,29.86
1783408836.6,2492.7,left,imu,39.50
1783408836.6,2492.7,left,0,35.75
1783408836.6,2492.7,left,1,37.27
1783408836.6,2492.7,left,2,39.15
1783408836.6,2492.7,left,3,36.70
1783408836.6,2492.7,left,4,37.11
1783408836.6,2492.7,left,5,39.54
1783408836.6,2492.7,left,6,39.17
1783408836.6,2492.7,left,7,37.91
1783408836.6,2492.7,right,imu,29.19
1783408836.6,2492.7,right,0,26.43
1783408836.6,2492.7,right,1,27.89
1783408836.6,2492.7,right,2,31.19
1783408836.6,2492.7,right,3,32.22
1783408836.6,2492.7,right,4,31.21
1783408836.6,2492.7,right,5,31.05
1783408836.6,2492.7,right,6,30.98
1783408836.6,2492.7,right,7,29.86
1783408841.7,2497.8,left,imu,39.31
1783408841.7,2497.8,left,0,35.83
1783408841.7,2497.8,left,1,37.27
1783408841.7,2497.8,left,2,39.23
1783408841.7,2497.8,left,3,36.70
1783408841.7,2497.8,left,4,37.25
1783408841.7,2497.8,left,5,39.54
1783408841.7,2497.8,left,6,39.17
1783408841.7,2497.8,left,7,37.91
1783408841.7,2497.8,right,imu,29.19
1783408841.7,2497.8,right,0,26.43
1783408841.7,2497.8,right,1,27.89
1783408841.7,2497.8,right,2,31.19
1783408841.7,2497.8,right,3,32.22
1783408841.7,2497.8,right,4,31.14
1783408841.7,2497.8,right,5,31.05
1783408841.7,2497.8,right,6,30.98
1783408841.7,2497.8,right,7,29.86
1783408846.7,2502.8,left,imu,39.45
1783408846.7,2502.8,left,0,35.75
1783408846.7,2502.8,left,1,37.27
1783408846.7,2502.8,left,2,39.15
1783408846.7,2502.8,left,3,36.39
1783408846.7,2502.8,left,4,37.18
1783408846.7,2502.8,left,5,39.54
1783408846.7,2502.8,left,6,39.17
1783408846.7,2502.8,left,7,37.91
1783408846.7,2502.8,right,imu,29.15
1783408846.7,2502.8,right,0,26.43
1783408846.7,2502.8,right,1,27.89
1783408846.7,2502.8,right,2,31.19
1783408846.7,2502.8,right,3,32.22
1783408846.7,2502.8,right,4,31.14
1783408846.7,2502.8,right,5,31.05
1783408846.7,2502.8,right,6,30.98
1783408846.7,2502.8,right,7,29.86
1783408851.7,2507.9,left,imu,39.45
1783408851.7,2507.9,left,0,35.75
1783408851.7,2507.9,left,1,37.27
1783408851.7,2507.9,left,2,39.15
1783408851.7,2507.9,left,3,36.70
1783408851.7,2507.9,left,4,37.11
1783408851.7,2507.9,left,5,39.54
1783408851.7,2507.9,left,6,39.17
1783408851.7,2507.9,left,7,37.91
1783408851.7,2507.9,right,imu,29.10
1783408851.7,2507.9,right,0,26.43
1783408851.7,2507.9,right,1,27.89
1783408851.7,2507.9,right,2,31.19
1783408851.7,2507.9,right,3,32.22
1783408851.7,2507.9,right,4,31.14
1783408851.7,2507.9,right,5,31.05
1783408851.7,2507.9,right,6,30.98
1783408851.7,2507.9,right,7,29.78
1783408856.8,2512.9,left,imu,39.35
1783408856.8,2512.9,left,0,35.83
1783408856.8,2512.9,left,1,37.27
1783408856.8,2512.9,left,2,39.15
1783408856.8,2512.9,left,3,36.55
1783408856.8,2512.9,left,4,36.88
1783408856.8,2512.9,left,5,39.46
1783408856.8,2512.9,left,6,39.17
1783408856.8,2512.9,left,7,37.91
1783408856.8,2512.9,right,imu,29.34
1783408856.8,2512.9,right,0,26.35
1783408856.8,2512.9,right,1,27.89
1783408856.8,2512.9,right,2,31.19
1783408856.8,2512.9,right,3,32.22
1783408856.8,2512.9,right,4,31.14
1783408856.8,2512.9,right,5,31.05
1783408856.8,2512.9,right,6,30.98
1783408856.8,2512.9,right,7,29.86
1783408861.8,2518.0,left,imu,39.35
1783408861.8,2518.0,left,0,35.83
1783408861.8,2518.0,left,1,37.27
1783408861.8,2518.0,left,2,39.07
1783408861.8,2518.0,left,3,36.70
1783408861.8,2518.0,left,4,37.03
1783408861.8,2518.0,left,5,39.54
1783408861.8,2518.0,left,6,39.09
1783408861.8,2518.0,left,7,37.91
1783408861.8,2518.0,right,imu,29.29
1783408861.8,2518.0,right,0,26.43
1783408861.8,2518.0,right,1,27.89
1783408861.8,2518.0,right,2,31.19
1783408861.8,2518.0,right,3,32.22
1783408861.8,2518.0,right,4,31.14
1783408861.8,2518.0,right,5,31.05
1783408861.8,2518.0,right,6,30.98
1783408861.8,2518.0,right,7,29.86
1783408866.9,2523.0,left,imu,39.35
1783408866.9,2523.0,left,0,35.83
1783408866.9,2523.0,left,1,37.27
1783408866.9,2523.0,left,2,39.15
1783408866.9,2523.0,left,3,37.00
1783408866.9,2523.0,left,4,37.03
1783408866.9,2523.0,left,5,39.54
1783408866.9,2523.0,left,6,39.17
1783408866.9,2523.0,left,7,37.91
1783408866.9,2523.0,right,imu,28.96
1783408866.9,2523.0,right,0,26.43
1783408866.9,2523.0,right,1,27.89
1783408866.9,2523.0,right,2,31.19
1783408866.9,2523.0,right,3,32.14
1783408866.9,2523.0,right,4,31.14
1783408866.9,2523.0,right,5,31.05
1783408866.9,2523.0,right,6,30.98
1783408866.9,2523.0,right,7,29.86
1783408871.9,2528.1,left,imu,39.02
1783408871.9,2528.1,left,0,35.75
1783408871.9,2528.1,left,1,37.20
1783408871.9,2528.1,left,2,39.07
1783408871.9,2528.1,left,3,36.85
1783408871.9,2528.1,left,4,36.95
1783408871.9,2528.1,left,5,39.54
1783408871.9,2528.1,left,6,39.09
1783408871.9,2528.1,left,7,37.91
1783408871.9,2528.1,right,imu,28.91
1783408871.9,2528.1,right,0,26.43
1783408871.9,2528.1,right,1,27.89
1783408871.9,2528.1,right,2,31.19
1783408871.9,2528.1,right,3,32.22
1783408871.9,2528.1,right,4,31.14
1783408871.9,2528.1,right,5,31.05
1783408871.9,2528.1,right,6,30.98
1783408871.9,2528.1,right,7,29.86
1783408877.0,2533.1,left,imu,39.21
1783408877.0,2533.1,left,0,35.75
1783408877.0,2533.1,left,1,37.20
1783408877.0,2533.1,left,2,39.07
1783408877.0,2533.1,left,3,36.92
1783408877.0,2533.1,left,4,37.11
1783408877.0,2533.1,left,5,39.46
1783408877.0,2533.1,left,6,39.17
1783408877.0,2533.1,left,7,37.84
1783408877.0,2533.1,right,imu,29.10
1783408877.0,2533.1,right,0,26.43
1783408877.0,2533.1,right,1,27.89
1783408877.0,2533.1,right,2,31.19
1783408877.0,2533.1,right,3,32.14
1783408877.0,2533.1,right,4,31.14
1783408877.0,2533.1,right,5,31.05
1783408877.0,2533.1,right,6,30.98
1783408877.0,2533.1,right,7,29.86
1783408882.0,2538.1,left,imu,39.21
1783408882.0,2538.1,left,0,35.75
1783408882.0,2538.1,left,1,37.20
1783408882.0,2538.1,left,2,39.07
1783408882.0,2538.1,left,3,36.85
1783408882.0,2538.1,left,4,37.03
1783408882.0,2538.1,left,5,39.46
1783408882.0,2538.1,left,6,39.09
1783408882.0,2538.1,left,7,37.84
1783408882.0,2538.1,right,imu,29.15
1783408882.0,2538.1,right,0,26.43
1783408882.0,2538.1,right,1,27.89
1783408882.0,2538.1,right,2,31.19
1783408882.0,2538.1,right,3,32.14
1783408882.0,2538.1,right,4,31.14
1783408882.0,2538.1,right,5,31.05
1783408882.0,2538.1,right,6,30.98
1783408882.0,2538.1,right,7,29.78
1783408887.1,2543.2,left,imu,39.02
1783408887.1,2543.2,left,0,35.75
1783408887.1,2543.2,left,1,37.20
1783408887.1,2543.2,left,2,39.07
1783408887.1,2543.2,left,3,36.77
1783408887.1,2543.2,left,4,37.11
1783408887.1,2543.2,left,5,39.46
1783408887.1,2543.2,left,6,39.17
1783408887.1,2543.2,left,7,37.91
1783408887.1,2543.2,right,imu,29.19
1783408887.1,2543.2,right,0,26.43
1783408887.1,2543.2,right,1,27.89
1783408887.1,2543.2,right,2,31.19
1783408887.1,2543.2,right,3,32.14
1783408887.1,2543.2,right,4,31.14
1783408887.1,2543.2,right,5,31.05
1783408887.1,2543.2,right,6,30.98
1783408887.1,2543.2,right,7,29.78
1783408892.1,2548.2,left,imu,39.31
1783408892.1,2548.2,left,0,35.75
1783408892.1,2548.2,left,1,37.20
1783408892.1,2548.2,left,2,39.07
1783408892.1,2548.2,left,3,37.00
1783408892.1,2548.2,left,4,37.03
1783408892.1,2548.2,left,5,39.46
1783408892.1,2548.2,left,6,39.09
1783408892.1,2548.2,left,7,37.84
1783408892.1,2548.2,right,imu,29.10
1783408892.1,2548.2,right,0,26.43
1783408892.1,2548.2,right,1,27.89
1783408892.1,2548.2,right,2,31.19
1783408892.1,2548.2,right,3,32.22
1783408892.1,2548.2,right,4,31.14
1783408892.1,2548.2,right,5,31.05
1783408892.1,2548.2,right,6,30.98
1783408892.1,2548.2,right,7,29.78
1783408897.1,2553.3,left,imu,39.02
1783408897.1,2553.3,left,0,35.75
1783408897.1,2553.3,left,1,37.20
1783408897.1,2553.3,left,2,39.07
1783408897.1,2553.3,left,3,36.92
1783408897.1,2553.3,left,4,36.88
1783408897.1,2553.3,left,5,39.46
1783408897.1,2553.3,left,6,39.09
1783408897.1,2553.3,left,7,37.84
1783408897.1,2553.3,right,imu,29.19
1783408897.1,2553.3,right,0,26.43
1783408897.1,2553.3,right,1,27.89
1783408897.1,2553.3,right,2,31.19
1783408897.1,2553.3,right,3,32.22
1783408897.1,2553.3,right,4,31.14
1783408897.1,2553.3,right,5,31.12
1783408897.1,2553.3,right,6,30.98
1783408897.1,2553.3,right,7,29.86
1783408902.2,2558.3,left,imu,39.16
1783408902.2,2558.3,left,0,35.75
1783408902.2,2558.3,left,1,37.20
1783408902.2,2558.3,left,2,39.07
1783408902.2,2558.3,left,3,37.15
1783408902.2,2558.3,left,4,36.88
1783408902.2,2558.3,left,5,39.46
1783408902.2,2558.3,left,6,39.09
1783408902.2,2558.3,left,7,37.84
1783408902.2,2558.3,right,imu,29.10
1783408902.2,2558.3,right,0,26.43
1783408902.2,2558.3,right,1,27.89
1783408902.2,2558.3,right,2,31.19
1783408902.2,2558.3,right,3,32.22
1783408902.2,2558.3,right,4,31.14
1783408902.2,2558.3,right,5,31.05
1783408902.2,2558.3,right,6,30.98
1783408902.2,2558.3,right,7,29.86
1783408907.2,2563.4,left,imu,39.21
1783408907.2,2563.4,left,0,35.75
1783408907.2,2563.4,left,1,37.20
1783408907.2,2563.4,left,2,39.07
1783408907.2,2563.4,left,3,37.07
1783408907.2,2563.4,left,4,37.11
1783408907.2,2563.4,left,5,39.46
1783408907.2,2563.4,left,6,39.09
1783408907.2,2563.4,left,7,37.84
1783408907.2,2563.4,right,imu,29.15
1783408907.2,2563.4,right,0,26.35
1783408907.2,2563.4,right,1,27.89
1783408907.2,2563.4,right,2,31.19
1783408907.2,2563.4,right,3,32.22
1783408907.2,2563.4,right,4,31.14
1783408907.2,2563.4,right,5,31.05
1783408907.2,2563.4,right,6,30.98
1783408907.2,2563.4,right,7,29.86
1783408912.3,2568.4,left,imu,39.02
1783408912.3,2568.4,left,0,35.75
1783408912.3,2568.4,left,1,37.20
1783408912.3,2568.4,left,2,39.07
1783408912.3,2568.4,left,3,37.15
1783408912.3,2568.4,left,4,37.25
1783408912.3,2568.4,left,5,39.46
1783408912.3,2568.4,left,6,39.09
1783408912.3,2568.4,left,7,37.84
1783408912.3,2568.4,right,imu,28.96
1783408912.3,2568.4,right,0,26.43
1783408912.3,2568.4,right,1,27.89
1783408912.3,2568.4,right,2,31.19
1783408912.3,2568.4,right,3,32.22
1783408912.3,2568.4,right,4,31.14
1783408912.3,2568.4,right,5,31.05
1783408912.3,2568.4,right,6,30.98
1783408912.3,2568.4,right,7,29.78
1783408917.3,2573.5,left,imu,39.21
1783408917.3,2573.5,left,0,35.75
1783408917.3,2573.5,left,1,37.20
1783408917.3,2573.5,left,2,39.07
1783408917.3,2573.5,left,3,37.07
1783408917.3,2573.5,left,4,37.11
1783408917.3,2573.5,left,5,39.46
1783408917.3,2573.5,left,6,39.09
1783408917.3,2573.5,left,7,37.76
1783408917.3,2573.5,right,imu,29.19
1783408917.3,2573.5,right,0,26.43
1783408917.3,2573.5,right,1,27.89
1783408917.3,2573.5,right,2,31.19
1783408917.3,2573.5,right,3,32.14
1783408917.3,2573.5,right,4,31.14
1783408917.3,2573.5,right,5,31.05
1783408917.3,2573.5,right,6,30.98
1783408917.3,2573.5,right,7,29.86
1783408922.4,2578.5,left,imu,38.83
1783408922.4,2578.5,left,0,35.75
1783408922.4,2578.5,left,1,37.20
1783408922.4,2578.5,left,2,39.07
1783408922.4,2578.5,left,3,36.92
1783408922.4,2578.5,left,4,36.95
1783408922.4,2578.5,left,5,39.46
1783408922.4,2578.5,left,6,39.09
1783408922.4,2578.5,left,7,37.84
1783408922.4,2578.5,right,imu,29.29
1783408922.4,2578.5,right,0,26.35
1783408922.4,2578.5,right,1,27.89
1783408922.4,2578.5,right,2,31.19
1783408922.4,2578.5,right,3,32.22
1783408922.4,2578.5,right,4,31.14
1783408922.4,2578.5,right,5,31.05
1783408922.4,2578.5,right,6,30.98
1783408922.4,2578.5,right,7,29.86
1783408927.4,2583.5,left,imu,39.02
1783408927.4,2583.5,left,0,35.75
1783408927.4,2583.5,left,1,37.20
1783408927.4,2583.5,left,2,39.00
1783408927.4,2583.5,left,3,37.30
1783408927.4,2583.5,left,4,36.88
1783408927.4,2583.5,left,5,39.46
1783408927.4,2583.5,left,6,39.02
1783408927.4,2583.5,left,7,37.76
1783408927.4,2583.5,right,imu,29.15
1783408927.4,2583.5,right,0,26.43
1783408927.4,2583.5,right,1,27.89
1783408927.4,2583.5,right,2,31.19
1783408927.4,2583.5,right,3,32.14
1783408927.4,2583.5,right,4,31.14
1783408927.4,2583.5,right,5,31.05
1783408927.4,2583.5,right,6,30.98
1783408927.4,2583.5,right,7,29.86
1783408932.5,2588.6,left,imu,39.02
1783408932.5,2588.6,left,0,35.75
1783408932.5,2588.6,left,1,37.20
1783408932.5,2588.6,left,2,39.07
1783408932.5,2588.6,left,3,37.22
1783408932.5,2588.6,left,4,36.88
1783408932.5,2588.6,left,5,39.39
1783408932.5,2588.6,left,6,39.09
1783408932.5,2588.6,left,7,37.76
1783408932.5,2588.6,right,imu,29.15
1783408932.5,2588.6,right,0,26.35
1783408932.5,2588.6,right,1,27.89
1783408932.5,2588.6,right,2,31.19
1783408932.5,2588.6,right,3,32.22
1783408932.5,2588.6,right,4,31.14
1783408932.5,2588.6,right,5,31.05
1783408932.5,2588.6,right,6,30.98
1783408932.5,2588.6,right,7,29.78
1783408937.5,2593.6,left,imu,39.21
1783408937.5,2593.6,left,0,35.75
1783408937.5,2593.6,left,1,37.20
1783408937.5,2593.6,left,2,39.00
1783408937.5,2593.6,left,3,37.22
1783408937.5,2593.6,left,4,36.88
1783408937.5,2593.6,left,5,39.39
1783408937.5,2593.6,left,6,39.02
1783408937.5,2593.6,left,7,37.76
1783408937.5,2593.6,right,imu,29.15
1783408937.5,2593.6,right,0,26.43
1783408937.5,2593.6,right,1,27.89
1783408937.5,2593.6,right,2,31.19
1783408937.5,2593.6,right,3,32.14
1783408937.5,2593.6,right,4,31.14
1783408937.5,2593.6,right,5,31.05
1783408937.5,2593.6,right,6,30.98
1783408937.5,2593.6,right,7,29.86
1783408942.6,2598.7,left,imu,39.11
1783408942.6,2598.7,left,0,35.75
1783408942.6,2598.7,left,1,37.20
1783408942.6,2598.7,left,2,39.07
1783408942.6,2598.7,left,3,37.00
1783408942.6,2598.7,left,4,36.65
1783408942.6,2598.7,left,5,39.39
1783408942.6,2598.7,left,6,39.02
1783408942.6,2598.7,left,7,37.76
1783408942.6,2598.7,right,imu,29.48
1783408942.6,2598.7,right,0,26.43
1783408942.6,2598.7,right,1,27.89
1783408942.6,2598.7,right,2,31.19
1783408942.6,2598.7,right,3,32.22
1783408942.6,2598.7,right,4,31.14
1783408942.6,2598.7,right,5,31.05
1783408942.6,2598.7,right,6,30.98
1783408942.6,2598.7,right,7,29.78
1783408947.6,2603.7,left,imu,39.21
1783408947.6,2603.7,left,0,35.68
1783408947.6,2603.7,left,1,37.20
1783408947.6,2603.7,left,2,39.00
1783408947.6,2603.7,left,3,36.62
1783408947.6,2603.7,left,4,37.03
1783408947.6,2603.7,left,5,39.46
1783408947.6,2603.7,left,6,39.02
1783408947.6,2603.7,left,7,37.76
1783408947.6,2603.7,right,imu,29.34
1783408947.6,2603.7,right,0,26.43
1783408947.6,2603.7,right,1,27.89
1783408947.6,2603.7,right,2,31.19
1783408947.6,2603.7,right,3,32.22
1783408947.6,2603.7,right,4,31.14
1783408947.6,2603.7,right,5,31.05
1783408947.6,2603.7,right,6,30.98
1783408947.6,2603.7,right,7,29.86
1783408952.7,2608.8,left,imu,38.92
1783408952.7,2608.8,left,0,35.68
1783408952.7,2608.8,left,1,37.20
1783408952.7,2608.8,left,2,39.07
1783408952.7,2608.8,left,3,37.22
1783408952.7,2608.8,left,4,36.73
1783408952.7,2608.8,left,5,39.39
1783408952.7,2608.8,left,6,39.02
1783408952.7,2608.8,left,7,37.76
1783408952.7,2608.8,right,imu,29.29
1783408952.7,2608.8,right,0,26.35
1783408952.7,2608.8,right,1,27.89
1783408952.7,2608.8,right,2,31.19
1783408952.7,2608.8,right,3,32.14
1783408952.7,2608.8,right,4,31.14
1783408952.7,2608.8,right,5,31.05
1783408952.7,2608.8,right,6,30.98
1783408952.7,2608.8,right,7,29.78
1783408957.7,2613.8,left,imu,39.02
1783408957.7,2613.8,left,0,35.68
1783408957.7,2613.8,left,1,37.20
1783408957.7,2613.8,left,2,39.00
1783408957.7,2613.8,left,3,36.92
1783408957.7,2613.8,left,4,36.80
1783408957.7,2613.8,left,5,39.39
1783408957.7,2613.8,left,6,39.02
1783408957.7,2613.8,left,7,37.76
1783408957.7,2613.8,right,imu,29.10
1783408957.7,2613.8,right,0,26.43
1783408957.7,2613.8,right,1,27.89
1783408957.7,2613.8,right,2,31.19
1783408957.7,2613.8,right,3,32.14
1783408957.7,2613.8,right,4,31.14
1783408957.7,2613.8,right,5,31.05
1783408957.7,2613.8,right,6,30.98
1783408957.7,2613.8,right,7,29.78
1783408962.7,2618.9,left,imu,38.97
1783408962.7,2618.9,left,0,35.68
1783408962.7,2618.9,left,1,37.20
1783408962.7,2618.9,left,2,39.00
1783408962.7,2618.9,left,3,36.77
1783408962.7,2618.9,left,4,36.80
1783408962.7,2618.9,left,5,39.39
1783408962.7,2618.9,left,6,39.02
1783408962.7,2618.9,left,7,37.69
1783408962.7,2618.9,right,imu,28.91
1783408962.7,2618.9,right,0,26.43
1783408962.7,2618.9,right,1,27.89
1783408962.7,2618.9,right,2,31.19
1783408962.7,2618.9,right,3,32.14
1783408962.7,2618.9,right,4,31.14
1783408962.7,2618.9,right,5,30.98
1783408962.7,2618.9,right,6,30.98
1783408962.7,2618.9,right,7,29.78
1783408967.8,2623.9,left,imu,39.21
1783408967.8,2623.9,left,0,35.68
1783408967.8,2623.9,left,1,37.20
1783408967.8,2623.9,left,2,39.00
1783408967.8,2623.9,left,3,36.55
1783408967.8,2623.9,left,4,36.57
1783408967.8,2623.9,left,5,39.39
1783408967.8,2623.9,left,6,39.02
1783408967.8,2623.9,left,7,37.76
1783408967.8,2623.9,right,imu,29.10
1783408967.8,2623.9,right,0,26.35
1783408967.8,2623.9,right,1,27.89
1783408967.8,2623.9,right,2,31.19
1783408967.8,2623.9,right,3,32.14
1783408967.8,2623.9,right,4,31.14
1783408967.8,2623.9,right,5,31.05
1783408967.8,2623.9,right,6,30.90
1783408967.8,2623.9,right,7,29.78
1783408972.8,2629.0,left,imu,39.11
1783408972.8,2629.0,left,0,35.68
1783408972.8,2629.0,left,1,37.12
1783408972.8,2629.0,left,2,39.00
1783408972.8,2629.0,left,3,36.32
1783408972.8,2629.0,left,4,36.88
1783408972.8,2629.0,left,5,39.39
1783408972.8,2629.0,left,6,39.02
1783408972.8,2629.0,left,7,37.69
1783408972.8,2629.0,right,imu,28.96
1783408972.8,2629.0,right,0,26.43
1783408972.8,2629.0,right,1,27.89
1783408972.8,2629.0,right,2,31.19
1783408972.8,2629.0,right,3,32.14
1783408972.8,2629.0,right,4,31.14
1783408972.8,2629.0,right,5,31.05
1783408972.8,2629.0,right,6,30.98
1783408972.8,2629.0,right,7,29.78
1783408977.9,2634.0,left,imu,39.21
1783408977.9,2634.0,left,0,35.68
1783408977.9,2634.0,left,1,37.12
1783408977.9,2634.0,left,2,39.00
1783408977.9,2634.0,left,3,36.77
1783408977.9,2634.0,left,4,36.73
1783408977.9,2634.0,left,5,39.31
1783408977.9,2634.0,left,6,39.02
1783408977.9,2634.0,left,7,37.69
1783408977.9,2634.0,right,imu,29.19
1783408977.9,2634.0,right,0,26.43
1783408977.9,2634.0,right,1,27.89
1783408977.9,2634.0,right,2,31.19
1783408977.9,2634.0,right,3,32.14
1783408977.9,2634.0,right,4,31.21
1783408977.9,2634.0,right,5,31.05
1783408977.9,2634.0,right,6,30.90
1783408977.9,2634.0,right,7,29.78
1783408982.9,2639.1,left,imu,39.31
1783408982.9,2639.1,left,0,35.60
1783408982.9,2639.1,left,1,37.12
1783408982.9,2639.1,left,2,39.00
1783408982.9,2639.1,left,3,36.70
1783408982.9,2639.1,left,4,37.03
1783408982.9,2639.1,left,5,39.31
1783408982.9,2639.1,left,6,39.02
1783408982.9,2639.1,left,7,37.69
1783408982.9,2639.1,right,imu,29.19
1783408982.9,2639.1,right,0,26.43
1783408982.9,2639.1,right,1,27.89
1783408982.9,2639.1,right,2,31.19
1783408982.9,2639.1,right,3,32.14
1783408982.9,2639.1,right,4,31.14
1783408982.9,2639.1,right,5,31.05
1783408982.9,2639.1,right,6,30.98
1783408982.9,2639.1,right,7,29.78
1783408988.0,2644.1,left,imu,39.16
1783408988.0,2644.1,left,0,35.68
1783408988.0,2644.1,left,1,37.12
1783408988.0,2644.1,left,2,39.00
1783408988.0,2644.1,left,3,36.55
1783408988.0,2644.1,left,4,36.80
1783408988.0,2644.1,left,5,39.39
1783408988.0,2644.1,left,6,39.02
1783408988.0,2644.1,left,7,37.69
1783408988.0,2644.1,right,imu,29.19
1783408988.0,2644.1,right,0,26.35
1783408988.0,2644.1,right,1,27.89
1783408988.0,2644.1,right,2,31.19
1783408988.0,2644.1,right,3,32.14
1783408988.0,2644.1,right,4,31.14
1783408988.0,2644.1,right,5,31.05
1783408988.0,2644.1,right,6,30.98
1783408988.0,2644.1,right,7,29.78
1783408993.0,2649.1,left,imu,39.02
1783408993.0,2649.1,left,0,35.68
1783408993.0,2649.1,left,1,37.12
1783408993.0,2649.1,left,2,39.00
1783408993.0,2649.1,left,3,36.70
1783408993.0,2649.1,left,4,36.80
1783408993.0,2649.1,left,5,39.31
1783408993.0,2649.1,left,6,39.02
1783408993.0,2649.1,left,7,37.69
1783408993.0,2649.1,right,imu,29.15
1783408993.0,2649.1,right,0,26.35
1783408993.0,2649.1,right,1,27.89
1783408993.0,2649.1,right,2,31.19
1783408993.0,2649.1,right,3,32.14
1783408993.0,2649.1,right,4,31.14
1783408993.0,2649.1,right,5,31.05
1783408993.0,2649.1,right,6,30.90
1783408993.0,2649.1,right,7,29.78
1783408998.1,2654.2,left,imu,39.02
1783408998.1,2654.2,left,0,35.60
1783408998.1,2654.2,left,1,37.12
1783408998.1,2654.2,left,2,38.93
1783408998.1,2654.2,left,3,36.62
1783408998.1,2654.2,left,4,36.73
1783408998.1,2654.2,left,5,39.39
1783408998.1,2654.2,left,6,39.02
1783408998.1,2654.2,left,7,37.69
1783408998.1,2654.2,right,imu,29.15
1783408998.1,2654.2,right,0,26.35
1783408998.1,2654.2,right,1,27.89
1783408998.1,2654.2,right,2,31.19
1783408998.1,2654.2,right,3,32.07
1783408998.1,2654.2,right,4,31.14
1783408998.1,2654.2,right,5,30.98
1783408998.1,2654.2,right,6,30.90
1783408998.1,2654.2,right,7,29.71
1783409003.1,2659.2,left,imu,39.21
1783409003.1,2659.2,left,0,35.60
1783409003.1,2659.2,left,1,37.12
1783409003.1,2659.2,left,2,39.00
1783409003.1,2659.2,left,3,36.47
1783409003.1,2659.2,left,4,36.88
1783409003.1,2659.2,left,5,39.31
1783409003.1,2659.2,left,6,38.94
1783409003.1,2659.2,left,7,37.69
1783409003.1,2659.2,right,imu,29.15
1783409003.1,2659.2,right,0,26.35
1783409003.1,2659.2,right,1,27.89
1783409003.1,2659.2,right,2,31.19
1783409003.1,2659.2,right,3,32.07
1783409003.1,2659.2,right,4,31.14
1783409003.1,2659.2,right,5,31.05
1783409003.1,2659.2,right,6,30.90
1783409003.1,2659.2,right,7,29.71
1783409008.1,2664.3,left,imu,38.97
1783409008.1,2664.3,left,0,35.60
1783409008.1,2664.3,left,1,37.12
1783409008.1,2664.3,left,2,39.00
1783409008.1,2664.3,left,3,36.62
1783409008.1,2664.3,left,4,36.88
1783409008.1,2664.3,left,5,39.31
1783409008.1,2664.3,left,6,38.94
1783409008.1,2664.3,left,7,37.69
1783409008.1,2664.3,right,imu,29.10
1783409008.1,2664.3,right,0,26.43
1783409008.1,2664.3,right,1,27.89
1783409008.1,2664.3,right,2,31.19
1783409008.1,2664.3,right,3,32.07
1783409008.1,2664.3,right,4,31.14
1783409008.1,2664.3,right,5,30.98
1783409008.1,2664.3,right,6,30.90
1783409008.1,2664.3,right,7,29.78
1783409013.2,2669.3,left,imu,39.11
1783409013.2,2669.3,left,0,35.60
1783409013.2,2669.3,left,1,37.12
1783409013.2,2669.3,left,2,38.93
1783409013.2,2669.3,left,3,36.47
1783409013.2,2669.3,left,4,36.95
1783409013.2,2669.3,left,5,39.31
1783409013.2,2669.3,left,6,38.94
1783409013.2,2669.3,left,7,37.69
1783409013.2,2669.3,right,imu,29.34
1783409013.2,2669.3,right,0,26.43
1783409013.2,2669.3,right,1,27.89
1783409013.2,2669.3,right,2,31.19
1783409013.2,2669.3,right,3,32.14
1783409013.2,2669.3,right,4,31.14
1783409013.2,2669.3,right,5,30.98
1783409013.2,2669.3,right,6,30.90
1783409013.2,2669.3,right,7,29.78
1783409018.2,2674.4,left,imu,38.92
1783409018.2,2674.4,left,0,35.60
1783409018.2,2674.4,left,1,37.12
1783409018.2,2674.4,left,2,38.93
1783409018.2,2674.4,left,3,36.47
1783409018.2,2674.4,left,4,36.73
1783409018.2,2674.4,left,5,39.23
1783409018.2,2674.4,left,6,38.94
1783409018.2,2674.4,left,7,37.69
1783409018.2,2674.4,right,imu,29.29
1783409018.2,2674.4,right,0,26.35
1783409018.2,2674.4,right,1,27.89
1783409018.2,2674.4,right,2,31.19
1783409018.2,2674.4,right,3,32.07
1783409018.2,2674.4,right,4,31.14
1783409018.2,2674.4,right,5,30.98
1783409018.2,2674.4,right,6,30.90
1783409018.2,2674.4,right,7,29.78
1783409023.3,2679.4,left,imu,39.21
1783409023.3,2679.4,left,0,35.60
1783409023.3,2679.4,left,1,37.12
1783409023.3,2679.4,left,2,38.93
1783409023.3,2679.4,left,3,36.70
1783409023.3,2679.4,left,4,36.73
1783409023.3,2679.4,left,5,39.31
1783409023.3,2679.4,left,6,38.94
1783409023.3,2679.4,left,7,37.69
1783409023.3,2679.4,right,imu,29.15
1783409023.3,2679.4,right,0,26.35
1783409023.3,2679.4,right,1,27.89
1783409023.3,2679.4,right,2,31.19
1783409023.3,2679.4,right,3,32.07
1783409023.3,2679.4,right,4,31.14
1783409023.3,2679.4,right,5,30.98
1783409023.3,2679.4,right,6,30.90
1783409023.3,2679.4,right,7,29.78
1783409028.3,2684.5,left,imu,39.02
1783409028.3,2684.5,left,0,35.60
1783409028.3,2684.5,left,1,37.12
1783409028.3,2684.5,left,2,38.93
1783409028.3,2684.5,left,3,36.62
1783409028.3,2684.5,left,4,36.65
1783409028.3,2684.5,left,5,39.31
1783409028.3,2684.5,left,6,38.94
1783409028.3,2684.5,left,7,37.69
1783409028.3,2684.5,right,imu,29.10
1783409028.3,2684.5,right,0,26.43
1783409028.3,2684.5,right,1,27.89
1783409028.3,2684.5,right,2,31.19
1783409028.3,2684.5,right,3,32.07
1783409028.3,2684.5,right,4,31.14
1783409028.3,2684.5,right,5,30.98
1783409028.3,2684.5,right,6,30.90
1783409028.3,2684.5,right,7,29.78
1783409033.4,2689.5,left,imu,38.92
1783409033.4,2689.5,left,0,35.60
1783409033.4,2689.5,left,1,37.12
1783409033.4,2689.5,left,2,38.93
1783409033.4,2689.5,left,3,36.70
1783409033.4,2689.5,left,4,36.95
1783409033.4,2689.5,left,5,39.31
1783409033.4,2689.5,left,6,38.87
1783409033.4,2689.5,left,7,37.69
1783409033.4,2689.5,right,imu,29.19
1783409033.4,2689.5,right,0,26.43
1783409033.4,2689.5,right,1,27.89
1783409033.4,2689.5,right,2,31.19
1783409033.4,2689.5,right,3,32.07
1783409033.4,2689.5,right,4,31.14
1783409033.4,2689.5,right,5,31.05
1783409033.4,2689.5,right,6,30.90
1783409033.4,2689.5,right,7,29.78
1783409038.4,2694.5,left,imu,39.16
1783409038.4,2694.5,left,0,35.60
1783409038.4,2694.5,left,1,37.12
1783409038.4,2694.5,left,2,38.93
1783409038.4,2694.5,left,3,36.47
1783409038.4,2694.5,left,4,36.65
1783409038.4,2694.5,left,5,39.31
1783409038.4,2694.5,left,6,38.87
1783409038.4,2694.5,left,7,37.69
1783409038.4,2694.5,right,imu,29.34
1783409038.4,2694.5,right,0,26.43
1783409038.4,2694.5,right,1,27.89
1783409038.4,2694.5,right,2,31.19
1783409038.4,2694.5,right,3,32.07
1783409038.4,2694.5,right,4,31.14
1783409038.4,2694.5,right,5,31.05
1783409038.4,2694.5,right,6,30.90
1783409038.4,2694.5,right,7,29.78
1783409043.5,2699.6,left,imu,39.31
1783409043.5,2699.6,left,0,35.60
1783409043.5,2699.6,left,1,37.04
1783409043.5,2699.6,left,2,38.93
1783409043.5,2699.6,left,3,36.55
1783409043.5,2699.6,left,4,36.50
1783409043.5,2699.6,left,5,39.31
1783409043.5,2699.6,left,6,38.94
1783409043.5,2699.6,left,7,37.69
1783409043.5,2699.6,right,imu,29.19
1783409043.5,2699.6,right,0,26.43
1783409043.5,2699.6,right,1,27.89
1783409043.5,2699.6,right,2,31.19
1783409043.5,2699.6,right,3,32.07
1783409043.5,2699.6,right,4,31.14
1783409043.5,2699.6,right,5,30.98
1783409043.5,2699.6,right,6,30.98
1783409043.5,2699.6,right,7,29.86
1783409048.5,2704.6,left,imu,39.21
1783409048.5,2704.6,left,0,35.60
1783409048.5,2704.6,left,1,37.04
1783409048.5,2704.6,left,2,38.93
1783409048.5,2704.6,left,3,36.55
1783409048.5,2704.6,left,4,36.73
1783409048.5,2704.6,left,5,39.31
1783409048.5,2704.6,left,6,38.94
1783409048.5,2704.6,left,7,37.69
1783409048.5,2704.6,right,imu,29.48
1783409048.5,2704.6,right,0,26.43
1783409048.5,2704.6,right,1,27.89
1783409048.5,2704.6,right,2,31.19
1783409048.5,2704.6,right,3,32.07
1783409048.5,2704.6,right,4,31.14
1783409048.5,2704.6,right,5,30.98
1783409048.5,2704.6,right,6,30.90
1783409048.5,2704.6,right,7,29.78
