side,cam_id,t_s,die_temp_c
left,0,0,25.89453125
left,0,1,27.43359375
left,0,2,29.046875
left,0,3,29.81640625
left,0,4,31.5078125
left,0,5,32.66015625
left,0,6,33.5078125
left,0,7,34.58203125
left,0,8,35.50390625
left,0,9,36.3515625
left,0,10,37.04296875
left,0,11,37.734375
left,0,12,38.3515625
left,0,13,38.8125
left,0,14,39.2734375
left,0,15,39.50390625
left,0,16,39.734375
left,0,17,40.1171875
left,0,18,40.50390625
left,0,19,40.8125
left,0,20,41.1171875
left,0,21,41.2734375
left,0,22,41.578125
left,0,23,41.88671875
left,0,24,42.0390625
left,0,25,42.2734375
left,0,26,42.50390625
left,0,27,42.65625
left,0,28,42.80859375
left,0,29,42.88671875
left,0,30,43.0390625
left,0,31,43.1953125
left,0,32,43.26953125
left,0,33,43.42578125
left,0,34,43.5
left,0,35,43.578125
left,0,36,43.73046875
left,0,37,43.80859375
left,0,38,43.96484375
left,0,39,44.0390625
left,0,40,44.1171875
left,0,41,44.1953125
left,0,42,44.26953125
left,0,43,44.34765625
left,0,44,44.42578125
left,0,45,44.5
left,0,46,44.578125
left,0,47,44.578125
left,0,48,44.65625
left,0,49,44.73046875
left,0,50,44.73046875
left,0,51,44.73046875
left,0,52,44.80859375
left,0,53,44.88671875
left,0,54,44.9609375
left,0,55,45.0390625
left,0,56,45.0390625
left,0,57,45.0390625
left,0,58,45.1171875
left,0,59,45.1171875
left,0,60,45.1171875
left,0,61,45.19140625
left,0,62,45.26953125
left,0,63,45.26953125
left,0,64,45.34765625
left,0,65,45.421875
left,0,66,45.421875
left,0,67,45.421875
left,0,68,45.5
left,0,69,45.5
left,0,70,45.578125
left,0,71,45.578125
left,0,72,45.578125
left,0,73,45.65625
left,0,74,45.73046875
left,0,75,45.73046875
left,0,76,45.73046875
left,0,77,45.80859375
left,0,78,45.80859375
left,0,79,45.80859375
left,0,80,45.80859375
left,0,81,45.88671875
left,0,82,45.9609375
left,0,83,45.9609375
left,0,84,45.9609375
left,0,85,46.0390625
left,0,86,46.0390625
left,0,87,46.1171875
left,0,88,46.19140625
left,0,89,46.19140625
left,0,90,46.19140625
left,0,91,46.19140625
left,0,92,46.19140625
left,0,93,46.26953125
left,0,94,46.26953125
left,0,95,46.26953125
left,0,96,46.34765625
left,0,97,46.34765625
left,0,98,46.34765625
left,0,99,46.34765625
left,0,100,46.421875
left,0,101,46.421875
left,0,102,46.5
left,0,103,46.5
left,0,104,46.5
left,0,105,46.5
left,0,106,46.578125
left,0,107,46.578125
left,0,108,46.578125
left,0,109,46.578125
left,0,110,46.65234375
left,0,111,46.578125
left,0,112,46.578125
left,0,113,46.73046875
left,0,114,46.73046875
left,0,115,46.73046875
left,0,116,46.73046875
left,0,117,46.73046875
left,0,118,46.80859375
left,0,119,46.80859375
left,0,120,46.8828125
left,0,121,46.8828125
left,0,122,46.8828125
left,0,123,46.8828125
left,0,124,46.8828125
left,0,125,46.9609375
left,0,126,46.8828125
left,0,127,46.9609375
left,0,128,46.9609375
left,0,129,46.9609375
left,0,130,47.0390625
left,0,131,47.0390625
left,0,132,47.0390625
left,0,133,47.0390625
left,0,134,47.0390625
left,0,135,47.1171875
left,0,136,47.0390625
left,0,137,47.1171875
left,0,138,47.1171875
left,0,139,47.1171875
left,0,140,47.19140625
left,0,141,47.19140625
left,0,142,47.19140625
left,0,143,47.26953125
left,0,144,47.19140625
left,0,145,47.26953125
left,0,146,47.34765625
left,0,147,47.26953125
left,0,148,47.34765625
left,0,149,47.34765625
left,0,150,47.34765625
left,0,151,47.34765625
left,0,152,47.421875
left,0,153,47.421875
left,0,154,47.421875
left,0,155,47.421875
left,0,156,47.5
left,0,157,47.5
left,0,158,47.5
left,0,159,47.578125
left,0,160,47.578125
left,0,161,47.578125
left,0,162,47.578125
left,0,163,47.65234375
left,0,164,47.578125
left,0,165,47.65234375
left,0,166,47.65234375
left,0,167,47.73046875
left,0,168,47.65234375
left,0,169,47.73046875
left,0,170,47.65234375
left,0,171,47.73046875
left,0,172,47.73046875
left,0,173,47.73046875
left,0,174,47.73046875
left,0,175,47.80859375
left,0,176,47.80859375
left,0,177,47.80859375
left,0,178,47.80859375
left,0,179,47.80859375
left,0,180,47.8828125
left,0,181,47.8828125
left,0,182,47.8828125
left,0,183,47.8828125
left,0,184,47.8828125
left,0,185,47.9609375
left,0,186,47.9609375
left,0,187,47.9609375
left,0,188,47.9609375
left,0,189,47.9609375
left,0,190,47.9609375
left,0,191,48.0390625
left,0,192,48.0390625
left,0,193,48.0390625
left,0,194,48.11328125
left,0,195,48.11328125
left,0,196,48.11328125
left,0,197,48.11328125
left,0,198,48.11328125
left,0,199,48.11328125
left,0,200,48.11328125
left,0,201,48.19140625
left,0,202,48.19140625
left,0,203,48.19140625
left,0,204,48.19140625
left,0,205,48.19140625
left,0,206,48.26953125
left,0,207,48.26953125
left,0,208,48.26953125
left,0,209,48.26953125
left,0,210,48.34375
left,0,211,48.26953125
left,0,212,48.34375
left,0,213,48.34375
left,0,214,48.34375
left,0,215,48.34375
left,0,216,48.421875
left,0,217,48.34375
left,0,218,48.421875
left,0,219,48.34375
left,0,220,48.421875
left,0,221,48.421875
left,0,222,48.421875
left,0,223,48.421875
left,0,224,48.421875
left,0,225,48.421875
left,0,226,48.421875
left,0,227,48.421875
left,0,228,48.421875
left,0,229,48.5
left,0,230,48.5
left,0,231,48.5
left,0,232,48.5
left,0,233,48.5
left,0,234,48.57421875
left,0,235,48.57421875
left,0,236,48.57421875
left,0,237,48.57421875
left,0,238,48.57421875
left,0,239,48.57421875
left,0,240,48.57421875
left,0,241,48.65234375
left,0,242,48.65234375
left,0,243,48.65234375
left,0,244,48.57421875
left,0,245,48.65234375
left,0,246,48.73046875
left,0,247,48.65234375
left,0,248,48.65234375
left,0,249,48.65234375
left,0,250,48.65234375
left,0,251,48.65234375
left,0,252,48.73046875
left,0,253,48.73046875
left,0,254,48.65234375
left,0,255,48.65234375
left,0,256,48.73046875
left,0,257,48.73046875
left,0,258,48.73046875
left,0,259,48.73046875
left,0,260,48.73046875
left,0,261,48.73046875
left,0,262,48.80859375
left,0,263,48.80859375
left,0,264,48.80859375
left,0,265,48.80859375
left,0,266,48.80859375
left,0,267,48.80859375
left,0,268,48.80859375
left,0,269,48.8828125
left,0,270,48.8828125
left,0,271,48.8828125
left,0,272,48.8828125
left,0,273,48.8828125
left,0,274,48.8828125
left,0,275,48.8828125
left,0,276,48.8828125
left,0,277,48.9609375
left,0,278,48.9609375
left,0,279,48.9609375
left,0,280,48.9609375
left,0,281,48.8828125
left,0,282,48.9609375
left,0,283,48.9609375
left,0,284,48.9609375
left,0,285,48.9609375
left,0,286,48.9609375
left,0,287,49.0390625
left,0,288,49.0390625
left,0,289,49.0390625
left,0,290,49.0390625
left,0,291,49.0390625
left,0,292,49.0390625
left,0,293,49.0390625
left,0,294,49.0390625
left,0,295,49.11328125
left,0,296,49.11328125
left,0,297,49.0390625
left,0,298,49.11328125
left,0,299,49.11328125
left,0,300,49.11328125
left,0,301,49.11328125
left,0,302,49.11328125
left,0,303,49.11328125
left,0,304,49.19140625
left,0,305,49.19140625
left,0,306,49.11328125
left,0,307,49.19140625
left,0,308,49.19140625
left,0,309,49.19140625
left,0,310,49.19140625
left,0,311,49.19140625
left,0,312,49.19140625
left,0,313,49.19140625
left,0,314,49.26953125
left,0,315,49.26953125
left,0,316,49.26953125
left,0,317,49.26953125
left,0,318,49.34375
left,0,319,49.26953125
left,0,320,49.34375
left,0,321,49.34375
left,0,322,49.34375
left,0,323,49.34375
left,0,324,49.34375
left,0,325,49.34375
left,0,326,49.34375
left,0,327,49.34375
left,0,328,49.34375
left,0,329,49.34375
left,0,330,49.34375
left,0,331,49.34375
left,0,332,49.421875
left,0,333,49.421875
left,0,334,49.421875
left,0,335,49.421875
left,0,336,49.421875
left,0,337,49.421875
left,0,338,49.421875
left,0,339,49.421875
left,0,340,49.5
left,0,341,49.57421875
left,0,342,49.5
left,0,343,49.5
left,0,344,49.5
left,0,345,49.5
left,0,346,49.5
left,0,347,49.5
left,0,348,49.57421875
left,0,349,49.57421875
left,0,350,49.57421875
left,0,351,49.57421875
left,0,352,49.57421875
left,0,353,49.57421875
left,0,354,49.65234375
left,0,355,49.65234375
left,0,356,49.65234375
left,0,357,49.65234375
left,0,358,49.65234375
left,0,359,49.65234375
left,0,360,49.65234375
left,0,361,49.65234375
left,0,362,49.65234375
left,0,363,49.65234375
left,0,364,49.65234375
left,0,365,49.65234375
left,0,366,49.65234375
left,0,367,49.65234375
left,0,368,49.65234375
left,0,369,49.65234375
left,0,370,49.65234375
left,0,371,49.65234375
left,0,372,49.65234375
left,0,373,49.73046875
left,0,374,49.65234375
left,0,375,49.73046875
left,0,376,49.73046875
left,0,377,49.73046875
left,0,378,49.73046875
left,0,379,49.8046875
left,0,380,49.73046875
left,0,381,49.8046875
left,0,382,49.8046875
left,0,383,49.8046875
left,0,384,49.8046875
left,0,385,49.8046875
left,0,386,49.8046875
left,0,387,49.8046875
left,0,388,49.8046875
left,0,389,49.8046875
left,0,390,49.8046875
left,0,391,49.8828125
left,0,392,49.8046875
left,0,393,49.8046875
left,0,394,49.8046875
left,0,395,49.8046875
left,0,396,49.8046875
left,0,397,49.8828125
left,0,398,49.8828125
left,0,399,49.8046875
left,0,400,49.8828125
left,0,401,49.8828125
left,0,402,49.8828125
left,0,403,49.8828125
left,0,404,49.8828125
left,0,405,49.9609375
left,0,406,49.8828125
left,0,407,49.8828125
left,0,408,49.9609375
left,0,409,49.8828125
left,0,410,49.9609375
left,0,411,49.9609375
left,0,412,49.9609375
left,0,413,49.9609375
left,0,414,49.9609375
left,0,415,49.9609375
left,0,416,50.03515625
left,0,417,49.9609375
left,0,418,49.9609375
left,0,419,50.03515625
left,0,420,50.03515625
left,0,421,50.11328125
left,0,422,50.11328125
left,0,423,50.11328125
left,0,424,50.11328125
left,0,425,50.11328125
left,0,426,50.11328125
left,0,427,50.11328125
left,0,428,50.19140625
left,0,429,50.11328125
left,0,430,50.11328125
left,0,431,50.11328125
left,0,432,50.19140625
left,0,433,50.11328125
left,0,434,50.19140625
left,0,435,50.11328125
left,0,436,50.11328125
left,0,437,50.19140625
left,0,438,50.11328125
left,0,439,50.19140625
left,0,440,50.11328125
left,0,441,50.19140625
left,0,442,50.19140625
left,0,443,50.11328125
left,0,444,50.19140625
left,0,445,50.19140625
left,0,446,50.19140625
left,0,447,50.19140625
left,0,448,50.19140625
left,0,449,50.19140625
left,0,450,50.19140625
left,0,451,50.19140625
left,0,452,50.19140625
left,0,453,50.19140625
left,0,454,50.19140625
left,0,455,50.19140625
left,0,456,50.265625
left,0,457,50.19140625
left,0,458,50.19140625
left,0,459,50.19140625
left,0,460,50.19140625
left,0,461,50.19140625
left,0,462,50.19140625
left,0,463,50.265625
left,0,464,50.265625
left,0,465,50.265625
left,0,466,50.265625
left,0,467,50.265625
left,0,468,50.265625
left,0,469,50.265625
left,0,470,50.265625
left,0,471,50.265625
left,0,472,50.265625
left,0,473,50.265625
left,0,474,50.265625
left,0,475,50.34375
left,0,476,50.34375
left,0,477,50.34375
left,0,478,50.34375
left,0,479,50.265625
left,0,480,50.265625
left,0,481,50.34375
left,0,482,50.34375
left,0,483,50.34375
left,0,484,50.34375
left,0,485,50.34375
left,0,486,50.34375
left,0,487,50.34375
left,0,488,50.34375
left,0,489,50.34375
left,0,490,50.34375
left,0,491,50.34375
left,0,492,50.34375
left,0,493,50.34375
left,0,494,50.34375
left,0,495,50.421875
left,0,496,50.421875
left,0,497,50.421875
left,0,498,50.421875
left,0,499,50.421875
left,0,500,50.421875
left,0,501,50.421875
left,0,502,50.421875
left,0,503,50.421875
left,0,504,50.421875
left,0,505,50.421875
left,0,506,50.421875
left,0,507,50.421875
left,0,508,50.421875
left,0,509,50.421875
left,0,510,50.5
left,0,511,50.5
left,0,512,50.5
left,0,513,50.5
left,0,514,50.5
left,0,515,50.5
left,0,516,50.5
left,0,517,50.5
left,0,518,50.5
left,0,519,50.5
left,0,520,50.5
left,0,521,50.5
left,0,522,50.5
left,0,523,50.5
left,0,524,50.57421875
left,0,525,50.5
left,0,526,50.57421875
left,0,527,50.5
left,0,528,50.57421875
left,0,529,50.57421875
left,0,530,50.5
left,0,531,50.57421875
left,0,532,50.57421875
left,0,533,50.57421875
left,0,534,50.57421875
left,0,535,50.57421875
left,0,536,50.57421875
left,0,537,50.57421875
left,0,538,50.57421875
left,0,539,50.57421875
left,0,540,50.57421875
left,0,541,50.57421875
left,0,542,50.57421875
left,0,543,50.57421875
left,0,544,50.57421875
left,0,545,50.57421875
left,0,546,50.57421875
left,0,547,50.57421875
left,0,548,50.57421875
left,0,549,50.65234375
left,0,550,50.57421875
left,0,551,50.65234375
left,0,552,50.57421875
left,0,553,50.65234375
left,0,554,50.65234375
left,0,555,50.65234375
left,0,556,50.65234375
left,0,557,50.57421875
left,0,558,50.65234375
left,0,559,50.65234375
left,0,560,50.65234375
left,0,561,50.65234375
left,0,562,50.65234375
left,0,563,50.65234375
left,0,564,50.65234375
left,0,565,50.65234375
left,0,566,50.65234375
left,0,567,50.65234375
left,0,568,50.65234375
left,0,569,50.73046875
left,0,570,50.73046875
left,0,571,50.8046875
left,0,572,50.8046875
left,0,573,50.73046875
left,0,574,50.73046875
left,0,575,50.8046875
left,0,576,50.8046875
left,0,577,50.73046875
left,0,578,50.8046875
left,0,579,50.8046875
left,0,580,50.8046875
left,0,581,50.73046875
left,0,582,50.8046875
left,0,583,50.8046875
left,0,584,50.8046875
left,0,585,50.8046875
left,0,586,50.8046875
left,0,587,50.8046875
left,0,588,50.8046875
left,0,589,50.8046875
left,0,590,50.8046875
left,0,591,50.8046875
left,0,592,50.8046875
left,0,593,50.8046875
left,0,594,50.8046875
left,0,595,50.8046875
left,0,596,50.8046875
left,0,597,50.8046875
left,0,598,50.8046875
left,0,599,50.8046875
left,0,600,50.8046875
left,0,601,50.8828125
left,0,602,50.8828125
left,0,603,50.8828125
left,0,604,50.8828125
left,0,605,50.8828125
left,0,606,50.8046875
left,0,607,50.8828125
left,0,608,50.8828125
left,0,609,50.8828125
left,0,610,50.8828125
left,0,611,50.8828125
left,0,612,50.8828125
left,0,613,50.8828125
left,0,614,50.8828125
left,0,615,50.8828125
left,0,616,50.8046875
left,0,617,50.8828125
left,0,618,50.8828125
left,0,619,50.8828125
left,0,620,50.8828125
left,0,621,50.9609375
left,0,622,50.8828125
left,0,623,50.8828125
left,0,624,50.8828125
left,0,625,50.8828125
left,0,626,50.9609375
left,0,627,50.8828125
left,0,628,50.8828125
left,0,629,50.8828125
left,0,630,50.8828125
left,0,631,50.8828125
left,0,632,50.8828125
left,0,633,50.8828125
left,0,634,50.8828125
left,0,635,50.8828125
left,0,636,50.8828125
left,0,637,50.8828125
left,0,638,50.8828125
left,0,639,50.9609375
left,0,640,50.9609375
left,0,641,50.9609375
left,0,642,50.9609375
left,0,643,50.9609375
left,0,644,50.9609375
left,0,645,50.9609375
left,0,646,50.9609375
left,0,647,50.9609375
left,0,648,50.9609375
left,0,649,50.9609375
left,0,650,50.9609375
left,0,651,50.9609375
left,0,652,51.03515625
left,0,653,50.9609375
left,0,654,51.03515625
left,0,655,50.9609375
left,0,656,50.9609375
left,0,657,51.03515625
left,0,658,50.9609375
left,0,659,51.03515625
left,0,660,51.03515625
left,0,661,51.03515625
left,0,662,51.03515625
left,0,663,51.03515625
left,0,664,51.03515625
left,0,665,51.03515625
left,0,666,51.03515625
left,0,667,51.03515625
left,0,668,51.03515625
left,0,669,51.03515625
left,0,670,51.11328125
left,0,671,51.11328125
left,0,672,51.11328125
left,0,673,51.11328125
left,0,674,51.11328125
left,0,675,51.11328125
left,0,676,51.11328125
left,0,677,51.19140625
left,0,678,51.11328125
left,0,679,51.11328125
left,0,680,51.11328125
left,0,681,51.11328125
left,0,682,51.19140625
left,0,683,51.11328125
left,0,684,51.11328125
left,0,685,51.11328125
left,0,686,51.19140625
left,0,687,51.11328125
left,0,688,51.19140625
left,0,689,51.19140625
left,0,690,51.11328125
left,0,691,51.11328125
left,0,692,51.19140625
left,0,693,51.19140625
left,0,694,51.19140625
left,0,695,51.19140625
left,0,696,51.19140625
left,0,697,51.19140625
left,0,698,51.19140625
left,0,699,51.19140625
left,0,700,51.19140625
left,0,701,51.19140625
left,0,702,51.19140625
left,0,703,51.19140625
left,0,704,51.19140625
left,0,705,51.19140625
left,0,706,51.19140625
left,0,707,51.19140625
left,0,708,51.19140625
left,0,709,51.19140625
left,0,710,51.19140625
left,0,711,51.19140625
left,0,712,51.19140625
left,0,713,51.19140625
left,0,714,51.19140625
left,0,715,51.19140625
left,0,716,51.19140625
left,0,717,51.19140625
left,0,718,51.19140625
left,0,719,51.19140625
left,0,720,51.265625
left,0,721,51.19140625
left,0,722,51.265625
left,0,723,51.19140625
left,0,724,51.19140625
left,0,725,51.19140625
left,0,726,51.265625
left,0,727,51.19140625
left,0,728,51.19140625
left,0,729,51.19140625
left,0,730,51.19140625
left,0,731,51.19140625
left,0,732,51.265625
left,0,733,51.19140625
left,0,734,51.265625
left,0,735,51.19140625
left,0,736,51.265625
left,0,737,51.265625
left,0,738,51.265625
left,0,739,51.265625
left,0,740,51.265625
left,0,741,51.265625
left,0,742,51.265625
left,0,743,51.34375
left,0,744,51.265625
left,0,745,51.265625
left,0,746,51.265625
left,0,747,51.34375
left,0,748,51.265625
left,0,749,51.34375
left,0,750,51.265625
left,0,751,51.34375
left,0,752,51.265625
left,0,753,51.265625
left,0,754,51.34375
left,0,755,51.34375
left,0,756,51.265625
left,0,757,51.265625
left,0,758,51.265625
left,0,759,51.34375
left,0,760,51.34375
left,0,761,51.265625
left,0,762,51.265625
left,0,763,51.34375
left,0,764,51.34375
left,0,765,51.34375
left,0,766,51.3046875
left,0,767,51.3046875
left,0,768,51.34375
left,0,769,51.34375
left,0,770,51.34375
left,0,771,51.34375
left,0,772,51.34375
left,0,773,51.34375
left,0,774,51.34375
left,0,775,51.34375
left,0,776,51.34375
left,0,777,51.34375
left,0,778,51.34375
left,0,779,51.34375
left,0,780,51.34375
left,0,781,51.34375
left,0,782,51.34375
left,0,783,51.34375
left,0,784,51.34375
left,0,785,51.34375
left,0,786,51.34375
left,0,787,51.34375
left,0,788,51.34375
left,0,789,51.34375
left,0,790,51.34375
left,0,791,51.265625
left,0,792,51.34375
left,0,793,51.265625
left,0,794,51.34375
left,0,795,51.34375
left,0,796,51.34375
left,0,797,51.421875
left,0,798,51.34375
left,0,799,51.34375
left,0,800,51.34375
left,0,801,51.421875
left,0,802,51.421875
left,0,803,51.421875
left,0,804,51.421875
left,0,805,51.421875
left,0,806,51.34375
left,0,807,51.421875
left,0,808,51.421875
left,0,809,51.34375
left,0,810,51.34375
left,0,811,51.421875
left,0,812,51.421875
left,0,813,51.421875
left,0,814,51.421875
left,0,815,51.421875
left,0,816,51.421875
left,0,817,51.421875
left,0,818,51.421875
left,0,819,51.421875
left,0,820,51.49609375
left,0,821,51.421875
left,0,822,51.421875
left,0,823,51.49609375
left,0,824,51.421875
left,0,825,51.49609375
left,0,826,51.49609375
left,0,827,51.421875
left,0,828,51.421875
left,0,829,51.49609375
left,0,830,51.49609375
left,0,831,51.49609375
left,0,832,51.49609375
left,0,833,51.49609375
left,0,834,51.57421875
left,0,835,51.49609375
left,0,836,51.49609375
left,0,837,51.57421875
left,0,838,51.49609375
left,0,839,51.49609375
left,0,840,51.49609375
left,0,841,51.49609375
left,0,842,51.57421875
left,0,843,51.49609375
left,0,844,51.57421875
left,0,845,51.57421875
left,0,846,51.49609375
left,0,847,51.57421875
left,0,848,51.49609375
left,0,849,51.57421875
left,0,850,51.57421875
left,0,851,51.49609375
left,0,852,51.49609375
left,0,853,51.57421875
left,0,854,51.57421875
left,0,855,51.49609375
left,0,856,51.49609375
left,0,857,51.57421875
left,0,858,51.49609375
left,0,859,51.49609375
left,0,860,51.57421875
left,0,861,51.49609375
left,0,862,51.49609375
left,0,863,51.49609375
left,0,864,51.49609375
left,0,865,51.49609375
left,0,866,51.49609375
left,0,867,51.49609375
left,0,868,51.49609375
left,0,869,51.49609375
left,0,870,51.49609375
left,0,871,51.49609375
left,0,872,51.49609375
left,0,873,51.49609375
left,0,874,51.49609375
left,0,875,51.57421875
left,0,876,51.57421875
left,0,877,51.57421875
left,0,878,51.57421875
left,0,879,51.57421875
left,0,880,51.57421875
left,0,881,51.57421875
left,0,882,51.49609375
left,0,883,51.57421875
left,0,884,51.57421875
left,0,885,51.57421875
left,0,886,51.57421875
left,0,887,51.57421875
left,0,888,51.57421875
left,0,889,51.57421875
left,0,890,51.57421875
left,0,891,51.57421875
left,0,892,51.57421875
left,0,893,51.49609375
left,0,894,51.57421875
left,0,895,51.57421875
left,0,896,51.57421875
left,0,897,51.57421875
left,0,898,51.49609375
left,0,899,51.57421875
left,0,900,51.57421875
left,0,901,51.49609375
left,0,902,51.57421875
left,0,903,51.49609375
left,0,904,51.57421875
left,0,905,51.57421875
left,0,906,51.57421875
left,0,907,51.57421875
left,0,908,51.57421875
left,0,909,51.57421875
left,0,910,51.57421875
left,0,911,51.57421875
left,0,912,51.57421875
left,0,913,51.57421875
left,0,914,51.57421875
left,0,915,51.57421875
left,0,916,51.57421875
left,0,917,51.57421875
left,0,918,51.57421875
left,0,919,51.57421875
left,0,920,51.57421875
left,0,921,51.57421875
left,0,922,51.65234375
left,0,923,51.57421875
left,0,924,51.57421875
left,0,925,51.57421875
left,0,926,51.65234375
left,0,927,51.57421875
left,0,928,51.57421875
left,0,929,51.65234375
left,0,930,51.57421875
left,0,931,51.57421875
left,0,932,51.57421875
left,0,933,51.65234375
left,0,934,51.57421875
left,0,935,51.65234375
left,0,936,51.65234375
left,0,937,51.65234375
left,0,938,51.57421875
left,0,939,51.65234375
left,0,940,51.57421875
left,0,941,51.57421875
left,0,942,51.65234375
left,0,943,51.57421875
left,0,944,51.65234375
left,0,945,51.65234375
left,0,946,51.65234375
left,0,947,51.65234375
left,0,948,51.65234375
left,0,949,51.65234375
left,0,950,51.65234375
left,0,951,51.65234375
left,0,952,51.7265625
left,0,953,51.7265625
left,0,954,51.7265625
left,0,955,51.65234375
left,0,956,51.7265625
left,0,957,51.7265625
left,0,958,51.7265625
left,0,959,51.7265625
left,0,960,51.7265625
left,0,961,51.7265625
left,0,962,51.7265625
left,0,963,51.7265625
left,0,964,51.7265625
left,0,965,51.7265625
left,0,966,51.7265625
left,0,967,51.7265625
left,0,968,51.7265625
left,0,969,51.7265625
left,0,970,51.7265625
left,0,971,51.7265625
left,0,972,51.65234375
left,0,973,51.7265625
left,0,974,51.65234375
left,0,975,51.7265625
left,0,976,51.7265625
left,0,977,51.7265625
left,0,978,51.65234375
left,0,979,51.65234375
left,0,980,51.7265625
left,0,981,51.7265625
left,0,982,51.7265625
left,0,983,51.7265625
left,0,984,51.7265625
left,0,985,51.7265625
left,0,986,51.7265625
left,0,987,51.7265625
left,0,988,51.7265625
left,0,989,51.7265625
left,0,990,51.7265625
left,0,991,51.7265625
left,0,992,51.7265625
left,0,993,51.8046875
left,0,994,51.8046875
left,0,995,51.7265625
left,0,996,51.7265625
left,0,997,51.8046875
left,0,998,51.7265625
left,0,999,51.8046875
left,0,1000,51.8046875
left,0,1001,51.8046875
left,0,1002,51.7265625
left,0,1003,51.7265625
left,0,1004,51.7265625
left,0,1005,51.8046875
left,0,1006,51.7265625
left,0,1007,51.8046875
left,0,1008,51.7265625
left,0,1009,51.7265625
left,0,1010,51.8046875
left,0,1011,51.8046875
left,0,1012,51.8046875
left,0,1013,51.7265625
left,0,1014,51.7265625
left,0,1015,51.8046875
left,0,1016,51.8046875
left,0,1017,51.8046875
left,0,1018,51.7265625
left,0,1019,51.7265625
left,0,1020,51.8046875
left,0,1021,51.8046875
left,0,1022,51.8046875
left,0,1023,51.8046875
left,0,1024,51.8046875
left,0,1025,51.8046875
left,0,1026,51.8046875
left,0,1027,51.8046875
left,0,1028,51.8046875
left,0,1029,51.8046875
left,0,1030,51.8046875
left,0,1031,51.8046875
left,0,1032,51.8046875
left,0,1033,51.8046875
left,0,1034,51.8046875
left,0,1035,51.8046875
left,0,1036,51.8046875
left,0,1037,51.8046875
left,0,1038,51.8046875
left,0,1039,51.8046875
left,0,1040,51.8046875
left,0,1041,51.8828125
left,0,1042,51.8046875
left,0,1043,51.8046875
left,0,1044,51.8828125
left,0,1045,51.8828125
left,0,1046,51.8828125
left,0,1047,51.8828125
left,0,1048,51.8828125
left,0,1049,51.8828125
left,0,1050,51.8828125
left,0,1051,51.8828125
left,0,1052,51.8828125
left,0,1053,51.8828125
left,0,1054,51.8828125
left,0,1055,51.8828125
left,0,1056,51.8828125
left,0,1057,51.8828125
left,0,1058,51.8828125
left,0,1059,51.8828125
left,0,1060,51.8828125
left,0,1061,51.8828125
left,0,1062,51.8828125
left,0,1063,51.8828125
left,0,1064,51.8828125
left,0,1065,51.8828125
left,0,1066,51.8828125
left,0,1067,51.8828125
left,0,1068,51.8828125
left,0,1069,51.8828125
left,0,1070,51.8828125
left,0,1071,51.8828125
left,0,1072,51.8828125
left,0,1073,51.8828125
left,0,1074,51.8828125
left,0,1075,51.8828125
left,0,1076,51.8828125
left,0,1077,51.8828125
left,0,1078,51.8828125
left,0,1079,51.8828125
left,0,1080,51.8828125
left,0,1081,51.8828125
left,0,1082,51.8828125
left,0,1083,51.9609375
left,0,1084,51.8828125
left,0,1085,51.9609375
left,0,1086,51.9609375
left,0,1087,51.9609375
left,0,1088,51.9609375
left,0,1089,51.9609375
left,0,1090,51.9609375
left,0,1091,51.9609375
left,0,1092,51.9609375
left,0,1093,51.9609375
left,0,1094,51.9609375
left,0,1095,51.9609375
left,0,1096,52.03515625
left,0,1097,52.03515625
left,0,1098,52.03515625
left,0,1099,52.03515625
left,0,1100,51.9609375
left,0,1101,51.9609375
left,0,1102,51.9609375
left,0,1103,51.9609375
left,0,1104,51.9609375
left,0,1105,51.8828125
left,0,1106,51.9609375
left,0,1107,51.9609375
left,0,1108,51.9609375
left,0,1109,51.9609375
left,0,1110,51.9609375
left,0,1111,51.8828125
left,0,1112,51.8828125
left,0,1113,51.8828125
left,0,1114,51.9609375
left,0,1115,51.8828125
left,0,1116,51.9609375
left,0,1117,51.9609375
left,0,1118,51.8828125
left,0,1119,51.8828125
left,0,1120,51.8828125
left,0,1121,51.8828125
left,0,1122,51.9609375
left,0,1123,51.9609375
left,0,1124,51.9609375
left,0,1125,51.9609375
left,0,1126,51.9609375
left,0,1127,51.9609375
left,0,1128,51.9609375
left,0,1129,51.9609375
left,0,1130,51.9609375
left,0,1131,51.9609375
left,0,1132,51.9609375
left,0,1133,51.9609375
left,0,1134,51.9609375
left,0,1135,51.9609375
left,0,1136,52.03515625
left,0,1137,52.03515625
left,0,1138,51.9609375
left,0,1139,52.03515625
left,0,1140,51.9609375
left,0,1141,51.9609375
left,0,1142,52.03515625
left,0,1143,52.03515625
left,0,1144,52.03515625
left,0,1145,52.11328125
left,0,1146,52.03515625
left,0,1147,52.03515625
left,0,1148,52.03515625
left,0,1149,52.11328125
left,0,1150,52.03515625
left,0,1151,52.11328125
left,0,1152,52.03515625
left,0,1153,52.03515625
left,0,1154,52.03515625
left,0,1155,52.03515625
left,0,1156,52.03515625
left,0,1157,52.03515625
left,0,1158,52.03515625
left,0,1159,52.03515625
left,0,1160,52.03515625
left,0,1161,52.03515625
left,0,1162,52.03515625
left,0,1163,52.03515625
left,0,1164,52.03515625
left,0,1165,51.9609375
left,0,1166,52.03515625
left,0,1167,52.03515625
left,0,1168,52.03515625
left,0,1169,52.03515625
left,0,1170,52.03515625
left,0,1171,52.03515625
left,0,1172,52.03515625
left,0,1173,52.03515625
left,0,1174,52.03515625
left,0,1175,52.03515625
left,0,1176,52.03515625
left,0,1177,52.03515625
left,0,1178,52.03515625
left,0,1179,52.03515625
left,0,1180,51.9609375
left,0,1181,52.03515625
left,0,1182,52.03515625
left,0,1183,52.03515625
left,0,1184,52.03515625
left,0,1185,52.03515625
left,0,1186,52.03515625
left,0,1187,52.03515625
left,0,1188,52.03515625
left,0,1189,52.03515625
left,0,1190,52.03515625
left,0,1191,52.03515625
left,0,1192,52.03515625
left,0,1193,52.03515625
left,0,1194,52.03515625
left,0,1195,52.11328125
left,0,1196,52.03515625
left,0,1197,52.03515625
left,0,1198,52.03515625
left,0,1199,52.11328125
left,0,1200,52.11328125
left,1,0,27.828125
left,1,1,27.828125
left,1,2,29.87890625
left,1,3,31.01953125
left,1,4,32.921875
left,1,5,34.44140625
left,1,6,35.8125
left,1,7,37.2578125
left,1,8,38.546875
left,1,9,39.6875
left,1,10,40.6015625
left,1,11,41.58984375
left,1,12,42.42578125
left,1,13,43.1875
left,1,14,43.9453125
left,1,15,44.70703125
left,1,16,45.23828125
left,1,17,45.84765625
left,1,18,46.37890625
left,1,19,46.98828125
left,1,20,47.4453125
left,1,21,47.90234375
left,1,22,48.35546875
left,1,23,48.73828125
left,1,24,49.04296875
left,1,25,49.49609375
left,1,26,49.7265625
left,1,27,50.10546875
left,1,28,50.3359375
left,1,29,50.63671875
left,1,30,50.8671875
left,1,31,51.171875
left,1,32,51.3984375
left,1,33,51.625
left,1,34,51.85546875
left,1,35,52.0078125
left,1,36,52.3125
left,1,37,52.46484375
left,1,38,52.69140625
left,1,39,52.84375
left,1,40,52.99609375
left,1,41,53.1484375
left,1,42,53.375
left,1,43,53.453125
left,1,44,53.60546875
left,1,45,53.75390625
left,1,46,53.83203125
left,1,47,53.984375
left,1,48,54.2109375
left,1,49,54.2890625
left,1,50,54.44140625
left,1,51,54.44140625
left,1,52,54.515625
left,1,53,54.66796875
left,1,54,54.8203125
left,1,55,54.89453125
left,1,56,54.97265625
left,1,57,55.046875
left,1,58,55.19921875
left,1,59,55.27734375
left,1,60,55.3515625
left,1,61,55.4296875
left,1,62,55.50390625
left,1,63,55.58203125
left,1,64,55.65625
left,1,65,55.734375
left,1,66,55.80859375
left,1,67,55.8828125
left,1,68,55.9609375
left,1,69,56.03515625
left,1,70,56.03515625
left,1,71,56.11328125
left,1,72,56.1875
left,1,73,56.265625
left,1,74,56.265625
left,1,75,56.33984375
left,1,76,56.33984375
left,1,77,56.41796875
left,1,78,56.5703125
left,1,79,56.5703125
left,1,80,56.64453125
left,1,81,56.72265625
left,1,82,56.72265625
left,1,83,56.796875
left,1,84,56.796875
left,1,85,56.87109375
left,1,86,56.94921875
left,1,87,57.0234375
left,1,88,57.0234375
left,1,89,57.1015625
left,1,90,57.1015625
left,1,91,57.17578125
left,1,92,57.25390625
left,1,93,57.17578125
left,1,94,57.25390625
left,1,95,57.328125
left,1,96,57.40625
left,1,97,57.40625
left,1,98,57.40625
left,1,99,57.48046875
left,1,100,57.48046875
left,1,101,57.55859375
left,1,102,57.6328125
left,1,103,57.6328125
left,1,104,57.6328125
left,1,105,57.7109375
left,1,106,57.7109375
left,1,107,57.78515625
left,1,108,57.86328125
left,1,109,57.86328125
left,1,110,57.86328125
left,1,111,57.9375
left,1,112,57.9375
left,1,113,57.9375
left,1,114,58.01171875
left,1,115,58.01171875
left,1,116,58.08984375
left,1,117,58.08984375
left,1,118,58.08984375
left,1,119,58.1640625
left,1,120,58.2421875
left,1,121,58.2421875
left,1,122,58.31640625
left,1,123,58.2421875
left,1,124,58.31640625
left,1,125,58.31640625
left,1,126,58.39453125
left,1,127,58.46875
left,1,128,58.46875
left,1,129,58.46875
left,1,130,58.46875
left,1,131,58.546875
left,1,132,58.46875
left,1,133,58.546875
left,1,134,58.546875
left,1,135,58.546875
left,1,136,58.62109375
left,1,137,58.62109375
left,1,138,58.62109375
left,1,139,58.69921875
left,1,140,58.69921875
left,1,141,58.7734375
left,1,142,58.7734375
left,1,143,58.8515625
left,1,144,58.8515625
left,1,145,58.92578125
left,1,146,58.92578125
left,1,147,58.92578125
left,1,148,58.92578125
left,1,149,59.00390625
left,1,150,59.078125
left,1,151,59.078125
left,1,152,59.078125
left,1,153,59.078125
left,1,154,59.078125
left,1,155,59.15234375
left,1,156,59.15234375
left,1,157,59.23046875
left,1,158,59.23046875
left,1,159,59.3046875
left,1,160,59.3046875
left,1,161,59.3046875
left,1,162,59.3046875
left,1,163,59.3828125
left,1,164,59.3828125
left,1,165,59.3828125
left,1,166,59.3828125
left,1,167,59.3828125
left,1,168,59.45703125
left,1,169,59.45703125
left,1,170,59.53515625
left,1,171,59.53515625
left,1,172,59.53515625
left,1,173,59.53515625
left,1,174,59.53515625
left,1,175,59.609375
left,1,176,59.609375
left,1,177,59.609375
left,1,178,59.609375
left,1,179,59.6875
left,1,180,59.6875
left,1,181,59.6875
left,1,182,59.6875
left,1,183,59.76171875
left,1,184,59.76171875
left,1,185,59.76171875
left,1,186,59.76171875
left,1,187,59.83984375
left,1,188,59.83984375
left,1,189,59.9140625
left,1,190,59.9140625
left,1,191,59.9140625
left,1,192,59.9140625
left,1,193,59.9921875
left,1,194,59.9921875
left,1,195,60.06640625
left,1,196,60.06640625
left,1,197,60.06640625
left,1,198,60.06640625
left,1,199,60.06640625
left,1,200,60.06640625
left,1,201,60.140625
left,1,202,60.140625
left,1,203,60.140625
left,1,204,60.140625
left,1,205,60.140625
left,1,206,60.140625
left,1,207,60.21875
left,1,208,60.21875
left,1,209,60.29296875
left,1,210,60.29296875
left,1,211,60.29296875
left,1,212,60.21875
left,1,213,60.29296875
left,1,214,60.29296875
left,1,215,60.29296875
left,1,216,60.37109375
left,1,217,60.37109375
left,1,218,60.37109375
left,1,219,60.37109375
left,1,220,60.37109375
left,1,221,60.4453125
left,1,222,60.37109375
left,1,223,60.4453125
left,1,224,60.4453125
left,1,225,60.4453125
left,1,226,60.4453125
left,1,227,60.4453125
left,1,228,60.5234375
left,1,229,60.5234375
left,1,230,60.5234375
left,1,231,60.59765625
left,1,232,60.59765625
left,1,233,60.59765625
left,1,234,60.59765625
left,1,235,60.59765625
left,1,236,60.67578125
left,1,237,60.67578125
left,1,238,60.59765625
left,1,239,60.67578125
left,1,240,60.67578125
left,1,241,60.67578125
left,1,242,60.75
left,1,243,60.75
left,1,244,60.75
left,1,245,60.75
left,1,246,60.828125
left,1,247,60.828125
left,1,248,60.828125
left,1,249,60.828125
left,1,250,60.828125
left,1,251,60.90234375
left,1,252,60.90234375
left,1,253,60.90234375
left,1,254,60.90234375
left,1,255,60.90234375
left,1,256,60.90234375
left,1,257,60.98046875
left,1,258,60.98046875
left,1,259,60.98046875
left,1,260,60.98046875
left,1,261,60.98046875
left,1,262,61.0546875
left,1,263,61.0546875
left,1,264,61.0546875
left,1,265,61.0546875
left,1,266,61.1328125
left,1,267,61.1328125
left,1,268,61.1328125
left,1,269,61.1328125
left,1,270,61.1328125
left,1,271,61.20703125
left,1,272,61.20703125
left,1,273,61.20703125
left,1,274,61.20703125
left,1,275,61.20703125
left,1,276,61.28125
left,1,277,61.20703125
left,1,278,61.20703125
left,1,279,61.28125
left,1,280,61.20703125
left,1,281,61.28125
left,1,282,61.28125
left,1,283,61.28125
left,1,284,61.28125
left,1,285,61.28125
left,1,286,61.28125
left,1,287,61.359375
left,1,288,61.359375
left,1,289,61.359375
left,1,290,61.359375
left,1,291,61.359375
left,1,292,61.43359375
left,1,293,61.43359375
left,1,294,61.43359375
left,1,295,61.43359375
left,1,296,61.51171875
left,1,297,61.51171875
left,1,298,61.51171875
left,1,299,61.51171875
left,1,300,61.51171875
left,1,301,61.51171875
left,1,302,61.51171875
left,1,303,61.51171875
left,1,304,61.51171875
left,1,305,61.5859375
left,1,306,61.5859375
left,1,307,61.5859375
left,1,308,61.6640625
left,1,309,61.6640625
left,1,310,61.6640625
left,1,311,61.6640625
left,1,312,61.6640625
left,1,313,61.6640625
left,1,314,61.6640625
left,1,315,61.73828125
left,1,316,61.6640625
left,1,317,61.73828125
left,1,318,61.73828125
left,1,319,61.6640625
left,1,320,61.73828125
left,1,321,61.73828125
left,1,322,61.73828125
left,1,323,61.73828125
left,1,324,61.73828125
left,1,325,61.73828125
left,1,326,61.81640625
left,1,327,61.81640625
left,1,328,61.73828125
left,1,329,61.81640625
left,1,330,61.81640625
left,1,331,61.81640625
left,1,332,61.81640625
left,1,333,61.81640625
left,1,334,61.81640625
left,1,335,61.890625
left,1,336,61.890625
left,1,337,61.890625
left,1,338,61.890625
left,1,339,61.890625
left,1,340,61.890625
left,1,341,61.96875
left,1,342,61.96875
left,1,343,62.04296875
left,1,344,61.96875
left,1,345,62.04296875
left,1,346,61.96875
left,1,347,62.04296875
left,1,348,62.04296875
left,1,349,62.04296875
left,1,350,62.04296875
left,1,351,62.12109375
left,1,352,62.12109375
left,1,353,62.04296875
left,1,354,62.04296875
left,1,355,62.12109375
left,1,356,62.12109375
left,1,357,62.12109375
left,1,358,62.12109375
left,1,359,62.04296875
left,1,360,62.12109375
left,1,361,62.12109375
left,1,362,62.12109375
left,1,363,62.12109375
left,1,364,62.12109375
left,1,365,62.12109375
left,1,366,62.12109375
left,1,367,62.12109375
left,1,368,62.12109375
left,1,369,62.12109375
left,1,370,62.12109375
left,1,371,62.12109375
left,1,372,62.12109375
left,1,373,62.12109375
left,1,374,62.12109375
left,1,375,62.1953125
left,1,376,62.12109375
left,1,377,62.1953125
left,1,378,62.1953125
left,1,379,62.1953125
left,1,380,62.1953125
left,1,381,62.1953125
left,1,382,62.1953125
left,1,383,62.1953125
left,1,384,62.1953125
left,1,385,62.2734375
left,1,386,62.2734375
left,1,387,62.2734375
left,1,388,62.1953125
left,1,389,62.2734375
left,1,390,62.2734375
left,1,391,62.2734375
left,1,392,62.2734375
left,1,393,62.2734375
left,1,394,62.34765625
left,1,395,62.34765625
left,1,396,62.34765625
left,1,397,62.2734375
left,1,398,62.2734375
left,1,399,62.34765625
left,1,400,62.34765625
left,1,401,62.34765625
left,1,402,62.421875
left,1,403,62.34765625
left,1,404,62.421875
left,1,405,62.421875
left,1,406,62.421875
left,1,407,62.421875
left,1,408,62.421875
left,1,409,62.421875
left,1,410,62.421875
left,1,411,62.421875
left,1,412,62.5
left,1,413,62.421875
left,1,414,62.5
left,1,415,62.5
left,1,416,62.5
left,1,417,62.5
left,1,418,62.57421875
left,1,419,62.57421875
left,1,420,62.57421875
left,1,421,62.57421875
left,1,422,62.57421875
left,1,423,62.65234375
left,1,424,62.65234375
left,1,425,62.65234375
left,1,426,62.65234375
left,1,427,62.57421875
left,1,428,62.65234375
left,1,429,62.65234375
left,1,430,62.65234375
left,1,431,62.65234375
left,1,432,62.65234375
left,1,433,62.65234375
left,1,434,62.65234375
left,1,435,62.7265625
left,1,436,62.7265625
left,1,437,62.7265625
left,1,438,62.7265625
left,1,439,62.8046875
left,1,440,62.8046875
left,1,441,62.7265625
left,1,442,62.7265625
left,1,443,62.8046875
left,1,444,62.8046875
left,1,445,62.8046875
left,1,446,62.8046875
left,1,447,62.8046875
left,1,448,62.8046875
left,1,449,62.8046875
left,1,450,62.8046875
left,1,451,62.8046875
left,1,452,62.8046875
left,1,453,62.87890625
left,1,454,62.87890625
left,1,455,62.8046875
left,1,456,62.87890625
left,1,457,62.87890625
left,1,458,62.8046875
left,1,459,62.87890625
left,1,460,62.87890625
left,1,461,62.87890625
left,1,462,62.87890625
left,1,463,62.87890625
left,1,464,62.87890625
left,1,465,62.87890625
left,1,466,62.87890625
left,1,467,62.87890625
left,1,468,62.87890625
left,1,469,62.87890625
left,1,470,62.87890625
left,1,471,62.95703125
left,1,472,62.87890625
left,1,473,62.87890625
left,1,474,62.95703125
left,1,475,62.95703125
left,1,476,62.95703125
left,1,477,62.95703125
left,1,478,63.03125
left,1,479,62.95703125
left,1,480,62.95703125
left,1,481,63.03125
left,1,482,63.03125
left,1,483,62.95703125
left,1,484,62.95703125
left,1,485,63.03125
left,1,486,63.109375
left,1,487,63.03125
left,1,488,63.109375
left,1,489,63.109375
left,1,490,63.109375
left,1,491,63.109375
left,1,492,63.18359375
left,1,493,63.18359375
left,1,494,63.18359375
left,1,495,63.109375
left,1,496,63.18359375
left,1,497,63.18359375
left,1,498,63.18359375
left,1,499,63.18359375
left,1,500,63.18359375
left,1,501,63.18359375
left,1,502,63.18359375
left,1,503,63.18359375
left,1,504,63.18359375
left,1,505,63.18359375
left,1,506,63.26171875
left,1,507,63.18359375
left,1,508,63.18359375
left,1,509,63.18359375
left,1,510,63.26171875
left,1,511,63.26171875
left,1,512,63.26171875
left,1,513,63.26171875
left,1,514,63.26171875
left,1,515,63.3359375
left,1,516,63.26171875
left,1,517,63.3359375
left,1,518,63.3359375
left,1,519,63.26171875
left,1,520,63.26171875
left,1,521,63.26171875
left,1,522,63.26171875
left,1,523,63.26171875
left,1,524,63.3359375
left,1,525,63.3359375
left,1,526,63.3359375
left,1,527,63.3359375
left,1,528,63.41015625
left,1,529,63.3359375
left,1,530,63.3359375
left,1,531,63.41015625
left,1,532,63.41015625
left,1,533,63.3359375
left,1,534,63.3359375
left,1,535,63.41015625
left,1,536,63.41015625
left,1,537,63.41015625
left,1,538,63.41015625
left,1,539,63.41015625
left,1,540,63.41015625
left,1,541,63.41015625
left,1,542,63.41015625
left,1,543,63.41015625
left,1,544,63.41015625
left,1,545,63.41015625
left,1,546,63.41015625
left,1,547,63.48828125
left,1,548,63.41015625
left,1,549,63.48828125
left,1,550,63.48828125
left,1,551,63.41015625
left,1,552,63.48828125
left,1,553,63.48828125
left,1,554,63.48828125
left,1,555,63.48828125
left,1,556,63.48828125
left,1,557,63.48828125
left,1,558,63.48828125
left,1,559,63.48828125
left,1,560,63.48828125
left,1,561,63.48828125
left,1,562,63.48828125
left,1,563,63.48828125
left,1,564,63.48828125
left,1,565,63.48828125
left,1,566,63.48828125
left,1,567,63.48828125
left,1,568,63.5625
left,1,569,63.48828125
left,1,570,63.48828125
left,1,571,63.48828125
left,1,572,63.48828125
left,1,573,63.48828125
left,1,574,63.48828125
left,1,575,63.48828125
left,1,576,63.5625
left,1,577,63.5625
left,1,578,63.5625
left,1,579,63.5625
left,1,580,63.5625
left,1,581,63.5625
left,1,582,63.5625
left,1,583,63.5625
left,1,584,63.5625
left,1,585,63.5625
left,1,586,63.5625
left,1,587,63.5625
left,1,588,63.5625
left,1,589,63.640625
left,1,590,63.640625
left,1,591,63.640625
left,1,592,63.640625
left,1,593,63.640625
left,1,594,63.640625
left,1,595,63.640625
left,1,596,63.640625
left,1,597,63.640625
left,1,598,63.71484375
left,1,599,63.71484375
left,1,600,63.71484375
left,1,601,63.71484375
left,1,602,63.71484375
left,1,603,63.71484375
left,1,604,63.71484375
left,1,605,63.75390625
left,1,606,63.75390625
left,1,607,63.75390625
left,1,608,63.79296875
left,1,609,63.79296875
left,1,610,63.79296875
left,1,611,63.79296875
left,1,612,63.79296875
left,1,613,63.79296875
left,1,614,63.79296875
left,1,615,63.79296875
left,1,616,63.79296875
left,1,617,63.75390625
left,1,618,63.75390625
left,1,619,63.75390625
left,1,620,63.75390625
left,1,621,63.79296875
left,1,622,63.75390625
left,1,623,63.75390625
left,1,624,63.79296875
left,1,625,63.79296875
left,1,626,63.79296875
left,1,627,63.71484375
left,1,628,63.71484375
left,1,629,63.79296875
left,1,630,63.79296875
left,1,631,63.79296875
left,1,632,63.79296875
left,1,633,63.79296875
left,1,634,63.79296875
left,1,635,63.71484375
left,1,636,63.79296875
left,1,637,63.79296875
left,1,638,63.79296875
left,1,639,63.79296875
left,1,640,63.79296875
left,1,641,63.79296875
left,1,642,63.79296875
left,1,643,63.79296875
left,1,644,63.8671875
left,1,645,63.8671875
left,1,646,63.8671875
left,1,647,63.8671875
left,1,648,63.8671875
left,1,649,63.8671875
left,1,650,63.8671875
left,1,651,63.9453125
left,1,652,63.8671875
left,1,653,63.8671875
left,1,654,63.8671875
left,1,655,63.8671875
left,1,656,63.9453125
left,1,657,63.8671875
left,1,658,63.8671875
left,1,659,63.9453125
left,1,660,63.9453125
left,1,661,63.8671875
left,1,662,63.9453125
left,1,663,63.9453125
left,1,664,63.9453125
left,1,665,63.9453125
left,1,666,63.9453125
left,1,667,64.01953125
left,1,668,64.01953125
left,1,669,64.01953125
left,1,670,64.01953125
left,1,671,64.01953125
left,1,672,64.01953125
left,1,673,64.01953125
left,1,674,64.01953125
left,1,675,64.01953125
left,1,676,64.09765625
left,1,677,64.09765625
left,1,678,64.01953125
left,1,679,64.01953125
left,1,680,64.01953125
left,1,681,64.09765625
left,1,682,64.01953125
left,1,683,64.01953125
left,1,684,64.09765625
left,1,685,64.09765625
left,1,686,64.01953125
left,1,687,64.09765625
left,1,688,64.01953125
left,1,689,64.01953125
left,1,690,64.09765625
left,1,691,64.09765625
left,1,692,64.09765625
left,1,693,64.09765625
left,1,694,64.09765625
left,1,695,64.09765625
left,1,696,64.09765625
left,1,697,64.09765625
left,1,698,64.09765625
left,1,699,64.09765625
left,1,700,64.09765625
left,1,701,64.09765625
left,1,702,64.171875
left,1,703,64.09765625
left,1,704,64.09765625
left,1,705,64.171875
left,1,706,64.171875
left,1,707,64.09765625
left,1,708,64.171875
left,1,709,64.171875
left,1,710,64.171875
left,1,711,64.171875
left,1,712,64.171875
left,1,713,64.171875
left,1,714,64.171875
left,1,715,64.171875
left,1,716,64.171875
left,1,717,64.171875
left,1,718,64.171875
left,1,719,64.171875
left,1,720,64.171875
left,1,721,64.171875
left,1,722,64.171875
left,1,723,64.171875
left,1,724,64.171875
left,1,725,64.25
left,1,726,64.171875
left,1,727,64.171875
left,1,728,64.25
left,1,729,64.171875
left,1,730,64.25
left,1,731,64.171875
left,1,732,64.171875
left,1,733,64.171875
left,1,734,64.25
left,1,735,64.171875
left,1,736,64.171875
left,1,737,64.171875
left,1,738,64.25
left,1,739,64.171875
left,1,740,64.171875
left,1,741,64.25
left,1,742,64.171875
left,1,743,64.25
left,1,744,64.25
left,1,745,64.25
left,1,746,64.171875
left,1,747,64.25
left,1,748,64.32421875
left,1,749,64.25
left,1,750,64.25
left,1,751,64.25
left,1,752,64.25
left,1,753,64.25
left,1,754,64.25
left,1,755,64.25
left,1,756,64.25
left,1,757,64.25
left,1,758,64.25
left,1,759,64.25
left,1,760,64.25
left,1,761,64.25
left,1,762,64.25
left,1,763,64.25
left,1,764,64.25
left,1,765,64.25
left,1,766,64.32421875
left,1,767,64.25
left,1,768,64.25
left,1,769,64.25
left,1,770,64.25
left,1,771,64.25
left,1,772,64.25
left,1,773,64.32421875
left,1,774,64.25
left,1,775,64.25
left,1,776,64.25
left,1,777,64.32421875
left,1,778,64.32421875
left,1,779,64.25
left,1,780,64.32421875
left,1,781,64.32421875
left,1,782,64.25
left,1,783,64.32421875
left,1,784,64.32421875
left,1,785,64.32421875
left,1,786,64.25
left,1,787,64.25
left,1,788,64.25
left,1,789,64.32421875
left,1,790,64.32421875
left,1,791,64.32421875
left,1,792,64.32421875
left,1,793,64.32421875
left,1,794,64.32421875
left,1,795,64.32421875
left,1,796,64.32421875
left,1,797,64.32421875
left,1,798,64.32421875
left,1,799,64.32421875
left,1,800,64.32421875
left,1,801,64.32421875
left,1,802,64.32421875
left,1,803,64.32421875
left,1,804,64.32421875
left,1,805,64.32421875
left,1,806,64.40234375
left,1,807,64.40234375
left,1,808,64.32421875
left,1,809,64.32421875
left,1,810,64.32421875
left,1,811,64.32421875
left,1,812,64.40234375
left,1,813,64.40234375
left,1,814,64.40234375
left,1,815,64.40234375
left,1,816,64.40234375
left,1,817,64.40234375
left,1,818,64.40234375
left,1,819,64.4765625
left,1,820,64.40234375
left,1,821,64.4765625
left,1,822,64.4765625
left,1,823,64.4765625
left,1,824,64.4765625
left,1,825,64.4765625
left,1,826,64.4765625
left,1,827,64.55078125
left,1,828,64.4765625
left,1,829,64.55078125
left,1,830,64.55078125
left,1,831,64.55078125
left,1,832,64.4765625
left,1,833,64.55078125
left,1,834,64.55078125
left,1,835,64.62890625
left,1,836,64.55078125
left,1,837,64.62890625
left,1,838,64.62890625
left,1,839,64.62890625
left,1,840,64.62890625
left,1,841,64.62890625
left,1,842,64.62890625
left,1,843,64.62890625
left,1,844,64.62890625
left,1,845,64.62890625
left,1,846,64.62890625
left,1,847,64.62890625
left,1,848,64.55078125
left,1,849,64.62890625
left,1,850,64.55078125
left,1,851,64.62890625
left,1,852,64.62890625
left,1,853,64.62890625
left,1,854,64.62890625
left,1,855,64.703125
left,1,856,64.62890625
left,1,857,64.62890625
left,1,858,64.62890625
left,1,859,64.703125
left,1,860,64.62890625
left,1,861,64.703125
left,1,862,64.62890625
left,1,863,64.703125
left,1,864,64.62890625
left,1,865,64.703125
left,1,866,64.62890625
left,1,867,64.62890625
left,1,868,64.62890625
left,1,869,64.62890625
left,1,870,64.703125
left,1,871,64.703125
left,1,872,64.62890625
left,1,873,64.703125
left,1,874,64.703125
left,1,875,64.703125
left,1,876,64.703125
left,1,877,64.703125
left,1,878,64.703125
left,1,879,64.703125
left,1,880,64.62890625
left,1,881,64.62890625
left,1,882,64.703125
left,1,883,64.703125
left,1,884,64.703125
left,1,885,64.703125
left,1,886,64.703125
left,1,887,64.703125
left,1,888,64.703125
left,1,889,64.703125
left,1,890,64.703125
left,1,891,64.62890625
left,1,892,64.703125
left,1,893,64.62890625
left,1,894,64.703125
left,1,895,64.703125
left,1,896,64.703125
left,1,897,64.703125
left,1,898,64.703125
left,1,899,64.62890625
left,1,900,64.703125
left,1,901,64.703125
left,1,902,64.62890625
left,1,903,64.703125
left,1,904,64.703125
left,1,905,64.703125
left,1,906,64.703125
left,1,907,64.703125
left,1,908,64.703125
left,1,909,64.703125
left,1,910,64.703125
left,1,911,64.78125
left,1,912,64.703125
left,1,913,64.703125
left,1,914,64.703125
left,1,915,64.703125
left,1,916,64.703125
left,1,917,64.703125
left,1,918,64.703125
left,1,919,64.703125
left,1,920,64.78125
left,1,921,64.78125
left,1,922,64.703125
left,1,923,64.78125
left,1,924,64.78125
left,1,925,64.78125
left,1,926,64.78125
left,1,927,64.703125
left,1,928,64.78125
left,1,929,64.78125
left,1,930,64.703125
left,1,931,64.78125
left,1,932,64.703125
left,1,933,64.78125
left,1,934,64.78125
left,1,935,64.78125
left,1,936,64.78125
left,1,937,64.78125
left,1,938,64.78125
left,1,939,64.78125
left,1,940,64.78125
left,1,941,64.78125
left,1,942,64.78125
left,1,943,64.78125
left,1,944,64.78125
left,1,945,64.78125
left,1,946,64.85546875
left,1,947,64.78125
left,1,948,64.78125
left,1,949,64.85546875
left,1,950,64.85546875
left,1,951,64.85546875
left,1,952,64.85546875
left,1,953,64.85546875
left,1,954,64.85546875
left,1,955,64.85546875
left,1,956,64.78125
left,1,957,64.85546875
left,1,958,64.85546875
left,1,959,64.85546875
left,1,960,64.85546875
left,1,961,64.85546875
left,1,962,64.85546875
left,1,963,64.85546875
left,1,964,64.85546875
left,1,965,64.85546875
left,1,966,64.85546875
left,1,967,64.85546875
left,1,968,64.85546875
left,1,969,64.85546875
left,1,970,64.85546875
left,1,971,64.85546875
left,1,972,64.85546875
left,1,973,64.93359375
left,1,974,64.85546875
left,1,975,64.85546875
left,1,976,64.93359375
left,1,977,64.85546875
left,1,978,64.93359375
left,1,979,64.93359375
left,1,980,64.93359375
left,1,981,64.93359375
left,1,982,64.93359375
left,1,983,64.93359375
left,1,984,64.93359375
left,1,985,64.93359375
left,1,986,64.93359375
left,1,987,64.93359375
left,1,988,64.93359375
left,1,989,64.93359375
left,1,990,65.0078125
left,1,991,65.0078125
left,1,992,64.93359375
left,1,993,64.93359375
left,1,994,64.93359375
left,1,995,65.0078125
left,1,996,64.93359375
left,1,997,64.93359375
left,1,998,64.93359375
left,1,999,65.0078125
left,1,1000,64.93359375
left,1,1001,64.93359375
left,1,1002,64.93359375
left,1,1003,64.93359375
left,1,1004,64.93359375
left,1,1005,64.93359375
left,1,1006,64.93359375
left,1,1007,64.93359375
left,1,1008,64.93359375
left,1,1009,64.93359375
left,1,1010,64.93359375
left,1,1011,64.93359375
left,1,1012,64.93359375
left,1,1013,64.93359375
left,1,1014,64.93359375
left,1,1015,64.93359375
left,1,1016,64.93359375
left,1,1017,65.0078125
left,1,1018,64.93359375
left,1,1019,64.93359375
left,1,1020,64.93359375
left,1,1021,64.93359375
left,1,1022,64.93359375
left,1,1023,64.93359375
left,1,1024,64.93359375
left,1,1025,65.0078125
left,1,1026,65.0078125
left,1,1027,64.93359375
left,1,1028,65.0078125
left,1,1029,65.0078125
left,1,1030,64.93359375
left,1,1031,64.93359375
left,1,1032,64.93359375
left,1,1033,64.93359375
left,1,1034,64.93359375
left,1,1035,64.93359375
left,1,1036,64.93359375
left,1,1037,64.93359375
left,1,1038,64.93359375
left,1,1039,65.0078125
left,1,1040,64.93359375
left,1,1041,64.93359375
left,1,1042,64.93359375
left,1,1043,65.0078125
left,1,1044,65.0078125
left,1,1045,64.93359375
left,1,1046,64.93359375
left,1,1047,64.93359375
left,1,1048,64.93359375
left,1,1049,64.93359375
left,1,1050,64.93359375
left,1,1051,64.93359375
left,1,1052,64.93359375
left,1,1053,64.93359375
left,1,1054,64.93359375
left,1,1055,64.93359375
left,1,1056,64.93359375
left,1,1057,64.93359375
left,1,1058,64.93359375
left,1,1059,64.93359375
left,1,1060,64.93359375
left,1,1061,64.93359375
left,1,1062,64.93359375
left,1,1063,65.0078125
left,1,1064,64.93359375
left,1,1065,64.93359375
left,1,1066,64.93359375
left,1,1067,64.93359375
left,1,1068,64.93359375
left,1,1069,65.0078125
left,1,1070,64.93359375
left,1,1071,64.93359375
left,1,1072,64.93359375
left,1,1073,64.93359375
left,1,1074,64.93359375
left,1,1075,64.93359375
left,1,1076,64.93359375
left,1,1077,65.0078125
left,1,1078,65.0078125
left,1,1079,64.93359375
left,1,1080,65.0078125
left,1,1081,65.0078125
left,1,1082,65.0078125
left,1,1083,65.0078125
left,1,1084,65.0078125
left,1,1085,65.0078125
left,1,1086,65.0859375
left,1,1087,65.0859375
left,1,1088,65.0859375
left,1,1089,65.0859375
left,1,1090,65.0859375
left,1,1091,65.0859375
left,1,1092,65.0859375
left,1,1093,65.0859375
left,1,1094,65.0859375
left,1,1095,65.0859375
left,1,1096,65.16015625
left,1,1097,65.16015625
left,1,1098,65.16015625
left,1,1099,65.16015625
left,1,1100,65.16015625
left,1,1101,65.16015625
left,1,1102,65.0859375
left,1,1103,65.0859375
left,1,1104,65.16015625
left,1,1105,65.0859375
left,1,1106,65.0859375
left,1,1107,65.0859375
left,1,1108,65.16015625
left,1,1109,65.0859375
left,1,1110,65.0859375
left,1,1111,65.0859375
left,1,1112,65.0859375
left,1,1113,65.0859375
left,1,1114,65.0859375
left,1,1115,65.0859375
left,1,1116,65.0859375
left,1,1117,65.0859375
left,1,1118,65.0859375
left,1,1119,65.0859375
left,1,1120,65.0859375
left,1,1121,65.0859375
left,1,1122,65.0859375
left,1,1123,65.0859375
left,1,1124,65.0859375
left,1,1125,65.0859375
left,1,1126,65.0859375
left,1,1127,65.0859375
left,1,1128,65.0859375
left,1,1129,65.16015625
left,1,1130,65.0859375
left,1,1131,65.16015625
left,1,1132,65.16015625
left,1,1133,65.16015625
left,1,1134,65.16015625
left,1,1135,65.16015625
left,1,1136,65.0859375
left,1,1137,65.16015625
left,1,1138,65.16015625
left,1,1139,65.16015625
left,1,1140,65.16015625
left,1,1141,65.16015625
left,1,1142,65.23828125
left,1,1143,65.23828125
left,1,1144,65.23828125
left,1,1145,65.3125
left,1,1146,65.23828125
left,1,1147,65.23828125
left,1,1148,65.23828125
left,1,1149,65.23828125
left,1,1150,65.3125
left,1,1151,65.23828125
left,1,1152,65.23828125
left,1,1153,65.23828125
left,1,1154,65.23828125
left,1,1155,65.3125
left,1,1156,65.23828125
left,1,1157,65.3125
left,1,1158,65.3125
left,1,1159,65.3125
left,1,1160,65.3125
left,1,1161,65.3125
left,1,1162,65.3125
left,1,1163,65.23828125
left,1,1164,65.3125
left,1,1165,65.23828125
left,1,1166,65.3125
left,1,1167,65.3125
left,1,1168,65.23828125
left,1,1169,65.23828125
left,1,1170,65.23828125
left,1,1171,65.3125
left,1,1172,65.23828125
left,1,1173,65.23828125
left,1,1174,65.23828125
left,1,1175,65.23828125
left,1,1176,65.23828125
left,1,1177,65.23828125
left,1,1178,65.23828125
left,1,1179,65.23828125
left,1,1180,65.23828125
left,1,1181,65.3125
left,1,1182,65.3125
left,1,1183,65.23828125
left,1,1184,65.23828125
left,1,1185,65.23828125
left,1,1186,65.23828125
left,1,1187,65.23828125
left,1,1188,65.23828125
left,1,1189,65.3125
left,1,1190,65.23828125
left,1,1191,65.3125
left,1,1192,65.23828125
left,1,1193,65.3125
left,1,1194,65.3125
left,1,1195,65.3125
left,1,1196,65.3125
left,1,1197,65.3125
left,1,1198,65.3125
left,1,1199,65.3125
left,1,1200,65.3125
left,2,0,29.02734375
left,2,1,29.02734375
left,2,2,30.08984375
left,2,3,31.75390625
left,2,4,33.72265625
left,2,5,35.4609375
left,2,6,37.05078125
left,2,7,38.48828125
left,2,8,39.77734375
left,2,9,41.13671875
left,2,10,42.34765625
left,2,11,43.484375
left,2,12,44.54296875
left,2,13,45.453125
left,2,14,46.359375
left,2,15,47.19140625
left,2,16,47.94921875
left,2,17,48.78125
left,2,18,49.5390625
left,2,19,50.22265625
left,2,20,50.9765625
left,2,21,51.58203125
left,2,22,52.33984375
left,2,23,52.87109375
left,2,24,53.4765625
left,2,25,54.08203125
left,2,26,54.609375
left,2,27,55.06640625
left,2,28,55.51953125
left,2,29,56.046875
left,2,30,56.42578125
left,2,31,56.8828125
left,2,32,57.26171875
left,2,33,57.71484375
left,2,34,58.015625
left,2,35,58.39453125
left,2,36,58.69921875
left,2,37,59.078125
left,2,38,59.37890625
left,2,39,59.68359375
left,2,40,59.984375
left,2,41,60.2890625
left,2,42,60.58984375
left,2,43,60.81640625
left,2,44,61.04296875
left,2,45,61.26953125
left,2,46,61.5
left,2,47,61.7265625
left,2,48,61.953125
left,2,49,62.1796875
left,2,50,62.40625
left,2,51,62.55859375
left,2,52,62.7109375
left,2,53,62.9375
left,2,54,63.0859375
left,2,55,63.23828125
left,2,56,63.390625
left,2,57,63.54296875
left,2,58,63.69140625
left,2,59,63.921875
left,2,60,63.99609375
left,2,61,64.1484375
left,2,62,64.375
left,2,63,64.44921875
left,2,64,64.6015625
left,2,65,64.75390625
left,2,66,64.828125
left,2,67,64.90234375
left,2,68,64.98046875
left,2,69,65.0546875
left,2,70,65.20703125
left,2,71,65.359375
left,2,72,65.5078125
left,2,73,65.5078125
left,2,74,65.66015625
left,2,75,65.8125
left,2,76,65.96484375
left,2,77,66.0390625
left,2,78,66.11328125
left,2,79,66.19140625
left,2,80,66.265625
left,2,81,66.41796875
left,2,82,66.4921875
left,2,83,66.5703125
left,2,84,66.64453125
left,2,85,66.71875
left,2,86,66.71875
left,2,87,66.796875
left,2,88,66.87109375
left,2,89,67.0234375
left,2,90,67.09765625
left,2,91,67.17578125
left,2,92,67.25
left,2,93,67.328125
left,2,94,67.40234375
left,2,95,67.4765625
left,2,96,67.5546875
left,2,97,67.62890625
left,2,98,67.703125
left,2,99,67.78125
left,2,100,67.78125
left,2,101,67.93359375
left,2,102,68.0078125
left,2,103,68.08203125
left,2,104,68.16015625
left,2,105,68.16015625
left,2,106,68.234375
left,2,107,68.30859375
left,2,108,68.38671875
left,2,109,68.38671875
left,2,110,68.4609375
left,2,111,68.5390625
left,2,112,68.5390625
left,2,113,68.61328125
left,2,114,68.6875
left,2,115,68.765625
left,2,116,68.765625
left,2,117,68.83984375
left,2,118,68.83984375
left,2,119,68.9140625
left,2,120,68.9921875
left,2,121,69.06640625
left,2,122,69.14453125
left,2,123,69.14453125
left,2,124,69.21875
left,2,125,69.29296875
left,2,126,69.29296875
left,2,127,69.37109375
left,2,128,69.37109375
left,2,129,69.4453125
left,2,130,69.51953125
left,2,131,69.59765625
left,2,132,69.671875
left,2,133,69.671875
left,2,134,69.75
left,2,135,69.75
left,2,136,69.75
left,2,137,69.82421875
left,2,138,69.8984375
left,2,139,69.8984375
left,2,140,69.8984375
left,2,141,69.9765625
left,2,142,70.05078125
left,2,143,70.125
left,2,144,70.203125
left,2,145,70.27734375
left,2,146,70.27734375
left,2,147,70.35546875
left,2,148,70.35546875
left,2,149,70.35546875
left,2,150,70.4296875
left,2,151,70.4296875
left,2,152,70.50390625
left,2,153,70.50390625
left,2,154,70.58203125
left,2,155,70.58203125
left,2,156,70.58203125
left,2,157,70.65625
left,2,158,70.65625
left,2,159,70.65625
left,2,160,70.65625
left,2,161,70.73046875
left,2,162,70.73046875
left,2,163,70.73046875
left,2,164,70.80859375
left,2,165,70.8828125
left,2,166,70.8828125
left,2,167,71.03515625
left,2,168,70.9609375
left,2,169,71.03515625
left,2,170,71.03515625
left,2,171,71.109375
left,2,172,71.03515625
left,2,173,71.109375
left,2,174,71.109375
left,2,175,71.109375
left,2,176,71.1875
left,2,177,71.26171875
left,2,178,71.26171875
left,2,179,71.26171875
left,2,180,71.3359375
left,2,181,71.3359375
left,2,182,71.3359375
left,2,183,71.4140625
left,2,184,71.4140625
left,2,185,71.4140625
left,2,186,71.48828125
left,2,187,71.48828125
left,2,188,71.56640625
left,2,189,71.56640625
left,2,190,71.56640625
left,2,191,71.640625
left,2,192,71.640625
left,2,193,71.71484375
left,2,194,71.71484375
left,2,195,71.79296875
left,2,196,71.79296875
left,2,197,71.71484375
left,2,198,71.79296875
left,2,199,71.79296875
left,2,200,71.79296875
left,2,201,71.79296875
left,2,202,71.79296875
left,2,203,71.8671875
left,2,204,71.94140625
left,2,205,71.8671875
left,2,206,71.94140625
left,2,207,71.94140625
left,2,208,71.94140625
left,2,209,72.01953125
left,2,210,72.01953125
left,2,211,72.09375
left,2,212,72.09375
left,2,213,72.171875
left,2,214,72.171875
left,2,215,72.24609375
left,2,216,72.24609375
left,2,217,72.24609375
left,2,218,72.24609375
left,2,219,72.3203125
left,2,220,72.3203125
left,2,221,72.24609375
left,2,222,72.24609375
left,2,223,72.3203125
left,2,224,72.3203125
left,2,225,72.3984375
left,2,226,72.3984375
left,2,227,72.3203125
left,2,228,72.3984375
left,2,229,72.3984375
left,2,230,72.3984375
left,2,231,72.47265625
left,2,232,72.3984375
left,2,233,72.3984375
left,2,234,72.47265625
left,2,235,72.47265625
left,2,236,72.47265625
left,2,237,72.546875
left,2,238,72.546875
left,2,239,72.546875
left,2,240,72.546875
left,2,241,72.546875
left,2,242,72.546875
left,2,243,72.625
left,2,244,72.625
left,2,245,72.69921875
left,2,246,72.69921875
left,2,247,72.77734375
left,2,248,72.77734375
left,2,249,72.8515625
left,2,250,72.8515625
left,2,251,72.92578125
left,2,252,72.8515625
left,2,253,72.92578125
left,2,254,72.92578125
left,2,255,72.92578125
left,2,256,72.92578125
left,2,257,72.92578125
left,2,258,72.92578125
left,2,259,73.00390625
left,2,260,73.00390625
left,2,261,73.00390625
left,2,262,73.00390625
left,2,263,73.00390625
left,2,264,73.00390625
left,2,265,73.078125
left,2,266,73.078125
left,2,267,73.078125
left,2,268,73.078125
left,2,269,73.078125
left,2,270,73.15234375
left,2,271,73.23046875
left,2,272,73.23046875
left,2,273,73.23046875
left,2,274,73.3046875
left,2,275,73.3046875
left,2,276,73.3046875
left,2,277,73.3046875
left,2,278,73.3046875
left,2,279,73.3828125
left,2,280,73.3828125
left,2,281,73.3828125
left,2,282,73.45703125
left,2,283,73.45703125
left,2,284,73.45703125
left,2,285,73.45703125
left,2,286,73.53125
left,2,287,73.53125
left,2,288,73.53125
left,2,289,73.53125
left,2,290,73.53125
left,2,291,73.53125
left,2,292,73.53125
left,2,293,73.53125
left,2,294,73.53125
left,2,295,73.53125
left,2,296,73.53125
left,2,297,73.609375
left,2,298,73.609375
left,2,299,73.53125
left,2,300,73.609375
left,2,301,73.53125
left,2,302,73.609375
left,2,303,73.609375
left,2,304,73.609375
left,2,305,73.609375
left,2,306,73.609375
left,2,307,73.609375
left,2,308,73.609375
left,2,309,73.68359375
left,2,310,73.609375
left,2,311,73.609375
left,2,312,73.68359375
left,2,313,73.609375
left,2,314,73.609375
left,2,315,73.68359375
left,2,316,73.68359375
left,2,317,73.68359375
left,2,318,73.68359375
left,2,319,73.68359375
left,2,320,73.7578125
left,2,321,73.7578125
left,2,322,73.8359375
left,2,323,73.8359375
left,2,324,73.8359375
left,2,325,73.8359375
left,2,326,73.91015625
left,2,327,73.98828125
left,2,328,73.98828125
left,2,329,73.98828125
left,2,330,74.0625
left,2,331,74.0625
left,2,332,74.0625
left,2,333,74.13671875
left,2,334,74.13671875
left,2,335,74.13671875
left,2,336,74.13671875
left,2,337,74.13671875
left,2,338,74.21484375
left,2,339,74.21484375
left,2,340,74.21484375
left,2,341,74.21484375
left,2,342,74.21484375
left,2,343,74.21484375
left,2,344,74.21484375
left,2,345,74.21484375
left,2,346,74.21484375
left,2,347,74.21484375
left,2,348,74.2890625
left,2,349,74.21484375
left,2,350,74.2890625
left,2,351,74.2890625
left,2,352,74.2890625
left,2,353,74.2890625
left,2,354,74.2890625
left,2,355,74.2890625
left,2,356,74.2890625
left,2,357,74.2890625
left,2,358,74.2890625
left,2,359,74.36328125
left,2,360,74.2890625
left,2,361,74.2890625
left,2,362,74.36328125
left,2,363,74.2890625
left,2,364,74.2890625
left,2,365,74.2890625
left,2,366,74.36328125
left,2,367,74.36328125
left,2,368,74.36328125
left,2,369,74.36328125
left,2,370,74.36328125
left,2,371,74.36328125
left,2,372,74.36328125
left,2,373,74.36328125
left,2,374,74.36328125
left,2,375,74.36328125
left,2,376,74.44140625
left,2,377,74.36328125
left,2,378,74.44140625
left,2,379,74.44140625
left,2,380,74.36328125
left,2,381,74.44140625
left,2,382,74.44140625
left,2,383,74.44140625
left,2,384,74.44140625
left,2,385,74.44140625
left,2,386,74.515625
left,2,387,74.515625
left,2,388,74.515625
left,2,389,74.515625
left,2,390,74.515625
left,2,391,74.515625
left,2,392,74.59375
left,2,393,74.66796875
left,2,394,74.66796875
left,2,395,74.59375
left,2,396,74.59375
left,2,397,74.66796875
left,2,398,74.66796875
left,2,399,74.66796875
left,2,400,74.7421875
left,2,401,74.7421875
left,2,402,74.7421875
left,2,403,74.7421875
left,2,404,74.7421875
left,2,405,74.66796875
left,2,406,74.7421875
left,2,407,74.7421875
left,2,408,74.8203125
left,2,409,74.8203125
left,2,410,74.8203125
left,2,411,74.8203125
left,2,412,74.89453125
left,2,413,74.89453125
left,2,414,74.89453125
left,2,415,74.89453125
left,2,416,74.89453125
left,2,417,74.96875
left,2,418,74.96875
left,2,419,74.96875
left,2,420,74.89453125
left,2,421,74.96875
left,2,422,75.046875
left,2,423,75.046875
left,2,424,74.96875
left,2,425,75.046875
left,2,426,75.046875
left,2,427,75.046875
left,2,428,75.046875
left,2,429,75.046875
left,2,430,75.046875
left,2,431,75.046875
left,2,432,75.046875
left,2,433,75.046875
left,2,434,75.046875
left,2,435,75.12109375
left,2,436,75.12109375
left,2,437,75.12109375
left,2,438,75.19921875
left,2,439,75.19921875
left,2,440,75.19921875
left,2,441,75.19921875
left,2,442,75.19921875
left,2,443,75.19921875
left,2,444,75.19921875
left,2,445,75.19921875
left,2,446,75.19921875
left,2,447,75.2734375
left,2,448,75.2734375
left,2,449,75.2734375
left,2,450,75.2734375
left,2,451,75.2734375
left,2,452,75.2734375
left,2,453,75.2734375
left,2,454,75.2734375
left,2,455,75.2734375
left,2,456,75.34765625
left,2,457,75.34765625
left,2,458,75.2734375
left,2,459,75.34765625
left,2,460,75.2734375
left,2,461,75.34765625
left,2,462,75.34765625
left,2,463,75.34765625
left,2,464,75.42578125
left,2,465,75.42578125
left,2,466,75.42578125
left,2,467,75.34765625
left,2,468,75.34765625
left,2,469,75.42578125
left,2,470,75.34765625
left,2,471,75.42578125
left,2,472,75.5
left,2,473,75.42578125
left,2,474,75.5
left,2,475,75.5
left,2,476,75.5
left,2,477,75.5
left,2,478,75.5
left,2,479,75.5
left,2,480,75.5
left,2,481,75.5
left,2,482,75.57421875
left,2,483,75.57421875
left,2,484,75.57421875
left,2,485,75.57421875
left,2,486,75.65234375
left,2,487,75.65234375
left,2,488,75.65234375
left,2,489,75.65234375
left,2,490,75.7265625
left,2,491,75.7265625
left,2,492,75.7265625
left,2,493,75.7265625
left,2,494,75.7265625
left,2,495,75.7265625
left,2,496,75.7265625
left,2,497,75.7265625
left,2,498,75.7265625
left,2,499,75.7265625
left,2,500,75.7265625
left,2,501,75.7265625
left,2,502,75.7265625
left,2,503,75.8046875
left,2,504,75.7265625
left,2,505,75.8046875
left,2,506,75.8046875
left,2,507,75.87890625
left,2,508,75.8046875
left,2,509,75.87890625
left,2,510,75.87890625
left,2,511,75.87890625
left,2,512,75.953125
left,2,513,75.87890625
left,2,514,75.87890625
left,2,515,75.87890625
left,2,516,75.953125
left,2,517,75.87890625
left,2,518,75.953125
left,2,519,75.953125
left,2,520,75.953125
left,2,521,75.953125
left,2,522,75.953125
left,2,523,75.953125
left,2,524,75.953125
left,2,525,76.03125
left,2,526,75.9921875
left,2,527,75.953125
left,2,528,75.9921875
left,2,529,76.03125
left,2,530,76.03125
left,2,531,76.03125
left,2,532,76.03125
left,2,533,76.03125
left,2,534,76.03125
left,2,535,76.03125
left,2,536,76.03125
left,2,537,76.03125
left,2,538,76.10546875
left,2,539,76.10546875
left,2,540,76.10546875
left,2,541,76.10546875
left,2,542,76.10546875
left,2,543,76.10546875
left,2,544,76.1796875
left,2,545,76.10546875
left,2,546,76.10546875
left,2,547,76.10546875
left,2,548,76.1796875
left,2,549,76.1796875
left,2,550,76.10546875
left,2,551,76.1796875
left,2,552,76.1796875
left,2,553,76.1796875
left,2,554,76.1796875
left,2,555,76.1796875
left,2,556,76.1796875
left,2,557,76.1796875
left,2,558,76.1796875
left,2,559,76.1796875
left,2,560,76.1796875
left,2,561,76.1796875
left,2,562,76.2578125
left,2,563,76.1796875
left,2,564,76.1796875
left,2,565,76.1796875
left,2,566,76.1796875
left,2,567,76.1796875
left,2,568,76.2578125
left,2,569,76.1796875
left,2,570,76.1796875
left,2,571,76.2578125
left,2,572,76.1796875
left,2,573,76.2578125
left,2,574,76.2578125
left,2,575,76.2578125
left,2,576,76.2578125
left,2,577,76.2578125
left,2,578,76.33203125
left,2,579,76.33203125
left,2,580,76.33203125
left,2,581,76.33203125
left,2,582,76.33203125
left,2,583,76.33203125
left,2,584,76.33203125
left,2,585,76.33203125
left,2,586,76.33203125
left,2,587,76.33203125
left,2,588,76.41015625
left,2,589,76.41015625
left,2,590,76.41015625
left,2,591,76.484375
left,2,592,76.41015625
left,2,593,76.41015625
left,2,594,76.484375
left,2,595,76.484375
left,2,596,76.484375
left,2,597,76.484375
left,2,598,76.484375
left,2,599,76.484375
left,2,600,76.484375
left,2,601,76.484375
left,2,602,76.55859375
left,2,603,76.55859375
left,2,604,76.55859375
left,2,605,76.55859375
left,2,606,76.55859375
left,2,607,76.55859375
left,2,608,76.55859375
left,2,609,76.55859375
left,2,610,76.55859375
left,2,611,76.55859375
left,2,612,76.55859375
left,2,613,76.55859375
left,2,614,76.55859375
left,2,615,76.55859375
left,2,616,76.63671875
left,2,617,76.55859375
left,2,618,76.63671875
left,2,619,76.55859375
left,2,620,76.63671875
left,2,621,76.63671875
left,2,622,76.63671875
left,2,623,76.63671875
left,2,624,76.7109375
left,2,625,76.7109375
left,2,626,76.63671875
left,2,627,76.63671875
left,2,628,76.63671875
left,2,629,76.63671875
left,2,630,76.63671875
left,2,631,76.7109375
left,2,632,76.7109375
left,2,633,76.7109375
left,2,634,76.7109375
left,2,635,76.7109375
left,2,636,76.7109375
left,2,637,76.7109375
left,2,638,76.7109375
left,2,639,76.7109375
left,2,640,76.7109375
left,2,641,76.7109375
left,2,642,76.7109375
left,2,643,76.7109375
left,2,644,76.7109375
left,2,645,76.7109375
left,2,646,76.7109375
left,2,647,76.7109375
left,2,648,76.7109375
left,2,649,76.7890625
left,2,650,76.7109375
left,2,651,76.7890625
left,2,652,76.7109375
left,2,653,76.7109375
left,2,654,76.7109375
left,2,655,76.7890625
left,2,656,76.7890625
left,2,657,76.7890625
left,2,658,76.7890625
left,2,659,76.7890625
left,2,660,76.7890625
left,2,661,76.86328125
left,2,662,76.86328125
left,2,663,76.86328125
left,2,664,76.7890625
left,2,665,76.7890625
left,2,666,76.86328125
left,2,667,76.86328125
left,2,668,76.86328125
left,2,669,76.86328125
left,2,670,76.86328125
left,2,671,76.86328125
left,2,672,76.9375
left,2,673,76.9375
left,2,674,76.86328125
left,2,675,76.86328125
left,2,676,76.9375
left,2,677,76.86328125
left,2,678,76.9375
left,2,679,76.9375
left,2,680,76.9375
left,2,681,76.9375
left,2,682,76.9375
left,2,683,76.9375
left,2,684,77.015625
left,2,685,77.015625
left,2,686,77.015625
left,2,687,77.9375
left,2,688,76.9375
left,2,689,76.9375
left,2,690,77.015625
left,2,691,77.015625
left,2,692,77.015625
left,2,693,77.015625
left,2,694,77.015625
left,2,695,77.015625
left,2,696,77.015625
left,2,697,77.015625
left,2,698,77.015625
left,2,699,77.015625
left,2,700,77.015625
left,2,701,77.015625
left,2,702,77.015625
left,2,703,77.08984375
left,2,704,77.08984375
left,2,705,77.08984375
left,2,706,77.08984375
left,2,707,77.1640625
left,2,708,77.1640625
left,2,709,77.1640625
left,2,710,77.1640625
left,2,711,77.08984375
left,2,712,77.1640625
left,2,713,77.1640625
left,2,714,77.1640625
left,2,715,77.1640625
left,2,716,77.1640625
left,2,717,77.2421875
left,2,718,77.2421875
left,2,719,77.2421875
left,2,720,77.2421875
left,2,721,77.2421875
left,2,722,77.2421875
left,2,723,77.31640625
left,2,724,77.2421875
left,2,725,77.2421875
left,2,726,77.2421875
left,2,727,77.2421875
left,2,728,77.31640625
left,2,729,77.31640625
left,2,730,77.31640625
left,2,731,77.31640625
left,2,732,77.31640625
left,2,733,77.31640625
left,2,734,77.31640625
left,2,735,77.31640625
left,2,736,77.31640625
left,2,737,77.31640625
left,2,738,77.31640625
left,2,739,77.31640625
left,2,740,77.31640625
left,2,741,77.31640625
left,2,742,77.31640625
left,2,743,77.31640625
left,2,744,77.31640625
left,2,745,77.39453125
left,2,746,77.31640625
left,2,747,77.31640625
left,2,748,77.31640625
left,2,749,77.31640625
left,2,750,77.31640625
left,2,751,77.31640625
left,2,752,77.39453125
left,2,753,77.31640625
left,2,754,77.39453125
left,2,755,77.31640625
left,2,756,77.39453125
left,2,757,77.39453125
left,2,758,77.39453125
left,2,759,77.39453125
left,2,760,77.39453125
left,2,761,77.39453125
left,2,762,77.39453125
left,2,763,77.39453125
left,2,764,77.39453125
left,2,765,77.39453125
left,2,766,77.39453125
left,2,767,77.46875
left,2,768,77.39453125
left,2,769,77.39453125
left,2,770,77.46875
left,2,771,77.46875
left,2,772,77.39453125
left,2,773,77.39453125
left,2,774,77.46875
left,2,775,77.46875
left,2,776,77.46875
left,2,777,77.46875
left,2,778,77.46875
left,2,779,77.46875
left,2,780,77.46875
left,2,781,77.46875
left,2,782,77.46875
left,2,783,77.46875
left,2,784,77.54296875
left,2,785,77.46875
left,2,786,77.46875
left,2,787,77.46875
left,2,788,77.46875
left,2,789,77.46875
left,2,790,77.46875
left,2,791,77.46875
left,2,792,77.46875
left,2,793,77.46875
left,2,794,77.46875
left,2,795,77.46875
left,2,796,77.46875
left,2,797,77.54296875
left,2,798,77.46875
left,2,799,77.46875
left,2,800,77.46875
left,2,801,77.46875
left,2,802,77.46875
left,2,803,77.46875
left,2,804,77.54296875
left,2,805,77.54296875
left,2,806,77.46875
left,2,807,77.54296875
left,2,808,77.54296875
left,2,809,77.54296875
left,2,810,77.54296875
left,2,811,77.46875
left,2,812,77.54296875
left,2,813,77.54296875
left,2,814,77.54296875
left,2,815,77.62109375
left,2,816,77.62109375
left,2,817,77.62109375
left,2,818,77.62109375
left,2,819,77.62109375
left,2,820,77.62109375
left,2,821,77.62109375
left,2,822,77.62109375
left,2,823,77.62109375
left,2,824,77.62109375
left,2,825,77.6953125
left,2,826,77.62109375
left,2,827,77.6953125
left,2,828,77.6953125
left,2,829,77.6953125
left,2,830,77.6953125
left,2,831,77.6953125
left,2,832,77.62109375
left,2,833,77.6953125
left,2,834,77.6953125
left,2,835,77.76953125
left,2,836,77.6953125
left,2,837,77.6953125
left,2,838,77.6953125
left,2,839,77.76953125
left,2,840,77.6953125
left,2,841,77.76953125
left,2,842,77.76953125
left,2,843,77.76953125
left,2,844,77.76953125
left,2,845,77.76953125
left,2,846,77.84765625
left,2,847,77.76953125
left,2,848,77.76953125
left,2,849,77.76953125
left,2,850,77.76953125
left,2,851,77.76953125
left,2,852,77.76953125
left,2,853,77.84765625
left,2,854,77.84765625
left,2,855,77.76953125
left,2,856,77.76953125
left,2,857,77.84765625
left,2,858,77.84765625
left,2,859,77.84765625
left,2,860,77.84765625
left,2,861,77.84765625
left,2,862,77.84765625
left,2,863,77.84765625
left,2,864,77.84765625
left,2,865,77.84765625
left,2,866,77.84765625
left,2,867,77.84765625
left,2,868,77.84765625
left,2,869,77.84765625
left,2,870,77.84765625
left,2,871,77.84765625
left,2,872,77.84765625
left,2,873,77.921875
left,2,874,77.84765625
left,2,875,77.84765625
left,2,876,77.84765625
left,2,877,77.921875
left,2,878,77.84765625
left,2,879,77.921875
left,2,880,77.921875
left,2,881,77.921875
left,2,882,77.84765625
left,2,883,77.84765625
left,2,884,77.921875
left,2,885,77.84765625
left,2,886,77.84765625
left,2,887,77.921875
left,2,888,77.84765625
left,2,889,77.84765625
left,2,890,77.921875
left,2,891,77.921875
left,2,892,77.921875
left,2,893,77.921875
left,2,894,77.921875
left,2,895,77.921875
left,2,896,77.921875
left,2,897,77.921875
left,2,898,77.921875
left,2,899,77.921875
left,2,900,77.921875
left,2,901,77.921875
left,2,902,77.921875
left,2,903,77.921875
left,2,904,77.921875
left,2,905,78.0
left,2,906,77.921875
left,2,907,78.0
left,2,908,77.921875
left,2,909,78.0
left,2,910,78.0
left,2,911,78.0
left,2,912,78.0
left,2,913,78.0
left,2,914,78.0
left,2,915,78.0
left,2,916,78.0
left,2,917,78.0
left,2,918,78.0
left,2,919,78.0
left,2,920,78.0
left,2,921,78.07421875
left,2,922,78.0
left,2,923,78.07421875
left,2,924,78.07421875
left,2,925,78.0
left,2,926,78.0
left,2,927,78.0
left,2,928,78.0
left,2,929,78.0
left,2,930,78.0
left,2,931,78.0
left,2,932,78.0
left,2,933,78.0
left,2,934,78.07421875
left,2,935,78.0
left,2,936,78.0
left,2,937,78.0
left,2,938,78.0
left,2,939,78.07421875
left,2,940,78.0
left,2,941,78.0
left,2,942,78.07421875
left,2,943,78.07421875
left,2,944,78.07421875
left,2,945,78.07421875
left,2,946,78.07421875
left,2,947,78.1484375
left,2,948,78.07421875
left,2,949,78.07421875
left,2,950,78.07421875
left,2,951,78.1484375
left,2,952,78.07421875
left,2,953,78.07421875
left,2,954,78.1484375
left,2,955,78.1484375
left,2,956,78.07421875
left,2,957,78.1484375
left,2,958,78.1484375
left,2,959,78.1484375
left,2,960,78.2265625
left,2,961,78.1484375
left,2,962,78.1484375
left,2,963,78.1484375
left,2,964,78.2265625
left,2,965,78.2265625
left,2,966,78.2265625
left,2,967,78.2265625
left,2,968,78.2265625
left,2,969,78.1484375
left,2,970,78.2265625
left,2,971,78.1484375
left,2,972,78.1484375
left,2,973,78.1484375
left,2,974,78.2265625
left,2,975,78.2265625
left,2,976,78.2265625
left,2,977,78.2265625
left,2,978,78.2265625
left,2,979,78.2265625
left,2,980,78.2265625
left,2,981,78.2265625
left,2,982,78.2265625
left,2,983,78.2265625
left,2,984,78.2265625
left,2,985,78.2265625
left,2,986,78.30078125
left,2,987,78.30078125
left,2,988,78.2265625
left,2,989,78.30078125
left,2,990,78.2265625
left,2,991,78.30078125
left,2,992,78.30078125
left,2,993,78.2265625
left,2,994,78.30078125
left,2,995,78.2265625
left,2,996,78.2265625
left,2,997,78.30078125
left,2,998,78.30078125
left,2,999,78.2265625
left,2,1000,78.30078125
left,2,1001,78.30078125
left,2,1002,78.30078125
left,2,1003,78.30078125
left,2,1004,78.30078125
left,2,1005,78.30078125
left,2,1006,78.30078125
left,2,1007,78.30078125
left,2,1008,78.30078125
left,2,1009,78.30078125
left,2,1010,78.30078125
left,2,1011,78.30078125
left,2,1012,78.30078125
left,2,1013,78.30078125
left,2,1014,78.30078125
left,2,1015,78.30078125
left,2,1016,78.30078125
left,2,1017,78.30078125
left,2,1018,78.30078125
left,2,1019,78.30078125
left,2,1020,78.375
left,2,1021,78.375
left,2,1022,78.30078125
left,2,1023,78.30078125
left,2,1024,78.30078125
left,2,1025,78.375
left,2,1026,78.375
left,2,1027,78.30078125
left,2,1028,78.30078125
left,2,1029,78.375
left,2,1030,78.30078125
left,2,1031,78.375
left,2,1032,78.375
left,2,1033,78.375
left,2,1034,78.30078125
left,2,1035,78.375
left,2,1036,78.375
left,2,1037,78.375
left,2,1038,78.375
left,2,1039,78.375
left,2,1040,78.375
left,2,1041,78.375
left,2,1042,78.375
left,2,1043,78.375
left,2,1044,78.453125
left,2,1045,78.375
left,2,1046,78.375
left,2,1047,78.375
left,2,1048,78.375
left,2,1049,78.30078125
left,2,1050,78.375
left,2,1051,78.375
left,2,1052,78.375
left,2,1053,78.375
left,2,1054,78.375
left,2,1055,78.375
left,2,1056,78.375
left,2,1057,78.375
left,2,1058,78.375
left,2,1059,78.375
left,2,1060,78.375
left,2,1061,78.375
left,2,1062,78.375
left,2,1063,78.375
left,2,1064,78.375
left,2,1065,78.375
left,2,1066,78.375
left,2,1067,78.375
left,2,1068,78.375
left,2,1069,78.375
left,2,1070,78.375
left,2,1071,78.375
left,2,1072,78.375
left,2,1073,78.375
left,2,1074,78.375
left,2,1075,78.375
left,2,1076,78.375
left,2,1077,78.375
left,2,1078,78.375
left,2,1079,78.375
left,2,1080,78.375
left,2,1081,78.375
left,2,1082,78.375
left,2,1083,78.375
left,2,1084,78.453125
left,2,1085,78.453125
left,2,1086,78.453125
left,2,1087,78.453125
left,2,1088,78.453125
left,2,1089,78.453125
left,2,1090,78.453125
left,2,1091,78.52734375
left,2,1092,78.52734375
left,2,1093,78.52734375
left,2,1094,78.52734375
left,2,1095,78.52734375
left,2,1096,78.52734375
left,2,1097,78.60546875
left,2,1098,78.60546875
left,2,1099,78.52734375
left,2,1100,78.52734375
left,2,1101,78.52734375
left,2,1102,78.52734375
left,2,1103,78.60546875
left,2,1104,78.60546875
left,2,1105,78.60546875
left,2,1106,78.52734375
left,2,1107,78.60546875
left,2,1108,78.60546875
left,2,1109,78.60546875
left,2,1110,78.60546875
left,2,1111,78.60546875
left,2,1112,78.52734375
left,2,1113,78.52734375
left,2,1114,78.52734375
left,2,1115,78.52734375
left,2,1116,78.60546875
left,2,1117,78.52734375
left,2,1118,78.52734375
left,2,1119,78.52734375
left,2,1120,78.52734375
left,2,1121,78.52734375
left,2,1122,78.52734375
left,2,1123,78.52734375
left,2,1124,78.52734375
left,2,1125,78.52734375
left,2,1126,78.52734375
left,2,1127,78.52734375
left,2,1128,78.52734375
left,2,1129,78.52734375
left,2,1130,78.52734375
left,2,1131,78.52734375
left,2,1132,78.52734375
left,2,1133,78.60546875
left,2,1134,78.60546875
left,2,1135,78.60546875
left,2,1136,78.60546875
left,2,1137,78.60546875
left,2,1138,78.60546875
left,2,1139,78.60546875
left,2,1140,78.60546875
left,2,1141,78.60546875
left,2,1142,78.60546875
left,2,1143,78.6796875
left,2,1144,78.6796875
left,2,1145,78.60546875
left,2,1146,78.60546875
left,2,1147,78.60546875
left,2,1148,78.6796875
left,2,1149,78.60546875
left,2,1150,78.6796875
left,2,1151,78.6796875
left,2,1152,78.6796875
left,2,1153,78.6796875
left,2,1154,78.6796875
left,2,1155,78.6796875
left,2,1156,78.6796875
left,2,1157,78.6796875
left,2,1158,78.6796875
left,2,1159,78.6796875
left,2,1160,78.6796875
left,2,1161,78.75390625
left,2,1162,78.75390625
left,2,1163,78.75390625
left,2,1164,78.75390625
left,2,1165,78.75390625
left,2,1166,78.75390625
left,2,1167,78.75390625
left,2,1168,78.75390625
left,2,1169,78.75390625
left,2,1170,78.75390625
left,2,1171,78.75390625
left,2,1172,78.75390625
left,2,1173,78.75390625
left,2,1174,78.6796875
left,2,1175,78.75390625
left,2,1176,78.6796875
left,2,1177,78.75390625
left,2,1178,78.75390625
left,2,1179,78.75390625
left,2,1180,78.75390625
left,2,1181,78.6796875
left,2,1182,78.6796875
left,2,1183,78.75390625
left,2,1184,78.6796875
left,2,1185,78.75390625
left,2,1186,78.6796875
left,2,1187,78.75390625
left,2,1188,78.75390625
left,2,1189,78.75390625
left,2,1190,78.75390625
left,2,1191,78.83203125
left,2,1192,78.83203125
left,2,1193,78.75390625
left,2,1194,78.75390625
left,2,1195,78.83203125
left,2,1196,78.83203125
left,2,1197,78.75390625
left,2,1198,78.83203125
left,2,1199,78.83203125
left,2,1200,78.83203125
left,3,0,27.30859375
left,3,1,29.6171875
left,3,2,31.4296875
left,3,3,33.3203125
left,3,4,34.984375
left,3,5,36.796875
left,3,6,38.3828125
left,3,7,39.89453125
left,3,8,41.2578125
left,3,9,42.69140625
left,3,10,43.9765625
left,3,11,45.109375
left,3,12,46.09375
left,3,13,47.2265625
left,3,14,48.1328125
left,3,15,49.1171875
left,3,16,50.17578125
left,3,17,51.08203125
left,3,18,51.98828125
left,3,19,52.8203125
left,3,20,53.578125
left,3,21,54.33203125
left,3,22,55.08984375
left,3,23,55.76953125
left,3,24,56.44921875
left,3,25,57.0546875
left,3,26,57.734375
left,3,27,58.26171875
left,3,28,58.8671875
left,3,29,59.39453125
left,3,30,60.0
left,3,31,60.453125
left,3,32,60.90625
left,3,33,61.359375
left,3,34,61.890625
left,3,35,62.19140625
left,3,36,62.64453125
left,3,37,63.0234375
left,3,38,63.4765625
left,3,39,63.85546875
left,3,40,64.15625
left,3,41,64.3828125
left,3,42,64.6875
left,3,43,64.98828125
left,3,44,65.44140625
left,3,45,65.8203125
left,3,46,66.12109375
left,3,47,66.42578125
left,3,48,66.65234375
left,3,49,66.953125
left,3,50,67.2578125
left,3,51,67.55859375
left,3,52,67.78515625
left,3,53,68.0859375
left,3,54,68.31640625
left,3,55,68.46484375
left,3,56,68.6171875
left,3,57,68.84375
left,3,58,68.99609375
left,3,59,69.14453125
left,3,60,69.44921875
left,3,61,69.67578125
left,3,62,69.82421875
left,3,63,70.0546875
left,3,64,70.28125
left,3,65,70.4296875
left,3,66,70.65625
left,3,67,70.80859375
left,3,68,70.9609375
left,3,69,71.03515625
left,3,70,71.26171875
left,3,71,71.48828125
left,3,72,71.640625
left,3,73,71.79296875
left,3,74,71.94140625
left,3,75,72.09375
left,3,76,72.16796875
left,3,77,72.3203125
left,3,78,72.47265625
left,3,79,72.546875
left,3,80,72.62109375
left,3,81,72.7734375
left,3,82,72.92578125
left,3,83,73.07421875
left,3,84,73.2265625
left,3,85,73.3046875
left,3,86,73.3046875
left,3,87,73.37890625
left,3,88,73.53125
left,3,89,73.6796875
left,3,90,73.7578125
left,3,91,73.7578125
left,3,92,73.83203125
left,3,93,73.83203125
left,3,94,73.984375
left,3,95,73.984375
left,3,96,74.05859375
left,3,97,74.1328125
left,3,98,74.28515625
left,3,99,74.359375
left,3,100,74.51171875
left,3,101,74.5859375
left,3,102,74.6640625
left,3,103,74.73828125
left,3,104,74.81640625
left,3,105,74.96484375
left,3,106,75.1171875
left,3,107,75.19140625
left,3,108,75.26953125
left,3,109,75.34375
left,3,110,75.41796875
left,3,111,75.49609375
left,3,112,75.5703125
left,3,113,75.64453125
left,3,114,75.72265625
left,3,115,75.796875
left,3,116,75.87109375
left,3,117,76.0234375
left,3,118,76.09765625
left,3,119,76.17578125
left,3,120,76.25
left,3,121,76.32421875
left,3,122,76.40234375
left,3,123,76.4765625
left,3,124,76.5546875
left,3,125,76.62890625
left,3,126,76.703125
left,3,127,76.703125
left,3,128,76.78125
left,3,129,76.85546875
left,3,130,76.9296875
left,3,131,77.0078125
left,3,132,77.0078125
left,3,133,77.08203125
left,3,134,77.15625
left,3,135,77.234375
left,3,136,77.234375
left,3,137,77.234375
left,3,138,77.30859375
left,3,139,77.3828125
left,3,140,77.4609375
left,3,141,77.4609375
left,3,142,77.609375
left,3,143,77.609375
left,3,144,77.6875
left,3,145,77.76171875
left,3,146,77.76171875
left,3,147,77.8359375
left,3,148,77.8359375
left,3,149,77.9140625
left,3,150,77.98828125
left,3,151,78.0625
left,3,152,78.0625
left,3,153,78.0625
left,3,154,78.140625
left,3,155,78.21484375
left,3,156,78.21484375
left,3,157,78.3671875
left,3,158,78.44140625
left,3,159,78.44140625
left,3,160,78.51953125
left,3,161,78.51953125
left,3,162,78.59375
left,3,163,78.66796875
left,3,164,78.66796875
left,3,165,78.74609375
left,3,166,78.74609375
left,3,167,78.8203125
left,3,168,78.89453125
left,3,169,78.89453125
left,3,170,78.97265625
left,3,171,78.97265625
left,3,172,79.046875
left,3,173,79.12109375
left,3,174,79.046875
left,3,175,79.19921875
left,3,176,79.19921875
left,3,177,79.2734375
left,3,178,79.2734375
left,3,179,79.2734375
left,3,180,79.34765625
left,3,181,79.34765625
left,3,182,79.42578125
left,3,183,79.5
left,3,184,79.5
left,3,185,79.5
left,3,186,79.57421875
left,3,187,79.57421875
left,3,188,79.65234375
left,3,189,79.65234375
left,3,190,79.7265625
left,3,191,79.7265625
left,3,192,79.7265625
left,3,193,79.8046875
left,3,194,79.8046875
left,3,195,79.87890625
left,3,196,79.87890625
left,3,197,79.953125
left,3,198,80.03125
left,3,199,80.03125
left,3,200,80.03125
left,3,201,80.10546875
left,3,202,80.1796875
left,3,203,80.2578125
left,3,204,80.2578125
left,3,205,80.2578125
left,3,206,80.33203125
left,3,207,80.33203125
left,3,208,80.40625
left,3,209,80.40625
left,3,210,80.40625
left,3,211,80.484375
left,3,212,80.484375
left,3,213,80.55859375
left,3,214,80.55859375
left,3,215,80.6328125
left,3,216,80.7109375
left,3,217,80.7109375
left,3,218,80.78515625
left,3,219,80.78515625
left,3,220,80.78515625
left,3,221,80.859375
left,3,222,80.859375
left,3,223,80.859375
left,3,224,80.9375
left,3,225,80.859375
left,3,226,80.9375
left,3,227,80.9375
left,3,228,80.9375
left,3,229,81.01171875
left,3,230,81.01171875
left,3,231,81.01171875
left,3,232,81.0859375
left,3,233,81.1640625
left,3,234,81.1640625
left,3,235,81.23828125
left,3,236,81.23828125
left,3,237,81.23828125
left,3,238,81.23828125
left,3,239,81.23828125
left,3,240,81.3125
left,3,241,81.390625
left,3,242,81.3125
left,3,243,81.3125
left,3,244,81.3125
left,3,245,81.3125
left,3,246,81.3125
left,3,247,81.3125
left,3,248,81.390625
left,3,249,81.46484375
left,3,250,81.46484375
left,3,251,81.46484375
left,3,252,81.46484375
left,3,253,81.54296875
left,3,254,81.6171875
left,3,255,81.6171875
left,3,256,81.6171875
left,3,257,81.69140625
left,3,258,81.69140625
left,3,259,81.69140625
left,3,260,81.76953125
left,3,261,81.76953125
left,3,262,81.76953125
left,3,263,81.84375
left,3,264,81.84375
left,3,265,81.84375
left,3,266,81.84375
left,3,267,81.91796875
left,3,268,81.91796875
left,3,269,81.91796875
left,3,270,81.91796875
left,3,271,81.91796875
left,3,272,81.99609375
left,3,273,81.99609375
left,3,274,82.0703125
left,3,275,82.0703125
left,3,276,82.0703125
left,3,277,82.0703125
left,3,278,82.14453125
left,3,279,82.14453125
left,3,280,82.22265625
left,3,281,82.14453125
left,3,282,82.22265625
left,3,283,82.296875
left,3,284,82.37109375
left,3,285,82.296875
left,3,286,82.37109375
left,3,287,82.37109375
left,3,288,82.37109375
left,3,289,82.37109375
left,3,290,82.37109375
left,3,291,82.44921875
left,3,292,82.44921875
left,3,293,82.5234375
left,3,294,82.5234375
left,3,295,82.5234375
left,3,296,82.5234375
left,3,297,82.59765625
left,3,298,82.59765625
left,3,299,82.59765625
left,3,300,82.67578125
left,3,301,82.67578125
left,3,302,82.67578125
left,3,303,82.75
left,3,304,82.75
left,3,305,82.75
left,3,306,82.75
left,3,307,82.75
left,3,308,82.82421875
left,3,309,82.82421875
left,3,310,82.82421875
left,3,311,82.90234375
left,3,312,82.90234375
left,3,313,82.90234375
left,3,314,82.9765625
left,3,315,82.9765625
left,3,316,82.9765625
left,3,317,83.0546875
left,3,318,83.0546875
left,3,319,83.0546875
left,3,320,83.0546875
left,3,321,83.12890625
left,3,322,83.12890625
left,3,323,83.12890625
left,3,324,83.12890625
left,3,325,83.203125
left,3,326,83.203125
left,3,327,83.203125
left,3,328,83.203125
left,3,329,83.28125
left,3,330,83.35546875
left,3,331,83.35546875
left,3,332,83.35546875
left,3,333,83.4296875
left,3,334,83.35546875
left,3,335,83.35546875
left,3,336,83.35546875
left,3,337,83.4296875
left,3,338,83.5078125
left,3,339,83.5078125
left,3,340,83.5078125
left,3,341,83.58203125
left,3,342,83.58203125
left,3,343,83.58203125
left,3,344,83.65625
left,3,345,83.65625
left,3,346,83.65625
left,3,347,83.734375
left,3,348,83.734375
left,3,349,83.734375
left,3,350,83.80859375
left,3,351,83.80859375
left,3,352,83.80859375
left,3,353,83.80859375
left,3,354,83.8828125
left,3,355,83.8828125
left,3,356,83.8828125
left,3,357,83.8828125
left,3,358,83.8828125
left,3,359,83.9609375
left,3,360,83.9609375
left,3,361,83.9609375
left,3,362,83.9609375
left,3,363,83.9609375
left,3,364,83.9609375
left,3,365,83.998046875
left,3,366,84.03515625
left,3,367,84.03515625
left,3,368,84.03515625
left,3,369,84.03515625
left,3,370,84.03515625
left,3,371,84.03515625
left,3,372,84.109375
left,3,373,84.109375
left,3,374,84.109375
left,3,375,84.109375
left,3,376,84.1875
left,3,377,84.1875
left,3,378,84.1875
left,3,379,84.1875
left,3,380,84.1875
left,3,381,84.1875
left,3,382,84.1875
left,3,383,84.1875
left,3,384,84.26171875
left,3,385,84.26171875
left,3,386,84.26171875
left,3,387,84.26171875
left,3,388,84.26171875
left,3,389,84.26171875
left,3,390,84.26171875
left,3,391,84.26171875
left,3,392,84.3359375
left,3,393,84.3359375
left,3,394,84.3359375
left,3,395,84.3359375
left,3,396,84.3359375
left,3,397,84.4140625
left,3,398,84.4140625
left,3,399,84.3359375
left,3,400,84.48828125
left,3,401,84.4140625
left,3,402,84.48828125
left,3,403,84.48828125
left,3,404,84.48828125
left,3,405,84.48828125
left,3,406,84.5625
left,3,407,84.48828125
left,3,408,84.5625
left,3,409,84.5625
left,3,410,84.5625
left,3,411,84.640625
left,3,412,84.5625
left,3,413,84.640625
left,3,414,84.640625
left,3,415,84.640625
left,3,416,84.71484375
left,3,417,84.71484375
left,3,418,84.71484375
left,3,419,84.71484375
left,3,420,84.71484375
left,3,421,84.79296875
left,3,422,84.79296875
left,3,423,84.79296875
left,3,424,84.79296875
left,3,425,84.79296875
left,3,426,84.8671875
left,3,427,84.79296875
left,3,428,84.8671875
left,3,429,84.8671875
left,3,430,84.8671875
left,3,431,84.79296875
left,3,432,84.8671875
left,3,433,84.8671875
left,3,434,84.94140625
left,3,435,84.94140625
left,3,436,84.94140625
left,3,437,85.01953125
left,3,438,84.94140625
left,3,439,84.94140625
left,3,440,85.09375
left,3,441,85.01953125
left,3,442,85.01953125
left,3,443,85.09375
left,3,444,85.16796875
left,3,445,85.16796875
left,3,446,85.16796875
left,3,447,85.24609375
left,3,448,85.16796875
left,3,449,85.16796875
left,3,450,85.16796875
left,3,451,85.24609375
left,3,452,85.16796875
left,3,453,85.24609375
left,3,454,85.24609375
left,3,455,85.3203125
left,3,456,85.3203125
left,3,457,85.3203125
left,3,458,85.3203125
left,3,459,85.3203125
left,3,460,85.3203125
left,3,461,85.39453125
left,3,462,85.3203125
left,3,463,85.39453125
left,3,464,85.39453125
left,3,465,85.39453125
left,3,466,85.47265625
left,3,467,85.47265625
left,3,468,85.39453125
left,3,469,85.47265625
left,3,470,85.39453125
left,3,471,85.39453125
left,3,472,85.47265625
left,3,473,85.47265625
left,3,474,85.47265625
left,3,475,85.546875
left,3,476,85.546875
left,3,477,85.546875
left,3,478,85.546875
left,3,479,85.62109375
left,3,480,85.62109375
left,3,481,85.62109375
left,3,482,85.62109375
left,3,483,85.62109375
left,3,484,85.69921875
left,3,485,85.62109375
left,3,486,85.69921875
left,3,487,85.69921875
left,3,488,85.69921875
left,3,489,85.7734375
left,3,490,85.7734375
left,3,491,85.7734375
left,3,492,85.84765625
left,3,493,85.84765625
left,3,494,85.84765625
left,3,495,85.84765625
left,3,496,85.84765625
left,3,497,85.84765625
left,3,498,85.7734375
left,3,499,85.84765625
left,3,500,85.84765625
left,3,501,85.84765625
left,3,502,85.92578125
left,3,503,85.92578125
left,3,504,85.92578125
left,3,505,85.92578125
left,3,506,85.92578125
left,3,507,86.0
left,3,508,85.92578125
left,3,509,85.92578125
left,3,510,86.0
left,3,511,86.0
left,3,512,86.0
left,3,513,86.07421875
left,3,514,86.0
left,3,515,86.07421875
left,3,516,86.07421875
left,3,517,86.07421875
left,3,518,86.07421875
left,3,519,86.07421875
left,3,520,86.07421875
left,3,521,86.15234375
left,3,522,86.15234375
left,3,523,86.15234375
left,3,524,86.15234375
left,3,525,86.15234375
left,3,526,86.15234375
left,3,527,86.15234375
left,3,528,86.15234375
left,3,529,86.15234375
left,3,530,86.2265625
left,3,531,86.15234375
left,3,532,86.2265625
left,3,533,86.2265625
left,3,534,86.15234375
left,3,535,86.2265625
left,3,536,86.2265625
left,3,537,86.2265625
left,3,538,86.2265625
left,3,539,86.2265625
left,3,540,86.30078125
left,3,541,86.30078125
left,3,542,86.30078125
left,3,543,86.30078125
left,3,544,86.30078125
left,3,545,86.37890625
left,3,546,86.30078125
left,3,547,86.30078125
left,3,548,86.37890625
left,3,549,86.37890625
left,3,550,86.37890625
left,3,551,86.37890625
left,3,552,86.453125
left,3,553,86.453125
left,3,554,86.37890625
left,3,555,86.453125
left,3,556,86.453125
left,3,557,86.453125
left,3,558,86.453125
left,3,559,86.453125
left,3,560,86.453125
left,3,561,86.453125
left,3,562,86.53125
left,3,563,86.53125
left,3,564,86.53125
left,3,565,86.53125
left,3,566,86.53125
left,3,567,86.53125
left,3,568,86.53125
left,3,569,86.53125
left,3,570,86.60546875
left,3,571,86.60546875
left,3,572,86.60546875
left,3,573,86.60546875
left,3,574,86.60546875
left,3,575,86.6796875
left,3,576,86.6796875
left,3,577,86.6796875
left,3,578,86.6796875
left,3,579,86.6796875
left,3,580,86.6796875
left,3,581,86.7578125
left,3,582,86.7578125
left,3,583,86.7578125
left,3,584,86.7578125
left,3,585,86.7578125
left,3,586,86.7578125
left,3,587,86.7578125
left,3,588,86.7578125
left,3,589,86.7578125
left,3,590,86.83203125
left,3,591,86.83203125
left,3,592,86.83203125
left,3,593,86.83203125
left,3,594,86.83203125
left,3,595,86.90625
left,3,596,86.83203125
left,3,597,86.90625
left,3,598,86.83203125
left,3,599,86.83203125
left,3,600,86.90625
left,3,601,86.90625
left,3,602,86.90625
left,3,603,86.90625
left,3,604,86.90625
left,3,605,86.984375
left,3,606,86.984375
left,3,607,86.90625
left,3,608,86.984375
left,3,609,86.90625
left,3,610,86.984375
left,3,611,86.90625
left,3,612,86.984375
left,3,613,86.984375
left,3,614,86.984375
left,3,615,87.05859375
left,3,616,87.05859375
left,3,617,87.05859375
left,3,618,87.05859375
left,3,619,87.05859375
left,3,620,87.05859375
left,3,621,87.05859375
left,3,622,87.1328125
left,3,623,87.05859375
left,3,624,87.1328125
left,3,625,87.1328125
left,3,626,87.1328125
left,3,627,87.2109375
left,3,628,87.1328125
left,3,629,87.1328125
left,3,630,87.2109375
left,3,631,87.2109375
left,3,632,87.2109375
left,3,633,87.2109375
left,3,634,87.2109375
left,3,635,87.2109375
left,3,636,87.2109375
left,3,637,87.2109375
left,3,638,87.2109375
left,3,639,87.2109375
left,3,640,87.2109375
left,3,641,87.2109375
left,3,642,87.28515625
left,3,643,87.28515625
left,3,644,87.28515625
left,3,645,87.28515625
left,3,646,87.28515625
left,3,647,87.28515625
left,3,648,87.28515625
left,3,649,87.28515625
left,3,650,87.359375
left,3,651,87.359375
left,3,652,87.359375
left,3,653,87.359375
left,3,654,87.359375
left,3,655,87.4375
left,3,656,87.4375
left,3,657,87.359375
left,3,658,87.359375
left,3,659,87.4375
left,3,660,87.4375
left,3,661,87.51171875
left,3,662,87.51171875
left,3,663,87.51171875
left,3,664,87.51171875
left,3,665,87.51171875
left,3,666,87.51171875
left,3,667,87.51171875
left,3,668,87.5859375
left,3,669,87.5859375
left,3,670,87.5859375
left,3,671,87.6640625
left,3,672,87.5859375
left,3,673,87.6640625
left,3,674,87.5859375
left,3,675,87.6640625
left,3,676,87.6640625
left,3,677,87.6640625
left,3,678,87.6640625
left,3,679,87.73828125
left,3,680,87.6640625
left,3,681,87.6640625
left,3,682,87.73828125
left,3,683,87.73828125
left,3,684,87.73828125
left,3,685,87.73828125
left,3,686,87.73828125
left,3,687,87.8125
left,3,688,87.73828125
left,3,689,87.8125
left,3,690,87.8125
left,3,691,87.8125
left,3,692,87.8125
left,3,693,87.8125
left,3,694,87.8125
left,3,695,87.73828125
left,3,696,87.8125
left,3,697,87.8125
left,3,698,87.8125
left,3,699,87.8125
left,3,700,87.890625
left,3,701,87.8125
left,3,702,87.8125
left,3,703,87.890625
left,3,704,87.8125
left,3,705,87.890625
left,3,706,87.8125
left,3,707,87.890625
left,3,708,87.890625
left,3,709,87.890625
left,3,710,87.890625
left,3,711,87.96484375
left,3,712,87.890625
left,3,713,87.96484375
left,3,714,87.96484375
left,3,715,87.890625
left,3,716,87.96484375
left,3,717,87.96484375
left,3,718,87.96484375
left,3,719,87.96484375
left,3,720,87.96484375
left,3,721,87.96484375
left,3,722,87.96484375
left,3,723,87.96484375
left,3,724,87.96484375
left,3,725,88.04296875
left,3,726,88.04296875
left,3,727,88.04296875
left,3,728,88.04296875
left,3,729,88.04296875
left,3,730,88.04296875
left,3,731,88.04296875
left,3,732,88.04296875
left,3,733,88.04296875
left,3,734,88.1171875
left,3,735,88.1171875
left,3,736,88.1171875
left,3,737,88.1171875
left,3,738,88.1171875
left,3,739,88.1171875
left,3,740,88.1171875
left,3,741,88.19140625
left,3,742,88.1171875
left,3,743,88.19140625
left,3,744,88.19140625
left,3,745,88.19140625
left,3,746,88.19140625
left,3,747,88.1171875
left,3,748,88.19140625
left,3,749,88.19140625
left,3,750,88.26953125
left,3,751,88.26953125
left,3,752,88.26953125
left,3,753,88.34375
left,3,754,88.26953125
left,3,755,88.26953125
left,3,756,88.34375
left,3,757,88.26953125
left,3,758,88.34375
left,3,759,88.34375
left,3,760,88.34375
left,3,761,88.41796875
left,3,762,88.34375
left,3,763,88.41796875
left,3,764,88.41796875
left,3,765,88.41796875
left,3,766,88.41796875
left,3,767,88.34375
left,3,768,88.34375
left,3,769,88.41796875
left,3,770,88.41796875
left,3,771,88.41796875
left,3,772,88.41796875
left,3,773,88.41796875
left,3,774,88.41796875
left,3,775,88.41796875
left,3,776,88.41796875
left,3,777,88.49609375
left,3,778,88.41796875
left,3,779,88.49609375
left,3,780,88.49609375
left,3,781,88.49609375
left,3,782,88.49609375
left,3,783,88.49609375
left,3,784,88.49609375
left,3,785,88.49609375
left,3,786,88.49609375
left,3,787,88.49609375
left,3,788,88.49609375
left,3,789,88.49609375
left,3,790,88.49609375
left,3,791,88.49609375
left,3,792,88.49609375
left,3,793,88.49609375
left,3,794,88.49609375
left,3,795,88.49609375
left,3,796,88.49609375
left,3,797,88.49609375
left,3,798,88.49609375
left,3,799,88.49609375
left,3,800,88.5703125
left,3,801,88.5703125
left,3,802,88.5703125
left,3,803,88.5703125
left,3,804,88.5703125
left,3,805,88.5703125
left,3,806,88.5703125
left,3,807,88.5703125
left,3,808,88.5703125
left,3,809,88.5703125
left,3,810,88.5703125
left,3,811,88.5703125
left,3,812,88.5703125
left,3,813,88.5703125
left,3,814,88.5703125
left,3,815,88.64453125
left,3,816,88.5703125
left,3,817,88.64453125
left,3,818,88.5703125
left,3,819,88.5703125
left,3,820,88.64453125
left,3,821,88.64453125
left,3,822,88.64453125
left,3,823,88.64453125
left,3,824,88.64453125
left,3,825,88.64453125
left,3,826,88.64453125
left,3,827,88.72265625
left,3,828,88.64453125
left,3,829,88.72265625
left,3,830,88.64453125
left,3,831,88.64453125
left,3,832,88.72265625
left,3,833,88.72265625
left,3,834,88.64453125
left,3,835,88.72265625
left,3,836,88.72265625
left,3,837,88.72265625
left,3,838,88.72265625
left,3,839,88.72265625
left,3,840,88.796875
left,3,841,88.72265625
left,3,842,88.796875
left,3,843,88.796875
left,3,844,88.796875
left,3,845,88.72265625
left,3,846,88.796875
left,3,847,88.72265625
left,3,848,88.72265625
left,3,849,88.796875
left,3,850,88.72265625
left,3,851,88.72265625
left,3,852,88.796875
left,3,853,88.72265625
left,3,854,88.796875
left,3,855,88.796875
left,3,856,88.796875
left,3,857,88.796875
left,3,858,88.796875
left,3,859,88.796875
left,3,860,88.87109375
left,3,861,88.87109375
left,3,862,88.796875
left,3,863,88.87109375
left,3,864,88.87109375
left,3,865,88.87109375
left,3,866,88.796875
left,3,867,88.796875
left,3,868,88.796875
left,3,869,88.796875
left,3,870,88.87109375
left,3,871,88.87109375
left,3,872,88.87109375
left,3,873,88.87109375
left,3,874,88.87109375
left,3,875,88.796875
left,3,876,88.87109375
left,3,877,88.87109375
left,3,878,88.87109375
left,3,879,88.87109375
left,3,880,88.87109375
left,3,881,88.94921875
left,3,882,88.94921875
left,3,883,88.87109375
left,3,884,88.87109375
left,3,885,88.87109375
left,3,886,88.94921875
left,3,887,88.87109375
left,3,888,88.94921875
left,3,889,88.87109375
left,3,890,89.0234375
left,3,891,88.94921875
left,3,892,88.94921875
left,3,893,88.94921875
left,3,894,88.94921875
left,3,895,88.94921875
left,3,896,88.94921875
left,3,897,88.94921875
left,3,898,89.0234375
left,3,899,88.94921875
left,3,900,88.94921875
left,3,901,89.0234375
left,3,902,88.94921875
left,3,903,89.0234375
left,3,904,89.0234375
left,3,905,88.94921875
left,3,906,88.94921875
left,3,907,89.0234375
left,3,908,88.94921875
left,3,909,88.94921875
left,3,910,89.0234375
left,3,911,88.94921875
left,3,912,89.0234375
left,3,913,89.0234375
left,3,914,89.0234375
left,3,915,89.0234375
left,3,916,89.0234375
left,3,917,89.09765625
left,3,918,89.0234375
left,3,919,89.0234375
left,3,920,89.0234375
left,3,921,89.0234375
left,3,922,89.0234375
left,3,923,89.0234375
left,3,924,89.0234375
left,3,925,89.0234375
left,3,926,89.09765625
left,3,927,89.09765625
left,3,928,89.09765625
left,3,929,89.09765625
left,3,930,89.09765625
left,3,931,89.0234375
left,3,932,89.09765625
left,3,933,89.09765625
left,3,934,89.09765625
left,3,935,89.09765625
left,3,936,89.09765625
left,3,937,89.17578125
left,3,938,89.09765625
left,3,939,89.09765625
left,3,940,89.09765625
left,3,941,89.09765625
left,3,942,89.17578125
left,3,943,89.17578125
left,3,944,89.17578125
left,3,945,89.17578125
left,3,946,89.17578125
left,3,947,89.17578125
left,3,948,89.17578125
left,3,949,89.17578125
left,3,950,89.17578125
left,3,951,89.17578125
left,3,952,89.17578125
left,3,953,89.17578125
left,3,954,89.17578125
left,3,955,89.17578125
left,3,956,89.25
left,3,957,89.17578125
left,3,958,89.25
left,3,959,89.17578125
left,3,960,89.25
left,3,961,89.32421875
left,3,962,89.32421875
left,3,963,89.25
left,3,964,89.25
left,3,965,89.32421875
left,3,966,89.32421875
left,3,967,89.32421875
left,3,968,89.32421875
left,3,969,89.25
left,3,970,89.32421875
left,3,971,89.40234375
left,3,972,89.32421875
left,3,973,89.32421875
left,3,974,89.40234375
left,3,975,89.32421875
left,3,976,89.40234375
left,3,977,89.40234375
left,3,978,89.32421875
left,3,979,89.40234375
left,3,980,89.40234375
left,3,981,89.40234375
left,3,982,89.40234375
left,3,983,89.40234375
left,3,984,89.40234375
left,3,985,89.4765625
left,3,986,89.4765625
left,3,987,89.4765625
left,3,988,89.4765625
left,3,989,89.4765625
left,3,990,89.4765625
left,3,991,89.4765625
left,3,992,89.4765625
left,3,993,89.55078125
left,3,994,89.4765625
left,3,995,89.4765625
left,3,996,89.4765625
left,3,997,89.4765625
left,3,998,89.55078125
left,3,999,89.55078125
left,3,1000,89.55078125
left,3,1001,89.4765625
left,3,1002,89.4765625
left,3,1003,89.4765625
left,3,1004,89.4765625
left,3,1005,89.55078125
left,3,1006,89.55078125
left,3,1007,89.55078125
left,3,1008,89.55078125
left,3,1009,89.55078125
left,3,1010,89.55078125
left,3,1011,89.55078125
left,3,1012,89.62890625
left,3,1013,89.62890625
left,3,1014,89.55078125
left,3,1015,89.55078125
left,3,1016,89.55078125
left,3,1017,89.55078125
left,3,1018,89.62890625
left,3,1019,89.62890625
left,3,1020,89.62890625
left,3,1021,89.62890625
left,3,1022,89.55078125
left,3,1023,89.62890625
left,3,1024,89.55078125
left,3,1025,89.55078125
left,3,1026,89.62890625
left,3,1027,89.55078125
left,3,1028,89.62890625
left,3,1029,89.55078125
left,3,1030,89.62890625
left,3,1031,89.62890625
left,3,1032,89.62890625
left,3,1033,89.703125
left,3,1034,89.62890625
left,3,1035,89.62890625
left,3,1036,89.703125
left,3,1037,89.62890625
left,3,1038,89.62890625
left,3,1039,89.62890625
left,3,1040,89.62890625
left,3,1041,89.62890625
left,3,1042,89.62890625
left,3,1043,89.62890625
left,3,1044,89.703125
left,3,1045,89.703125
left,3,1046,89.703125
left,3,1047,89.703125
left,3,1048,89.78125
left,3,1049,89.78125
left,3,1050,89.78125
left,3,1051,89.78125
left,3,1052,89.78125
left,3,1053,89.85546875
left,3,1054,89.85546875
left,3,1055,89.78125
left,3,1056,89.78125
left,3,1057,89.78125
left,3,1058,89.78125
left,3,1059,89.78125
left,3,1060,89.78125
left,3,1061,89.78125
left,3,1062,89.78125
left,3,1063,89.85546875
left,3,1064,89.85546875
left,3,1065,89.85546875
left,3,1066,89.85546875
left,3,1067,89.85546875
left,3,1068,89.78125
left,3,1069,89.85546875
left,3,1070,89.85546875
left,3,1071,89.85546875
left,3,1072,89.78125
left,3,1073,89.85546875
left,3,1074,89.85546875
left,3,1075,89.85546875
left,3,1076,89.85546875
left,3,1077,89.85546875
left,3,1078,89.85546875
left,3,1079,89.85546875
left,3,1080,89.78125
left,3,1081,89.85546875
left,3,1082,89.85546875
left,3,1083,89.9296875
left,3,1084,89.9296875
left,3,1085,89.85546875
left,3,1086,89.9296875
left,3,1087,89.85546875
left,3,1088,89.85546875
left,3,1089,89.85546875
left,3,1090,89.9296875
left,3,1091,89.9296875
left,3,1092,89.85546875
left,3,1093,89.85546875
left,3,1094,89.9296875
left,3,1095,89.85546875
left,3,1096,89.9296875
left,3,1097,89.9296875
left,3,1098,89.9296875
left,3,1099,90.08203125
left,3,1100,89.9296875
left,3,1101,90.0078125
left,3,1102,89.9296875
left,3,1103,89.9296875
left,3,1104,90.0078125
left,3,1105,89.9296875
left,3,1106,90.0078125
left,3,1107,90.0078125
left,3,1108,90.0078125
left,3,1109,90.0078125
left,3,1110,90.0078125
left,3,1111,90.0078125
left,3,1112,90.08203125
left,3,1113,90.0078125
left,3,1114,90.08203125
left,3,1115,90.0078125
left,3,1116,90.08203125
left,3,1117,90.08203125
left,3,1118,90.08203125
left,3,1119,90.08203125
left,3,1120,90.08203125
left,3,1121,90.08203125
left,3,1122,90.08203125
left,3,1123,90.08203125
left,3,1124,90.15625
left,3,1125,90.08203125
left,3,1126,90.08203125
left,3,1127,90.08203125
left,3,1128,90.08203125
left,3,1129,90.08203125
left,3,1130,90.15625
left,3,1131,90.15625
left,3,1132,90.15625
left,3,1133,90.15625
left,3,1134,90.234375
left,3,1135,90.234375
left,3,1136,90.15625
left,3,1137,90.15625
left,3,1138,90.15625
left,3,1139,90.15625
left,3,1140,90.15625
left,3,1141,90.15625
left,3,1142,90.15625
left,3,1143,90.15625
left,3,1144,90.234375
left,3,1145,90.234375
left,3,1146,90.234375
left,3,1147,90.234375
left,3,1148,90.15625
left,3,1149,90.234375
left,3,1150,90.234375
left,3,1151,90.234375
left,3,1152,90.30859375
left,3,1153,90.234375
left,3,1154,90.234375
left,3,1155,90.30859375
left,3,1156,90.234375
left,3,1157,90.234375
left,3,1158,90.234375
left,3,1159,90.234375
left,3,1160,90.234375
left,3,1161,90.234375
left,3,1162,90.234375
left,3,1163,90.234375
left,3,1164,90.234375
left,3,1165,90.234375
left,3,1166,90.234375
left,3,1167,90.234375
left,3,1168,90.234375
left,3,1169,90.234375
left,3,1170,90.30859375
left,3,1171,90.271484375
left,3,1172,90.271484375
left,3,1173,90.30859375
left,3,1174,90.271484375
left,3,1175,90.234375
left,3,1176,90.234375
left,3,1177,90.234375
left,3,1178,90.234375
left,3,1179,90.234375
left,3,1180,90.30859375
left,3,1181,90.234375
left,3,1182,90.234375
left,3,1183,90.234375
left,3,1184,90.30859375
left,3,1185,90.234375
left,3,1186,90.234375
left,3,1187,90.30859375
left,3,1188,90.234375
left,3,1189,90.30859375
left,3,1190,90.30859375
left,3,1191,90.30859375
left,3,1192,90.234375
left,3,1193,90.30859375
left,3,1194,90.30859375
left,3,1195,90.30859375
left,3,1196,90.30859375
left,3,1197,90.30859375
left,3,1198,90.30859375
left,3,1199,90.30859375
left,3,1200,90.30859375
left,4,0,25.0
left,4,1,30.0703125
left,4,2,31.53125
left,4,3,33.609375
left,4,4,35.45703125
left,4,5,37.15234375
left,4,6,38.76953125
left,4,7,40.30859375
left,4,8,41.7734375
left,4,9,43.08203125
left,4,10,44.390625
left,4,11,45.54296875
left,4,12,46.546875
left,4,13,47.62109375
left,4,14,48.625
left,4,15,49.546875
left,4,16,50.39453125
left,4,17,51.2421875
left,4,18,52.1640625
left,4,19,52.93359375
left,4,20,53.70703125
left,4,21,54.3984375
left,4,22,55.08984375
left,4,23,55.78515625
left,4,24,56.4765625
left,4,25,57.015625
left,4,26,57.6328125
left,4,27,58.24609375
left,4,28,58.78515625
left,4,29,59.32421875
left,4,30,59.86328125
left,4,31,60.25
left,4,32,60.7890625
left,4,33,61.171875
left,4,34,61.63671875
left,4,35,62.01953125
left,4,36,62.40625
left,4,37,62.7890625
left,4,38,63.17578125
left,4,39,63.63671875
left,4,40,63.9453125
left,4,41,64.25390625
left,4,42,64.5625
left,4,43,64.87109375
left,4,44,65.1015625
left,4,45,65.484375
left,4,46,65.71484375
left,4,47,66.1015625
left,4,48,66.41015625
left,4,49,66.640625
left,4,50,66.79296875
left,4,51,67.0234375
left,4,52,67.33203125
left,4,53,67.640625
left,4,54,67.87109375
left,4,55,68.02734375
left,4,56,68.2578125
left,4,57,68.41015625
left,4,58,68.640625
left,4,59,68.87109375
left,4,60,69.02734375
left,4,61,69.3359375
left,4,62,69.48828125
left,4,63,69.64453125
left,4,64,69.875
left,4,65,70.10546875
left,4,66,70.2578125
left,4,67,70.3359375
left,4,68,70.48828125
left,4,69,70.71875
left,4,70,70.953125
left,4,71,71.02734375
left,4,72,71.2578125
left,4,73,71.4140625
left,4,74,71.4921875
left,4,75,71.64453125
left,4,76,71.796875
left,4,77,71.953125
left,4,78,72.10546875
left,4,79,72.26171875
left,4,80,72.26171875
left,4,81,72.3359375
left,4,82,72.5703125
left,4,83,72.72265625
left,4,84,72.80078125
left,4,85,72.875
left,4,86,73.03125
left,4,87,73.10546875
left,4,88,73.18359375
left,4,89,73.26171875
left,4,90,73.33984375
left,4,91,73.5703125
left,4,92,73.64453125
left,4,93,73.80078125
left,4,94,73.87890625
left,4,95,73.953125
left,4,96,74.03125
left,4,97,74.109375
left,4,98,74.109375
left,4,99,74.26171875
left,4,100,74.41796875
left,4,101,74.4921875
left,4,102,74.5703125
left,4,103,74.6484375
left,4,104,74.6484375
left,4,105,74.72265625
left,4,106,74.80078125
left,4,107,74.87890625
left,4,108,75.03125
left,4,109,75.109375
left,4,110,75.1875
left,4,111,75.33984375
left,4,112,75.4921875
left,4,113,75.4921875
left,4,114,75.6484375
left,4,115,75.6484375
left,4,116,75.7265625
left,4,117,75.80078125
left,4,118,75.80078125
left,4,119,75.87890625
left,4,120,75.95703125
left,4,121,76.03125
left,4,122,76.109375
left,4,123,76.109375
left,4,124,76.265625
left,4,125,76.265625
left,4,126,76.41796875
left,4,127,76.49609375
left,4,128,76.49609375
left,4,129,76.49609375
left,4,130,76.5703125
left,4,131,76.5703125
left,4,132,76.7265625
left,4,133,76.7265625
left,4,134,76.87890625
left,4,135,76.87890625
left,4,136,76.87890625
left,4,137,77.03515625
left,4,138,77.109375
left,4,139,77.1875
left,4,140,77.1875
left,4,141,77.265625
left,4,142,77.34375
left,4,143,77.34375
left,4,144,77.41796875
left,4,145,77.49609375
left,4,146,77.57421875
left,4,147,77.6484375
left,4,148,77.7265625
left,4,149,77.8046875
left,4,150,77.8828125
left,4,151,77.95703125
left,4,152,77.95703125
left,4,153,78.03515625
left,4,154,78.11328125
left,4,155,78.1875
left,4,156,78.1875
left,4,157,78.265625
left,4,158,78.34375
left,4,159,78.34375
left,4,160,78.49609375
left,4,161,78.49609375
left,4,162,78.57421875
left,4,163,78.57421875
left,4,164,78.65234375
left,4,165,78.65234375
left,4,166,78.7265625
left,4,167,78.8046875
left,4,168,78.8828125
left,4,169,78.95703125
left,4,170,78.95703125
left,4,171,79.03515625
left,4,172,79.03515625
left,4,173,79.11328125
left,4,174,79.19140625
left,4,175,79.19140625
left,4,176,79.34375
left,4,177,79.34375
left,4,178,79.34375
left,4,179,79.421875
left,4,180,79.49609375
left,4,181,79.49609375
left,4,182,79.57421875
left,4,183,79.57421875
left,4,184,79.65234375
left,4,185,79.65234375
left,4,186,79.73046875
left,4,187,79.8046875
left,4,188,79.8046875
left,4,189,79.8828125
left,4,190,79.8828125
left,4,191,79.8828125
left,4,192,79.8828125
left,4,193,79.9609375
left,4,194,79.9609375
left,4,195,80.03515625
left,4,196,79.9609375
left,4,197,80.11328125
left,4,198,80.11328125
left,4,199,80.11328125
left,4,200,80.19140625
left,4,201,80.19140625
left,4,202,80.26953125
left,4,203,80.34375
left,4,204,80.34375
left,4,205,80.34375
left,4,206,80.421875
left,4,207,80.5
left,4,208,80.5
left,4,209,80.57421875
left,4,210,80.65234375
left,4,211,80.73046875
left,4,212,80.73046875
left,4,213,80.73046875
left,4,214,80.8046875
left,4,215,80.8828125
left,4,216,80.8828125
left,4,217,80.9609375
left,4,218,80.9609375
left,4,219,80.9609375
left,4,220,81.0390625
left,4,221,81.0390625
left,4,222,81.0390625
left,4,223,81.0390625
left,4,224,81.11328125
left,4,225,81.11328125
left,4,226,81.11328125
left,4,227,81.19140625
left,4,228,81.19140625
left,4,229,81.26953125
left,4,230,81.26953125
left,4,231,81.26953125
left,4,232,81.34375
left,4,233,81.34375
left,4,234,81.421875
left,4,235,81.421875
left,4,236,81.5
left,4,237,81.578125
left,4,238,81.578125
left,4,239,81.578125
left,4,240,81.578125
left,4,241,81.578125
left,4,242,81.578125
left,4,243,81.65234375
left,4,244,81.65234375
left,4,245,81.73046875
left,4,246,81.80859375
left,4,247,81.73046875
left,4,248,81.80859375
left,4,249,81.8828125
left,4,250,81.8828125
left,4,251,81.9609375
left,4,252,81.9609375
left,4,253,82.0390625
left,4,254,82.0390625
left,4,255,82.0390625
left,4,256,82.1171875
left,4,257,82.1171875
left,4,258,82.1171875
left,4,259,82.1171875
left,4,260,82.19140625
left,4,261,82.19140625
left,4,262,82.19140625
left,4,263,82.26953125
left,4,264,82.26953125
left,4,265,82.26953125
left,4,266,82.34765625
left,4,267,82.421875
left,4,268,82.34765625
left,4,269,82.421875
left,4,270,82.421875
left,4,271,82.421875
left,4,272,82.5
left,4,273,82.5
left,4,274,82.578125
left,4,275,82.578125
left,4,276,82.578125
left,4,277,82.65625
left,4,278,82.65625
left,4,279,82.73046875
left,4,280,82.73046875
left,4,281,82.73046875
left,4,282,82.73046875
left,4,283,82.73046875
left,4,284,82.80859375
left,4,285,82.88671875
left,4,286,82.88671875
left,4,287,82.9609375
left,4,288,82.88671875
left,4,289,82.9609375
left,4,290,82.9609375
left,4,291,82.9609375
left,4,292,82.9609375
left,4,293,82.9609375
left,4,294,82.9609375
left,4,295,83.0390625
left,4,296,83.1171875
left,4,297,83.0390625
left,4,298,83.1171875
left,4,299,83.1171875
left,4,300,83.1171875
left,4,301,83.19140625
left,4,302,83.26953125
left,4,303,83.26953125
left,4,304,83.26953125
left,4,305,83.26953125
left,4,306,83.26953125
left,4,307,83.26953125
left,4,308,83.34765625
left,4,309,83.34765625
left,4,310,83.34765625
left,4,311,83.34765625
left,4,312,83.42578125
left,4,313,83.42578125
left,4,314,83.5
left,4,315,83.5390625
left,4,316,83.578125
left,4,317,83.5
left,4,318,83.578125
left,4,319,83.578125
left,4,320,83.578125
left,4,321,83.578125
left,4,322,83.65625
left,4,323,83.578125
left,4,324,83.65625
left,4,325,83.65625
left,4,326,83.73046875
left,4,327,83.73046875
left,4,328,83.73046875
left,4,329,83.80859375
left,4,330,83.80859375
left,4,331,83.88671875
left,4,332,83.88671875
left,4,333,83.96484375
left,4,334,83.96484375
left,4,335,83.96484375
left,4,336,83.96484375
left,4,337,83.96484375
left,4,338,84.0390625
left,4,339,84.0390625
left,4,340,84.0390625
left,4,341,84.0390625
left,4,342,84.0390625
left,4,343,84.0390625
left,4,344,84.1171875
left,4,345,84.0390625
left,4,346,84.1171875
left,4,347,84.1171875
left,4,348,84.1171875
left,4,349,84.1171875
left,4,350,84.1171875
left,4,351,84.1953125
left,4,352,84.1953125
left,4,353,84.1953125
left,4,354,84.26953125
left,4,355,84.26953125
left,4,356,84.26953125
left,4,357,84.34765625
left,4,358,84.34765625
left,4,359,84.34765625
left,4,360,84.34765625
left,4,361,84.34765625
left,4,362,84.42578125
left,4,363,84.42578125
left,4,364,84.50390625
left,4,365,84.42578125
left,4,366,84.50390625
left,4,367,84.50390625
left,4,368,84.50390625
left,4,369,84.578125
left,4,370,84.578125
left,4,371,84.578125
left,4,372,84.65625
left,4,373,84.65625
left,4,374,84.65625
left,4,375,84.65625
left,4,376,84.65625
left,4,377,84.734375
left,4,378,84.734375
left,4,379,84.734375
left,4,380,84.734375
left,4,381,84.734375
left,4,382,84.80859375
left,4,383,84.80859375
left,4,384,84.80859375
left,4,385,84.80859375
left,4,386,84.88671875
left,4,387,84.88671875
left,4,388,84.96484375
left,4,389,84.88671875
left,4,390,84.96484375
left,4,391,84.96484375
left,4,392,85.04296875
left,4,393,85.04296875
left,4,394,85.04296875
left,4,395,85.04296875
left,4,396,85.04296875
left,4,397,85.1171875
left,4,398,85.1953125
left,4,399,85.1953125
left,4,400,85.1953125
left,4,401,85.1171875
left,4,402,85.1953125
left,4,403,85.2734375
left,4,404,85.1953125
left,4,405,85.2734375
left,4,406,85.2734375
left,4,407,85.34765625
left,4,408,85.34765625
left,4,409,85.34765625
left,4,410,85.34765625
left,4,411,85.34765625
left,4,412,85.34765625
left,4,413,85.42578125
left,4,414,85.42578125
left,4,415,85.34765625
left,4,416,85.42578125
left,4,417,85.42578125
left,4,418,85.42578125
left,4,419,85.42578125
left,4,420,85.42578125
left,4,421,85.42578125
left,4,422,85.50390625
left,4,423,85.42578125
left,4,424,85.50390625
left,4,425,85.50390625
left,4,426,85.50390625
left,4,427,85.50390625
left,4,428,85.50390625
left,4,429,85.50390625
left,4,430,85.578125
left,4,431,85.578125
left,4,432,85.578125
left,4,433,85.578125
left,4,434,85.578125
left,4,435,85.65625
left,4,436,85.65625
left,4,437,85.734375
left,4,438,85.734375
left,4,439,85.65625
left,4,440,85.65625
left,4,441,85.734375
left,4,442,85.734375
left,4,443,85.8125
left,4,444,85.734375
left,4,445,85.734375
left,4,446,85.734375
left,4,447,85.734375
left,4,448,85.8125
left,4,449,85.8125
left,4,450,85.8125
left,4,451,85.88671875
left,4,452,85.88671875
left,4,453,85.8125
left,4,454,85.88671875
left,4,455,85.88671875
left,4,456,85.88671875
left,4,457,85.96484375
left,4,458,85.88671875
left,4,459,85.96484375
left,4,460,85.96484375
left,4,461,85.96484375
left,4,462,85.96484375
left,4,463,85.96484375
left,4,464,85.96484375
left,4,465,86.04296875
left,4,466,86.04296875
left,4,467,86.04296875
left,4,468,86.1171875
left,4,469,86.1171875
left,4,470,86.1171875
left,4,471,86.1171875
left,4,472,86.1953125
left,4,473,86.1953125
left,4,474,86.1953125
left,4,475,86.1953125
left,4,476,86.1953125
left,4,477,86.2734375
left,4,478,86.2734375
left,4,479,86.2734375
left,4,480,86.2734375
left,4,481,86.2734375
left,4,482,86.2734375
left,4,483,86.3515625
left,4,484,86.3515625
left,4,485,86.3515625
left,4,486,86.42578125
left,4,487,86.42578125
left,4,488,86.42578125
left,4,489,86.42578125
left,4,490,86.42578125
left,4,491,86.50390625
left,4,492,86.50390625
left,4,493,86.50390625
left,4,494,86.50390625
left,4,495,86.50390625
left,4,496,86.58203125
left,4,497,86.58203125
left,4,498,86.58203125
left,4,499,86.58203125
left,4,500,86.58203125
left,4,501,86.58203125
left,4,502,86.58203125
left,4,503,86.58203125
left,4,504,86.65625
left,4,505,86.58203125
left,4,506,86.58203125
left,4,507,86.58203125
left,4,508,86.65625
left,4,509,86.65625
left,4,510,86.65625
left,4,511,86.65625
left,4,512,86.734375
left,4,513,86.734375
left,4,514,86.734375
left,4,515,86.734375
left,4,516,86.734375
left,4,517,86.734375
left,4,518,86.734375
left,4,519,86.734375
left,4,520,86.734375
left,4,521,86.734375
left,4,522,86.734375
left,4,523,86.8125
left,4,524,86.8125
left,4,525,86.8125
left,4,526,86.8125
left,4,527,86.890625
left,4,528,86.890625
left,4,529,86.890625
left,4,530,86.890625
left,4,531,86.890625
left,4,532,86.96484375
left,4,533,86.96484375
left,4,534,86.96484375
left,4,535,86.96484375
left,4,536,87.04296875
left,4,537,87.04296875
left,4,538,87.12109375
left,4,539,87.12109375
left,4,540,87.12109375
left,4,541,87.04296875
left,4,542,87.12109375
left,4,543,87.12109375
left,4,544,87.12109375
left,4,545,87.1953125
left,4,546,87.1953125
left,4,547,87.1953125
left,4,548,87.1953125
left,4,549,87.1953125
left,4,550,87.1953125
left,4,551,87.1953125
left,4,552,87.2734375
left,4,553,87.2734375
left,4,554,87.2734375
left,4,555,87.2734375
left,4,556,87.2734375
left,4,557,87.2734375
left,4,558,87.3515625
left,4,559,87.3515625
left,4,560,87.2734375
left,4,561,87.2734375
left,4,562,87.3515625
left,4,563,87.3515625
left,4,564,87.3515625
left,4,565,87.3515625
left,4,566,87.3515625
left,4,567,87.2734375
left,4,568,87.2734375
left,4,569,87.3515625
left,4,570,87.3515625
left,4,571,87.3515625
left,4,572,87.3515625
left,4,573,87.3515625
left,4,574,87.4296875
left,4,575,87.3515625
left,4,576,87.4296875
left,4,577,87.3515625
left,4,578,87.4296875
left,4,579,87.3515625
left,4,580,87.4296875
left,4,581,87.4296875
left,4,582,87.4296875
left,4,583,87.4296875
left,4,584,87.4296875
left,4,585,87.50390625
left,4,586,87.50390625
left,4,587,87.50390625
left,4,588,87.50390625
left,4,589,87.50390625
left,4,590,87.50390625
left,4,591,87.50390625
left,4,592,87.50390625
left,4,593,87.50390625
left,4,594,87.50390625
left,4,595,87.50390625
left,4,596,87.58203125
left,4,597,87.58203125
left,4,598,87.58203125
left,4,599,87.58203125
left,4,600,87.58203125
left,4,601,87.66015625
left,4,602,87.66015625
left,4,603,87.66015625
left,4,604,87.66015625
left,4,605,87.58203125
left,4,606,87.66015625
left,4,607,87.734375
left,4,608,87.66015625
left,4,609,87.734375
left,4,610,87.734375
left,4,611,87.66015625
left,4,612,87.734375
left,4,613,87.734375
left,4,614,87.734375
left,4,615,87.8125
left,4,616,87.734375
left,4,617,87.8125
left,4,618,87.8125
left,4,619,87.8125
left,4,620,87.8125
left,4,621,87.8125
left,4,622,87.890625
left,4,623,87.890625
left,4,624,87.96875
left,4,625,87.96875
left,4,626,87.96875
left,4,627,87.96875
left,4,628,88.04296875
left,4,629,88.04296875
left,4,630,88.04296875
left,4,631,88.12109375
left,4,632,88.04296875
left,4,633,88.04296875
left,4,634,88.12109375
left,4,635,88.12109375
left,4,636,88.04296875
left,4,637,88.12109375
left,4,638,88.19921875
left,4,639,88.19921875
left,4,640,88.2734375
left,4,641,88.2734375
left,4,642,88.19921875
left,4,643,88.19921875
left,4,644,88.19921875
left,4,645,88.2734375
left,4,646,88.19921875
left,4,647,88.2734375
left,4,648,88.2734375
left,4,649,88.2734375
left,4,650,88.2734375
left,4,651,88.3515625
left,4,652,88.3515625
left,4,653,88.3515625
left,4,654,88.3515625
left,4,655,88.3515625
left,4,656,88.3515625
left,4,657,88.3515625
left,4,658,88.3515625
left,4,659,88.3515625
left,4,660,88.3515625
left,4,661,88.3515625
left,4,662,88.3515625
left,4,663,88.3515625
left,4,664,88.3515625
left,4,665,88.3515625
left,4,666,88.3515625
left,4,667,88.4296875
left,4,668,88.4296875
left,4,669,88.4296875
left,4,670,88.4296875
left,4,671,88.4296875
left,4,672,88.4296875
left,4,673,88.4296875
left,4,674,88.4296875
left,4,675,88.4296875
left,4,676,88.4296875
left,4,677,88.4296875
left,4,678,88.4296875
left,4,679,88.50390625
left,4,680,88.50390625
left,4,681,88.50390625
left,4,682,88.50390625
left,4,683,88.50390625
left,4,684,88.58203125
left,4,685,88.50390625
left,4,686,88.50390625
left,4,687,88.50390625
left,4,688,88.50390625
left,4,689,88.50390625
left,4,690,88.58203125
left,4,691,88.58203125
left,4,692,88.58203125
left,4,693,88.58203125
left,4,694,88.50390625
left,4,695,88.58203125
left,4,696,88.58203125
left,4,697,88.66015625
left,4,698,88.66015625
left,4,699,88.66015625
left,4,700,88.50390625
left,4,701,88.66015625
left,4,702,88.66015625
left,4,703,88.58203125
left,4,704,88.66015625
left,4,705,88.66015625
left,4,706,88.66015625
left,4,707,88.66015625
left,4,708,88.66015625
left,4,709,88.58203125
left,4,710,88.58203125
left,4,711,88.66015625
left,4,712,88.58203125
left,4,713,88.58203125
left,4,714,88.66015625
left,4,715,88.66015625
left,4,716,88.66015625
left,4,717,88.66015625
left,4,718,88.73828125
left,4,719,88.73828125
left,4,720,88.73828125
left,4,721,88.66015625
left,4,722,88.73828125
left,4,723,88.73828125
left,4,724,88.73828125
left,4,725,88.73828125
left,4,726,88.73828125
left,4,727,88.73828125
left,4,728,88.73828125
left,4,729,88.73828125
left,4,730,88.73828125
left,4,731,88.73828125
left,4,732,88.73828125
left,4,733,88.73828125
left,4,734,88.73828125
left,4,735,88.73828125
left,4,736,88.8125
left,4,737,88.8125
left,4,738,88.8125
left,4,739,88.8125
left,4,740,88.8125
left,4,741,88.890625
left,4,742,88.890625
left,4,743,88.890625
left,4,744,88.890625
left,4,745,88.890625
left,4,746,88.8125
left,4,747,88.890625
left,4,748,88.890625
left,4,749,88.890625
left,4,750,88.890625
left,4,751,88.8125
left,4,752,88.890625
left,4,753,88.890625
left,4,754,88.890625
left,4,755,88.890625
left,4,756,88.890625
left,4,757,88.96875
left,4,758,88.96875
left,4,759,88.96875
left,4,760,88.96875
left,4,761,89.04296875
left,4,762,89.04296875
left,4,763,89.04296875
left,4,764,89.04296875
left,4,765,89.12109375
left,4,766,89.04296875
left,4,767,89.04296875
left,4,768,89.04296875
left,4,769,88.96875
left,4,770,88.96875
left,4,771,88.890625
left,4,772,88.96875
left,4,773,89.04296875
left,4,774,89.04296875
left,4,775,89.12109375
left,4,776,89.12109375
left,4,777,89.12109375
left,4,778,89.12109375
left,4,779,89.19921875
left,4,780,89.12109375
left,4,781,89.19921875
left,4,782,89.12109375
left,4,783,89.12109375
left,4,784,89.19921875
left,4,785,89.19921875
left,4,786,89.19921875
left,4,787,89.19921875
left,4,788,89.19921875
left,4,789,89.19921875
left,4,790,89.19921875
left,4,791,89.19921875
left,4,792,89.19921875
left,4,793,89.19921875
left,4,794,89.27734375
left,4,795,89.27734375
left,4,796,89.19921875
left,4,797,89.27734375
left,4,798,89.27734375
left,4,799,89.27734375
left,4,800,89.27734375
left,4,801,89.27734375
left,4,802,89.27734375
left,4,803,89.27734375
left,4,804,89.27734375
left,4,805,89.27734375
left,4,806,89.27734375
left,4,807,89.27734375
left,4,808,89.27734375
left,4,809,89.3515625
left,4,810,89.27734375
left,4,811,89.3515625
left,4,812,89.27734375
left,4,813,89.3515625
left,4,814,89.3515625
left,4,815,89.3515625
left,4,816,89.3515625
left,4,817,89.3515625
left,4,818,89.3515625
left,4,819,89.4296875
left,4,820,89.4296875
left,4,821,89.3515625
left,4,822,89.4296875
left,4,823,89.4296875
left,4,824,89.4296875
left,4,825,89.4296875
left,4,826,89.4296875
left,4,827,89.4296875
left,4,828,89.4296875
left,4,829,89.4296875
left,4,830,89.5078125
left,4,831,89.4296875
left,4,832,89.4296875
left,4,833,89.4296875
left,4,834,89.4296875
left,4,835,89.4296875
left,4,836,89.4296875
left,4,837,89.5078125
left,4,838,89.4296875
left,4,839,89.4296875
left,4,840,89.5078125
left,4,841,89.5078125
left,4,842,89.5078125
left,4,843,89.4296875
left,4,844,89.4296875
left,4,845,89.5078125
left,4,846,89.4296875
left,4,847,89.4296875
left,4,848,89.5078125
left,4,849,89.5078125
left,4,850,89.4296875
left,4,851,89.5078125
left,4,852,89.58203125
left,4,853,89.5078125
left,4,854,89.4296875
left,4,855,89.5078125
left,4,856,89.5078125
left,4,857,89.5078125
left,4,858,89.5078125
left,4,859,89.5078125
left,4,860,89.5078125
left,4,861,89.58203125
left,4,862,89.58203125
left,4,863,89.58203125
left,4,864,89.58203125
left,4,865,89.58203125
left,4,866,89.66015625
left,4,867,89.58203125
left,4,868,89.58203125
left,4,869,89.66015625
left,4,870,89.66015625
left,4,871,89.66015625
left,4,872,89.73828125
left,4,873,89.66015625
left,4,874,89.73828125
left,4,875,89.66015625
left,4,876,89.73828125
left,4,877,89.73828125
left,4,878,89.73828125
left,4,879,89.66015625
left,4,880,89.73828125
left,4,881,89.73828125
left,4,882,89.73828125
left,4,883,89.73828125
left,4,884,89.66015625
left,4,885,89.73828125
left,4,886,89.73828125
left,4,887,89.73828125
left,4,888,89.66015625
left,4,889,89.73828125
left,4,890,89.73828125
left,4,891,89.73828125
left,4,892,89.73828125
left,4,893,89.73828125
left,4,894,89.73828125
left,4,895,89.73828125
left,4,896,89.73828125
left,4,897,89.66015625
left,4,898,89.73828125
left,4,899,89.73828125
left,4,900,89.73828125
left,4,901,89.73828125
left,4,902,89.73828125
left,4,903,89.73828125
left,4,904,89.73828125
left,4,905,89.81640625
left,4,906,89.81640625
left,4,907,89.81640625
left,4,908,89.81640625
left,4,909,89.81640625
left,4,910,89.81640625
left,4,911,89.81640625
left,4,912,89.81640625
left,4,913,89.81640625
left,4,914,89.81640625
left,4,915,89.890625
left,4,916,89.81640625
left,4,917,89.890625
left,4,918,89.890625
left,4,919,89.890625
left,4,920,89.81640625
left,4,921,89.890625
left,4,922,89.81640625
left,4,923,89.890625
left,4,924,89.96875
left,4,925,89.96875
left,4,926,89.96875
left,4,927,89.96875
left,4,928,89.890625
left,4,929,89.890625
left,4,930,89.96875
left,4,931,89.890625
left,4,932,89.890625
left,4,933,89.890625
left,4,934,89.890625
left,4,935,89.96875
left,4,936,89.96875
left,4,937,90.046875
left,4,938,90.046875
left,4,939,90.046875
left,4,940,90.12109375
left,4,941,90.12109375
left,4,942,90.046875
left,4,943,90.12109375
left,4,944,90.12109375
left,4,945,90.19921875
left,4,946,90.12109375
left,4,947,90.19921875
left,4,948,90.12109375
left,4,949,90.12109375
left,4,950,90.12109375
left,4,951,90.12109375
left,4,952,90.19921875
left,4,953,90.12109375
left,4,954,90.19921875
left,4,955,90.12109375
left,4,956,90.19921875
left,4,957,90.19921875
left,4,958,90.19921875
left,4,959,90.12109375
left,4,960,90.19921875
left,4,961,90.12109375
left,4,962,90.12109375
left,4,963,90.19921875
left,4,964,90.19921875
left,4,965,90.19921875
left,4,966,90.19921875
left,4,967,90.19921875
left,4,968,90.19921875
left,4,969,90.19921875
left,4,970,90.12109375
left,4,971,90.19921875
left,4,972,90.19921875
left,4,973,90.19921875
left,4,974,90.19921875
left,4,975,90.19921875
left,4,976,90.19921875
left,4,977,90.19921875
left,4,978,90.19921875
left,4,979,90.19921875
left,4,980,90.19921875
left,4,981,90.12109375
left,4,982,90.19921875
left,4,983,90.27734375
left,4,984,90.19921875
left,4,985,90.27734375
left,4,986,90.19921875
left,4,987,90.19921875
left,4,988,90.27734375
left,4,989,90.27734375
left,4,990,90.27734375
left,4,991,90.27734375
left,4,992,90.27734375
left,4,993,90.27734375
left,4,994,90.27734375
left,4,995,90.35546875
left,4,996,90.27734375
left,4,997,90.27734375
left,4,998,90.27734375
left,4,999,90.27734375
left,4,1000,90.27734375
left,4,1001,90.35546875
left,4,1002,90.27734375
left,4,1003,90.27734375
left,4,1004,90.27734375
left,4,1005,90.27734375
left,4,1006,90.35546875
left,4,1007,90.35546875
left,4,1008,90.35546875
left,4,1009,90.35546875
left,4,1010,90.4296875
left,4,1011,90.4296875
left,4,1012,90.35546875
left,4,1013,90.35546875
left,4,1014,90.4296875
left,4,1015,90.4296875
left,4,1016,90.4296875
left,4,1017,90.4296875
left,4,1018,90.4296875
left,4,1019,90.4296875
left,4,1020,90.4296875
left,4,1021,90.4296875
left,4,1022,90.4296875
left,4,1023,90.35546875
left,4,1024,90.4296875
left,4,1025,90.4296875
left,4,1026,90.4296875
left,4,1027,90.4296875
left,4,1028,90.4296875
left,4,1029,90.4296875
left,4,1030,90.4296875
left,4,1031,90.4296875
left,4,1032,90.4296875
left,4,1033,90.4296875
left,4,1034,90.35546875
left,4,1035,90.35546875
left,4,1036,90.4296875
left,4,1037,90.4296875
left,4,1038,90.4296875
left,4,1039,90.4296875
left,4,1040,90.4296875
left,4,1041,90.4296875
left,4,1042,90.4296875
left,4,1043,90.4296875
left,4,1044,90.5078125
left,4,1045,90.5078125
left,4,1046,90.5078125
left,4,1047,90.5078125
left,4,1048,90.4296875
left,4,1049,90.5078125
left,4,1050,90.5078125
left,4,1051,90.5078125
left,4,1052,90.5078125
left,4,1053,90.5078125
left,4,1054,90.5078125
left,4,1055,90.5078125
left,4,1056,90.5078125
left,4,1057,90.5078125
left,4,1058,90.5078125
left,4,1059,90.5078125
left,4,1060,90.5078125
left,4,1061,90.5078125
left,4,1062,90.5859375
left,4,1063,90.5859375
left,4,1064,90.5078125
left,4,1065,90.5078125
left,4,1066,90.5078125
left,4,1067,90.5859375
left,4,1068,90.5859375
left,4,1069,90.5859375
left,4,1070,90.5859375
left,4,1071,90.5078125
left,4,1072,90.5859375
left,4,1073,90.5859375
left,4,1074,90.5859375
left,4,1075,90.66015625
left,4,1076,90.5859375
left,4,1077,90.5859375
left,4,1078,90.66015625
left,4,1079,90.66015625
left,4,1080,90.66015625
left,4,1081,90.66015625
left,4,1082,90.66015625
left,4,1083,90.66015625
left,4,1084,90.66015625
left,4,1085,90.66015625
left,4,1086,90.66015625
left,4,1087,90.5859375
left,4,1088,90.66015625
left,4,1089,90.66015625
left,4,1090,90.66015625
left,4,1091,90.66015625
left,4,1092,90.66015625
left,4,1093,90.66015625
left,4,1094,90.66015625
left,4,1095,90.66015625
left,4,1096,90.66015625
left,4,1097,90.69921875
left,4,1098,90.69921875
left,4,1099,90.69921875
left,4,1100,90.77734375
left,4,1101,90.77734375
left,4,1102,90.73828125
left,4,1103,90.73828125
left,4,1104,90.73828125
left,4,1105,90.73828125
left,4,1106,90.73828125
left,4,1107,90.73828125
left,4,1108,90.77734375
left,4,1109,90.77734375
left,4,1110,90.73828125
left,4,1111,90.73828125
left,4,1112,90.73828125
left,4,1113,90.73828125
left,4,1114,90.73828125
left,4,1115,90.81640625
left,4,1116,90.81640625
left,4,1117,90.81640625
left,4,1118,90.81640625
left,4,1119,90.81640625
left,4,1120,90.73828125
left,4,1121,90.81640625
left,4,1122,90.73828125
left,4,1123,90.73828125
left,4,1124,90.81640625
left,4,1125,90.81640625
left,4,1126,90.890625
left,4,1127,90.890625
left,4,1128,90.890625
left,4,1129,90.890625
left,4,1130,90.81640625
left,4,1131,90.890625
left,4,1132,90.890625
left,4,1133,90.890625
left,4,1134,90.890625
left,4,1135,90.890625
left,4,1136,90.890625
left,4,1137,90.890625
left,4,1138,90.890625
left,4,1139,90.890625
left,4,1140,90.890625
left,4,1141,90.81640625
left,4,1142,90.890625
left,4,1143,90.890625
left,4,1144,90.890625
left,4,1145,90.890625
left,4,1146,90.890625
left,4,1147,90.890625
left,4,1148,90.890625
left,4,1149,90.890625
left,4,1150,90.890625
left,4,1151,90.890625
left,4,1152,90.890625
left,4,1153,90.890625
left,4,1154,90.890625
left,4,1155,90.890625
left,4,1156,90.96875
left,4,1157,90.96875
left,4,1158,90.96875
left,4,1159,90.96875
left,4,1160,90.96875
left,4,1161,91.046875
left,4,1162,90.96875
left,4,1163,91.046875
left,4,1164,91.046875
left,4,1165,91.046875
left,4,1166,91.046875
left,4,1167,91.046875
left,4,1168,91.046875
left,4,1169,91.046875
left,4,1170,91.046875
left,4,1171,90.96875
left,4,1172,91.046875
left,4,1173,91.125
left,4,1174,91.046875
left,4,1175,91.125
left,4,1176,91.046875
left,4,1177,91.125
left,4,1178,91.125
left,4,1179,91.046875
left,4,1180,91.125
left,4,1181,91.125
left,4,1182,91.125
left,4,1183,91.125
left,4,1184,91.125
left,4,1185,91.125
left,4,1186,91.125
left,4,1187,91.125
left,4,1188,91.125
left,4,1189,91.125
left,4,1190,91.125
left,4,1191,91.125
left,4,1192,91.125
left,4,1193,91.19921875
left,4,1194,91.125
left,4,1195,91.125
left,4,1196,91.125
left,4,1197,91.125
left,4,1198,91.125
left,4,1199,91.125
left,4,1200,91.125
left,5,0,25.0
left,5,1,29.94921875
left,5,2,32.01953125
left,5,3,33.86328125
left,5,4,35.70703125
left,5,5,37.47265625
left,5,6,39.16015625
left,5,7,40.69921875
left,5,8,42.00390625
left,5,9,43.30859375
left,5,10,44.61328125
left,5,11,45.83984375
left,5,12,46.9921875
left,5,13,48.22265625
left,5,14,49.296875
left,5,15,50.29296875
left,5,16,51.29296875
left,5,17,52.2890625
left,5,18,53.13671875
left,5,19,53.98046875
left,5,20,54.82421875
left,5,21,55.59375
left,5,22,56.28515625
left,5,23,56.97265625
left,5,24,57.58984375
left,5,25,58.28125
left,5,26,58.89453125
left,5,27,59.4296875
left,5,28,60.046875
left,5,29,60.5078125
left,5,30,61.04296875
left,5,31,61.58203125
left,5,32,62.1171875
left,5,33,62.42578125
left,5,34,62.734375
left,5,35,63.26953125
left,5,36,63.65234375
left,5,37,64.11328125
left,5,38,64.57421875
left,5,39,64.8828125
left,5,40,65.34375
left,5,41,65.6484375
left,5,42,66.03515625
left,5,43,66.41796875
left,5,44,66.7265625
left,5,45,67.03125
left,5,46,67.4921875
left,5,47,67.80078125
left,5,48,68.03125
left,5,49,68.4140625
left,5,50,68.72265625
left,5,51,68.953125
left,5,52,69.3359375
left,5,53,69.56640625
left,5,54,69.796875
left,5,55,70.02734375
left,5,56,70.1796875
left,5,57,70.41015625
left,5,58,70.5625
left,5,59,70.94921875
left,5,60,71.1796875
left,5,61,71.484375
left,5,62,71.71484375
left,5,63,71.87109375
left,5,64,72.0234375
left,5,65,72.1015625
left,5,66,72.25390625
left,5,67,72.328125
left,5,68,72.328125
left,5,69,72.55859375
left,5,70,72.8671875
left,5,71,73.01953125
left,5,72,73.09765625
left,5,73,73.25
left,5,74,73.40625
left,5,75,73.48046875
left,5,76,73.63671875
left,5,77,73.7890625
left,5,78,73.94140625
left,5,79,74.09765625
left,5,80,74.25
left,5,81,74.40234375
left,5,82,74.5546875
left,5,83,74.7109375
left,5,84,74.78515625
left,5,85,75.015625
left,5,86,75.09375
left,5,87,75.24609375
left,5,88,75.40234375
left,5,89,75.4765625
left,5,90,75.6328125
left,5,91,75.70703125
left,5,92,75.78515625
left,5,93,76.015625
left,5,94,76.09375
left,5,95,76.24609375
left,5,96,76.3984375
left,5,97,76.4765625
left,5,98,76.5546875
left,5,99,76.62890625
left,5,100,76.859375
left,5,101,76.859375
left,5,102,77.01171875
left,5,103,77.16796875
left,5,104,77.16796875
left,5,105,77.2421875
left,5,106,77.3203125
left,5,107,77.47265625
left,5,108,77.55078125
left,5,109,77.55078125
left,5,110,77.62890625
left,5,111,77.703125
left,5,112,77.859375
left,5,113,77.93359375
left,5,114,78.01171875
left,5,115,78.08984375
left,5,116,78.2421875
left,5,117,78.3203125
left,5,118,78.39453125
left,5,119,78.55078125
left,5,120,78.625
left,5,121,78.703125
left,5,122,78.78125
left,5,123,78.85546875
left,5,124,78.93359375
left,5,125,79.0078125
left,5,126,79.0859375
left,5,127,79.1640625
left,5,128,79.23828125
left,5,129,79.31640625
left,5,130,79.39453125
left,5,131,79.46875
left,5,132,79.46875
left,5,133,79.625
left,5,134,79.625
left,5,135,79.69921875
left,5,136,79.77734375
left,5,137,79.85546875
left,5,138,79.9296875
left,5,139,80.0078125
left,5,140,80.0078125
left,5,141,80.0859375
left,5,142,80.0859375
left,5,143,80.16015625
left,5,144,80.16015625
left,5,145,80.31640625
left,5,146,80.390625
left,5,147,80.390625
left,5,148,80.46875
left,5,149,80.46875
left,5,150,80.546875
left,5,151,80.62109375
left,5,152,80.62109375
left,5,153,80.69921875
left,5,154,80.77734375
left,5,155,80.8515625
left,5,156,80.9296875
left,5,157,81.0078125
left,5,158,81.0078125
left,5,159,81.08203125
left,5,160,81.08203125
left,5,161,81.16015625
left,5,162,81.234375
left,5,163,81.234375
left,5,164,81.390625
left,5,165,81.390625
left,5,166,81.46484375
left,5,167,81.46484375
left,5,168,81.46484375
left,5,169,81.54296875
left,5,170,81.62109375
left,5,171,81.62109375
left,5,172,81.6953125
left,5,173,81.7734375
left,5,174,81.7734375
left,5,175,81.8515625
left,5,176,81.8515625
left,5,177,81.92578125
left,5,178,81.92578125
left,5,179,81.92578125
left,5,180,82.00390625
left,5,181,82.08203125
left,5,182,82.08203125
left,5,183,82.08203125
left,5,184,82.15625
left,5,185,82.15625
left,5,186,82.234375
left,5,187,82.3125
left,5,188,82.38671875
left,5,189,82.38671875
left,5,190,82.46484375
left,5,191,82.46484375
left,5,192,82.54296875
left,5,193,82.54296875
left,5,194,82.6171875
left,5,195,82.6953125
left,5,196,82.6953125
left,5,197,82.7734375
left,5,198,82.84765625
left,5,199,82.84765625
left,5,200,82.84765625
left,5,201,82.92578125
left,5,202,82.92578125
left,5,203,83.00390625
left,5,204,83.00390625
left,5,205,83.00390625
left,5,206,83.078125
left,5,207,83.078125
left,5,208,83.15625
left,5,209,83.15625
left,5,210,83.234375
left,5,211,83.234375
left,5,212,83.234375
left,5,213,83.30859375
left,5,214,83.38671875
left,5,215,83.30859375
left,5,216,83.38671875
left,5,217,83.38671875
left,5,218,83.4609375
left,5,219,83.5390625
left,5,220,83.5390625
left,5,221,83.5390625
left,5,222,83.6171875
left,5,223,83.6171875
left,5,224,83.69140625
left,5,225,83.76953125
left,5,226,83.76953125
left,5,227,83.76953125
left,5,228,83.84765625
left,5,229,83.921875
left,5,230,84.0
left,5,231,84.0
left,5,232,84.0
left,5,233,84.078125
left,5,234,84.0
left,5,235,84.078125
left,5,236,84.15234375
left,5,237,84.15234375
left,5,238,84.15234375
left,5,239,84.23046875
left,5,240,84.23046875
left,5,241,84.23046875
left,5,242,84.30859375
left,5,243,84.30859375
left,5,244,84.3828125
left,5,245,84.3828125
left,5,246,84.3828125
left,5,247,84.5390625
left,5,248,84.5390625
left,5,249,84.5390625
left,5,250,84.5390625
left,5,251,84.5390625
left,5,252,84.61328125
left,5,253,84.61328125
left,5,254,84.69140625
left,5,255,84.69140625
left,5,256,84.69140625
left,5,257,84.69140625
left,5,258,84.69140625
left,5,259,84.73046875
left,5,260,84.76953125
left,5,261,84.806640625
left,5,262,84.806640625
left,5,263,84.806640625
left,5,264,84.8828125
left,5,265,84.8828125
left,5,266,84.84375
left,5,267,84.921875
left,5,268,84.921875
left,5,269,85.0
left,5,270,85.0
left,5,271,85.0
left,5,272,85.07421875
left,5,273,85.07421875
left,5,274,85.07421875
left,5,275,85.07421875
left,5,276,85.15234375
left,5,277,85.15234375
left,5,278,85.15234375
left,5,279,85.15234375
left,5,280,85.15234375
left,5,281,85.23046875
left,5,282,85.23046875
left,5,283,85.3046875
left,5,284,85.3046875
left,5,285,85.3046875
left,5,286,85.3828125
left,5,287,85.3828125
left,5,288,85.3828125
left,5,289,85.4609375
left,5,290,85.4609375
left,5,291,85.53515625
left,5,292,85.4609375
left,5,293,85.53515625
left,5,294,85.53515625
left,5,295,85.53515625
left,5,296,85.61328125
left,5,297,85.61328125
left,5,298,85.6875
left,5,299,85.6875
left,5,300,85.6875
left,5,301,85.765625
left,5,302,85.765625
left,5,303,85.765625
left,5,304,85.84375
left,5,305,85.84375
left,5,306,85.84375
left,5,307,85.84375
left,5,308,85.84375
left,5,309,85.91796875
left,5,310,85.91796875
left,5,311,85.91796875
left,5,312,85.99609375
left,5,313,85.91796875
left,5,314,85.99609375
left,5,315,85.99609375
left,5,316,86.07421875
left,5,317,86.07421875
left,5,318,86.07421875
left,5,319,86.1484375
left,5,320,86.1484375
left,5,321,86.1484375
left,5,322,86.2265625
left,5,323,86.2265625
left,5,324,86.2265625
left,5,325,86.3046875
left,5,326,86.3046875
left,5,327,86.3046875
left,5,328,86.3046875
left,5,329,86.3046875
left,5,330,86.3046875
left,5,331,86.37890625
left,5,332,86.37890625
left,5,333,86.45703125
left,5,334,86.45703125
left,5,335,86.53515625
left,5,336,86.45703125
left,5,337,86.53515625
left,5,338,86.53515625
left,5,339,86.53515625
left,5,340,86.609375
left,5,341,86.609375
left,5,342,86.609375
left,5,343,86.609375
left,5,344,86.609375
left,5,345,86.609375
left,5,346,86.6875
left,5,347,86.6875
left,5,348,86.6875
left,5,349,86.6875
left,5,350,86.6875
left,5,351,86.6875
left,5,352,86.765625
left,5,353,86.765625
left,5,354,86.83984375
left,5,355,86.83984375
left,5,356,86.83984375
left,5,357,86.83984375
left,5,358,86.83984375
left,5,359,86.91796875
left,5,360,86.91796875
left,5,361,86.99609375
left,5,362,86.99609375
left,5,363,86.99609375
left,5,364,87.0703125
left,5,365,87.0703125
left,5,366,87.1484375
left,5,367,87.1484375
left,5,368,87.1484375
left,5,369,87.1484375
left,5,370,87.1484375
left,5,371,87.1484375
left,5,372,87.2265625
left,5,373,87.2265625
left,5,374,87.30078125
left,5,375,87.30078125
left,5,376,87.30078125
left,5,377,87.2265625
left,5,378,87.37890625
left,5,379,87.37890625
left,5,380,87.37890625
left,5,381,87.37890625
left,5,382,87.37890625
left,5,383,87.37890625
left,5,384,87.45703125
left,5,385,87.45703125
left,5,386,87.53125
left,5,387,87.45703125
left,5,388,87.53125
left,5,389,87.53125
left,5,390,87.609375
left,5,391,87.609375
left,5,392,87.609375
left,5,393,87.609375
left,5,394,87.6875
left,5,395,87.6875
left,5,396,87.6875
left,5,397,87.6875
left,5,398,87.76171875
left,5,399,87.76171875
left,5,400,87.76171875
left,5,401,87.76171875
left,5,402,87.76171875
left,5,403,87.83984375
left,5,404,87.83984375
left,5,405,87.76171875
left,5,406,87.83984375
left,5,407,87.83984375
left,5,408,87.83984375
left,5,409,87.83984375
left,5,410,87.91796875
left,5,411,87.83984375
left,5,412,87.91796875
left,5,413,87.91796875
left,5,414,87.91796875
left,5,415,87.91796875
left,5,416,87.91796875
left,5,417,87.9921875
left,5,418,87.9921875
left,5,419,87.9921875
left,5,420,88.0703125
left,5,421,88.0703125
left,5,422,88.0703125
left,5,423,88.0703125
left,5,424,88.14453125
left,5,425,88.14453125
left,5,426,88.14453125
left,5,427,88.14453125
left,5,428,88.22265625
left,5,429,88.22265625
left,5,430,88.22265625
left,5,431,88.14453125
left,5,432,88.22265625
left,5,433,88.22265625
left,5,434,88.22265625
left,5,435,88.30078125
left,5,436,88.30078125
left,5,437,88.30078125
left,5,438,88.30078125
left,5,439,88.375
left,5,440,88.30078125
left,5,441,88.375
left,5,442,88.30078125
left,5,443,88.375
left,5,444,88.375
left,5,445,88.375
left,5,446,88.375
left,5,447,88.375
left,5,448,88.375
left,5,449,88.375
left,5,450,88.453125
left,5,451,88.453125
left,5,452,88.53125
left,5,453,88.453125
left,5,454,88.53125
left,5,455,88.53125
left,5,456,88.53125
left,5,457,88.53125
left,5,458,88.53125
left,5,459,88.60546875
left,5,460,88.60546875
left,5,461,88.60546875
left,5,462,88.60546875
left,5,463,88.60546875
left,5,464,88.60546875
left,5,465,88.68359375
left,5,466,88.68359375
left,5,467,88.68359375
left,5,468,88.68359375
left,5,469,88.68359375
left,5,470,88.76171875
left,5,471,88.76171875
left,5,472,88.8359375
left,5,473,88.76171875
left,5,474,88.9140625
left,5,475,88.8359375
left,5,476,88.8359375
left,5,477,88.9140625
left,5,478,88.9140625
left,5,479,88.9140625
left,5,480,88.9140625
left,5,481,88.9140625
left,5,482,88.8359375
left,5,483,88.8359375
left,5,484,88.9140625
left,5,485,88.9140625
left,5,486,88.9140625
left,5,487,88.9140625
left,5,488,88.9140625
left,5,489,88.9921875
left,5,490,88.9921875
left,5,491,88.9921875
left,5,492,88.9921875
left,5,493,88.9921875
left,5,494,88.9921875
left,5,495,88.9921875
left,5,496,88.9921875
left,5,497,88.9921875
left,5,498,88.9921875
left,5,499,88.9921875
left,5,500,88.9140625
left,5,501,88.9921875
left,5,502,88.9921875
left,5,503,88.9921875
left,5,504,88.9921875
left,5,505,88.9921875
left,5,506,88.9921875
left,5,507,89.06640625
left,5,508,89.06640625
left,5,509,89.06640625
left,5,510,89.14453125
left,5,511,89.14453125
left,5,512,89.14453125
left,5,513,89.14453125
left,5,514,89.22265625
left,5,515,89.14453125
left,5,516,89.14453125
left,5,517,89.22265625
left,5,518,89.22265625
left,5,519,89.22265625
left,5,520,89.22265625
left,5,521,89.22265625
left,5,522,89.22265625
left,5,523,89.296875
left,5,524,89.296875
left,5,525,89.296875
left,5,526,89.296875
left,5,527,89.375
left,5,528,89.296875
left,5,529,89.296875
left,5,530,89.375
left,5,531,89.375
left,5,532,89.375
left,5,533,89.375
left,5,534,89.375
left,5,535,89.453125
left,5,536,89.453125
left,5,537,89.453125
left,5,538,89.453125
left,5,539,89.453125
left,5,540,89.52734375
left,5,541,89.52734375
left,5,542,89.52734375
left,5,543,89.60546875
left,5,544,89.60546875
left,5,545,89.60546875
left,5,546,89.68359375
left,5,547,89.68359375
left,5,548,89.68359375
left,5,549,89.68359375
left,5,550,89.68359375
left,5,551,89.7578125
left,5,552,89.7578125
left,5,553,89.8359375
left,5,554,89.8359375
left,5,555,89.8359375
left,5,556,89.8359375
left,5,557,89.8359375
left,5,558,89.8359375
left,5,559,89.8359375
left,5,560,89.8359375
left,5,561,89.9140625
left,5,562,89.9140625
left,5,563,89.9140625
left,5,564,89.9140625
left,5,565,89.9140625
left,5,566,89.9140625
left,5,567,89.9140625
left,5,568,89.9140625
left,5,569,89.9140625
left,5,570,89.9140625
left,5,571,89.9140625
left,5,572,89.9140625
left,5,573,89.9140625
left,5,574,89.9140625
left,5,575,89.9140625
left,5,576,89.9140625
left,5,577,89.9140625
left,5,578,89.9140625
left,5,579,89.98828125
left,5,580,89.98828125
left,5,581,89.98828125
left,5,582,89.98828125
left,5,583,89.98828125
left,5,584,89.98828125
left,5,585,89.98828125
left,5,586,89.98828125
left,5,587,89.98828125
left,5,588,90.06640625
left,5,589,89.98828125
left,5,590,90.06640625
left,5,591,90.06640625
left,5,592,90.06640625
left,5,593,90.06640625
left,5,594,90.06640625
left,5,595,90.14453125
left,5,596,90.14453125
left,5,597,90.14453125
left,5,598,90.14453125
left,5,599,90.14453125
left,5,600,90.14453125
left,5,601,90.14453125
left,5,602,90.14453125
left,5,603,90.21875
left,5,604,90.21875
left,5,605,90.21875
left,5,606,90.296875
left,5,607,90.296875
left,5,608,90.296875
left,5,609,90.296875
left,5,610,90.296875
left,5,611,90.21875
left,5,612,90.296875
left,5,613,90.296875
left,5,614,90.37109375
left,5,615,90.296875
left,5,616,90.296875
left,5,617,90.37109375
left,5,618,90.37109375
left,5,619,90.37109375
left,5,620,90.37109375
left,5,621,90.37109375
left,5,622,90.44921875
left,5,623,90.44921875
left,5,624,90.44921875
left,5,625,90.44921875
left,5,626,90.44921875
left,5,627,90.44921875
left,5,628,90.44921875
left,5,629,90.52734375
left,5,630,90.52734375
left,5,631,90.52734375
left,5,632,90.6015625
left,5,633,90.6015625
left,5,634,90.52734375
left,5,635,90.6015625
left,5,636,90.52734375
left,5,637,90.6015625
left,5,638,90.6015625
left,5,639,90.6015625
left,5,640,90.6796875
left,5,641,90.6796875
left,5,642,90.6796875
left,5,643,90.6796875
left,5,644,90.6796875
left,5,645,90.6015625
left,5,646,90.6015625
left,5,647,90.6796875
left,5,648,90.6796875
left,5,649,90.6015625
left,5,650,90.6015625
left,5,651,90.6796875
left,5,652,90.6015625
left,5,653,90.6796875
left,5,654,90.6796875
left,5,655,90.6796875
left,5,656,90.6015625
left,5,657,90.6796875
left,5,658,90.6796875
left,5,659,90.6796875
left,5,660,90.6015625
left,5,661,90.6796875
left,5,662,90.6796875
left,5,663,90.7578125
left,5,664,90.7578125
left,5,665,90.7578125
left,5,666,90.7578125
left,5,667,90.7578125
left,5,668,90.7578125
left,5,669,90.7578125
left,5,670,90.7578125
left,5,671,90.7578125
left,5,672,90.7578125
left,5,673,90.7578125
left,5,674,90.7578125
left,5,675,90.83203125
left,5,676,90.83203125
left,5,677,90.7578125
left,5,678,90.7578125
left,5,679,90.7578125
left,5,680,90.7578125
left,5,681,90.7578125
left,5,682,90.7578125
left,5,683,90.83203125
left,5,684,90.7578125
left,5,685,90.83203125
left,5,686,90.83203125
left,5,687,90.83203125
left,5,688,90.91015625
left,5,689,90.91015625
left,5,690,90.98828125
left,5,691,90.98828125
left,5,692,90.91015625
left,5,693,90.91015625
left,5,694,90.91015625
left,5,695,90.91015625
left,5,696,90.91015625
left,5,697,90.98828125
left,5,698,90.91015625
left,5,699,90.98828125
left,5,700,90.98828125
left,5,701,90.98828125
left,5,702,90.98828125
left,5,703,90.91015625
left,5,704,90.98828125
left,5,705,90.98828125
left,5,706,90.98828125
left,5,707,90.98828125
left,5,708,90.98828125
left,5,709,90.98828125
left,5,710,90.98828125
left,5,711,90.98828125
left,5,712,90.98828125
left,5,713,90.98828125
left,5,714,91.0625
left,5,715,91.0625
left,5,716,91.0625
left,5,717,91.0625
left,5,718,91.140625
left,5,719,91.0625
left,5,720,91.0625
left,5,721,91.140625
left,5,722,91.0625
left,5,723,91.0625
left,5,724,91.140625
left,5,725,91.0625
left,5,726,91.140625
left,5,727,91.140625
left,5,728,91.140625
left,5,729,91.0625
left,5,730,91.140625
left,5,731,91.140625
left,5,732,91.140625
left,5,733,91.21875
left,5,734,91.21875
left,5,735,91.21875
left,5,736,91.29296875
left,5,737,91.21875
left,5,738,91.29296875
left,5,739,91.29296875
left,5,740,91.29296875
left,5,741,91.29296875
left,5,742,91.29296875
left,5,743,91.37109375
left,5,744,91.37109375
left,5,745,91.37109375
left,5,746,91.37109375
left,5,747,91.37109375
left,5,748,91.37109375
left,5,749,91.37109375
left,5,750,91.37109375
left,5,751,91.37109375
left,5,752,91.37109375
left,5,753,91.37109375
left,5,754,91.37109375
left,5,755,91.44921875
left,5,756,91.44921875
left,5,757,91.37109375
left,5,758,91.44921875
left,5,759,91.44921875
left,5,760,91.44921875
left,5,761,91.37109375
left,5,762,91.44921875
left,5,763,91.44921875
left,5,764,91.37109375
left,5,765,91.44921875
left,5,766,91.44921875
left,5,767,91.44921875
left,5,768,91.44921875
left,5,769,91.44921875
left,5,770,91.44921875
left,5,771,91.44921875
left,5,772,91.44921875
left,5,773,91.44921875
left,5,774,91.44921875
left,5,775,91.44921875
left,5,776,91.44921875
left,5,777,91.5234375
left,5,778,91.5234375
left,5,779,91.5234375
left,5,780,91.44921875
left,5,781,91.5234375
left,5,782,91.5234375
left,5,783,91.5234375
left,5,784,91.5234375
left,5,785,91.5234375
left,5,786,91.5234375
left,5,787,91.5234375
left,5,788,91.5234375
left,5,789,91.5234375
left,5,790,91.6015625
left,5,791,91.6015625
left,5,792,91.6015625
left,5,793,91.6015625
left,5,794,91.6015625
left,5,795,91.6796875
left,5,796,91.6796875
left,5,797,91.6796875
left,5,798,91.6796875
left,5,799,91.6796875
left,5,800,91.6796875
left,5,801,91.6796875
left,5,802,91.6796875
left,5,803,91.6796875
left,5,804,91.6796875
left,5,805,91.6796875
left,5,806,91.6015625
left,5,807,91.6015625
left,5,808,91.6796875
left,5,809,91.6796875
left,5,810,91.6796875
left,5,811,91.75390625
left,5,812,91.75390625
left,5,813,91.75390625
left,5,814,91.83203125
left,5,815,91.83203125
left,5,816,91.83203125
left,5,817,91.83203125
left,5,818,91.75390625
left,5,819,91.75390625
left,5,820,91.83203125
left,5,821,91.83203125
left,5,822,91.83203125
left,5,823,91.83203125
left,5,824,91.83203125
left,5,825,91.83203125
left,5,826,91.83203125
left,5,827,91.83203125
left,5,828,91.75390625
left,5,829,91.75390625
left,5,830,91.83203125
left,5,831,91.75390625
left,5,832,91.83203125
left,5,833,91.75390625
left,5,834,91.83203125
left,5,835,91.83203125
left,5,836,91.83203125
left,5,837,91.83203125
left,5,838,91.83203125
left,5,839,91.83203125
left,5,840,91.83203125
left,5,841,91.83203125
left,5,842,91.83203125
left,5,843,91.83203125
left,5,844,91.83203125
left,5,845,91.83203125
left,5,846,91.83203125
left,5,847,91.91015625
left,5,848,91.83203125
left,5,849,91.91015625
left,5,850,91.83203125
left,5,851,91.83203125
left,5,852,91.83203125
left,5,853,91.83203125
left,5,854,91.83203125
left,5,855,91.83203125
left,5,856,91.83203125
left,5,857,91.75390625
left,5,858,91.83203125
left,5,859,91.83203125
left,5,860,91.83203125
left,5,861,91.83203125
left,5,862,91.91015625
left,5,863,91.91015625
left,5,864,91.984375
left,5,865,91.984375
left,5,866,91.984375
left,5,867,91.984375
left,5,868,91.984375
left,5,869,91.984375
left,5,870,91.984375
left,5,871,91.984375
left,5,872,91.984375
left,5,873,91.984375
left,5,874,92.0625
left,5,875,92.0625
left,5,876,92.0625
left,5,877,92.0625
left,5,878,92.0625
left,5,879,92.0625
left,5,880,92.140625
left,5,881,92.0625
left,5,882,92.0625
left,5,883,92.140625
left,5,884,92.0625
left,5,885,91.984375
left,5,886,92.0625
left,5,887,92.0625
left,5,888,92.0625
left,5,889,92.0625
left,5,890,92.0625
left,5,891,92.0625
left,5,892,92.0625
left,5,893,92.0625
left,5,894,92.0625
left,5,895,92.0625
left,5,896,92.0625
left,5,897,92.140625
left,5,898,92.140625
left,5,899,92.140625
left,5,900,92.140625
left,5,901,92.140625
left,5,902,92.140625
left,5,903,92.140625
left,5,904,92.21484375
left,5,905,92.21484375
left,5,906,92.21484375
left,5,907,92.21484375
left,5,908,92.21484375
left,5,909,92.21484375
left,5,910,92.21484375
left,5,911,92.21484375
left,5,912,92.21484375
left,5,913,92.21484375
left,5,914,92.21484375
left,5,915,92.21484375
left,5,916,92.21484375
left,5,917,92.21484375
left,5,918,92.29296875
left,5,919,92.21484375
left,5,920,92.29296875
left,5,921,92.21484375
left,5,922,92.29296875
left,5,923,92.21484375
left,5,924,92.21484375
left,5,925,92.21484375
left,5,926,92.29296875
left,5,927,92.29296875
left,5,928,92.21484375
left,5,929,92.29296875
left,5,930,92.29296875
left,5,931,92.29296875
left,5,932,92.29296875
left,5,933,92.29296875
left,5,934,92.29296875
left,5,935,92.29296875
left,5,936,92.29296875
left,5,937,92.29296875
left,5,938,92.29296875
left,5,939,92.37109375
left,5,940,92.37109375
left,5,941,92.37109375
left,5,942,92.37109375
left,5,943,92.37109375
left,5,944,92.37109375
left,5,945,92.37109375
left,5,946,92.37109375
left,5,947,92.37109375
left,5,948,92.37109375
left,5,949,92.4453125
left,5,950,92.4453125
left,5,951,92.4453125
left,5,952,92.4453125
left,5,953,92.4453125
left,5,954,92.4453125
left,5,955,92.4453125
left,5,956,92.4453125
left,5,957,92.5234375
left,5,958,92.5234375
left,5,959,92.5234375
left,5,960,92.5234375
left,5,961,92.4453125
left,5,962,92.4453125
left,5,963,92.5234375
left,5,964,92.4453125
left,5,965,92.5234375
left,5,966,92.5234375
left,5,967,92.5234375
left,5,968,92.5234375
left,5,969,92.5234375
left,5,970,92.5234375
left,5,971,92.5234375
left,5,972,92.5234375
left,5,973,92.59765625
left,5,974,92.59765625
left,5,975,92.5234375
left,5,976,92.5234375
left,5,977,92.59765625
left,5,978,92.5234375
left,5,979,92.59765625
left,5,980,92.59765625
left,5,981,92.59765625
left,5,982,92.59765625
left,5,983,92.59765625
left,5,984,92.59765625
left,5,985,92.59765625
left,5,986,92.59765625
left,5,987,92.59765625
left,5,988,92.59765625
left,5,989,92.59765625
left,5,990,92.59765625
left,5,991,92.59765625
left,5,992,92.59765625
left,5,993,92.59765625
left,5,994,92.67578125
left,5,995,92.67578125
left,5,996,92.67578125
left,5,997,92.67578125
left,5,998,92.67578125
left,5,999,92.67578125
left,5,1000,92.67578125
left,5,1001,92.67578125
left,5,1002,92.75390625
left,5,1003,92.75390625
left,5,1004,92.75390625
left,5,1005,92.75390625
left,5,1006,92.75390625
left,5,1007,92.75390625
left,5,1008,92.75390625
left,5,1009,92.75390625
left,5,1010,92.75390625
left,5,1011,92.75390625
left,5,1012,92.75390625
left,5,1013,92.828125
left,5,1014,92.75390625
left,5,1015,92.75390625
left,5,1016,92.75390625
left,5,1017,92.828125
left,5,1018,92.828125
left,5,1019,92.828125
left,5,1020,92.828125
left,5,1021,92.828125
left,5,1022,92.828125
left,5,1023,92.828125
left,5,1024,92.828125
left,5,1025,92.828125
left,5,1026,92.90625
left,5,1027,92.90625
left,5,1028,92.90625
left,5,1029,92.90625
left,5,1030,92.90625
left,5,1031,92.828125
left,5,1032,92.828125
left,5,1033,92.828125
left,5,1034,92.828125
left,5,1035,92.828125
left,5,1036,92.90625
left,5,1037,92.90625
left,5,1038,92.90625
left,5,1039,92.90625
left,5,1040,92.90625
left,5,1041,92.90625
left,5,1042,92.90625
left,5,1043,92.90625
left,5,1044,92.90625
left,5,1045,92.90625
left,5,1046,92.90625
left,5,1047,92.90625
left,5,1048,92.90625
left,5,1049,92.90625
left,5,1050,92.90625
left,5,1051,92.828125
left,5,1052,92.90625
left,5,1053,92.90625
left,5,1054,92.90625
left,5,1055,92.828125
left,5,1056,92.90625
left,5,1057,92.90625
left,5,1058,92.90625
left,5,1059,92.90625
left,5,1060,92.90625
left,5,1061,92.90625
left,5,1062,92.90625
left,5,1063,92.90625
left,5,1064,92.90625
left,5,1065,92.90625
left,5,1066,92.90625
left,5,1067,92.984375
left,5,1068,92.90625
left,5,1069,92.90625
left,5,1070,92.90625
left,5,1071,92.984375
left,5,1072,92.984375
left,5,1073,92.984375
left,5,1074,92.984375
left,5,1075,93.05859375
left,5,1076,93.05859375
left,5,1077,93.05859375
left,5,1078,92.984375
left,5,1079,93.05859375
left,5,1080,93.05859375
left,5,1081,92.984375
left,5,1082,93.05859375
left,5,1083,93.05859375
left,5,1084,93.05859375
left,5,1085,93.05859375
left,5,1086,93.13671875
left,5,1087,93.05859375
left,5,1088,93.05859375
left,5,1089,93.13671875
left,5,1090,93.13671875
left,5,1091,93.13671875
left,5,1092,93.13671875
left,5,1093,93.13671875
left,5,1094,93.21484375
left,5,1095,93.13671875
left,5,1096,93.21484375
left,5,1097,93.21484375
left,5,1098,93.13671875
left,5,1099,93.21484375
left,5,1100,93.21484375
left,5,1101,93.21484375
left,5,1102,93.21484375
left,5,1103,93.21484375
left,5,1104,93.21484375
left,5,1105,93.21484375
left,5,1106,93.21484375
left,5,1107,93.2890625
left,5,1108,93.2890625
left,5,1109,93.2890625
left,5,1110,93.21484375
left,5,1111,93.2890625
left,5,1112,93.2890625
left,5,1113,93.2890625
left,5,1114,93.2890625
left,5,1115,93.2890625
left,5,1116,93.2890625
left,5,1117,93.2890625
left,5,1118,93.2890625
left,5,1119,93.2890625
left,5,1120,93.2890625
left,5,1121,93.2890625
left,5,1122,93.2890625
left,5,1123,93.2890625
left,5,1124,93.2890625
left,5,1125,93.2890625
left,5,1126,93.2890625
left,5,1127,93.2890625
left,5,1128,93.2890625
left,5,1129,93.2890625
left,5,1130,93.2890625
left,5,1131,93.2890625
left,5,1132,93.3671875
left,5,1133,93.3671875
left,5,1134,93.3671875
left,5,1135,93.3671875
left,5,1136,93.3671875
left,5,1137,93.3671875
left,5,1138,93.3671875
left,5,1139,93.3671875
left,5,1140,93.3671875
left,5,1141,93.3671875
left,5,1142,93.3671875
left,5,1143,93.3671875
left,5,1144,93.3671875
left,5,1145,93.3671875
left,5,1146,93.3671875
left,5,1147,93.3671875
left,5,1148,93.3671875
left,5,1149,93.3671875
left,5,1150,93.4453125
left,5,1151,93.4453125
left,5,1152,93.4453125
left,5,1153,93.4453125
left,5,1154,93.4453125
left,5,1155,93.4453125
left,5,1156,93.4453125
left,5,1157,93.4453125
left,5,1158,93.4453125
left,5,1159,93.4453125
left,5,1160,93.4453125
left,5,1161,93.4453125
left,5,1162,93.4453125
left,5,1163,93.4453125
left,5,1164,93.4453125
left,5,1165,93.4453125
left,5,1166,93.3671875
left,5,1167,93.4453125
left,5,1168,93.3671875
left,5,1169,93.4453125
left,5,1170,93.4453125
left,5,1171,93.4453125
left,5,1172,93.4453125
left,5,1173,93.4453125
left,5,1174,93.4453125
left,5,1175,93.51953125
left,5,1176,93.51953125
left,5,1177,93.51953125
left,5,1178,93.51953125
left,5,1179,93.51953125
left,5,1180,93.51953125
left,5,1181,93.51953125
left,5,1182,93.51953125
left,5,1183,93.59765625
left,5,1184,93.51953125
left,5,1185,93.51953125
left,5,1186,93.59765625
left,5,1187,93.51953125
left,5,1188,93.51953125
left,5,1189,93.59765625
left,5,1190,93.51953125
left,5,1191,93.59765625
left,5,1192,93.59765625
left,5,1193,93.59765625
left,5,1194,93.59765625
left,5,1195,93.59765625
left,5,1196,93.59765625
left,5,1197,93.59765625
left,5,1198,93.51953125
left,5,1199,93.51953125
left,5,1200,93.59765625
left,6,0,25.0
left,6,1,31.57421875
left,6,2,33.32421875
left,6,3,35.3046875
left,6,4,37.2109375
left,6,5,38.9609375
left,6,6,40.55859375
left,6,7,42.08203125
left,6,8,43.6796875
left,6,9,45.05078125
left,6,10,46.26953125
left,6,11,47.48828125
left,6,12,48.62890625
left,6,13,49.6953125
left,6,14,50.6875
left,6,15,51.67578125
left,6,16,52.6640625
left,6,17,53.578125
left,6,18,54.4921875
left,6,19,55.33203125
left,6,20,56.3203125
left,6,21,57.08203125
left,6,22,57.84375
left,6,23,58.60546875
left,6,24,59.2890625
left,6,25,59.9765625
left,6,26,60.66015625
left,6,27,61.34765625
left,6,28,61.953125
left,6,29,62.5625
left,6,30,63.09765625
left,6,31,63.70703125
left,6,32,64.1640625
left,6,33,64.62109375
left,6,34,65.15234375
left,6,35,65.6875
left,6,36,65.9921875
left,6,37,66.37109375
left,6,38,66.98046875
left,6,39,67.28515625
left,6,40,67.7421875
left,6,41,68.12109375
left,6,42,68.42578125
left,6,43,68.80859375
left,6,44,69.11328125
left,6,45,69.4921875
left,6,46,69.875
left,6,47,70.25390625
left,6,48,70.55859375
left,6,49,70.86328125
left,6,50,71.16796875
left,6,51,71.39453125
left,6,52,71.546875
left,6,53,71.8515625
left,6,54,72.00390625
left,6,55,72.15625
left,6,56,72.30859375
left,6,57,72.69140625
left,6,58,72.99609375
left,6,59,73.30078125
left,6,60,73.453125
left,6,61,73.6796875
left,6,62,73.83203125
left,6,63,73.984375
left,6,64,74.13671875
left,6,65,74.3671875
left,6,66,74.59375
left,6,67,74.74609375
left,6,68,74.9765625
left,6,69,75.203125
left,6,70,75.43359375
left,6,71,75.5859375
left,6,72,75.73828125
left,6,73,75.890625
left,6,74,76.1171875
left,6,75,76.26953125
left,6,76,76.34375
left,6,77,76.49609375
left,6,78,76.6484375
left,6,79,76.7265625
left,6,80,76.953125
left,6,81,77.03125
left,6,82,77.2578125
left,6,83,77.3359375
left,6,84,77.5625
left,6,85,77.640625
left,6,86,77.8671875
left,6,87,78.01953125
left,6,88,78.171875
left,6,89,78.25
left,6,90,78.40234375
left,6,91,78.4765625
left,6,92,78.62890625
left,6,93,78.70703125
left,6,94,78.78125
left,6,95,78.859375
left,6,96,79.01171875
left,6,97,79.0859375
left,6,98,79.23828125
left,6,99,79.31640625
left,6,100,79.390625
left,6,101,79.54296875
left,6,102,79.62109375
left,6,103,79.6953125
left,6,104,79.84765625
left,6,105,80.0
left,6,106,80.078125
left,6,107,80.15234375
left,6,108,80.3046875
left,6,109,80.45703125
left,6,110,80.45703125
left,6,111,80.53515625
left,6,112,80.609375
left,6,113,80.76171875
left,6,114,80.83984375
left,6,115,80.9140625
left,6,116,81.06640625
left,6,117,81.140625
left,6,118,81.21875
left,6,119,81.29296875
left,6,120,81.37109375
left,6,121,81.408203125
left,6,122,81.484375
left,6,123,81.599609375
left,6,124,81.67578125
left,6,125,81.712890625
left,6,126,81.7890625
left,6,127,81.865234375
left,6,128,81.94140625
left,6,129,82.056640625
left,6,130,82.1328125
left,6,131,82.208984375
left,6,132,82.28515625
left,6,133,82.361328125
left,6,134,82.4375
left,6,135,82.474609375
left,6,136,82.51171875
left,6,137,82.58984375
left,6,138,82.6640625
left,6,139,82.6640625
left,6,140,82.7421875
left,6,141,82.89453125
left,6,142,82.96875
left,6,143,83.046875
left,6,144,83.12109375
left,6,145,83.19921875
left,6,146,83.2734375
left,6,147,83.2734375
left,6,148,83.3515625
left,6,149,83.42578125
left,6,150,83.50390625
left,6,151,83.578125
left,6,152,83.578125
left,6,153,83.65625
left,6,154,83.73046875
left,6,155,83.73046875
left,6,156,83.73046875
left,6,157,83.80859375
left,6,158,83.8828125
left,6,159,83.9609375
left,6,160,83.9609375
left,6,161,84.03515625
left,6,162,84.03515625
left,6,163,84.11328125
left,6,164,84.11328125
left,6,165,84.1875
left,6,166,84.265625
left,6,167,84.33984375
left,6,168,84.41796875
left,6,169,84.41796875
left,6,170,84.4921875
left,6,171,84.5703125
left,6,172,84.5703125
left,6,173,84.64453125
left,6,174,84.72265625
left,6,175,84.72265625
left,6,176,84.796875
left,6,177,84.72265625
left,6,178,84.875
left,6,179,84.94921875
left,6,180,84.94921875
left,6,181,85.02734375
left,6,182,85.1015625
left,6,183,85.1015625
left,6,184,85.1015625
left,6,185,85.1796875
left,6,186,85.25390625
left,6,187,85.33203125
left,6,188,85.40625
left,6,189,85.40625
left,6,190,85.40625
left,6,191,85.40625
left,6,192,85.55859375
left,6,193,85.55859375
left,6,194,85.63671875
left,6,195,85.7109375
left,6,196,85.7109375
left,6,197,85.7890625
left,6,198,85.86328125
left,6,199,85.86328125
left,6,200,85.86328125
left,6,201,85.94140625
left,6,202,86.015625
left,6,203,86.015625
left,6,204,86.08984375
left,6,205,86.16796875
left,6,206,86.16796875
left,6,207,86.16796875
left,6,208,86.2421875
left,6,209,86.3203125
left,6,210,86.3203125
left,6,211,86.39453125
left,6,212,86.39453125
left,6,213,86.39453125
left,6,214,86.47265625
left,6,215,86.47265625
left,6,216,86.546875
left,6,217,86.546875
left,6,218,86.625
left,6,219,86.625
left,6,220,86.69921875
left,6,221,86.77734375
left,6,222,86.77734375
left,6,223,86.77734375
left,6,224,86.8515625
left,6,225,86.9296875
left,6,226,86.9296875
left,6,227,87.00390625
left,6,228,87.08203125
left,6,229,87.08203125
left,6,230,87.15625
left,6,231,87.234375
left,6,232,87.234375
left,6,233,87.234375
left,6,234,87.234375
left,6,235,87.30859375
left,6,236,87.38671875
left,6,237,87.5390625
left,6,238,87.5390625
left,6,239,87.61328125
left,6,240,87.69140625
left,6,241,87.765625
left,6,242,87.765625
left,6,243,87.84375
left,6,244,87.84375
left,6,245,87.84375
left,6,246,87.84375
left,6,247,87.84375
left,6,248,87.91796875
left,6,249,87.91796875
left,6,250,87.99609375
left,6,251,88.0703125
left,6,252,88.1484375
left,6,253,88.1484375
left,6,254,88.22265625
left,6,255,88.22265625
left,6,256,88.22265625
left,6,257,88.30078125
left,6,258,88.30078125
left,6,259,88.375
left,6,260,88.375
left,6,261,88.375
left,6,262,88.375
left,6,263,88.375
left,6,264,88.375
left,6,265,88.453125
left,6,266,88.375
left,6,267,88.453125
left,6,268,88.52734375
left,6,269,88.60546875
left,6,270,88.60546875
left,6,271,88.60546875
left,6,272,88.6796875
left,6,273,88.6796875
left,6,274,88.6796875
left,6,275,88.6796875
left,6,276,88.6796875
left,6,277,88.6796875
left,6,278,88.7578125
left,6,279,88.83203125
left,6,280,88.7578125
left,6,281,88.7578125
left,6,282,88.83203125
left,6,283,88.91015625
left,6,284,88.83203125
left,6,285,88.91015625
left,6,286,88.91015625
left,6,287,88.984375
left,6,288,88.984375
left,6,289,89.0625
left,6,290,89.0625
left,6,291,89.13671875
left,6,292,89.0625
left,6,293,89.0625
left,6,294,89.13671875
left,6,295,89.13671875
left,6,296,89.21484375
left,6,297,89.13671875
left,6,298,89.21484375
left,6,299,89.21484375
left,6,300,89.21484375
left,6,301,89.2890625
left,6,302,89.2890625
left,6,303,89.21484375
left,6,304,89.2890625
left,6,305,89.2890625
left,6,306,89.2890625
left,6,307,89.3671875
left,6,308,89.3671875
left,6,309,89.3671875
left,6,310,89.3671875
left,6,311,89.44140625
left,6,312,89.44140625
left,6,313,89.44140625
left,6,314,89.3671875
left,6,315,89.3671875
left,6,316,89.51953125
left,6,317,89.51953125
left,6,318,89.59375
left,6,319,89.59375
left,6,320,89.59375
left,6,321,89.59375
left,6,322,89.59375
left,6,323,89.671875
left,6,324,89.671875
left,6,325,89.74609375
left,6,326,89.671875
left,6,327,89.671875
left,6,328,89.74609375
left,6,329,89.74609375
left,6,330,89.74609375
left,6,331,89.74609375
left,6,332,89.74609375
left,6,333,89.74609375
left,6,334,89.82421875
left,6,335,89.82421875
left,6,336,89.8984375
left,6,337,89.8984375
left,6,338,89.8984375
left,6,339,89.9765625
left,6,340,89.9765625
left,6,341,89.9765625
left,6,342,89.9765625
left,6,343,89.9765625
left,6,344,90.05078125
left,6,345,90.05078125
left,6,346,90.05078125
left,6,347,90.05078125
left,6,348,90.12890625
left,6,349,90.05078125
left,6,350,90.05078125
left,6,351,90.05078125
left,6,352,90.12890625
left,6,353,90.12890625
left,6,354,90.12890625
left,6,355,90.203125
left,6,356,90.28125
left,6,357,90.28125
left,6,358,90.35546875
left,6,359,90.43359375
left,6,360,90.43359375
left,6,361,90.43359375
left,6,362,90.43359375
left,6,363,90.5078125
left,6,364,90.43359375
left,6,365,90.43359375
left,6,366,90.43359375
left,6,367,90.43359375
left,6,368,90.5078125
left,6,369,90.5078125
left,6,370,90.5859375
left,6,371,90.5859375
left,6,372,90.5859375
left,6,373,90.5859375
left,6,374,90.5859375
left,6,375,90.5859375
left,6,376,90.66015625
left,6,377,90.66015625
left,6,378,90.66015625
left,6,379,90.73828125
left,6,380,90.73828125
left,6,381,90.66015625
left,6,382,90.73828125
left,6,383,90.73828125
left,6,384,90.73828125
left,6,385,90.73828125
left,6,386,90.8125
left,6,387,90.88671875
left,6,388,90.88671875
left,6,389,90.88671875
left,6,390,90.88671875
left,6,391,90.88671875
left,6,392,90.96484375
left,6,393,90.96484375
left,6,394,91.0390625
left,6,395,91.0390625
left,6,396,91.0390625
left,6,397,91.1171875
left,6,398,91.0390625
left,6,399,91.1171875
left,6,400,91.1171875
left,6,401,91.0390625
left,6,402,91.1171875
left,6,403,91.19140625
left,6,404,91.19140625
left,6,405,91.19140625
left,6,406,91.19140625
left,6,407,91.1171875
left,6,408,91.19140625
left,6,409,91.19140625
left,6,410,91.19140625
left,6,411,91.19140625
left,6,412,91.19140625
left,6,413,91.19140625
left,6,414,91.19140625
left,6,415,91.19140625
left,6,416,91.26953125
left,6,417,91.34375
left,6,418,91.34375
left,6,419,91.34375
left,6,420,91.421875
left,6,421,91.34375
left,6,422,91.421875
left,6,423,91.421875
left,6,424,91.421875
left,6,425,91.421875
left,6,426,91.421875
left,6,427,91.49609375
left,6,428,91.49609375
left,6,429,91.49609375
left,6,430,91.49609375
left,6,431,91.49609375
left,6,432,91.49609375
left,6,433,91.49609375
left,6,434,91.6484375
left,6,435,91.6484375
left,6,436,91.6484375
left,6,437,91.6484375
left,6,438,91.6484375
left,6,439,91.6484375
left,6,440,91.6484375
left,6,441,91.6484375
left,6,442,91.6484375
left,6,443,91.6484375
left,6,444,91.7265625
left,6,445,91.7265625
left,6,446,91.7265625
left,6,447,91.7265625
left,6,448,91.80078125
left,6,449,91.7265625
left,6,450,91.7265625
left,6,451,91.80078125
left,6,452,91.87890625
left,6,453,91.87890625
left,6,454,91.87890625
left,6,455,91.87890625
left,6,456,91.87890625
left,6,457,91.87890625
left,6,458,91.87890625
left,6,459,91.953125
left,6,460,91.953125
left,6,461,91.953125
left,6,462,92.03125
left,6,463,92.03125
left,6,464,92.03125
left,6,465,92.03125
left,6,466,92.03125
left,6,467,92.03125
left,6,468,92.03125
left,6,469,92.03125
left,6,470,92.03125
left,6,471,92.03125
left,6,472,92.03125
left,6,473,92.03125
left,6,474,92.03125
left,6,475,92.10546875
left,6,476,92.10546875
left,6,477,92.10546875
left,6,478,92.18359375
left,6,479,92.18359375
left,6,480,92.18359375
left,6,481,92.18359375
left,6,482,92.18359375
left,6,483,92.18359375
left,6,484,92.18359375
left,6,485,92.18359375
left,6,486,92.18359375
left,6,487,92.2578125
left,6,488,92.18359375
left,6,489,92.2578125
left,6,490,92.2578125
left,6,491,92.18359375
left,6,492,92.2578125
left,6,493,92.18359375
left,6,494,92.2578125
left,6,495,92.2578125
left,6,496,92.2578125
left,6,497,92.18359375
left,6,498,92.18359375
left,6,499,92.2578125
left,6,500,92.18359375
left,6,501,92.2578125
left,6,502,92.18359375
left,6,503,92.18359375
left,6,504,92.2578125
left,6,505,92.3359375
left,6,506,92.41015625
left,6,507,92.41015625
left,6,508,92.3359375
left,6,509,92.3359375
left,6,510,92.41015625
left,6,511,92.48828125
left,6,512,92.48828125
left,6,513,92.48828125
left,6,514,92.41015625
left,6,515,92.41015625
left,6,516,92.48828125
left,6,517,92.48828125
left,6,518,92.48828125
left,6,519,92.5625
left,6,520,92.48828125
left,6,521,92.640625
left,6,522,92.5625
left,6,523,92.640625
left,6,524,92.71484375
left,6,525,92.71484375
left,6,526,92.640625
left,6,527,92.640625
left,6,528,92.640625
left,6,529,92.640625
left,6,530,92.71484375
left,6,531,92.640625
left,6,532,92.640625
left,6,533,92.640625
left,6,534,92.71484375
left,6,535,92.71484375
left,6,536,92.71484375
left,6,537,92.71484375
left,6,538,92.71484375
left,6,539,92.79296875
left,6,540,92.79296875
left,6,541,92.8671875
left,6,542,92.8671875
left,6,543,92.8671875
left,6,544,92.8671875
left,6,545,92.9453125
left,6,546,92.8671875
left,6,547,92.9453125
left,6,548,92.8671875
left,6,549,92.8671875
left,6,550,92.8671875
left,6,551,92.8671875
left,6,552,92.9453125
left,6,553,93.01953125
left,6,554,93.01953125
left,6,555,93.01953125
left,6,556,93.01953125
left,6,557,93.01953125
left,6,558,93.01953125
left,6,559,93.01953125
left,6,560,93.01953125
left,6,561,93.01953125
left,6,562,93.09765625
left,6,563,93.171875
left,6,564,93.09765625
left,6,565,93.01953125
left,6,566,93.09765625
left,6,567,93.09765625
left,6,568,93.09765625
left,6,569,93.09765625
left,6,570,93.171875
left,6,571,93.171875
left,6,572,93.171875
left,6,573,93.171875
left,6,574,93.171875
left,6,575,93.171875
left,6,576,93.171875
left,6,577,93.25
left,6,578,93.25
left,6,579,93.40234375
left,6,580,93.32421875
left,6,581,93.32421875
left,6,582,93.32421875
left,6,583,93.32421875
left,6,584,93.32421875
left,6,585,93.32421875
left,6,586,93.40234375
left,6,587,93.4765625
left,6,588,93.40234375
left,6,589,93.40234375
left,6,590,93.40234375
left,6,591,93.4765625
left,6,592,93.4765625
left,6,593,93.4765625
left,6,594,93.4765625
left,6,595,93.4765625
left,6,596,93.5546875
left,6,597,93.5546875
left,6,598,93.4765625
left,6,599,93.5546875
left,6,600,93.4765625
left,6,601,93.4765625
left,6,602,93.5546875
left,6,603,93.5546875
left,6,604,93.62890625
left,6,605,93.5546875
left,6,606,93.5546875
left,6,607,93.5546875
left,6,608,93.62890625
left,6,609,93.62890625
left,6,610,93.5546875
left,6,611,93.5546875
left,6,612,93.5546875
left,6,613,93.62890625
left,6,614,93.62890625
left,6,615,93.62890625
left,6,616,93.62890625
left,6,617,93.62890625
left,6,618,93.62890625
left,6,619,93.70703125
left,6,620,93.62890625
left,6,621,93.62890625
left,6,622,93.62890625
left,6,623,93.70703125
left,6,624,93.70703125
left,6,625,93.70703125
left,6,626,93.70703125
left,6,627,93.70703125
left,6,628,93.70703125
left,6,629,93.78125
left,6,630,93.78125
left,6,631,93.78125
left,6,632,93.78125
left,6,633,93.78125
left,6,634,93.859375
left,6,635,93.93359375
left,6,636,93.859375
left,6,637,93.859375
left,6,638,93.859375
left,6,639,93.93359375
left,6,640,93.859375
left,6,641,93.93359375
left,6,642,94.01171875
left,6,643,94.01171875
left,6,644,94.01171875
left,6,645,94.01171875
left,6,646,94.01171875
left,6,647,94.01171875
left,6,648,94.01171875
left,6,649,94.01171875
left,6,650,94.01171875
left,6,651,94.01171875
left,6,652,94.01171875
left,6,653,94.01171875
left,6,654,94.01171875
left,6,655,94.01171875
left,6,656,94.01171875
left,6,657,94.01171875
left,6,658,94.01171875
left,6,659,94.01171875
left,6,660,94.0859375
left,6,661,94.0859375
left,6,662,94.0859375
left,6,663,94.1640625
left,6,664,94.0859375
left,6,665,94.0859375
left,6,666,94.1640625
left,6,667,94.1640625
left,6,668,94.1640625
left,6,669,94.1640625
left,6,670,94.1640625
left,6,671,94.1640625
left,6,672,94.0859375
left,6,673,94.1640625
left,6,674,94.1640625
left,6,675,94.1640625
left,6,676,94.1640625
left,6,677,94.1640625
left,6,678,94.1640625
left,6,679,94.1640625
left,6,680,94.1640625
left,6,681,94.1640625
left,6,682,94.1640625
left,6,683,94.0859375
left,6,684,94.1640625
left,6,685,94.1640625
left,6,686,94.1640625
left,6,687,94.1640625
left,6,688,94.23828125
left,6,689,94.23828125
left,6,690,94.23828125
left,6,691,94.23828125
left,6,692,94.1640625
left,6,693,94.1640625
left,6,694,94.23828125
left,6,695,94.23828125
left,6,696,94.23828125
left,6,697,94.1640625
left,6,698,94.23828125
left,6,699,94.23828125
left,6,700,94.23828125
left,6,701,94.23828125
left,6,702,94.23828125
left,6,703,94.23828125
left,6,704,94.23828125
left,6,705,94.23828125
left,6,706,94.23828125
left,6,707,94.23828125
left,6,708,94.23828125
left,6,709,94.23828125
left,6,710,94.23828125
left,6,711,94.23828125
left,6,712,94.23828125
left,6,713,94.23828125
left,6,714,94.31640625
left,6,715,94.23828125
left,6,716,94.31640625
left,6,717,94.31640625
left,6,718,94.31640625
left,6,719,94.31640625
left,6,720,94.31640625
left,6,721,94.31640625
left,6,722,94.390625
left,6,723,94.390625
left,6,724,94.390625
left,6,725,94.390625
left,6,726,94.390625
left,6,727,94.390625
left,6,728,94.390625
left,6,729,94.390625
left,6,730,94.390625
left,6,731,94.390625
left,6,732,94.46875
left,6,733,94.46875
left,6,734,94.46875
left,6,735,94.46875
left,6,736,94.46875
left,6,737,94.46875
left,6,738,94.46875
left,6,739,94.46875
left,6,740,94.46875
left,6,741,94.54296875
left,6,742,94.54296875
left,6,743,94.54296875
left,6,744,94.54296875
left,6,745,94.54296875
left,6,746,94.62109375
left,6,747,94.54296875
left,6,748,94.54296875
left,6,749,94.62109375
left,6,750,94.62109375
left,6,751,94.62109375
left,6,752,94.62109375
left,6,753,94.6953125
left,6,754,94.6953125
left,6,755,94.6953125
left,6,756,94.6953125
left,6,757,94.6953125
left,6,758,94.6953125
left,6,759,94.6953125
left,6,760,94.6953125
left,6,761,94.6953125
left,6,762,94.6953125
left,6,763,94.6953125
left,6,764,94.6953125
left,6,765,94.6953125
left,6,766,94.7734375
left,6,767,94.7734375
left,6,768,94.7734375
left,6,769,94.7734375
left,6,770,94.7734375
left,6,771,94.6953125
left,6,772,94.7734375
left,6,773,94.6953125
left,6,774,94.6953125
left,6,775,94.6953125
left,6,776,94.6953125
left,6,777,94.6953125
left,6,778,94.6953125
left,6,779,94.6953125
left,6,780,94.7734375
left,6,781,94.7734375
left,6,782,94.7734375
left,6,783,94.7734375
left,6,784,94.7734375
left,6,785,94.7734375
left,6,786,94.84765625
left,6,787,94.84765625
left,6,788,94.84765625
left,6,789,94.84765625
left,6,790,94.84765625
left,6,791,94.92578125
left,6,792,95.0
left,6,793,94.92578125
left,6,794,94.92578125
left,6,795,95.0
left,6,796,95.0
left,6,797,95.078125
left,6,798,95.0
left,6,799,95.0
left,6,800,95.0
left,6,801,95.0
left,6,802,95.0
left,6,803,95.0
left,6,804,94.92578125
left,6,805,94.92578125
left,6,806,94.92578125
left,6,807,94.92578125
left,6,808,94.92578125
left,6,809,94.92578125
left,6,810,94.92578125
left,6,811,94.92578125
left,6,812,94.92578125
left,6,813,95.0
left,6,814,95.0
left,6,815,95.0
left,6,816,95.0
left,6,817,95.0
left,6,818,95.078125
left,6,819,95.078125
left,6,820,95.078125
left,6,821,95.0
left,6,822,95.078125
left,6,823,95.078125
left,6,824,95.078125
left,6,825,95.078125
left,6,826,95.15234375
left,6,827,95.15234375
left,6,828,95.078125
left,6,829,95.078125
left,6,830,95.078125
left,6,831,95.078125
left,6,832,95.078125
left,6,833,95.078125
left,6,834,95.078125
left,6,835,95.15234375
left,6,836,95.15234375
left,6,837,95.078125
left,6,838,95.15234375
left,6,839,95.23046875
left,6,840,95.23046875
left,6,841,95.23046875
left,6,842,95.15234375
left,6,843,95.15234375
left,6,844,95.23046875
left,6,845,95.23046875
left,6,846,95.15234375
left,6,847,95.23046875
left,6,848,95.15234375
left,6,849,95.15234375
left,6,850,95.23046875
left,6,851,95.15234375
left,6,852,95.15234375
left,6,853,95.15234375
left,6,854,95.15234375
left,6,855,95.078125
left,6,856,95.15234375
left,6,857,95.15234375
left,6,858,95.15234375
left,6,859,95.15234375
left,6,860,95.15234375
left,6,861,95.15234375
left,6,862,95.23046875
left,6,863,95.23046875
left,6,864,95.23046875
left,6,865,95.3046875
left,6,866,95.23046875
left,6,867,95.23046875
left,6,868,95.23046875
left,6,869,95.23046875
left,6,870,95.23046875
left,6,871,95.3046875
left,6,872,95.3046875
left,6,873,95.3046875
left,6,874,95.3046875
left,6,875,95.3046875
left,6,876,95.3046875
left,6,877,95.3046875
left,6,878,95.3046875
left,6,879,95.3046875
left,6,880,95.3046875
left,6,881,95.3046875
left,6,882,95.3046875
left,6,883,95.3046875
left,6,884,95.3046875
left,6,885,95.3828125
left,6,886,95.3828125
left,6,887,95.3828125
left,6,888,95.3828125
left,6,889,95.3828125
left,6,890,95.3828125
left,6,891,95.3828125
left,6,892,95.3828125
left,6,893,95.3828125
left,6,894,95.3828125
left,6,895,95.3828125
left,6,896,95.3828125
left,6,897,95.3828125
left,6,898,95.3828125
left,6,899,95.3828125
left,6,900,95.45703125
left,6,901,95.45703125
left,6,902,95.53515625
left,6,903,95.45703125
left,6,904,95.45703125
left,6,905,95.45703125
left,6,906,95.45703125
left,6,907,95.45703125
left,6,908,95.45703125
left,6,909,95.45703125
left,6,910,95.45703125
left,6,911,95.45703125
left,6,912,95.45703125
left,6,913,95.45703125
left,6,914,95.53515625
left,6,915,95.53515625
left,6,916,95.53515625
left,6,917,95.53515625
left,6,918,95.53515625
left,6,919,95.45703125
left,6,920,95.53515625
left,6,921,95.53515625
left,6,922,95.53515625
left,6,923,95.53515625
left,6,924,95.53515625
left,6,925,95.53515625
left,6,926,95.53515625
left,6,927,95.53515625
left,6,928,95.609375
left,6,929,95.6875
left,6,930,95.6875
left,6,931,95.6875
left,6,932,95.6875
left,6,933,95.6875
left,6,934,95.6875
left,6,935,95.6875
left,6,936,95.724609375
left,6,937,95.724609375
left,6,938,95.724609375
left,6,939,95.798828125
left,6,940,95.76171875
left,6,941,95.76171875
left,6,942,95.76171875
left,6,943,95.6875
left,6,944,95.6875
left,6,945,95.6875
left,6,946,95.76171875
left,6,947,95.76171875
left,6,948,95.8359375
left,6,949,95.76171875
left,6,950,95.76171875
left,6,951,95.8359375
left,6,952,95.8359375
left,6,953,95.8359375
left,6,954,95.76171875
left,6,955,95.8359375
left,6,956,95.8359375
left,6,957,95.8359375
left,6,958,95.8359375
left,6,959,95.8359375
left,6,960,95.9140625
left,6,961,95.9140625
left,6,962,95.8359375
left,6,963,95.98828125
left,6,964,95.9140625
left,6,965,95.8359375
left,6,966,95.8359375
left,6,967,95.8359375
left,6,968,95.8359375
left,6,969,95.8359375
left,6,970,95.8359375
left,6,971,95.8359375
left,6,972,95.8359375
left,6,973,95.8359375
left,6,974,95.9140625
left,6,975,95.9140625
left,6,976,95.9140625
left,6,977,95.9140625
left,6,978,95.9140625
left,6,979,95.9140625
left,6,980,95.9140625
left,6,981,95.9140625
left,6,982,95.9140625
left,6,983,95.9140625
left,6,984,95.9140625
left,6,985,95.9140625
left,6,986,95.9140625
left,6,987,95.9140625
left,6,988,95.9140625
left,6,989,95.9140625
left,6,990,95.9140625
left,6,991,95.8359375
left,6,992,95.9140625
left,6,993,95.9140625
left,6,994,95.8359375
left,6,995,95.8359375
left,6,996,95.9140625
left,6,997,95.98828125
left,6,998,95.9140625
left,6,999,95.98828125
left,6,1000,95.98828125
left,6,1001,96.06640625
left,6,1002,96.06640625
left,6,1003,96.06640625
left,6,1004,96.06640625
left,6,1005,95.98828125
left,6,1006,96.06640625
left,6,1007,96.06640625
left,6,1008,95.98828125
left,6,1009,95.98828125
left,6,1010,96.06640625
left,6,1011,96.06640625
left,6,1012,96.06640625
left,6,1013,96.06640625
left,6,1014,96.06640625
left,6,1015,96.06640625
left,6,1016,96.06640625
left,6,1017,96.06640625
left,6,1018,96.06640625
left,6,1019,96.06640625
left,6,1020,96.06640625
left,6,1021,96.06640625
left,6,1022,96.06640625
left,6,1023,96.06640625
left,6,1024,96.06640625
left,6,1025,96.140625
left,6,1026,96.140625
left,6,1027,96.140625
left,6,1028,96.140625
left,6,1029,96.21875
left,6,1030,96.21875
left,6,1031,96.21875
left,6,1032,96.21875
left,6,1033,96.21875
left,6,1034,96.21875
left,6,1035,96.21875
left,6,1036,96.21875
left,6,1037,96.21875
left,6,1038,96.21875
left,6,1039,96.21875
left,6,1040,96.21875
left,6,1041,96.21875
left,6,1042,96.29296875
left,6,1043,96.21875
left,6,1044,96.21875
left,6,1045,96.21875
left,6,1046,96.21875
left,6,1047,96.21875
left,6,1048,96.21875
left,6,1049,96.21875
left,6,1050,96.29296875
left,6,1051,96.29296875
left,6,1052,96.29296875
left,6,1053,96.29296875
left,6,1054,96.29296875
left,6,1055,96.29296875
left,6,1056,96.29296875
left,6,1057,96.29296875
left,6,1058,96.29296875
left,6,1059,96.29296875
left,6,1060,96.29296875
left,6,1061,96.37109375
left,6,1062,96.29296875
left,6,1063,96.29296875
left,6,1064,96.29296875
left,6,1065,96.37109375
left,6,1066,96.29296875
left,6,1067,96.29296875
left,6,1068,96.29296875
left,6,1069,96.29296875
left,6,1070,96.29296875
left,6,1071,96.29296875
left,6,1072,96.37109375
left,6,1073,96.29296875
left,6,1074,96.29296875
left,6,1075,96.29296875
left,6,1076,96.29296875
left,6,1077,96.37109375
left,6,1078,96.29296875
left,6,1079,96.37109375
left,6,1080,96.37109375
left,6,1081,96.4453125
left,6,1082,96.37109375
left,6,1083,96.37109375
left,6,1084,96.4453125
left,6,1085,96.4453125
left,6,1086,96.4453125
left,6,1087,96.4453125
left,6,1088,96.4453125
left,6,1089,96.5234375
left,6,1090,96.4453125
left,6,1091,96.4453125
left,6,1092,96.4453125
left,6,1093,96.5234375
left,6,1094,96.4453125
left,6,1095,96.5234375
left,6,1096,96.5234375
left,6,1097,96.5234375
left,6,1098,96.5234375
left,6,1099,96.59765625
left,6,1100,96.59765625
left,6,1101,96.59765625
left,6,1102,96.59765625
left,6,1103,96.59765625
left,6,1104,96.59765625
left,6,1105,96.59765625
left,6,1106,96.59765625
left,6,1107,96.59765625
left,6,1108,96.59765625
left,6,1109,96.59765625
left,6,1110,96.67578125
left,6,1111,96.59765625
left,6,1112,96.75
left,6,1113,96.67578125
left,6,1114,96.67578125
left,6,1115,96.67578125
left,6,1116,96.67578125
left,6,1117,96.67578125
left,6,1118,96.75
left,6,1119,96.75
left,6,1120,96.67578125
left,6,1121,96.75
left,6,1122,96.75
left,6,1123,96.67578125
left,6,1124,96.67578125
left,6,1125,96.67578125
left,6,1126,96.67578125
left,6,1127,96.67578125
left,6,1128,96.67578125
left,6,1129,96.67578125
left,6,1130,96.67578125
left,6,1131,96.67578125
left,6,1132,96.75
left,6,1133,96.75
left,6,1134,96.75
left,6,1135,96.75
left,6,1136,96.75
left,6,1137,96.828125
left,6,1138,96.75
left,6,1139,96.75
left,6,1140,96.75
left,6,1141,96.67578125
left,6,1142,96.67578125
left,6,1143,96.67578125
left,6,1144,96.75
left,6,1145,96.67578125
left,6,1146,96.67578125
left,6,1147,96.67578125
left,6,1148,96.75
left,6,1149,96.75
left,6,1150,96.75
left,6,1151,96.75
left,6,1152,96.75
left,6,1153,96.75
left,6,1154,96.75
left,6,1155,96.75
left,6,1156,96.75
left,6,1157,96.75
left,6,1158,96.75
left,6,1159,96.75
left,6,1160,96.75
left,6,1161,96.828125
left,6,1162,96.828125
left,6,1163,96.828125
left,6,1164,96.75
left,6,1165,96.75
left,6,1166,96.67578125
left,6,1167,96.75
left,6,1168,96.75
left,6,1169,96.75
left,6,1170,96.75
left,6,1171,96.75
left,6,1172,96.828125
left,6,1173,96.75
left,6,1174,96.75
left,6,1175,96.75
left,6,1176,96.75
left,6,1177,96.75
left,6,1178,96.828125
left,6,1179,96.828125
left,6,1180,96.828125
left,6,1181,96.828125
left,6,1182,96.828125
left,6,1183,96.828125
left,6,1184,96.828125
left,6,1185,96.90234375
left,6,1186,96.828125
left,6,1187,96.828125
left,6,1188,96.828125
left,6,1189,96.828125
left,6,1190,96.90234375
left,6,1191,96.90234375
left,6,1192,96.90234375
left,6,1193,96.90234375
left,6,1194,96.90234375
left,6,1195,96.90234375
left,6,1196,96.90234375
left,6,1197,96.90234375
left,6,1198,96.828125
left,6,1199,96.828125
left,6,1200,96.828125
left,7,0,25.0
left,7,1,29.55859375
left,7,2,31.0703125
left,7,3,32.88671875
left,7,4,34.62890625
left,7,5,36.14453125
left,7,6,37.58203125
left,7,7,38.79296875
left,7,8,39.92578125
left,7,9,40.98828125
left,7,10,42.046875
left,7,11,42.953125
left,7,12,43.7109375
left,7,13,44.46875
left,7,14,45.1484375
left,7,15,45.83203125
left,7,16,46.4375
left,7,17,47.04296875
left,7,18,47.6484375
left,7,19,48.17578125
left,7,20,48.5546875
left,7,21,49.0859375
left,7,22,49.5390625
left,7,23,49.91796875
left,7,24,50.37109375
left,7,25,50.75
left,7,26,51.0546875
left,7,27,51.35546875
left,7,28,51.734375
left,7,29,52.0390625
left,7,30,52.33984375
left,7,31,52.56640625
left,7,32,52.87109375
left,7,33,53.09765625
left,7,34,53.32421875
left,7,35,53.55078125
left,7,36,53.77734375
left,7,37,54.00390625
left,7,38,54.23046875
left,7,39,54.3828125
left,7,40,54.609375
left,7,41,54.76171875
left,7,42,54.9140625
left,7,43,55.140625
left,7,44,55.29296875
left,7,45,55.44140625
left,7,46,55.59375
left,7,47,55.671875
left,7,48,55.8203125
left,7,49,55.97265625
left,7,50,56.125
left,7,51,56.19921875
left,7,52,56.42578125
left,7,53,56.50390625
left,7,54,56.65234375
left,7,55,56.73046875
left,7,56,56.8046875
left,7,57,56.95703125
left,7,58,57.03125
left,7,59,57.107421875
left,7,60,57.22265625
left,7,61,57.26171875
left,7,62,57.3359375
left,7,63,57.41015625
left,7,64,57.48828125
left,7,65,57.63671875
left,7,66,57.71484375
left,7,67,57.71484375
left,7,68,57.8671875
left,7,69,58.015625
left,7,70,58.015625
left,7,71,58.09375
left,7,72,58.16796875
left,7,73,58.2421875
left,7,74,58.3203125
left,7,75,58.39453125
left,7,76,58.47265625
left,7,77,58.546875
left,7,78,58.62109375
left,7,79,58.62109375
left,7,80,58.69921875
left,7,81,58.7734375
left,7,82,58.84765625
left,7,83,58.92578125
left,7,84,58.92578125
left,7,85,59.0
left,7,86,59.078125
left,7,87,59.15234375
left,7,88,59.15234375
left,7,89,59.3046875
left,7,90,59.37890625
left,7,91,59.37890625
left,7,92,59.453125
left,7,93,59.53125
left,7,94,59.60546875
left,7,95,59.68359375
left,7,96,59.68359375
left,7,97,59.83203125
left,7,98,59.83203125
left,7,99,59.83203125
left,7,100,59.83203125
left,7,101,59.91015625
left,7,102,59.984375
left,7,103,59.984375
left,7,104,60.05859375
left,7,105,60.13671875
left,7,106,60.13671875
left,7,107,60.2109375
left,7,108,60.2890625
left,7,109,60.2890625
left,7,110,60.36328125
left,7,111,60.4375
left,7,112,60.4375
left,7,113,60.515625
left,7,114,60.515625
left,7,115,60.58984375
left,7,116,60.6640625
left,7,117,60.6640625
left,7,118,60.7421875
left,7,119,60.81640625
left,7,120,60.7421875
left,7,121,60.81640625
left,7,122,60.81640625
left,7,123,60.96875
left,7,124,60.96875
left,7,125,60.96875
left,7,126,60.96875
left,7,127,61.04296875
left,7,128,61.12109375
left,7,129,61.12109375
left,7,130,61.1953125
left,7,131,61.1953125
left,7,132,61.1953125
left,7,133,61.1953125
left,7,134,61.26953125
left,7,135,61.26953125
left,7,136,61.26953125
left,7,137,61.34765625
left,7,138,61.421875
left,7,139,61.5
left,7,140,61.5
left,7,141,61.57421875
left,7,142,61.57421875
left,7,143,61.6484375
left,7,144,61.6484375
left,7,145,61.7265625
left,7,146,61.80078125
left,7,147,61.80078125
left,7,148,61.80078125
left,7,149,61.875
left,7,150,61.875
left,7,151,61.875
left,7,152,61.875
left,7,153,61.953125
left,7,154,61.953125
left,7,155,62.02734375
left,7,156,62.02734375
left,7,157,62.02734375
left,7,158,62.10546875
left,7,159,62.10546875
left,7,160,62.10546875
left,7,161,62.1796875
left,7,162,62.1796875
left,7,163,62.1796875
left,7,164,62.1796875
left,7,165,62.25390625
left,7,166,62.25390625
left,7,167,62.33203125
left,7,168,62.40625
left,7,169,62.33203125
left,7,170,62.40625
left,7,171,62.48046875
left,7,172,62.48046875
left,7,173,62.48046875
left,7,174,62.48046875
left,7,175,62.55859375
left,7,176,62.6328125
left,7,177,62.6328125
left,7,178,62.6328125
left,7,179,62.7109375
left,7,180,62.7109375
left,7,181,62.78515625
left,7,182,62.78515625
left,7,183,62.78515625
left,7,184,62.78515625
left,7,185,62.78515625
left,7,186,62.859375
left,7,187,62.859375
left,7,188,62.859375
left,7,189,62.9375
left,7,190,62.9375
left,7,191,63.01171875
left,7,192,63.01171875
left,7,193,63.01171875
left,7,194,63.01171875
left,7,195,63.0859375
left,7,196,63.0859375
left,7,197,63.0859375
left,7,198,63.0859375
left,7,199,63.0859375
left,7,200,63.1640625
left,7,201,63.0859375
left,7,202,63.0859375
left,7,203,63.1640625
left,7,204,63.1640625
left,7,205,63.23828125
left,7,206,63.23828125
left,7,207,63.23828125
left,7,208,63.23828125
left,7,209,63.31640625
left,7,210,63.31640625
left,7,211,63.31640625
left,7,212,63.390625
left,7,213,63.390625
left,7,214,63.390625
left,7,215,63.46484375
left,7,216,63.54296875
left,7,217,63.54296875
left,7,218,63.54296875
left,7,219,63.54296875
left,7,220,63.6171875
left,7,221,63.6171875
left,7,222,63.6171875
left,7,223,63.6171875
left,7,224,63.6171875
left,7,225,63.6171875
left,7,226,63.69140625
left,7,227,63.69140625
left,7,228,63.6171875
left,7,229,63.69140625
left,7,230,63.69140625
left,7,231,63.76953125
left,7,232,63.69140625
left,7,233,63.69140625
left,7,234,63.76953125
left,7,235,63.76953125
left,7,236,63.84375
left,7,237,63.84375
left,7,238,63.84375
left,7,239,63.84375
left,7,240,63.921875
left,7,241,63.99609375
left,7,242,63.99609375
left,7,243,64.0703125
left,7,244,63.99609375
left,7,245,64.0703125
left,7,246,64.0703125
left,7,247,64.1484375
left,7,248,64.1484375
left,7,249,64.22265625
left,7,250,64.1484375
left,7,251,64.22265625
left,7,252,64.22265625
left,7,253,64.22265625
left,7,254,64.296875
left,7,255,64.296875
left,7,256,64.375
left,7,257,64.296875
left,7,258,64.296875
left,7,259,64.375
left,7,260,64.375
left,7,261,64.375
left,7,262,64.375
left,7,263,64.44921875
left,7,264,64.44921875
left,7,265,64.44921875
left,7,266,64.44921875
left,7,267,64.44921875
left,7,268,64.52734375
left,7,269,64.52734375
left,7,270,64.44921875
left,7,271,64.52734375
left,7,272,64.52734375
left,7,273,64.52734375
left,7,274,64.6015625
left,7,275,64.52734375
left,7,276,64.52734375
left,7,277,64.6015625
left,7,278,64.6015625
left,7,279,64.6015625
left,7,280,64.6015625
left,7,281,64.6015625
left,7,282,64.67578125
left,7,283,64.67578125
left,7,284,64.67578125
left,7,285,64.67578125
left,7,286,64.67578125
left,7,287,64.75390625
left,7,288,64.75390625
left,7,289,64.75390625
left,7,290,64.75390625
left,7,291,64.75390625
left,7,292,64.828125
left,7,293,64.828125
left,7,294,64.828125
left,7,295,64.828125
left,7,296,64.828125
left,7,297,64.90234375
left,7,298,64.90234375
left,7,299,64.90234375
left,7,300,64.90234375
left,7,301,64.98046875
left,7,302,64.98046875
left,7,303,64.98046875
left,7,304,64.98046875
left,7,305,64.98046875
left,7,306,65.0546875
left,7,307,64.98046875
left,7,308,65.0546875
left,7,309,65.0546875
left,7,310,65.0546875
left,7,311,65.0546875
left,7,312,65.0546875
left,7,313,65.1328125
left,7,314,65.0546875
left,7,315,65.0546875
left,7,316,65.1328125
left,7,317,65.1328125
left,7,318,65.1328125
left,7,319,65.1328125
left,7,320,65.1328125
left,7,321,65.20703125
left,7,322,65.20703125
left,7,323,65.20703125
left,7,324,65.20703125
left,7,325,65.20703125
left,7,326,65.28125
left,7,327,65.28125
left,7,328,65.28125
left,7,329,65.28125
left,7,330,65.28125
left,7,331,65.359375
left,7,332,65.359375
left,7,333,65.43359375
left,7,334,65.359375
left,7,335,65.43359375
left,7,336,65.43359375
left,7,337,65.43359375
left,7,338,65.5078125
left,7,339,65.5859375
left,7,340,65.5078125
left,7,341,65.5078125
left,7,342,65.5859375
left,7,343,65.5078125
left,7,344,65.5078125
left,7,345,65.5859375
left,7,346,65.5859375
left,7,347,65.5859375
left,7,348,65.5859375
left,7,349,65.5859375
left,7,350,65.5859375
left,7,351,65.5859375
left,7,352,65.66015625
left,7,353,65.66015625
left,7,354,65.66015625
left,7,355,65.66015625
left,7,356,65.66015625
left,7,357,65.73828125
left,7,358,65.73828125
left,7,359,65.73828125
left,7,360,65.8125
left,7,361,65.73828125
left,7,362,65.8125
left,7,363,65.8125
left,7,364,65.8125
left,7,365,65.88671875
left,7,366,65.88671875
left,7,367,65.8125
left,7,368,65.88671875
left,7,369,65.88671875
left,7,370,65.88671875
left,7,371,65.88671875
left,7,372,65.88671875
left,7,373,65.96484375
left,7,374,65.96484375
left,7,375,65.96484375
left,7,376,65.96484375
left,7,377,65.96484375
left,7,378,66.0390625
left,7,379,66.0390625
left,7,380,66.0390625
left,7,381,66.0390625
left,7,382,66.0390625
left,7,383,66.0390625
left,7,384,66.0390625
left,7,385,66.0390625
left,7,386,66.0390625
left,7,387,66.11328125
left,7,388,66.11328125
left,7,389,66.11328125
left,7,390,66.19140625
left,7,391,66.19140625
left,7,392,66.11328125
left,7,393,66.19140625
left,7,394,66.19140625
left,7,395,66.19140625
left,7,396,66.19140625
left,7,397,66.265625
left,7,398,66.265625
left,7,399,66.265625
left,7,400,66.265625
left,7,401,66.265625
left,7,402,66.265625
left,7,403,66.34375
left,7,404,66.34375
left,7,405,66.265625
left,7,406,66.34375
left,7,407,66.34375
left,7,408,66.34375
left,7,409,66.34375
left,7,410,66.34375
left,7,411,66.34375
left,7,412,66.34375
left,7,413,66.41796875
left,7,414,66.34375
left,7,415,66.41796875
left,7,416,66.34375
left,7,417,66.41796875
left,7,418,66.41796875
left,7,419,66.41796875
left,7,420,66.41796875
left,7,421,66.41796875
left,7,422,66.41796875
left,7,423,66.41796875
left,7,424,66.4921875
left,7,425,66.41796875
left,7,426,66.4921875
left,7,427,66.4921875
left,7,428,66.4921875
left,7,429,66.4921875
left,7,430,66.4921875
left,7,431,66.4921875
left,7,432,66.5703125
left,7,433,66.5703125
left,7,434,66.5703125
left,7,435,66.5703125
left,7,436,66.64453125
left,7,437,66.5703125
left,7,438,66.5703125
left,7,439,66.5703125
left,7,440,66.64453125
left,7,441,66.64453125
left,7,442,66.64453125
left,7,443,66.64453125
left,7,444,66.64453125
left,7,445,66.71875
left,7,446,66.64453125
left,7,447,66.71875
left,7,448,66.71875
left,7,449,66.71875
left,7,450,66.71875
left,7,451,66.71875
left,7,452,66.71875
left,7,453,66.71875
left,7,454,66.71875
left,7,455,66.71875
left,7,456,66.796875
left,7,457,66.796875
left,7,458,66.796875
left,7,459,66.796875
left,7,460,66.796875
left,7,461,66.71875
left,7,462,66.796875
left,7,463,66.796875
left,7,464,66.796875
left,7,465,66.796875
left,7,466,66.796875
left,7,467,66.87109375
left,7,468,66.87109375
left,7,469,66.87109375
left,7,470,66.87109375
left,7,471,66.87109375
left,7,472,66.87109375
left,7,473,66.87109375
left,7,474,66.87109375
left,7,475,66.94921875
left,7,476,66.94921875
left,7,477,66.94921875
left,7,478,66.94921875
left,7,479,66.94921875
left,7,480,66.94921875
left,7,481,66.94921875
left,7,482,67.0234375
left,7,483,67.0234375
left,7,484,67.0234375
left,7,485,67.0234375
left,7,486,67.0234375
left,7,487,67.09765625
left,7,488,67.0234375
left,7,489,67.0234375
left,7,490,67.09765625
left,7,491,67.09765625
left,7,492,67.09765625
left,7,493,67.17578125
left,7,494,67.09765625
left,7,495,67.17578125
left,7,496,67.09765625
left,7,497,67.17578125
left,7,498,67.17578125
left,7,499,67.25
left,7,500,67.17578125
left,7,501,67.17578125
left,7,502,67.17578125
left,7,503,67.17578125
left,7,504,67.17578125
left,7,505,67.17578125
left,7,506,67.25
left,7,507,67.25
left,7,508,67.25
left,7,509,67.25
left,7,510,67.25
left,7,511,67.17578125
left,7,512,67.25
left,7,513,67.328125
left,7,514,67.328125
left,7,515,67.328125
left,7,516,67.328125
left,7,517,67.25
left,7,518,67.328125
left,7,519,67.328125
left,7,520,67.40234375
left,7,521,67.328125
left,7,522,67.328125
left,7,523,67.328125
left,7,524,67.328125
left,7,525,67.40234375
left,7,526,67.40234375
left,7,527,67.40234375
left,7,528,67.40234375
left,7,529,67.40234375
left,7,530,67.40234375
left,7,531,67.40234375
left,7,532,67.40234375
left,7,533,67.4765625
left,7,534,67.4765625
left,7,535,67.4765625
left,7,536,67.4765625
left,7,537,67.4765625
left,7,538,67.4765625
left,7,539,67.4765625
left,7,540,67.4765625
left,7,541,67.4765625
left,7,542,67.4765625
left,7,543,67.4765625
left,7,544,67.5546875
left,7,545,67.5546875
left,7,546,67.4765625
left,7,547,67.5546875
left,7,548,67.62890625
left,7,549,67.5546875
left,7,550,67.62890625
left,7,551,67.62890625
left,7,552,67.62890625
left,7,553,67.62890625
left,7,554,67.62890625
left,7,555,67.62890625
left,7,556,67.62890625
left,7,557,67.62890625
left,7,558,67.62890625
left,7,559,67.62890625
left,7,560,67.62890625
left,7,561,67.62890625
left,7,562,67.62890625
left,7,563,67.62890625
left,7,564,67.62890625
left,7,565,67.62890625
left,7,566,67.703125
left,7,567,67.703125
left,7,568,67.703125
left,7,569,67.703125
left,7,570,67.703125
left,7,571,67.78125
left,7,572,67.703125
left,7,573,67.78125
left,7,574,67.78125
left,7,575,67.703125
left,7,576,67.78125
left,7,577,67.703125
left,7,578,67.703125
left,7,579,67.78125
left,7,580,67.703125
left,7,581,67.78125
left,7,582,67.78125
left,7,583,67.78125
left,7,584,67.78125
left,7,585,67.703125
left,7,586,67.85546875
left,7,587,67.78125
left,7,588,67.78125
left,7,589,67.78125
left,7,590,67.85546875
left,7,591,67.78125
left,7,592,67.85546875
left,7,593,67.85546875
left,7,594,67.85546875
left,7,595,67.85546875
left,7,596,67.85546875
left,7,597,67.85546875
left,7,598,67.85546875
left,7,599,67.93359375
left,7,600,67.93359375
left,7,601,67.85546875
left,7,602,67.85546875
left,7,603,67.93359375
left,7,604,67.85546875
left,7,605,67.85546875
left,7,606,67.93359375
left,7,607,67.85546875
left,7,608,67.93359375
left,7,609,67.93359375
left,7,610,67.93359375
left,7,611,67.93359375
left,7,612,68.0078125
left,7,613,68.0078125
left,7,614,67.93359375
left,7,615,68.0078125
left,7,616,68.0078125
left,7,617,68.0078125
left,7,618,68.08203125
left,7,619,68.0078125
left,7,620,68.0078125
left,7,621,68.0078125
left,7,622,68.08203125
left,7,623,68.0078125
left,7,624,68.08203125
left,7,625,68.08203125
left,7,626,68.08203125
left,7,627,68.08203125
left,7,628,68.08203125
left,7,629,68.08203125
left,7,630,68.08203125
left,7,631,68.08203125
left,7,632,68.08203125
left,7,633,68.08203125
left,7,634,68.16015625
left,7,635,68.16015625
left,7,636,68.16015625
left,7,637,68.08203125
left,7,638,68.08203125
left,7,639,68.16015625
left,7,640,68.16015625
left,7,641,68.16015625
left,7,642,68.16015625
left,7,643,68.16015625
left,7,644,68.16015625
left,7,645,68.16015625
left,7,646,68.16015625
left,7,647,68.16015625
left,7,648,68.16015625
left,7,649,68.16015625
left,7,650,68.16015625
left,7,651,68.16015625
left,7,652,68.234375
left,7,653,68.234375
left,7,654,68.234375
left,7,655,68.234375
left,7,656,68.234375
left,7,657,68.234375
left,7,658,68.234375
left,7,659,68.234375
left,7,660,68.234375
left,7,661,68.234375
left,7,662,68.234375
left,7,663,68.234375
left,7,664,68.30859375
left,7,665,68.30859375
left,7,666,68.30859375
left,7,667,68.30859375
left,7,668,68.30859375
left,7,669,68.30859375
left,7,670,68.30859375
left,7,671,68.38671875
left,7,672,68.38671875
left,7,673,68.38671875
left,7,674,68.38671875
left,7,675,68.30859375
left,7,676,68.38671875
left,7,677,68.38671875
left,7,678,68.38671875
left,7,679,68.38671875
left,7,680,68.38671875
left,7,681,68.38671875
left,7,682,68.38671875
left,7,683,68.38671875
left,7,684,68.38671875
left,7,685,68.38671875
left,7,686,68.38671875
left,7,687,68.38671875
left,7,688,68.38671875
left,7,689,68.4609375
left,7,690,68.4609375
left,7,691,68.4609375
left,7,692,68.4609375
left,7,693,68.5390625
left,7,694,68.5390625
left,7,695,68.4609375
left,7,696,68.5390625
left,7,697,68.5390625
left,7,698,68.4609375
left,7,699,68.4609375
left,7,700,68.4609375
left,7,701,68.5390625
left,7,702,68.5390625
left,7,703,68.5390625
left,7,704,68.5390625
left,7,705,68.5390625
left,7,706,68.5390625
left,7,707,68.5390625
left,7,708,68.5390625
left,7,709,68.5390625
left,7,710,68.61328125
left,7,711,68.5390625
left,7,712,68.5390625
left,7,713,68.5390625
left,7,714,68.5390625
left,7,715,68.61328125
left,7,716,68.61328125
left,7,717,68.61328125
left,7,718,68.61328125
left,7,719,68.61328125
left,7,720,68.61328125
left,7,721,68.61328125
left,7,722,68.61328125
left,7,723,68.6875
left,7,724,68.6875
left,7,725,68.61328125
left,7,726,68.61328125
left,7,727,68.6875
left,7,728,68.61328125
left,7,729,68.6875
left,7,730,68.6875
left,7,731,68.6875
left,7,732,68.6875
left,7,733,68.6875
left,7,734,68.6875
left,7,735,68.6875
left,7,736,68.6875
left,7,737,68.6875
left,7,738,68.6875
left,7,739,68.765625
left,7,740,68.6875
left,7,741,68.6875
left,7,742,68.6875
left,7,743,68.6875
left,7,744,68.765625
left,7,745,68.765625
left,7,746,68.765625
left,7,747,68.765625
left,7,748,68.765625
left,7,749,68.765625
left,7,750,68.765625
left,7,751,68.765625
left,7,752,68.765625
left,7,753,68.765625
left,7,754,68.765625
left,7,755,68.765625
left,7,756,68.765625
left,7,757,68.83984375
left,7,758,68.765625
left,7,759,68.765625
left,7,760,68.765625
left,7,761,68.83984375
left,7,762,68.765625
left,7,763,68.765625
left,7,764,68.83984375
left,7,765,68.765625
left,7,766,68.765625
left,7,767,68.765625
left,7,768,68.765625
left,7,769,68.83984375
left,7,770,68.83984375
left,7,771,68.83984375
left,7,772,68.765625
left,7,773,68.83984375
left,7,774,68.83984375
left,7,775,68.83984375
left,7,776,68.83984375
left,7,777,68.83984375
left,7,778,68.83984375
left,7,779,68.83984375
left,7,780,68.83984375
left,7,781,68.83984375
left,7,782,68.83984375
left,7,783,68.83984375
left,7,784,68.9140625
left,7,785,68.9140625
left,7,786,68.9140625
left,7,787,68.9140625
left,7,788,68.83984375
left,7,789,68.9140625
left,7,790,68.9140625
left,7,791,68.83984375
left,7,792,68.83984375
left,7,793,68.9140625
left,7,794,68.9140625
left,7,795,68.9140625
left,7,796,68.9140625
left,7,797,68.9140625
left,7,798,68.9921875
left,7,799,68.9140625
left,7,800,68.9140625
left,7,801,68.9140625
left,7,802,68.9921875
left,7,803,68.9921875
left,7,804,68.9140625
left,7,805,68.9921875
left,7,806,68.9921875
left,7,807,68.9921875
left,7,808,68.9921875
left,7,809,68.9921875
left,7,810,68.9921875
left,7,811,68.9921875
left,7,812,68.9921875
left,7,813,68.9921875
left,7,814,68.9921875
left,7,815,68.9921875
left,7,816,69.06640625
left,7,817,68.9921875
left,7,818,68.9921875
left,7,819,68.9921875
left,7,820,68.9921875
left,7,821,68.9921875
left,7,822,69.06640625
left,7,823,69.06640625
left,7,824,69.06640625
left,7,825,69.06640625
left,7,826,69.06640625
left,7,827,69.06640625
left,7,828,69.06640625
left,7,829,69.10546875
left,7,830,69.10546875
left,7,831,69.10546875
left,7,832,69.10546875
left,7,833,69.06640625
left,7,834,69.10546875
left,7,835,69.14453125
left,7,836,69.10546875
left,7,837,69.06640625
left,7,838,69.10546875
left,7,839,69.10546875
left,7,840,69.06640625
left,7,841,69.06640625
left,7,842,69.10546875
left,7,843,69.10546875
left,7,844,69.10546875
left,7,845,69.10546875
left,7,846,69.06640625
left,7,847,69.10546875
left,7,848,69.14453125
left,7,849,69.10546875
left,7,850,69.10546875
left,7,851,69.10546875
left,7,852,69.10546875
left,7,853,69.10546875
left,7,854,69.06640625
left,7,855,69.10546875
left,7,856,69.14453125
left,7,857,69.14453125
left,7,858,69.14453125
left,7,859,69.14453125
left,7,860,69.14453125
left,7,861,69.14453125
left,7,862,69.14453125
left,7,863,69.14453125
left,7,864,69.14453125
left,7,865,69.14453125
left,7,866,69.14453125
left,7,867,69.14453125
left,7,868,69.14453125
left,7,869,69.14453125
left,7,870,69.14453125
left,7,871,69.14453125
left,7,872,69.14453125
left,7,873,69.14453125
left,7,874,69.14453125
left,7,875,69.14453125
left,7,876,69.14453125
left,7,877,69.14453125
left,7,878,69.14453125
left,7,879,69.14453125
left,7,880,69.14453125
left,7,881,69.14453125
left,7,882,69.21875
left,7,883,69.14453125
left,7,884,69.14453125
left,7,885,69.14453125
left,7,886,69.14453125
left,7,887,69.14453125
left,7,888,69.14453125
left,7,889,69.14453125
left,7,890,69.21875
left,7,891,69.14453125
left,7,892,69.14453125
left,7,893,69.21875
left,7,894,69.21875
left,7,895,69.14453125
left,7,896,69.21875
left,7,897,69.21875
left,7,898,69.21875
left,7,899,69.21875
left,7,900,69.14453125
left,7,901,69.14453125
left,7,902,69.14453125
left,7,903,69.21875
left,7,904,69.21875
left,7,905,69.14453125
left,7,906,69.14453125
left,7,907,69.21875
left,7,908,69.14453125
left,7,909,69.21875
left,7,910,69.21875
left,7,911,69.21875
left,7,912,69.21875
left,7,913,69.21875
left,7,914,69.21875
left,7,915,69.21875
left,7,916,69.29296875
left,7,917,69.29296875
left,7,918,69.21875
left,7,919,69.29296875
left,7,920,69.21875
left,7,921,69.29296875
left,7,922,69.29296875
left,7,923,69.37109375
left,7,924,69.29296875
left,7,925,69.29296875
left,7,926,69.29296875
left,7,927,69.29296875
left,7,928,69.29296875
left,7,929,69.29296875
left,7,930,69.29296875
left,7,931,69.29296875
left,7,932,69.29296875
left,7,933,69.37109375
left,7,934,69.29296875
left,7,935,69.37109375
left,7,936,69.37109375
left,7,937,69.29296875
left,7,938,69.37109375
left,7,939,69.37109375
left,7,940,69.37109375
left,7,941,69.37109375
left,7,942,69.37109375
left,7,943,69.37109375
left,7,944,69.4453125
left,7,945,69.37109375
left,7,946,69.37109375
left,7,947,69.37109375
left,7,948,69.37109375
left,7,949,69.4453125
left,7,950,69.37109375
left,7,951,69.4453125
left,7,952,69.37109375
left,7,953,69.4453125
left,7,954,69.4453125
left,7,955,69.4453125
left,7,956,69.4453125
left,7,957,69.51953125
left,7,958,69.51953125
left,7,959,69.51953125
left,7,960,69.51953125
left,7,961,69.51953125
left,7,962,69.4453125
left,7,963,69.51953125
left,7,964,69.51953125
left,7,965,69.51953125
left,7,966,69.4453125
left,7,967,69.4453125
left,7,968,69.51953125
left,7,969,69.51953125
left,7,970,69.51953125
left,7,971,69.51953125
left,7,972,69.51953125
left,7,973,69.51953125
left,7,974,69.51953125
left,7,975,69.51953125
left,7,976,69.51953125
left,7,977,69.51953125
left,7,978,69.51953125
left,7,979,69.51953125
left,7,980,69.51953125
left,7,981,69.51953125
left,7,982,69.51953125
left,7,983,69.51953125
left,7,984,69.51953125
left,7,985,69.51953125
left,7,986,69.51953125
left,7,987,69.51953125
left,7,988,69.59765625
left,7,989,69.51953125
left,7,990,69.59765625
left,7,991,69.59765625
left,7,992,69.59765625
left,7,993,69.59765625
left,7,994,69.59765625
left,7,995,69.59765625
left,7,996,69.59765625
left,7,997,69.59765625
left,7,998,69.59765625
left,7,999,69.51953125
left,7,1000,69.59765625
left,7,1001,69.59765625
left,7,1002,69.59765625
left,7,1003,69.59765625
left,7,1004,69.59765625
left,7,1005,69.59765625
left,7,1006,69.59765625
left,7,1007,69.59765625
left,7,1008,69.671875
left,7,1009,69.59765625
left,7,1010,69.59765625
left,7,1011,69.671875
left,7,1012,69.671875
left,7,1013,69.59765625
left,7,1014,69.671875
left,7,1015,69.671875
left,7,1016,69.671875
left,7,1017,69.671875
left,7,1018,69.59765625
left,7,1019,69.671875
left,7,1020,69.671875
left,7,1021,69.671875
left,7,1022,69.671875
left,7,1023,69.59765625
left,7,1024,69.59765625
left,7,1025,69.59765625
left,7,1026,69.671875
left,7,1027,69.59765625
left,7,1028,69.671875
left,7,1029,69.671875
left,7,1030,69.671875
left,7,1031,69.59765625
left,7,1032,69.59765625
left,7,1033,69.59765625
left,7,1034,69.59765625
left,7,1035,69.59765625
left,7,1036,69.671875
left,7,1037,69.671875
left,7,1038,69.671875
left,7,1039,69.671875
left,7,1040,69.671875
left,7,1041,69.671875
left,7,1042,69.59765625
left,7,1043,69.671875
left,7,1044,69.671875
left,7,1045,69.671875
left,7,1046,69.671875
left,7,1047,69.671875
left,7,1048,69.671875
left,7,1049,69.671875
left,7,1050,69.671875
left,7,1051,69.671875
left,7,1052,69.671875
left,7,1053,69.75
left,7,1054,69.671875
left,7,1055,69.671875
left,7,1056,69.671875
left,7,1057,69.671875
left,7,1058,69.671875
left,7,1059,69.75
left,7,1060,69.671875
left,7,1061,69.75
left,7,1062,69.75
left,7,1063,69.75
left,7,1064,69.75
left,7,1065,69.671875
left,7,1066,69.671875
left,7,1067,69.671875
left,7,1068,69.671875
left,7,1069,69.671875
left,7,1070,69.75
left,7,1071,69.75
left,7,1072,69.75
left,7,1073,69.671875
left,7,1074,69.75
left,7,1075,69.75
left,7,1076,69.82421875
left,7,1077,69.75
left,7,1078,69.75
left,7,1079,69.75
left,7,1080,69.75
left,7,1081,69.75
left,7,1082,69.82421875
left,7,1083,69.75
left,7,1084,69.75
left,7,1085,69.75
left,7,1086,69.75
left,7,1087,69.75
left,7,1088,69.82421875
left,7,1089,69.82421875
left,7,1090,69.82421875
left,7,1091,69.82421875
left,7,1092,69.82421875
left,7,1093,69.82421875
left,7,1094,69.75
left,7,1095,69.82421875
left,7,1096,69.82421875
left,7,1097,69.82421875
left,7,1098,69.82421875
left,7,1099,69.8984375
left,7,1100,69.8984375
left,7,1101,69.8984375
left,7,1102,69.8984375
left,7,1103,69.8984375
left,7,1104,69.8984375
left,7,1105,69.82421875
left,7,1106,69.8984375
left,7,1107,69.8984375
left,7,1108,69.8984375
left,7,1109,69.8984375
left,7,1110,69.82421875
left,7,1111,69.8984375
left,7,1112,69.8984375
left,7,1113,69.8984375
left,7,1114,69.8984375
left,7,1115,69.82421875
left,7,1116,69.8984375
left,7,1117,69.8984375
left,7,1118,69.8984375
left,7,1119,69.8984375
left,7,1120,69.8984375
left,7,1121,69.82421875
left,7,1122,69.8984375
left,7,1123,69.82421875
left,7,1124,69.8984375
left,7,1125,69.8984375
left,7,1126,69.8984375
left,7,1127,69.8984375
left,7,1128,69.8984375
left,7,1129,69.8984375
left,7,1130,69.9765625
left,7,1131,69.8984375
left,7,1132,69.8984375
left,7,1133,69.8984375
left,7,1134,69.8984375
left,7,1135,69.8984375
left,7,1136,69.8984375
left,7,1137,69.8984375
left,7,1138,69.8984375
left,7,1139,69.9765625
left,7,1140,69.9765625
left,7,1141,69.9765625
left,7,1142,69.9765625
left,7,1143,69.9765625
left,7,1144,69.9765625
left,7,1145,70.05078125
left,7,1146,69.9765625
left,7,1147,69.9765625
left,7,1148,69.9765625
left,7,1149,69.9765625
left,7,1150,69.9765625
left,7,1151,69.9765625
left,7,1152,69.9765625
left,7,1153,69.9765625
left,7,1154,70.05078125
left,7,1155,69.9765625
left,7,1156,69.9765625
left,7,1157,69.9765625
left,7,1158,69.9765625
left,7,1159,69.9765625
left,7,1160,70.05078125
left,7,1161,70.05078125
left,7,1162,70.05078125
left,7,1163,69.9765625
left,7,1164,69.9765625
left,7,1165,69.9765625
left,7,1166,69.9765625
left,7,1167,69.9765625
left,7,1168,70.05078125
left,7,1169,69.9765625
left,7,1170,70.05078125
left,7,1171,69.9765625
left,7,1172,69.9765625
left,7,1173,69.9765625
left,7,1174,70.05078125
left,7,1175,70.05078125
left,7,1176,69.9765625
left,7,1177,69.9765625
left,7,1178,69.9765625
left,7,1179,70.05078125
left,7,1180,69.9765625
left,7,1181,70.05078125
left,7,1182,69.9765625
left,7,1183,69.9765625
left,7,1184,69.9765625
left,7,1185,70.05078125
left,7,1186,70.05078125
left,7,1187,70.05078125
left,7,1188,70.05078125
left,7,1189,70.05078125
left,7,1190,70.05078125
left,7,1191,70.05078125
left,7,1192,70.05078125
left,7,1193,70.05078125
left,7,1194,70.05078125
left,7,1195,70.05078125
left,7,1196,70.05078125
left,7,1197,70.05078125
left,7,1198,70.05078125
left,7,1199,70.05078125
left,7,1200,70.125
right,0,0,26.74609375
right,0,1,28.2578125
right,0,2,29.7734375
right,0,3,31.13671875
right,0,4,32.046875
right,0,5,33.18359375
right,0,6,34.39453125
right,0,7,35.37890625
right,0,8,35.37890625
right,0,9,36.44140625
right,0,10,37.2734375
right,0,11,37.95703125
right,0,12,38.63671875
right,0,13,39.2421875
right,0,14,39.7734375
right,0,15,40.3046875
right,0,16,40.68359375
right,0,17,41.13671875
right,0,18,41.44140625
right,0,19,41.8203125
right,0,20,42.046875
right,0,21,42.42578125
right,0,22,42.578125
right,0,23,42.8046875
right,0,24,43.03125
right,0,25,43.3359375
right,0,26,43.48828125
right,0,27,43.71484375
right,0,28,43.8671875
right,0,29,44.015625
right,0,30,44.09375
right,0,31,44.2421875
right,0,32,44.39453125
right,0,33,44.546875
right,0,34,44.62109375
right,0,35,44.69921875
right,0,36,44.8515625
right,0,37,44.92578125
right,0,38,45.0
right,0,39,45.078125
right,0,40,45.15234375
right,0,41,45.23046875
right,0,42,45.3046875
right,0,43,45.37890625
right,0,44,45.45703125
right,0,45,45.53125
right,0,46,45.609375
right,0,47,45.68359375
right,0,48,45.7578125
right,0,49,45.7578125
right,0,50,45.8359375
right,0,51,45.8359375
right,0,52,45.91015625
right,0,53,45.98828125
right,0,54,45.98828125
right,0,55,46.0625
right,0,56,46.0625
right,0,57,46.13671875
right,0,58,46.13671875
right,0,59,46.21484375
right,0,60,46.2890625
right,0,61,46.2890625
right,0,62,46.36328125
right,0,63,46.36328125
right,0,64,46.44140625
right,0,65,46.44140625
right,0,66,46.515625
right,0,67,46.515625
right,0,68,46.515625
right,0,69,46.59375
right,0,70,46.66796875
right,0,71,46.66796875
right,0,72,46.66796875
right,0,73,46.7421875
right,0,74,46.8203125
right,0,75,46.8203125
right,0,76,46.89453125
right,0,77,46.89453125
right,0,78,46.97265625
right,0,79,46.97265625
right,0,80,46.97265625
right,0,81,46.97265625
right,0,82,47.046875
right,0,83,47.12109375
right,0,84,47.046875
right,0,85,47.12109375
right,0,86,47.12109375
right,0,87,47.12109375
right,0,88,47.12109375
right,0,89,47.19921875
right,0,90,47.19921875
right,0,91,47.2734375
right,0,92,47.2734375
right,0,93,47.2734375
right,0,94,47.2734375
right,0,95,47.3515625
right,0,96,47.3515625
right,0,97,47.42578125
right,0,98,47.42578125
right,0,99,47.42578125
right,0,100,47.42578125
right,0,101,47.5
right,0,102,47.5
right,0,103,47.5
right,0,104,47.578125
right,0,105,47.578125
right,0,106,47.578125
right,0,107,47.578125
right,0,108,47.65234375
right,0,109,47.65234375
right,0,110,47.65234375
right,0,111,47.73046875
right,0,112,47.73046875
right,0,113,47.73046875
right,0,114,47.73046875
right,0,115,47.8046875
right,0,116,47.8046875
right,0,117,47.87890625
right,0,118,47.87890625
right,0,119,47.87890625
right,0,120,47.95703125
right,0,121,47.95703125
right,0,122,47.95703125
right,0,123,47.95703125
right,0,124,47.95703125
right,0,125,48.03125
right,0,126,48.109375
right,0,127,48.03125
right,0,128,48.109375
right,0,129,48.109375
right,0,130,48.18359375
right,0,131,48.18359375
right,0,132,48.18359375
right,0,133,48.18359375
right,0,134,48.18359375
right,0,135,48.18359375
right,0,136,48.2578125
right,0,137,48.2578125
right,0,138,48.18359375
right,0,139,48.2578125
right,0,140,48.3359375
right,0,141,48.3359375
right,0,142,48.3359375
right,0,143,48.3359375
right,0,144,48.3359375
right,0,145,48.41015625
right,0,146,48.41015625
right,0,147,48.41015625
right,0,148,48.48828125
right,0,149,48.48828125
right,0,150,48.48828125
right,0,151,48.48828125
right,0,152,48.48828125
right,0,153,48.48828125
right,0,154,48.5625
right,0,155,48.5625
right,0,156,48.5625
right,0,157,48.5625
right,0,158,48.63671875
right,0,159,48.5625
right,0,160,48.63671875
right,0,161,48.63671875
right,0,162,48.63671875
right,0,163,48.63671875
right,0,164,48.63671875
right,0,165,48.63671875
right,0,166,48.71484375
right,0,167,48.71484375
right,0,168,48.71484375
right,0,169,48.71484375
right,0,170,48.7890625
right,0,171,48.71484375
right,0,172,48.7890625
right,0,173,48.7890625
right,0,174,48.7890625
right,0,175,48.86328125
right,0,176,48.86328125
right,0,177,48.7890625
right,0,178,48.86328125
right,0,179,48.86328125
right,0,180,48.86328125
right,0,181,48.86328125
right,0,182,48.86328125
right,0,183,48.94140625
right,0,184,48.94140625
right,0,185,48.94140625
right,0,186,48.94140625
right,0,187,49.015625
right,0,188,48.94140625
right,0,189,49.015625
right,0,190,49.015625
right,0,191,49.015625
right,0,192,49.015625
right,0,193,49.09375
right,0,194,49.09375
right,0,195,49.09375
right,0,196,49.09375
right,0,197,49.09375
right,0,198,49.09375
right,0,199,49.09375
right,0,200,49.16796875
right,0,201,49.16796875
right,0,202,49.16796875
right,0,203,49.16796875
right,0,204,49.16796875
right,0,205,49.2421875
right,0,206,49.2421875
right,0,207,49.2421875
right,0,208,49.2421875
right,0,209,49.2421875
right,0,210,49.3203125
right,0,211,49.3203125
right,0,212,49.3203125
right,0,213,49.3203125
right,0,214,49.3203125
right,0,215,49.3203125
right,0,216,49.39453125
right,0,217,49.3203125
right,0,218,49.3203125
right,0,219,49.39453125
right,0,220,49.39453125
right,0,221,49.39453125
right,0,222,49.39453125
right,0,223,49.47265625
right,0,224,49.47265625
right,0,225,49.47265625
right,0,226,49.39453125
right,0,227,49.39453125
right,0,228,49.39453125
right,0,229,49.47265625
right,0,230,49.47265625
right,0,231,49.47265625
right,0,232,49.47265625
right,0,233,49.47265625
right,0,234,49.546875
right,0,235,49.546875
right,0,236,49.546875
right,0,237,49.546875
right,0,238,49.546875
right,0,239,49.546875
right,0,240,49.62109375
right,0,241,49.62109375
right,0,242,49.62109375
right,0,243,49.62109375
right,0,244,49.62109375
right,0,245,49.69921875
right,0,246,49.62109375
right,0,247,49.69921875
right,0,248,49.69921875
right,0,249,49.69921875
right,0,250,49.69921875
right,0,251,49.69921875
right,0,252,49.69921875
right,0,253,49.7734375
right,0,254,49.69921875
right,0,255,49.7734375
right,0,256,49.7734375
right,0,257,49.7734375
right,0,258,49.7734375
right,0,259,49.7734375
right,0,260,49.8515625
right,0,261,49.7734375
right,0,262,49.7734375
right,0,263,49.7734375
right,0,264,49.7734375
right,0,265,49.8515625
right,0,266,49.8515625
right,0,267,49.8515625
right,0,268,49.92578125
right,0,269,49.8515625
right,0,270,49.92578125
right,0,271,49.92578125
right,0,272,49.92578125
right,0,273,49.92578125
right,0,274,49.92578125
right,0,275,49.92578125
right,0,276,49.92578125
right,0,277,50.0
right,0,278,50.0
right,0,279,50.0
right,0,280,50.0
right,0,281,50.0
right,0,282,50.0
right,0,283,50.0
right,0,284,50.078125
right,0,285,50.078125
right,0,286,50.078125
right,0,287,50.0
right,0,288,50.078125
right,0,289,50.078125
right,0,290,50.078125
right,0,291,50.15234375
right,0,292,50.15234375
right,0,293,50.15234375
right,0,294,50.15234375
right,0,295,50.15234375
right,0,296,50.15234375
right,0,297,50.15234375
right,0,298,50.15234375
right,0,299,50.15234375
right,0,300,50.23046875
right,0,301,50.23046875
right,0,302,50.15234375
right,0,303,50.23046875
right,0,304,50.23046875
right,0,305,50.3046875
right,0,306,50.23046875
right,0,307,50.3046875
right,0,308,50.3046875
right,0,309,50.3046875
right,0,310,50.3046875
right,0,311,50.3046875
right,0,312,50.3046875
right,0,313,50.3046875
right,0,314,50.3046875
right,0,315,50.37890625
right,0,316,50.3046875
right,0,317,50.3046875
right,0,318,50.37890625
right,0,319,50.37890625
right,0,320,50.37890625
right,0,321,50.37890625
right,0,322,50.37890625
right,0,323,50.37890625
right,0,324,50.37890625
right,0,325,50.37890625
right,0,326,50.37890625
right,0,327,50.37890625
right,0,328,50.45703125
right,0,329,50.45703125
right,0,330,50.45703125
right,0,331,50.37890625
right,0,332,50.45703125
right,0,333,50.45703125
right,0,334,50.45703125
right,0,335,50.45703125
right,0,336,50.45703125
right,0,337,50.45703125
right,0,338,50.45703125
right,0,339,50.45703125
right,0,340,50.45703125
right,0,341,50.53125
right,0,342,50.53125
right,0,343,50.53125
right,0,344,50.53125
right,0,345,50.53125
right,0,346,50.609375
right,0,347,50.609375
right,0,348,50.609375
right,0,349,50.609375
right,0,350,50.609375
right,0,351,50.609375
right,0,352,50.68359375
right,0,353,50.609375
right,0,354,50.609375
right,0,355,50.68359375
right,0,356,50.68359375
right,0,357,50.68359375
right,0,358,50.68359375
right,0,359,50.68359375
right,0,360,50.68359375
right,0,361,50.68359375
right,0,362,50.68359375
right,0,363,50.7578125
right,0,364,50.7578125
right,0,365,50.7578125
right,0,366,50.7578125
right,0,367,50.7578125
right,0,368,50.7578125
right,0,369,50.7578125
right,0,370,50.7578125
right,0,371,50.7578125
right,0,372,50.8359375
right,0,373,50.7578125
right,0,374,50.7578125
right,0,375,50.7578125
right,0,376,50.7578125
right,0,377,50.7578125
right,0,378,50.7578125
right,0,379,50.7578125
right,0,380,50.7578125
right,0,381,50.8359375
right,0,382,50.8359375
right,0,383,50.7578125
right,0,384,50.7578125
right,0,385,50.8359375
right,0,386,50.8359375
right,0,387,50.8359375
right,0,388,50.8359375
right,0,389,50.8359375
right,0,390,50.8359375
right,0,391,50.8359375
right,0,392,50.8359375
right,0,393,50.8359375
right,0,394,50.91015625
right,0,395,50.91015625
right,0,396,50.8359375
right,0,397,50.91015625
right,0,398,50.8359375
right,0,399,50.91015625
right,0,400,50.91015625
right,0,401,50.91015625
right,0,402,50.984375
right,0,403,50.984375
right,0,404,50.984375
right,0,405,50.984375
right,0,406,50.984375
right,0,407,50.984375
right,0,408,50.91015625
right,0,409,50.91015625
right,0,410,50.984375
right,0,411,50.91015625
right,0,412,50.984375
right,0,413,50.984375
right,0,414,50.984375
right,0,415,50.91015625
right,0,416,50.984375
right,0,417,50.984375
right,0,418,50.984375
right,0,419,50.984375
right,0,420,51.0625
right,0,421,51.0625
right,0,422,51.0625
right,0,423,51.0625
right,0,424,51.0625
right,0,425,51.0625
right,0,426,51.0625
right,0,427,51.0625
right,0,428,51.0625
right,0,429,51.0625
right,0,430,51.13671875
right,0,431,51.0625
right,0,432,51.0625
right,0,433,51.0625
right,0,434,51.0625
right,0,435,51.13671875
right,0,436,51.13671875
right,0,437,51.13671875
right,0,438,51.13671875
right,0,439,51.13671875
right,0,440,51.13671875
right,0,441,51.13671875
right,0,442,51.21484375
right,0,443,51.13671875
right,0,444,51.21484375
right,0,445,51.21484375
right,0,446,51.21484375
right,0,447,51.21484375
right,0,448,51.21484375
right,0,449,51.21484375
right,0,450,51.2890625
right,0,451,51.2890625
right,0,452,51.2890625
right,0,453,51.21484375
right,0,454,51.2890625
right,0,455,51.21484375
right,0,456,51.21484375
right,0,457,51.2890625
right,0,458,51.2890625
right,0,459,51.2890625
right,0,460,51.2890625
right,0,461,51.2890625
right,0,462,51.2890625
right,0,463,51.2890625
right,0,464,51.2890625
right,0,465,51.36328125
right,0,466,51.2890625
right,0,467,51.36328125
right,0,468,51.36328125
right,0,469,51.2890625
right,0,470,51.2890625
right,0,471,51.2890625
right,0,472,51.2890625
right,0,473,51.2890625
right,0,474,51.36328125
right,0,475,51.36328125
right,0,476,51.36328125
right,0,477,51.2890625
right,0,478,51.36328125
right,0,479,51.36328125
right,0,480,51.36328125
right,0,481,51.36328125
right,0,482,51.2890625
right,0,483,51.36328125
right,0,484,51.36328125
right,0,485,51.44140625
right,0,486,51.36328125
right,0,487,51.44140625
right,0,488,51.36328125
right,0,489,51.36328125
right,0,490,51.44140625
right,0,491,51.36328125
right,0,492,51.36328125
right,0,493,51.44140625
right,0,494,51.44140625
right,0,495,51.44140625
right,0,496,51.44140625
right,0,497,51.44140625
right,0,498,51.44140625
right,0,499,51.44140625
right,0,500,51.44140625
right,0,501,51.515625
right,0,502,51.515625
right,0,503,51.515625
right,0,504,51.515625
right,0,505,51.515625
right,0,506,51.515625
right,0,507,51.515625
right,0,508,51.515625
right,0,509,51.515625
right,0,510,51.515625
right,0,511,51.515625
right,0,512,51.515625
right,0,513,51.44140625
right,0,514,51.515625
right,0,515,51.515625
right,0,516,51.515625
right,0,517,51.515625
right,0,518,51.515625
right,0,519,51.515625
right,0,520,51.515625
right,0,521,51.515625
right,0,522,51.515625
right,0,523,51.515625
right,0,524,51.515625
right,0,525,51.515625
right,0,526,51.44140625
right,0,527,51.44140625
right,0,528,51.515625
right,0,529,51.515625
right,0,530,51.515625
right,0,531,51.44140625
right,0,532,51.515625
right,0,533,51.515625
right,0,534,51.515625
right,0,535,51.515625
right,0,536,51.515625
right,0,537,51.515625
right,0,538,51.515625
right,0,539,51.515625
right,0,540,51.515625
right,0,541,51.59375
right,0,542,51.59375
right,0,543,51.59375
right,0,544,51.59375
right,0,545,51.59375
right,0,546,51.59375
right,0,547,51.59375
right,0,548,51.59375
right,0,549,51.59375
right,0,550,51.59375
right,0,551,51.59375
right,0,552,51.59375
right,0,553,51.59375
right,0,554,51.59375
right,0,555,51.515625
right,0,556,51.66796875
right,0,557,51.59375
right,0,558,51.59375
right,0,559,51.59375
right,0,560,51.59375
right,0,561,51.59375
right,0,562,51.59375
right,0,563,51.66796875
right,0,564,51.59375
right,0,565,51.66796875
right,0,566,51.66796875
right,0,567,51.66796875
right,0,568,51.66796875
right,0,569,51.66796875
right,0,570,51.66796875
right,0,571,51.66796875
right,0,572,51.66796875
right,0,573,51.66796875
right,0,574,51.66796875
right,0,575,51.66796875
right,0,576,51.59375
right,0,577,51.66796875
right,0,578,51.66796875
right,0,579,51.66796875
right,0,580,51.66796875
right,0,581,51.66796875
right,0,582,51.66796875
right,0,583,51.66796875
right,0,584,51.66796875
right,0,585,51.66796875
right,0,586,51.66796875
right,0,587,51.66796875
right,0,588,51.7421875
right,0,589,51.7421875
right,0,590,51.7421875
right,0,591,51.7421875
right,0,592,51.7421875
right,0,593,51.7421875
right,0,594,51.8203125
right,0,595,51.8203125
right,0,596,51.8203125
right,0,597,51.7421875
right,0,598,51.8203125
right,0,599,51.8203125
right,0,600,51.8203125
right,0,601,51.8203125
right,0,602,51.8203125
right,0,603,51.8203125
right,0,604,51.8203125
right,0,605,51.8203125
right,0,606,51.8203125
right,0,607,51.89453125
right,0,608,51.8203125
right,0,609,51.8203125
right,0,610,51.89453125
right,0,611,51.8203125
right,0,612,51.8203125
right,0,613,51.8203125
right,0,614,51.8203125
right,0,615,51.89453125
right,0,616,51.8203125
right,0,617,51.8203125
right,0,618,51.89453125
right,0,619,51.8203125
right,0,620,51.89453125
right,0,621,51.89453125
right,0,622,51.8203125
right,0,623,51.8203125
right,0,624,51.89453125
right,0,625,51.89453125
right,0,626,51.89453125
right,0,627,51.89453125
right,0,628,51.89453125
right,0,629,51.89453125
right,0,630,51.89453125
right,0,631,51.8203125
right,0,632,51.89453125
right,0,633,51.89453125
right,0,634,51.89453125
right,0,635,51.89453125
right,0,636,51.89453125
right,0,637,51.89453125
right,0,638,51.89453125
right,0,639,51.89453125
right,0,640,51.89453125
right,0,641,51.89453125
right,0,642,51.89453125
right,0,643,51.89453125
right,0,644,51.97265625
right,0,645,51.89453125
right,0,646,51.89453125
right,0,647,51.89453125
right,0,648,51.97265625
right,0,649,51.97265625
right,0,650,51.97265625
right,0,651,51.97265625
right,0,652,51.97265625
right,0,653,51.97265625
right,0,654,52.046875
right,0,655,51.97265625
right,0,656,52.046875
right,0,657,51.97265625
right,0,658,52.046875
right,0,659,51.97265625
right,0,660,51.97265625
right,0,661,52.046875
right,0,662,52.046875
right,0,663,52.046875
right,0,664,52.046875
right,0,665,52.046875
right,0,666,52.12109375
right,0,667,52.046875
right,0,668,52.12109375
right,0,669,52.12109375
right,0,670,52.046875
right,0,671,52.12109375
right,0,672,52.12109375
right,0,673,52.046875
right,0,674,52.12109375
right,0,675,52.046875
right,0,676,52.046875
right,0,677,52.046875
right,0,678,52.046875
right,0,679,52.046875
right,0,680,52.046875
right,0,681,52.046875
right,0,682,52.046875
right,0,683,52.046875
right,0,684,52.046875
right,0,685,52.12109375
right,0,686,52.046875
right,0,687,52.046875
right,0,688,52.046875
right,0,689,52.046875
right,0,690,52.046875
right,0,691,52.046875
right,0,692,52.046875
right,0,693,52.046875
right,0,694,52.046875
right,0,695,52.046875
right,0,696,52.046875
right,0,697,52.046875
right,0,698,52.046875
right,0,699,52.12109375
right,0,700,52.12109375
right,0,701,52.046875
right,0,702,52.12109375
right,0,703,52.12109375
right,0,704,52.046875
right,0,705,52.12109375
right,0,706,52.12109375
right,0,707,52.046875
right,0,708,52.12109375
right,0,709,52.12109375
right,0,710,52.12109375
right,0,711,52.12109375
right,0,712,52.12109375
right,0,713,52.12109375
right,0,714,52.12109375
right,0,715,52.12109375
right,0,716,52.12109375
right,0,717,52.12109375
right,0,718,52.12109375
right,0,719,52.12109375
right,0,720,52.12109375
right,0,721,52.19921875
right,0,722,52.12109375
right,0,723,52.12109375
right,0,724,52.12109375
right,0,725,52.12109375
right,0,726,52.12109375
right,0,727,52.12109375
right,0,728,52.12109375
right,0,729,52.12109375
right,0,730,52.12109375
right,0,731,52.19921875
right,0,732,52.12109375
right,0,733,52.12109375
right,0,734,52.12109375
right,0,735,52.12109375
right,0,736,52.19921875
right,0,737,52.19921875
right,0,738,52.12109375
right,0,739,52.12109375
right,0,740,52.19921875
right,0,741,52.19921875
right,0,742,52.19921875
right,0,743,52.12109375
right,0,744,52.19921875
right,0,745,52.19921875
right,0,746,52.19921875
right,0,747,52.19921875
right,0,748,52.19921875
right,0,749,52.19921875
right,0,750,52.19921875
right,0,751,52.19921875
right,0,752,52.19921875
right,0,753,52.19921875
right,0,754,52.19921875
right,0,755,52.19921875
right,0,756,52.19921875
right,0,757,52.19921875
right,0,758,52.19921875
right,0,759,52.19921875
right,0,760,52.19921875
right,0,761,52.19921875
right,0,762,52.19921875
right,0,763,52.19921875
right,0,764,52.19921875
right,0,765,52.19921875
right,0,766,52.19921875
right,0,767,52.19921875
right,0,768,52.19921875
right,0,769,52.2734375
right,0,770,52.19921875
right,0,771,52.19921875
right,0,772,52.19921875
right,0,773,52.19921875
right,0,774,52.19921875
right,0,775,52.19921875
right,0,776,52.2734375
right,0,777,52.19921875
right,0,778,52.2734375
right,0,779,52.19921875
right,0,780,52.19921875
right,0,781,52.19921875
right,0,782,52.19921875
right,0,783,52.19921875
right,0,784,52.2734375
right,0,785,52.2734375
right,0,786,52.2734375
right,0,787,52.2734375
right,0,788,52.2734375
right,0,789,52.2734375
right,0,790,52.2734375
right,0,791,52.2734375
right,0,792,52.2734375
right,0,793,52.2734375
right,0,794,52.2734375
right,0,795,52.2734375
right,0,796,52.2734375
right,0,797,52.2734375
right,0,798,52.2734375
right,0,799,52.2734375
right,0,800,52.2734375
right,0,801,52.2734375
right,0,802,52.2734375
right,0,803,52.2734375
right,0,804,52.2734375
right,0,805,52.2734375
right,0,806,52.2734375
right,0,807,52.2734375
right,0,808,52.2734375
right,0,809,52.2734375
right,0,810,52.2734375
right,0,811,52.2734375
right,0,812,52.2734375
right,0,813,52.2734375
right,0,814,52.2734375
right,0,815,52.2734375
right,0,816,52.2734375
right,0,817,52.2734375
right,0,818,52.2734375
right,0,819,52.2734375
right,0,820,52.2734375
right,0,821,52.2734375
right,0,822,52.2734375
right,0,823,52.3515625
right,0,824,52.3515625
right,0,825,52.3515625
right,0,826,52.3515625
right,0,827,52.3515625
right,0,828,52.3515625
right,0,829,52.3515625
right,0,830,52.3515625
right,0,831,52.3515625
right,0,832,52.3515625
right,0,833,52.3515625
right,0,834,52.3515625
right,0,835,52.3515625
right,0,836,52.3515625
right,0,837,52.3515625
right,0,838,52.3515625
right,0,839,52.42578125
right,0,840,52.3515625
right,0,841,52.42578125
right,0,842,52.42578125
right,0,843,52.42578125
right,0,844,52.42578125
right,0,845,52.42578125
right,0,846,52.42578125
right,0,847,52.5
right,0,848,52.5
right,0,849,52.5
right,0,850,52.5
right,0,851,52.5
right,0,852,52.5
right,0,853,52.5
right,0,854,52.5
right,0,855,52.5
right,0,856,52.5
right,0,857,52.578125
right,0,858,52.578125
right,0,859,52.578125
right,0,860,52.578125
right,0,861,52.5
right,0,862,52.5
right,0,863,52.578125
right,0,864,52.5
right,0,865,52.578125
right,0,866,52.578125
right,0,867,52.578125
right,0,868,52.578125
right,0,869,52.578125
right,0,870,52.578125
right,0,871,52.578125
right,0,872,52.65234375
right,0,873,52.65234375
right,0,874,52.65234375
right,0,875,52.578125
right,0,876,52.65234375
right,0,877,52.65234375
right,0,878,52.65234375
right,0,879,52.65234375
right,0,880,52.578125
right,0,881,52.578125
right,0,882,52.578125
right,0,883,52.578125
right,0,884,52.578125
right,0,885,52.578125
right,0,886,52.65234375
right,0,887,52.578125
right,0,888,52.65234375
right,0,889,52.65234375
right,0,890,52.578125
right,0,891,52.65234375
right,0,892,52.65234375
right,0,893,52.65234375
right,0,894,52.65234375
right,0,895,52.65234375
right,0,896,52.578125
right,0,897,52.65234375
right,0,898,52.65234375
right,0,899,52.65234375
right,0,900,52.65234375
right,0,901,52.65234375
right,0,902,52.65234375
right,0,903,52.65234375
right,0,904,52.65234375
right,0,905,52.65234375
right,0,906,52.65234375
right,0,907,52.65234375
right,0,908,52.65234375
right,0,909,52.65234375
right,0,910,52.65234375
right,0,911,52.73046875
right,0,912,52.73046875
right,0,913,52.73046875
right,0,914,52.73046875
right,0,915,52.73046875
right,0,916,52.73046875
right,0,917,52.73046875
right,0,918,52.73046875
right,0,919,52.65234375
right,0,920,52.65234375
right,0,921,52.73046875
right,0,922,52.73046875
right,0,923,52.73046875
right,0,924,52.73046875
right,0,925,52.65234375
right,0,926,52.65234375
right,0,927,52.65234375
right,0,928,52.73046875
right,0,929,52.73046875
right,0,930,52.65234375
right,0,931,52.65234375
right,0,932,52.65234375
right,0,933,52.65234375
right,0,934,52.65234375
right,0,935,52.65234375
right,0,936,52.65234375
right,0,937,52.65234375
right,0,938,52.65234375
right,0,939,52.65234375
right,0,940,52.65234375
right,0,941,52.65234375
right,0,942,52.65234375
right,0,943,52.65234375
right,0,944,52.65234375
right,0,945,52.65234375
right,0,946,52.65234375
right,0,947,52.65234375
right,0,948,52.65234375
right,0,949,52.65234375
right,0,950,52.65234375
right,0,951,52.65234375
right,0,952,52.65234375
right,0,953,52.65234375
right,0,954,52.65234375
right,0,955,52.65234375
right,0,956,52.65234375
right,0,957,52.65234375
right,0,958,52.65234375
right,0,959,52.65234375
right,0,960,52.65234375
right,0,961,52.73046875
right,0,962,52.65234375
right,0,963,52.73046875
right,0,964,52.65234375
right,0,965,52.73046875
right,0,966,52.65234375
right,0,967,52.65234375
right,0,968,52.73046875
right,0,969,52.73046875
right,0,970,52.65234375
right,0,971,52.65234375
right,0,972,52.65234375
right,0,973,52.65234375
right,0,974,52.65234375
right,0,975,52.73046875
right,0,976,52.73046875
right,0,977,52.65234375
right,0,978,52.73046875
right,0,979,52.73046875
right,0,980,52.65234375
right,0,981,52.73046875
right,0,982,52.73046875
right,0,983,52.73046875
right,0,984,52.73046875
right,0,985,52.65234375
right,0,986,52.73046875
right,0,987,52.73046875
right,0,988,52.73046875
right,0,989,52.73046875
right,0,990,52.73046875
right,0,991,52.73046875
right,0,992,52.8046875
right,0,993,52.8046875
right,0,994,52.73046875
right,0,995,52.73046875
right,0,996,52.73046875
right,0,997,52.8046875
right,0,998,52.73046875
right,0,999,52.73046875
right,0,1000,52.73046875
right,0,1001,52.8046875
right,0,1002,52.73046875
right,0,1003,52.73046875
right,0,1004,52.8046875
right,0,1005,52.73046875
right,0,1006,52.73046875
right,0,1007,52.73046875
right,0,1008,52.73046875
right,0,1009,52.73046875
right,0,1010,52.73046875
right,0,1011,52.73046875
right,0,1012,52.73046875
right,0,1013,52.73046875
right,0,1014,52.73046875
right,0,1015,52.73046875
right,0,1016,52.73046875
right,0,1017,52.73046875
right,0,1018,52.8046875
right,0,1019,52.8046875
right,0,1020,52.8046875
right,0,1021,52.73046875
right,0,1022,52.73046875
right,0,1023,52.73046875
right,0,1024,52.8046875
right,0,1025,52.8046875
right,0,1026,52.8046875
right,0,1027,52.8046875
right,0,1028,52.73046875
right,0,1029,52.73046875
right,0,1030,52.8046875
right,0,1031,52.8046875
right,0,1032,52.8046875
right,0,1033,52.73046875
right,0,1034,52.8046875
right,0,1035,52.8046875
right,0,1036,52.8046875
right,0,1037,52.8046875
right,0,1038,52.8046875
right,0,1039,52.8046875
right,0,1040,52.8046875
right,0,1041,52.73046875
right,0,1042,52.8046875
right,0,1043,52.8046875
right,0,1044,52.73046875
right,0,1045,52.73046875
right,0,1046,52.73046875
right,0,1047,52.73046875
right,0,1048,52.73046875
right,0,1049,52.73046875
right,0,1050,52.73046875
right,0,1051,52.8046875
right,0,1052,52.73046875
right,0,1053,52.8046875
right,0,1054,52.73046875
right,0,1055,52.8046875
right,0,1056,52.73046875
right,0,1057,52.73046875
right,0,1058,52.8046875
right,0,1059,52.8046875
right,0,1060,52.8046875
right,0,1061,52.8046875
right,0,1062,52.8046875
right,0,1063,52.8046875
right,0,1064,52.8046875
right,0,1065,52.73046875
right,0,1066,52.8046875
right,0,1067,52.8046875
right,0,1068,52.8046875
right,0,1069,52.8046875
right,0,1070,52.8046875
right,0,1071,52.8046875
right,0,1072,52.73046875
right,0,1073,52.8046875
right,0,1074,52.8046875
right,0,1075,52.8046875
right,0,1076,52.8046875
right,0,1077,52.73046875
right,0,1078,52.8046875
right,0,1079,52.8046875
right,0,1080,52.73046875
right,0,1081,52.8046875
right,0,1082,52.8046875
right,0,1083,52.8046875
right,0,1084,52.87890625
right,0,1085,52.8046875
right,0,1086,52.87890625
right,0,1087,52.87890625
right,0,1088,52.87890625
right,0,1089,52.87890625
right,0,1090,52.87890625
right,0,1091,52.87890625
right,0,1092,52.87890625
right,0,1093,52.87890625
right,0,1094,52.87890625
right,0,1095,52.87890625
right,0,1096,52.95703125
right,0,1097,52.87890625
right,0,1098,52.87890625
right,0,1099,52.95703125
right,0,1100,52.87890625
right,0,1101,52.87890625
right,0,1102,52.87890625
right,0,1103,52.87890625
right,0,1104,52.87890625
right,0,1105,52.87890625
right,0,1106,52.87890625
right,0,1107,52.8046875
right,0,1108,52.87890625
right,0,1109,52.87890625
right,0,1110,52.8046875
right,0,1111,52.87890625
right,0,1112,52.87890625
right,0,1113,52.87890625
right,0,1114,52.87890625
right,0,1115,52.87890625
right,0,1116,52.87890625
right,0,1117,52.87890625
right,0,1118,52.87890625
right,0,1119,52.87890625
right,0,1120,52.87890625
right,0,1121,52.87890625
right,0,1122,52.87890625
right,0,1123,52.87890625
right,0,1124,52.87890625
right,0,1125,52.87890625
right,0,1126,52.87890625
right,0,1127,52.8046875
right,0,1128,52.8046875
right,0,1129,52.8046875
right,0,1130,52.8046875
right,0,1131,52.87890625
right,0,1132,52.87890625
right,0,1133,52.87890625
right,0,1134,52.87890625
right,0,1135,52.87890625
right,0,1136,52.87890625
right,0,1137,52.95703125
right,0,1138,52.95703125
right,0,1139,52.95703125
right,0,1140,53.03125
right,0,1141,52.95703125
right,0,1142,53.03125
right,0,1143,53.03125
right,0,1144,53.03125
right,0,1145,53.03125
right,0,1146,53.03125
right,0,1147,53.03125
right,0,1148,53.03125
right,0,1149,53.03125
right,0,1150,53.03125
right,0,1151,53.03125
right,0,1152,53.03125
right,0,1153,53.03125
right,0,1154,53.03125
right,0,1155,53.03125
right,0,1156,53.03125
right,0,1157,53.03125
right,0,1158,53.03125
right,0,1159,53.03125
right,0,1160,53.03125
right,0,1161,53.03125
right,0,1162,53.03125
right,0,1163,53.03125
right,0,1164,53.03125
right,0,1165,53.03125
right,0,1166,53.03125
right,0,1167,52.95703125
right,0,1168,52.95703125
right,0,1169,52.95703125
right,0,1170,52.95703125
right,0,1171,52.95703125
right,0,1172,52.95703125
right,0,1173,52.95703125
right,0,1174,52.95703125
right,0,1175,52.95703125
right,0,1176,52.95703125
right,0,1177,52.95703125
right,0,1178,52.95703125
right,0,1179,52.95703125
right,0,1180,52.95703125
right,0,1181,52.87890625
right,0,1182,52.95703125
right,0,1183,52.95703125
right,0,1184,52.95703125
right,0,1185,52.95703125
right,0,1186,52.95703125
right,0,1187,52.95703125
right,0,1188,52.87890625
right,0,1189,52.95703125
right,0,1190,52.87890625
right,0,1191,52.87890625
right,0,1192,52.95703125
right,0,1193,52.87890625
right,0,1194,52.95703125
right,0,1195,52.87890625
right,0,1196,52.95703125
right,0,1197,52.95703125
right,0,1198,52.95703125
right,0,1199,52.95703125
right,0,1200,52.95703125
right,1,0,26.70703125
right,1,1,26.70703125
right,1,2,28.859375
right,1,3,29.78125
right,1,4,31.39453125
right,1,5,33.1640625
right,1,6,34.625
right,1,7,36.08203125
right,1,8,37.3125
right,1,9,38.46484375
right,1,10,39.54296875
right,1,11,40.46484375
right,1,12,41.38671875
right,1,13,42.15625
right,1,14,43.0
right,1,15,43.69140625
right,1,16,44.3046875
right,1,17,44.921875
right,1,18,45.4609375
right,1,19,45.99609375
right,1,20,46.45703125
right,1,21,46.99609375
right,1,22,47.37890625
right,1,23,47.6875
right,1,24,48.1484375
right,1,25,48.45703125
right,1,26,48.765625
right,1,27,49.1484375
right,1,28,49.45703125
right,1,29,49.6875
right,1,30,49.9921875
right,1,31,50.30078125
right,1,32,50.53125
right,1,33,50.76171875
right,1,34,50.9921875
right,1,35,51.22265625
right,1,36,51.453125
right,1,37,51.60546875
right,1,38,51.83984375
right,1,39,51.9921875
right,1,40,52.22265625
right,1,41,52.30078125
right,1,42,52.453125
right,1,43,52.60546875
right,1,44,52.76171875
right,1,45,52.9140625
right,1,46,52.9921875
right,1,47,53.14453125
right,1,48,53.22265625
right,1,49,53.375
right,1,50,53.52734375
right,1,51,53.60546875
right,1,52,53.7578125
right,1,53,53.8359375
right,1,54,53.9140625
right,1,55,54.06640625
right,1,56,54.14453125
right,1,57,54.21875
right,1,58,54.296875
right,1,59,54.375
right,1,60,54.52734375
right,1,61,54.52734375
right,1,62,54.60546875
right,1,63,54.6796875
right,1,64,54.7578125
right,1,65,54.8359375
right,1,66,54.91015625
right,1,67,54.98828125
right,1,68,55.06640625
right,1,69,55.06640625
right,1,70,55.140625
right,1,71,55.21875
right,1,72,55.296875
right,1,73,55.375
right,1,74,55.44921875
right,1,75,55.44921875
right,1,76,55.60546875
right,1,77,55.60546875
right,1,78,55.6796875
right,1,79,55.6796875
right,1,80,55.7578125
right,1,81,55.7578125
right,1,82,55.8359375
right,1,83,55.91015625
right,1,84,55.98828125
right,1,85,55.98828125
right,1,86,56.06640625
right,1,87,56.06640625
right,1,88,56.140625
right,1,89,56.21875
right,1,90,56.21875
right,1,91,56.296875
right,1,92,56.37109375
right,1,93,56.37109375
right,1,94,56.37109375
right,1,95,56.44921875
right,1,96,56.52734375
right,1,97,56.52734375
right,1,98,56.52734375
right,1,99,56.6015625
right,1,100,56.6796875
right,1,101,56.6796875
right,1,102,56.7578125
right,1,103,56.7578125
right,1,104,56.7578125
right,1,105,56.83203125
right,1,106,56.83203125
right,1,107,56.91015625
right,1,108,56.91015625
right,1,109,56.98828125
right,1,110,56.98828125
right,1,111,57.0625
right,1,112,57.140625
right,1,113,57.140625
right,1,114,57.140625
right,1,115,57.21875
right,1,116,57.21875
right,1,117,57.29296875
right,1,118,57.29296875
right,1,119,57.29296875
right,1,120,57.37109375
right,1,121,57.37109375
right,1,122,57.37109375
right,1,123,57.44921875
right,1,124,57.44921875
right,1,125,57.44921875
right,1,126,57.44921875
right,1,127,57.5234375
right,1,128,57.6015625
right,1,129,57.5234375
right,1,130,57.6015625
right,1,131,57.6796875
right,1,132,57.6796875
right,1,133,57.6796875
right,1,134,57.6796875
right,1,135,57.6796875
right,1,136,57.75390625
right,1,137,57.75390625
right,1,138,57.83203125
right,1,139,57.83203125
right,1,140,57.91015625
right,1,141,57.91015625
right,1,142,57.91015625
right,1,143,57.984375
right,1,144,57.984375
right,1,145,58.0625
right,1,146,58.0625
right,1,147,58.0625
right,1,148,58.140625
right,1,149,58.140625
right,1,150,58.140625
right,1,151,58.21484375
right,1,152,58.21484375
right,1,153,58.21484375
right,1,154,58.21484375
right,1,155,58.21484375
right,1,156,58.29296875
right,1,157,58.29296875
right,1,158,58.29296875
right,1,159,58.37109375
right,1,160,58.37109375
right,1,161,58.37109375
right,1,162,58.37109375
right,1,163,58.37109375
right,1,164,58.4453125
right,1,165,58.4453125
right,1,166,58.4453125
right,1,167,58.5234375
right,1,168,58.5234375
right,1,169,58.5234375
right,1,170,58.6015625
right,1,171,58.6015625
right,1,172,58.6015625
right,1,173,58.67578125
right,1,174,58.67578125
right,1,175,58.67578125
right,1,176,58.67578125
right,1,177,58.75390625
right,1,178,58.75390625
right,1,179,58.75390625
right,1,180,58.75390625
right,1,181,58.83203125
right,1,182,58.83203125
right,1,183,58.83203125
right,1,184,58.83203125
right,1,185,58.83203125
right,1,186,58.83203125
right,1,187,58.91015625
right,1,188,58.91015625
right,1,189,58.984375
right,1,190,58.984375
right,1,191,58.984375
right,1,192,59.0625
right,1,193,59.0625
right,1,194,59.0625
right,1,195,59.0625
right,1,196,59.0625
right,1,197,59.140625
right,1,198,59.140625
right,1,199,59.140625
right,1,200,59.140625
right,1,201,59.21484375
right,1,202,59.140625
right,1,203,59.140625
right,1,204,59.21484375
right,1,205,59.21484375
right,1,206,59.21484375
right,1,207,59.29296875
right,1,208,59.29296875
right,1,209,59.29296875
right,1,210,59.29296875
right,1,211,59.29296875
right,1,212,59.37109375
right,1,213,59.37109375
right,1,214,59.29296875
right,1,215,59.37109375
right,1,216,59.4453125
right,1,217,59.4453125
right,1,218,59.4453125
right,1,219,59.4453125
right,1,220,59.4453125
right,1,221,59.4453125
right,1,222,59.4453125
right,1,223,59.4453125
right,1,224,59.5234375
right,1,225,59.5234375
right,1,226,59.5234375
right,1,227,59.5234375
right,1,228,59.5234375
right,1,229,59.5234375
right,1,230,59.5234375
right,1,231,59.5234375
right,1,232,59.6015625
right,1,233,59.5234375
right,1,234,59.6015625
right,1,235,59.6015625
right,1,236,59.6015625
right,1,237,59.6015625
right,1,238,59.67578125
right,1,239,59.67578125
right,1,240,59.67578125
right,1,241,59.67578125
right,1,242,59.75390625
right,1,243,59.75390625
right,1,244,59.75390625
right,1,245,59.75390625
right,1,246,59.75390625
right,1,247,59.75390625
right,1,248,59.75390625
right,1,249,59.75390625
right,1,250,59.83203125
right,1,251,59.83203125
right,1,252,59.83203125
right,1,253,59.83203125
right,1,254,59.83203125
right,1,255,59.90625
right,1,256,59.90625
right,1,257,59.90625
right,1,258,59.90625
right,1,259,59.984375
right,1,260,59.984375
right,1,261,59.984375
right,1,262,59.984375
right,1,263,59.984375
right,1,264,59.984375
right,1,265,59.984375
right,1,266,59.984375
right,1,267,60.0625
right,1,268,60.0625
right,1,269,60.0625
right,1,270,60.0625
right,1,271,60.0625
right,1,272,60.0625
right,1,273,60.0625
right,1,274,60.0625
right,1,275,60.0625
right,1,276,60.13671875
right,1,277,60.13671875
right,1,278,60.13671875
right,1,279,60.13671875
right,1,280,60.13671875
right,1,281,60.21484375
right,1,282,60.21484375
right,1,283,60.21484375
right,1,284,60.21484375
right,1,285,60.21484375
right,1,286,60.21484375
right,1,287,60.21484375
right,1,288,60.29296875
right,1,289,60.29296875
right,1,290,60.29296875
right,1,291,60.29296875
right,1,292,60.3671875
right,1,293,60.3671875
right,1,294,60.3671875
right,1,295,60.3671875
right,1,296,60.3671875
right,1,297,60.3671875
right,1,298,60.3671875
right,1,299,60.3671875
right,1,300,60.3671875
right,1,301,60.3671875
right,1,302,60.3671875
right,1,303,60.4453125
right,1,304,60.4453125
right,1,305,60.5234375
right,1,306,60.4453125
right,1,307,60.4453125
right,1,308,60.5234375
right,1,309,60.5234375
right,1,310,60.5234375
right,1,311,60.5234375
right,1,312,60.5234375
right,1,313,60.5234375
right,1,314,60.5234375
right,1,315,60.59765625
right,1,316,60.59765625
right,1,317,60.59765625
right,1,318,60.59765625
right,1,319,60.59765625
right,1,320,60.59765625
right,1,321,60.59765625
right,1,322,60.59765625
right,1,323,60.59765625
right,1,324,60.67578125
right,1,325,60.67578125
right,1,326,60.67578125
right,1,327,60.67578125
right,1,328,60.67578125
right,1,329,60.67578125
right,1,330,60.75390625
right,1,331,60.75390625
right,1,332,60.75390625
right,1,333,60.75390625
right,1,334,60.75390625
right,1,335,60.75390625
right,1,336,60.75390625
right,1,337,60.75390625
right,1,338,60.75390625
right,1,339,60.828125
right,1,340,60.828125
right,1,341,60.828125
right,1,342,60.75390625
right,1,343,60.828125
right,1,344,60.828125
right,1,345,60.828125
right,1,346,60.90625
right,1,347,60.90625
right,1,348,60.90625
right,1,349,60.984375
right,1,350,60.984375
right,1,351,60.90625
right,1,352,60.984375
right,1,353,60.984375
right,1,354,60.984375
right,1,355,60.984375
right,1,356,60.984375
right,1,357,61.05859375
right,1,358,60.984375
right,1,359,61.05859375
right,1,360,61.05859375
right,1,361,61.05859375
right,1,362,61.05859375
right,1,363,61.13671875
right,1,364,61.05859375
right,1,365,61.05859375
right,1,366,61.13671875
right,1,367,61.13671875
right,1,368,61.13671875
right,1,369,61.13671875
right,1,370,61.13671875
right,1,371,61.13671875
right,1,372,61.13671875
right,1,373,61.13671875
right,1,374,61.13671875
right,1,375,61.21484375
right,1,376,61.21484375
right,1,377,61.21484375
right,1,378,61.21484375
right,1,379,61.21484375
right,1,380,61.21484375
right,1,381,61.21484375
right,1,382,61.21484375
right,1,383,61.2890625
right,1,384,61.21484375
right,1,385,61.2890625
right,1,386,61.2890625
right,1,387,61.2890625
right,1,388,61.2890625
right,1,389,61.2890625
right,1,390,61.2890625
right,1,391,61.2890625
right,1,392,61.3671875
right,1,393,61.3671875
right,1,394,61.3671875
right,1,395,61.3671875
right,1,396,61.3671875
right,1,397,61.3671875
right,1,398,61.3671875
right,1,399,61.3671875
right,1,400,61.3671875
right,1,401,61.4453125
right,1,402,61.3671875
right,1,403,61.4453125
right,1,404,61.4453125
right,1,405,61.4453125
right,1,406,61.4453125
right,1,407,61.4453125
right,1,408,61.4453125
right,1,409,61.51953125
right,1,410,61.51953125
right,1,411,61.51953125
right,1,412,61.51953125
right,1,413,61.51953125
right,1,414,61.51953125
right,1,415,61.51953125
right,1,416,61.51953125
right,1,417,61.51953125
right,1,418,61.51953125
right,1,419,61.59765625
right,1,420,61.59765625
right,1,421,61.51953125
right,1,422,61.59765625
right,1,423,61.59765625
right,1,424,61.59765625
right,1,425,61.51953125
right,1,426,61.59765625
right,1,427,61.59765625
right,1,428,61.59765625
right,1,429,61.59765625
right,1,430,61.59765625
right,1,431,61.67578125
right,1,432,61.59765625
right,1,433,61.59765625
right,1,434,61.59765625
right,1,435,61.59765625
right,1,436,61.59765625
right,1,437,61.59765625
right,1,438,61.59765625
right,1,439,61.67578125
right,1,440,61.59765625
right,1,441,61.59765625
right,1,442,61.67578125
right,1,443,61.67578125
right,1,444,61.59765625
right,1,445,61.67578125
right,1,446,61.67578125
right,1,447,61.67578125
right,1,448,61.67578125
right,1,449,61.67578125
right,1,450,61.67578125
right,1,451,61.67578125
right,1,452,61.67578125
right,1,453,61.67578125
right,1,454,61.75
right,1,455,61.67578125
right,1,456,61.75
right,1,457,61.75
right,1,458,61.75
right,1,459,61.75
right,1,460,61.75
right,1,461,61.75
right,1,462,61.828125
right,1,463,61.75
right,1,464,61.75
right,1,465,61.75
right,1,466,61.75
right,1,467,61.828125
right,1,468,61.75
right,1,469,61.75
right,1,470,61.828125
right,1,471,61.828125
right,1,472,61.828125
right,1,473,61.828125
right,1,474,61.828125
right,1,475,61.828125
right,1,476,61.828125
right,1,477,61.828125
right,1,478,61.90625
right,1,479,61.828125
right,1,480,61.90625
right,1,481,61.828125
right,1,482,61.828125
right,1,483,61.828125
right,1,484,61.90625
right,1,485,61.90625
right,1,486,61.828125
right,1,487,61.90625
right,1,488,61.90625
right,1,489,61.828125
right,1,490,61.98046875
right,1,491,61.90625
right,1,492,61.90625
right,1,493,61.90625
right,1,494,61.90625
right,1,495,61.98046875
right,1,496,61.98046875
right,1,497,61.98046875
right,1,498,61.98046875
right,1,499,61.98046875
right,1,500,61.98046875
right,1,501,62.05859375
right,1,502,61.98046875
right,1,503,62.05859375
right,1,504,62.05859375
right,1,505,61.98046875
right,1,506,62.13671875
right,1,507,62.05859375
right,1,508,62.05859375
right,1,509,62.05859375
right,1,510,62.05859375
right,1,511,62.05859375
right,1,512,62.13671875
right,1,513,62.13671875
right,1,514,62.13671875
right,1,515,62.05859375
right,1,516,62.13671875
right,1,517,62.13671875
right,1,518,62.13671875
right,1,519,62.13671875
right,1,520,62.13671875
right,1,521,62.13671875
right,1,522,62.13671875
right,1,523,62.13671875
right,1,524,62.13671875
right,1,525,62.2109375
right,1,526,62.13671875
right,1,527,62.2109375
right,1,528,62.13671875
right,1,529,62.13671875
right,1,530,62.13671875
right,1,531,62.13671875
right,1,532,62.13671875
right,1,533,62.13671875
right,1,534,62.13671875
right,1,535,62.13671875
right,1,536,62.13671875
right,1,537,62.13671875
right,1,538,62.13671875
right,1,539,62.13671875
right,1,540,62.2109375
right,1,541,62.13671875
right,1,542,62.13671875
right,1,543,62.13671875
right,1,544,62.2109375
right,1,545,62.2109375
right,1,546,62.2109375
right,1,547,62.2109375
right,1,548,62.2109375
right,1,549,62.2109375
right,1,550,62.2109375
right,1,551,62.2109375
right,1,552,62.2890625
right,1,553,62.2109375
right,1,554,62.2109375
right,1,555,62.2890625
right,1,556,62.2890625
right,1,557,62.2890625
right,1,558,62.2890625
right,1,559,62.2890625
right,1,560,62.2890625
right,1,561,62.2890625
right,1,562,62.2890625
right,1,563,62.2890625
right,1,564,62.2890625
right,1,565,62.2890625
right,1,566,62.2890625
right,1,567,62.2890625
right,1,568,62.2890625
right,1,569,62.2890625
right,1,570,62.2890625
right,1,571,62.2890625
right,1,572,62.2890625
right,1,573,62.2890625
right,1,574,62.2890625
right,1,575,62.2890625
right,1,576,62.2890625
right,1,577,62.2890625
right,1,578,62.2890625
right,1,579,62.3671875
right,1,580,62.3671875
right,1,581,62.2890625
right,1,582,62.3671875
right,1,583,62.3671875
right,1,584,62.3671875
right,1,585,62.3671875
right,1,586,62.2890625
right,1,587,62.2890625
right,1,588,62.2890625
right,1,589,62.3671875
right,1,590,62.3671875
right,1,591,62.3671875
right,1,592,62.3671875
right,1,593,62.3671875
right,1,594,62.3671875
right,1,595,62.4453125
right,1,596,62.3671875
right,1,597,62.4453125
right,1,598,62.3671875
right,1,599,62.4453125
right,1,600,62.4453125
right,1,601,62.4453125
right,1,602,62.4453125
right,1,603,62.4453125
right,1,604,62.4453125
right,1,605,62.4453125
right,1,606,62.4453125
right,1,607,62.4453125
right,1,608,62.4453125
right,1,609,62.4453125
right,1,610,62.4453125
right,1,611,62.4453125
right,1,612,62.4453125
right,1,613,62.4453125
right,1,614,62.4453125
right,1,615,62.4453125
right,1,616,62.4453125
right,1,617,62.4453125
right,1,618,62.4453125
right,1,619,62.51953125
right,1,620,62.51953125
right,1,621,62.4453125
right,1,622,62.51953125
right,1,623,62.4453125
right,1,624,62.51953125
right,1,625,62.51953125
right,1,626,62.51953125
right,1,627,62.51953125
right,1,628,62.51953125
right,1,629,62.51953125
right,1,630,62.51953125
right,1,631,62.51953125
right,1,632,62.51953125
right,1,633,62.51953125
right,1,634,62.51953125
right,1,635,62.51953125
right,1,636,62.51953125
right,1,637,62.51953125
right,1,638,62.51953125
right,1,639,62.51953125
right,1,640,62.51953125
right,1,641,62.59765625
right,1,642,62.59765625
right,1,643,62.59765625
right,1,644,62.59765625
right,1,645,62.59765625
right,1,646,62.59765625
right,1,647,62.59765625
right,1,648,62.59765625
right,1,649,62.59765625
right,1,650,62.59765625
right,1,651,62.59765625
right,1,652,62.59765625
right,1,653,62.59765625
right,1,654,62.59765625
right,1,655,62.67578125
right,1,656,62.67578125
right,1,657,62.67578125
right,1,658,62.67578125
right,1,659,62.67578125
right,1,660,62.67578125
right,1,661,62.67578125
right,1,662,62.67578125
right,1,663,62.67578125
right,1,664,62.67578125
right,1,665,62.75
right,1,666,62.67578125
right,1,667,62.67578125
right,1,668,62.75
right,1,669,62.67578125
right,1,670,62.67578125
right,1,671,62.67578125
right,1,672,62.75
right,1,673,62.75
right,1,674,62.75
right,1,675,62.67578125
right,1,676,62.67578125
right,1,677,62.75
right,1,678,62.75
right,1,679,62.75
right,1,680,62.75
right,1,681,62.75
right,1,682,62.828125
right,1,683,62.75
right,1,684,62.75
right,1,685,62.828125
right,1,686,62.828125
right,1,687,62.828125
right,1,688,62.828125
right,1,689,62.75
right,1,690,62.75
right,1,691,62.75
right,1,692,62.75
right,1,693,62.75
right,1,694,62.75
right,1,695,62.75
right,1,696,62.75
right,1,697,62.828125
right,1,698,62.828125
right,1,699,62.828125
right,1,700,62.828125
right,1,701,62.828125
right,1,702,62.828125
right,1,703,62.828125
right,1,704,62.828125
right,1,705,62.828125
right,1,706,62.828125
right,1,707,62.828125
right,1,708,62.828125
right,1,709,62.828125
right,1,710,62.828125
right,1,711,62.90625
right,1,712,62.828125
right,1,713,62.828125
right,1,714,62.828125
right,1,715,62.90625
right,1,716,62.828125
right,1,717,62.90625
right,1,718,62.828125
right,1,719,62.90625
right,1,720,62.828125
right,1,721,62.90625
right,1,722,62.90625
right,1,723,62.90625
right,1,724,62.90625
right,1,725,62.90625
right,1,726,62.90625
right,1,727,62.90625
right,1,728,62.828125
right,1,729,62.90625
right,1,730,62.90625
right,1,731,62.90625
right,1,732,62.90625
right,1,733,62.90625
right,1,734,62.90625
right,1,735,62.90625
right,1,736,62.90625
right,1,737,62.98046875
right,1,738,62.90625
right,1,739,62.98046875
right,1,740,62.98046875
right,1,741,62.90625
right,1,742,62.98046875
right,1,743,62.98046875
right,1,744,62.90625
right,1,745,62.90625
right,1,746,62.90625
right,1,747,62.98046875
right,1,748,62.98046875
right,1,749,62.90625
right,1,750,62.98046875
right,1,751,62.90625
right,1,752,62.90625
right,1,753,62.98046875
right,1,754,62.98046875
right,1,755,62.90625
right,1,756,63.05859375
right,1,757,62.98046875
right,1,758,62.98046875
right,1,759,62.98046875
right,1,760,62.98046875
right,1,761,62.98046875
right,1,762,62.98046875
right,1,763,62.98046875
right,1,764,62.98046875
right,1,765,62.98046875
right,1,766,62.98046875
right,1,767,62.98046875
right,1,768,62.98046875
right,1,769,62.98046875
right,1,770,63.05859375
right,1,771,63.05859375
right,1,772,63.05859375
right,1,773,63.05859375
right,1,774,63.05859375
right,1,775,63.05859375
right,1,776,63.05859375
right,1,777,63.05859375
right,1,778,63.05859375
right,1,779,63.05859375
right,1,780,63.05859375
right,1,781,63.05859375
right,1,782,63.05859375
right,1,783,63.05859375
right,1,784,63.05859375
right,1,785,63.05859375
right,1,786,63.05859375
right,1,787,63.13671875
right,1,788,63.13671875
right,1,789,63.13671875
right,1,790,63.13671875
right,1,791,63.13671875
right,1,792,63.13671875
right,1,793,63.13671875
right,1,794,63.13671875
right,1,795,63.13671875
right,1,796,63.13671875
right,1,797,63.13671875
right,1,798,63.13671875
right,1,799,63.13671875
right,1,800,63.13671875
right,1,801,63.13671875
right,1,802,63.13671875
right,1,803,63.13671875
right,1,804,63.13671875
right,1,805,63.13671875
right,1,806,63.13671875
right,1,807,63.13671875
right,1,808,63.13671875
right,1,809,63.13671875
right,1,810,63.13671875
right,1,811,63.2109375
right,1,812,63.2109375
right,1,813,63.2109375
right,1,814,63.2109375
right,1,815,63.2109375
right,1,816,63.2109375
right,1,817,63.2109375
right,1,818,63.2109375
right,1,819,63.2109375
right,1,820,63.2109375
right,1,821,63.13671875
right,1,822,63.2109375
right,1,823,63.2109375
right,1,824,63.2109375
right,1,825,63.2109375
right,1,826,63.2109375
right,1,827,63.13671875
right,1,828,63.13671875
right,1,829,63.2109375
right,1,830,63.2109375
right,1,831,63.2109375
right,1,832,63.13671875
right,1,833,63.2109375
right,1,834,63.2890625
right,1,835,63.2109375
right,1,836,63.2109375
right,1,837,63.2109375
right,1,838,63.2109375
right,1,839,63.2890625
right,1,840,63.2890625
right,1,841,63.2890625
right,1,842,63.2109375
right,1,843,63.2890625
right,1,844,63.2890625
right,1,845,63.2890625
right,1,846,63.2890625
right,1,847,63.2890625
right,1,848,63.2890625
right,1,849,63.2890625
right,1,850,63.3671875
right,1,851,63.3671875
right,1,852,63.2890625
right,1,853,63.3671875
right,1,854,63.3671875
right,1,855,63.3671875
right,1,856,63.3671875
right,1,857,63.3671875
right,1,858,63.3671875
right,1,859,63.44140625
right,1,860,63.3671875
right,1,861,63.3671875
right,1,862,63.3671875
right,1,863,63.3671875
right,1,864,63.3671875
right,1,865,63.3671875
right,1,866,63.3671875
right,1,867,63.3671875
right,1,868,63.44140625
right,1,869,63.44140625
right,1,870,63.44140625
right,1,871,63.44140625
right,1,872,63.44140625
right,1,873,63.44140625
right,1,874,63.44140625
right,1,875,63.44140625
right,1,876,63.44140625
right,1,877,63.44140625
right,1,878,63.44140625
right,1,879,63.44140625
right,1,880,63.44140625
right,1,881,63.44140625
right,1,882,63.44140625
right,1,883,63.44140625
right,1,884,63.44140625
right,1,885,63.44140625
right,1,886,63.44140625
right,1,887,63.51953125
right,1,888,63.44140625
right,1,889,63.51953125
right,1,890,63.44140625
right,1,891,63.44140625
right,1,892,63.44140625
right,1,893,63.44140625
right,1,894,63.44140625
right,1,895,63.51953125
right,1,896,63.51953125
right,1,897,63.51953125
right,1,898,63.51953125
right,1,899,63.51953125
right,1,900,63.51953125
right,1,901,63.44140625
right,1,902,63.51953125
right,1,903,63.51953125
right,1,904,63.51953125
right,1,905,63.51953125
right,1,906,63.51953125
right,1,907,63.51953125
right,1,908,63.51953125
right,1,909,63.51953125
right,1,910,63.59765625
right,1,911,63.59765625
right,1,912,63.59765625
right,1,913,63.59765625
right,1,914,63.59765625
right,1,915,63.59765625
right,1,916,63.59765625
right,1,917,63.59765625
right,1,918,63.59765625
right,1,919,63.59765625
right,1,920,63.59765625
right,1,921,63.59765625
right,1,922,63.59765625
right,1,923,63.51953125
right,1,924,63.51953125
right,1,925,63.59765625
right,1,926,63.59765625
right,1,927,63.59765625
right,1,928,63.59765625
right,1,929,63.59765625
right,1,930,63.59765625
right,1,931,63.59765625
right,1,932,63.59765625
right,1,933,63.51953125
right,1,934,63.59765625
right,1,935,63.59765625
right,1,936,63.59765625
right,1,937,63.59765625
right,1,938,63.59765625
right,1,939,63.59765625
right,1,940,63.59765625
right,1,941,63.59765625
right,1,942,63.59765625
right,1,943,63.59765625
right,1,944,63.59765625
right,1,945,63.59765625
right,1,946,63.59765625
right,1,947,63.59765625
right,1,948,63.59765625
right,1,949,63.59765625
right,1,950,63.59765625
right,1,951,63.59765625
right,1,952,63.59765625
right,1,953,63.59765625
right,1,954,63.59765625
right,1,955,63.59765625
right,1,956,63.59765625
right,1,957,63.59765625
right,1,958,63.59765625
right,1,959,63.59765625
right,1,960,63.59765625
right,1,961,63.59765625
right,1,962,63.59765625
right,1,963,63.59765625
right,1,964,63.59765625
right,1,965,63.59765625
right,1,966,63.59765625
right,1,967,63.59765625
right,1,968,63.59765625
right,1,969,63.59765625
right,1,970,63.671875
right,1,971,63.59765625
right,1,972,63.59765625
right,1,973,63.59765625
right,1,974,63.59765625
right,1,975,63.59765625
right,1,976,63.671875
right,1,977,63.59765625
right,1,978,63.59765625
right,1,979,63.59765625
right,1,980,63.59765625
right,1,981,63.59765625
right,1,982,63.59765625
right,1,983,63.59765625
right,1,984,63.59765625
right,1,985,63.671875
right,1,986,63.59765625
right,1,987,63.59765625
right,1,988,63.671875
right,1,989,63.59765625
right,1,990,63.59765625
right,1,991,63.59765625
right,1,992,63.59765625
right,1,993,63.59765625
right,1,994,63.59765625
right,1,995,63.59765625
right,1,996,63.671875
right,1,997,63.59765625
right,1,998,63.671875
right,1,999,63.59765625
right,1,1000,63.59765625
right,1,1001,63.671875
right,1,1002,63.59765625
right,1,1003,63.671875
right,1,1004,63.59765625
right,1,1005,63.671875
right,1,1006,63.671875
right,1,1007,63.59765625
right,1,1008,63.59765625
right,1,1009,63.671875
right,1,1010,63.59765625
right,1,1011,63.59765625
right,1,1012,63.59765625
right,1,1013,63.671875
right,1,1014,63.671875
right,1,1015,63.671875
right,1,1016,63.671875
right,1,1017,63.671875
right,1,1018,63.671875
right,1,1019,63.671875
right,1,1020,63.671875
right,1,1021,63.671875
right,1,1022,63.671875
right,1,1023,63.671875
right,1,1024,63.671875
right,1,1025,63.671875
right,1,1026,63.671875
right,1,1027,63.671875
right,1,1028,63.671875
right,1,1029,63.671875
right,1,1030,63.671875
right,1,1031,63.671875
right,1,1032,63.671875
right,1,1033,63.671875
right,1,1034,63.671875
right,1,1035,63.671875
right,1,1036,63.671875
right,1,1037,63.671875
right,1,1038,63.75
right,1,1039,63.671875
right,1,1040,63.75
right,1,1041,63.75
right,1,1042,63.671875
right,1,1043,63.75
right,1,1044,63.75
right,1,1045,63.671875
right,1,1046,63.671875
right,1,1047,63.75
right,1,1048,63.75
right,1,1049,63.671875
right,1,1050,63.75
right,1,1051,63.75
right,1,1052,63.671875
right,1,1053,63.75
right,1,1054,63.75
right,1,1055,63.671875
right,1,1056,63.75
right,1,1057,63.75
right,1,1058,63.75
right,1,1059,63.75
right,1,1060,63.75
right,1,1061,63.75
right,1,1062,63.75
right,1,1063,63.671875
right,1,1064,63.75
right,1,1065,63.75
right,1,1066,63.671875
right,1,1067,63.75
right,1,1068,63.75
right,1,1069,63.75
right,1,1070,63.75
right,1,1071,63.671875
right,1,1072,63.75
right,1,1073,63.75
right,1,1074,63.75
right,1,1075,63.75
right,1,1076,63.75
right,1,1077,63.75
right,1,1078,63.671875
right,1,1079,63.671875
right,1,1080,63.75
right,1,1081,63.75
right,1,1082,63.75
right,1,1083,63.671875
right,1,1084,63.75
right,1,1085,63.75
right,1,1086,63.75
right,1,1087,63.75
right,1,1088,63.75
right,1,1089,63.75
right,1,1090,63.828125
right,1,1091,63.828125
right,1,1092,63.75
right,1,1093,63.828125
right,1,1094,63.828125
right,1,1095,63.828125
right,1,1096,63.828125
right,1,1097,63.75
right,1,1098,63.828125
right,1,1099,63.828125
right,1,1100,63.828125
right,1,1101,63.828125
right,1,1102,63.75
right,1,1103,63.828125
right,1,1104,63.75
right,1,1105,63.828125
right,1,1106,63.75
right,1,1107,63.75
right,1,1108,63.828125
right,1,1109,63.75
right,1,1110,63.828125
right,1,1111,63.828125
right,1,1112,63.75
right,1,1113,63.75
right,1,1114,63.828125
right,1,1115,63.75
right,1,1116,63.828125
right,1,1117,63.828125
right,1,1118,63.75
right,1,1119,63.828125
right,1,1120,63.828125
right,1,1121,63.75
right,1,1122,63.828125
right,1,1123,63.828125
right,1,1124,63.828125
right,1,1125,63.828125
right,1,1126,63.828125
right,1,1127,63.828125
right,1,1128,63.75
right,1,1129,63.75
right,1,1130,63.828125
right,1,1131,63.75
right,1,1132,63.828125
right,1,1133,63.828125
right,1,1134,63.828125
right,1,1135,63.828125
right,1,1136,63.828125
right,1,1137,63.828125
right,1,1138,63.828125
right,1,1139,63.828125
right,1,1140,63.828125
right,1,1141,63.828125
right,1,1142,63.828125
right,1,1143,63.828125
right,1,1144,63.828125
right,1,1145,63.828125
right,1,1146,63.828125
right,1,1147,63.90234375
right,1,1148,63.90234375
right,1,1149,63.828125
right,1,1150,63.90234375
right,1,1151,63.90234375
right,1,1152,63.90234375
right,1,1153,63.90234375
right,1,1154,63.90234375
right,1,1155,63.828125
right,1,1156,63.828125
right,1,1157,63.90234375
right,1,1158,63.90234375
right,1,1159,63.90234375
right,1,1160,63.90234375
right,1,1161,63.90234375
right,1,1162,63.90234375
right,1,1163,63.90234375
right,1,1164,63.828125
right,1,1165,63.90234375
right,1,1166,63.90234375
right,1,1167,63.90234375
right,1,1168,63.828125
right,1,1169,63.90234375
right,1,1170,63.828125
right,1,1171,63.90234375
right,1,1172,63.90234375
right,1,1173,63.828125
right,1,1174,63.90234375
right,1,1175,63.90234375
right,1,1176,63.828125
right,1,1177,63.90234375
right,1,1178,63.90234375
right,1,1179,63.828125
right,1,1180,63.90234375
right,1,1181,63.90234375
right,1,1182,63.90234375
right,1,1183,63.828125
right,1,1184,63.90234375
right,1,1185,63.828125
right,1,1186,63.90234375
right,1,1187,63.90234375
right,1,1188,63.828125
right,1,1189,63.828125
right,1,1190,63.90234375
right,1,1191,63.90234375
right,1,1192,63.828125
right,1,1193,63.90234375
right,1,1194,63.90234375
right,1,1195,63.90234375
right,1,1196,63.828125
right,1,1197,63.828125
right,1,1198,63.828125
right,1,1199,63.828125
right,1,1200,63.90234375
right,2,0,28.40234375
right,2,1,28.40234375
right,2,2,30.07421875
right,2,3,32.05078125
right,2,4,33.875
right,2,5,35.69921875
right,2,6,37.296875
right,2,7,38.81640625
right,2,8,40.18359375
right,2,9,41.55078125
right,2,10,42.69140625
right,2,11,43.75390625
right,2,12,44.8203125
right,2,13,45.80859375
right,2,14,46.796875
right,2,15,47.6328125
right,2,16,48.46875
right,2,17,49.2265625
right,2,18,49.91015625
right,2,19,50.74609375
right,2,20,51.35546875
right,2,21,52.0390625
right,2,22,52.6484375
right,2,23,53.25390625
right,2,24,53.86328125
right,2,25,54.3203125
right,2,26,54.8515625
right,2,27,55.30859375
right,2,28,55.83984375
right,2,29,56.21875
right,2,30,56.6015625
right,2,31,57.0546875
right,2,32,57.4375
right,2,33,57.81640625
right,2,34,58.1953125
right,2,35,58.5
right,2,36,58.8046875
right,2,37,59.109375
right,2,38,59.3359375
right,2,39,59.5625
right,2,40,59.8671875
right,2,41,60.09765625
right,2,42,60.32421875
right,2,43,60.55078125
right,2,44,60.78125
right,2,45,61.16015625
right,2,46,61.38671875
right,2,47,61.5390625
right,2,48,61.69140625
right,2,49,61.84375
right,2,50,61.99609375
right,2,51,62.1484375
right,2,52,62.375
right,2,53,62.52734375
right,2,54,62.75390625
right,2,55,62.90625
right,2,56,63.13671875
right,2,57,63.2109375
right,2,58,63.44140625
right,2,59,63.59375
right,2,60,63.66796875
right,2,61,63.7421875
right,2,62,63.8203125
right,2,63,64.046875
right,2,64,64.125
right,2,65,64.27734375
right,2,66,64.4296875
right,2,67,64.50390625
right,2,68,64.65625
right,2,69,64.73046875
right,2,70,64.80859375
right,2,71,64.9609375
right,2,72,65.11328125
right,2,73,65.1875
right,2,74,65.33984375
right,2,75,65.33984375
right,2,76,65.4140625
right,2,77,65.56640625
right,2,78,65.64453125
right,2,79,65.71875
right,2,80,65.796875
right,2,81,65.87109375
right,2,82,66.0234375
right,2,83,66.0234375
right,2,84,66.1015625
right,2,85,66.17578125
right,2,86,66.25
right,2,87,66.328125
right,2,88,66.40234375
right,2,89,66.48046875
right,2,90,66.5546875
right,2,91,66.5546875
right,2,92,66.6328125
right,2,93,66.70703125
right,2,94,66.78515625
right,2,95,66.859375
right,2,96,66.9375
right,2,97,67.01171875
right,2,98,67.0859375
right,2,99,67.0859375
right,2,100,67.23828125
right,2,101,67.23828125
right,2,102,67.31640625
right,2,103,67.390625
right,2,104,67.46875
right,2,105,67.54296875
right,2,106,67.54296875
right,2,107,67.62109375
right,2,108,67.6953125
right,2,109,67.7734375
right,2,110,67.7734375
right,2,111,67.92578125
right,2,112,67.92578125
right,2,113,67.92578125
right,2,114,68.0
right,2,115,68.07421875
right,2,116,68.15234375
right,2,117,68.15234375
right,2,118,68.15234375
right,2,119,68.3046875
right,2,120,68.3046875
right,2,121,68.37890625
right,2,122,68.37890625
right,2,123,68.37890625
right,2,124,68.45703125
right,2,125,68.45703125
right,2,126,68.609375
right,2,127,68.68359375
right,2,128,68.68359375
right,2,129,68.76171875
right,2,130,68.76171875
right,2,131,68.8359375
right,2,132,68.91015625
right,2,133,68.91015625
right,2,134,68.91015625
right,2,135,68.91015625
right,2,136,68.98828125
right,2,137,68.98828125
right,2,138,69.0625
right,2,139,69.0625
right,2,140,69.0625
right,2,141,69.140625
right,2,142,69.21484375
right,2,143,69.29296875
right,2,144,69.29296875
right,2,145,69.29296875
right,2,146,69.3671875
right,2,147,69.3671875
right,2,148,69.3671875
right,2,149,69.3671875
right,2,150,69.3671875
right,2,151,69.4453125
right,2,152,69.4453125
right,2,153,69.4453125
right,2,154,69.51953125
right,2,155,69.59765625
right,2,156,69.59765625
right,2,157,69.59765625
right,2,158,69.59765625
right,2,159,69.671875
right,2,160,69.74609375
right,2,161,69.74609375
right,2,162,69.74609375
right,2,163,69.82421875
right,2,164,69.82421875
right,2,165,69.82421875
right,2,166,69.82421875
right,2,167,69.82421875
right,2,168,69.8984375
right,2,169,69.8984375
right,2,170,69.8984375
right,2,171,69.8984375
right,2,172,69.9765625
right,2,173,69.9765625
right,2,174,69.8984375
right,2,175,69.9765625
right,2,176,69.9765625
right,2,177,70.05078125
right,2,178,70.05078125
right,2,179,70.12890625
right,2,180,70.12890625
right,2,181,70.12890625
right,2,182,70.12890625
right,2,183,70.12890625
right,2,184,70.28125
right,2,185,70.203125
right,2,186,70.28125
right,2,187,70.28125
right,2,188,70.35546875
right,2,189,70.35546875
right,2,190,70.43359375
right,2,191,70.43359375
right,2,192,70.5078125
right,2,193,70.5078125
right,2,194,70.58203125
right,2,195,70.58203125
right,2,196,70.58203125
right,2,197,70.66015625
right,2,198,70.734375
right,2,199,70.734375
right,2,200,70.8125
right,2,201,70.8125
right,2,202,70.8125
right,2,203,70.8125
right,2,204,70.8125
right,2,205,70.88671875
right,2,206,70.88671875
right,2,207,70.88671875
right,2,208,70.88671875
right,2,209,70.88671875
right,2,210,70.96484375
right,2,211,70.96484375
right,2,212,70.96484375
right,2,213,70.96484375
right,2,214,71.0390625
right,2,215,71.0390625
right,2,216,71.0390625
right,2,217,70.96484375
right,2,218,71.0390625
right,2,219,71.0390625
right,2,220,71.1171875
right,2,221,71.1171875
right,2,222,71.1171875
right,2,223,71.1171875
right,2,224,71.1171875
right,2,225,71.19140625
right,2,226,71.19140625
right,2,227,71.19140625
right,2,228,71.26953125
right,2,229,71.26953125
right,2,230,71.26953125
right,2,231,71.26953125
right,2,232,71.26953125
right,2,233,71.26953125
right,2,234,71.26953125
right,2,235,71.34375
right,2,236,71.41796875
right,2,237,71.41796875
right,2,238,71.41796875
right,2,239,71.49609375
right,2,240,71.41796875
right,2,241,71.49609375
right,2,242,71.49609375
right,2,243,71.49609375
right,2,244,71.49609375
right,2,245,71.49609375
right,2,246,71.49609375
right,2,247,71.49609375
right,2,248,71.49609375
right,2,249,71.49609375
right,2,250,71.5703125
right,2,251,71.5703125
right,2,252,71.5703125
right,2,253,71.6484375
right,2,254,71.6484375
right,2,255,71.72265625
right,2,256,71.72265625
right,2,257,71.72265625
right,2,258,71.72265625
right,2,259,71.72265625
right,2,260,71.72265625
right,2,261,71.80078125
right,2,262,71.80078125
right,2,263,71.80078125
right,2,264,71.80078125
right,2,265,71.80078125
right,2,266,71.80078125
right,2,267,71.875
right,2,268,71.80078125
right,2,269,71.875
right,2,270,71.875
right,2,271,71.953125
right,2,272,71.953125
right,2,273,71.953125
right,2,274,71.953125
right,2,275,71.953125
right,2,276,71.953125
right,2,277,72.02734375
right,2,278,72.02734375
right,2,279,72.02734375
right,2,280,72.02734375
right,2,281,72.02734375
right,2,282,72.02734375
right,2,283,72.02734375
right,2,284,72.02734375
right,2,285,72.02734375
right,2,286,72.02734375
right,2,287,72.02734375
right,2,288,72.02734375
right,2,289,72.10546875
right,2,290,72.10546875
right,2,291,72.10546875
right,2,292,72.10546875
right,2,293,72.10546875
right,2,294,72.1796875
right,2,295,72.1796875
right,2,296,72.1796875
right,2,297,72.1796875
right,2,298,72.1796875
right,2,299,72.25390625
right,2,300,72.25390625
right,2,301,72.25390625
right,2,302,72.33203125
right,2,303,72.33203125
right,2,304,72.33203125
right,2,305,72.40625
right,2,306,72.40625
right,2,307,72.40625
right,2,308,72.40625
right,2,309,72.40625
right,2,310,72.484375
right,2,311,72.40625
right,2,312,72.484375
right,2,313,72.484375
right,2,314,72.484375
right,2,315,72.55859375
right,2,316,72.55859375
right,2,317,72.55859375
right,2,318,72.55859375
right,2,319,72.55859375
right,2,320,72.55859375
right,2,321,72.55859375
right,2,322,72.63671875
right,2,323,72.55859375
right,2,324,72.63671875
right,2,325,72.63671875
right,2,326,72.63671875
right,2,327,72.7109375
right,2,328,72.63671875
right,2,329,72.63671875
right,2,330,72.63671875
right,2,331,72.63671875
right,2,332,72.7109375
right,2,333,72.7109375
right,2,334,72.7109375
right,2,335,72.7109375
right,2,336,72.7109375
right,2,337,72.7109375
right,2,338,72.7109375
right,2,339,72.7890625
right,2,340,72.7890625
right,2,341,72.7890625
right,2,342,72.7890625
right,2,343,72.7890625
right,2,344,72.7890625
right,2,345,72.7890625
right,2,346,72.7890625
right,2,347,72.7890625
right,2,348,72.7890625
right,2,349,72.86328125
right,2,350,72.86328125
right,2,351,72.86328125
right,2,352,72.86328125
right,2,353,72.7890625
right,2,354,72.86328125
right,2,355,72.86328125
right,2,356,72.94140625
right,2,357,72.94140625
right,2,358,72.94140625
right,2,359,72.94140625
right,2,360,72.94140625
right,2,361,72.94140625
right,2,362,72.94140625
right,2,363,73.015625
right,2,364,73.015625
right,2,365,73.015625
right,2,366,73.015625
right,2,367,73.015625
right,2,368,73.015625
right,2,369,73.09375
right,2,370,73.09375
right,2,371,73.09375
right,2,372,73.015625
right,2,373,73.015625
right,2,374,73.015625
right,2,375,73.015625
right,2,376,73.09375
right,2,377,73.09375
right,2,378,73.16796875
right,2,379,73.16796875
right,2,380,73.16796875
right,2,381,73.16796875
right,2,382,73.16796875
right,2,383,73.2421875
right,2,384,73.2421875
right,2,385,73.3203125
right,2,386,73.3203125
right,2,387,73.3203125
right,2,388,73.3203125
right,2,389,73.3203125
right,2,390,73.3203125
right,2,391,73.3203125
right,2,392,73.39453125
right,2,393,73.39453125
right,2,394,73.39453125
right,2,395,73.39453125
right,2,396,73.39453125
right,2,397,73.39453125
right,2,398,73.39453125
right,2,399,73.47265625
right,2,400,73.47265625
right,2,401,73.47265625
right,2,402,73.546875
right,2,403,73.47265625
right,2,404,73.47265625
right,2,405,73.546875
right,2,406,73.546875
right,2,407,73.546875
right,2,408,73.546875
right,2,409,73.546875
right,2,410,73.546875
right,2,411,73.546875
right,2,412,73.625
right,2,413,73.546875
right,2,414,73.625
right,2,415,73.625
right,2,416,73.546875
right,2,417,73.546875
right,2,418,73.625
right,2,419,73.625
right,2,420,73.625
right,2,421,73.546875
right,2,422,73.625
right,2,423,73.625
right,2,424,73.625
right,2,425,73.625
right,2,426,73.625
right,2,427,73.69921875
right,2,428,73.69921875
right,2,429,73.69921875
right,2,430,73.69921875
right,2,431,73.69921875
right,2,432,73.69921875
right,2,433,73.69921875
right,2,434,73.69921875
right,2,435,73.69921875
right,2,436,73.69921875
right,2,437,73.69921875
right,2,438,73.69921875
right,2,439,73.69921875
right,2,440,73.69921875
right,2,441,73.77734375
right,2,442,73.77734375
right,2,443,73.69921875
right,2,444,73.77734375
right,2,445,73.77734375
right,2,446,73.77734375
right,2,447,73.77734375
right,2,448,73.77734375
right,2,449,73.8515625
right,2,450,73.8515625
right,2,451,73.8515625
right,2,452,73.8515625
right,2,453,73.9296875
right,2,454,73.9296875
right,2,455,73.8515625
right,2,456,73.8515625
right,2,457,73.9296875
right,2,458,73.9296875
right,2,459,73.8515625
right,2,460,73.9296875
right,2,461,73.9296875
right,2,462,74.00390625
right,2,463,74.00390625
right,2,464,74.00390625
right,2,465,74.00390625
right,2,466,74.00390625
right,2,467,74.00390625
right,2,468,74.00390625
right,2,469,74.078125
right,2,470,74.078125
right,2,471,74.15625
right,2,472,74.078125
right,2,473,74.15625
right,2,474,74.078125
right,2,475,74.15625
right,2,476,74.15625
right,2,477,74.15625
right,2,478,74.15625
right,2,479,74.15625
right,2,480,74.15625
right,2,481,74.23046875
right,2,482,74.23046875
right,2,483,74.23046875
right,2,484,74.23046875
right,2,485,74.30859375
right,2,486,74.30859375
right,2,487,74.30859375
right,2,488,74.30859375
right,2,489,74.30859375
right,2,490,74.30859375
right,2,491,74.30859375
right,2,492,74.30859375
right,2,493,74.30859375
right,2,494,74.30859375
right,2,495,74.30859375
right,2,496,74.3828125
right,2,497,74.30859375
right,2,498,74.3828125
right,2,499,74.3828125
right,2,500,74.3828125
right,2,501,74.4609375
right,2,502,74.4609375
right,2,503,74.4609375
right,2,504,74.4609375
right,2,505,74.4609375
right,2,506,74.4609375
right,2,507,74.4609375
right,2,508,74.53515625
right,2,509,74.4609375
right,2,510,74.4609375
right,2,511,74.53515625
right,2,512,74.53515625
right,2,513,74.53515625
right,2,514,74.53515625
right,2,515,74.53515625
right,2,516,74.53515625
right,2,517,74.53515625
right,2,518,74.53515625
right,2,519,74.53515625
right,2,520,74.53515625
right,2,521,74.61328125
right,2,522,74.61328125
right,2,523,74.61328125
right,2,524,74.61328125
right,2,525,74.61328125
right,2,526,74.61328125
right,2,527,74.61328125
right,2,528,74.61328125
right,2,529,74.61328125
right,2,530,74.61328125
right,2,531,74.61328125
right,2,532,74.6875
right,2,533,74.6875
right,2,534,74.61328125
right,2,535,74.6875
right,2,536,74.61328125
right,2,537,74.6875
right,2,538,74.6875
right,2,539,74.6875
right,2,540,74.6875
right,2,541,74.6875
right,2,542,74.765625
right,2,543,74.6875
right,2,544,74.6875
right,2,545,74.765625
right,2,546,74.6875
right,2,547,74.765625
right,2,548,74.6875
right,2,549,74.6875
right,2,550,74.765625
right,2,551,74.6875
right,2,552,74.765625
right,2,553,74.765625
right,2,554,74.765625
right,2,555,74.765625
right,2,556,74.765625
right,2,557,74.765625
right,2,558,74.83984375
right,2,559,74.83984375
right,2,560,74.83984375
right,2,561,74.765625
right,2,562,74.83984375
right,2,563,74.9140625
right,2,564,74.83984375
right,2,565,74.9140625
right,2,566,74.9140625
right,2,567,74.83984375
right,2,568,74.9140625
right,2,569,74.9140625
right,2,570,74.83984375
right,2,571,74.9140625
right,2,572,74.9140625
right,2,573,74.9140625
right,2,574,74.9140625
right,2,575,74.83984375
right,2,576,74.83984375
right,2,577,74.83984375
right,2,578,74.9140625
right,2,579,74.9140625
right,2,580,74.83984375
right,2,581,74.9140625
right,2,582,74.83984375
right,2,583,74.9140625
right,2,584,74.9140625
right,2,585,74.9140625
right,2,586,74.9140625
right,2,587,74.9140625
right,2,588,74.9140625
right,2,589,74.9140625
right,2,590,74.9140625
right,2,591,74.9140625
right,2,592,74.9140625
right,2,593,74.9140625
right,2,594,74.9921875
right,2,595,74.9140625
right,2,596,74.9921875
right,2,597,74.9921875
right,2,598,75.06640625
right,2,599,74.9921875
right,2,600,74.9921875
right,2,601,74.9921875
right,2,602,75.06640625
right,2,603,75.06640625
right,2,604,75.06640625
right,2,605,75.06640625
right,2,606,75.06640625
right,2,607,75.06640625
right,2,608,75.06640625
right,2,609,75.06640625
right,2,610,75.06640625
right,2,611,75.06640625
right,2,612,75.06640625
right,2,613,75.06640625
right,2,614,75.06640625
right,2,615,75.14453125
right,2,616,75.06640625
right,2,617,75.06640625
right,2,618,75.14453125
right,2,619,75.14453125
right,2,620,75.14453125
right,2,621,75.14453125
right,2,622,75.21875
right,2,623,75.14453125
right,2,624,75.14453125
right,2,625,75.21875
right,2,626,75.21875
right,2,627,75.14453125
right,2,628,75.14453125
right,2,629,75.21875
right,2,630,75.21875
right,2,631,75.21875
right,2,632,75.21875
right,2,633,75.21875
right,2,634,75.21875
right,2,635,75.21875
right,2,636,75.21875
right,2,637,75.296875
right,2,638,75.21875
right,2,639,75.296875
right,2,640,75.296875
right,2,641,75.21875
right,2,642,75.296875
right,2,643,75.37109375
right,2,644,75.296875
right,2,645,75.296875
right,2,646,75.296875
right,2,647,75.37109375
right,2,648,75.296875
right,2,649,75.296875
right,2,650,75.296875
right,2,651,75.296875
right,2,652,75.37109375
right,2,653,75.37109375
right,2,654,75.44921875
right,2,655,75.37109375
right,2,656,75.37109375
right,2,657,75.37109375
right,2,658,75.37109375
right,2,659,75.37109375
right,2,660,75.37109375
right,2,661,75.37109375
right,2,662,75.37109375
right,2,663,75.44921875
right,2,664,75.44921875
right,2,665,75.37109375
right,2,666,75.44921875
right,2,667,75.44921875
right,2,668,75.44921875
right,2,669,75.44921875
right,2,670,75.44921875
right,2,671,75.44921875
right,2,672,75.44921875
right,2,673,75.44921875
right,2,674,75.44921875
right,2,675,75.5234375
right,2,676,75.5234375
right,2,677,75.5234375
right,2,678,75.5234375
right,2,679,75.6015625
right,2,680,75.5234375
right,2,681,75.5234375
right,2,682,75.5234375
right,2,683,75.5234375
right,2,684,75.5234375
right,2,685,75.5234375
right,2,686,75.5234375
right,2,687,75.5234375
right,2,688,75.5234375
right,2,689,75.6015625
right,2,690,75.5234375
right,2,691,75.5234375
right,2,692,75.5234375
right,2,693,75.5234375
right,2,694,75.5234375
right,2,695,75.5234375
right,2,696,75.5234375
right,2,697,75.6015625
right,2,698,75.5234375
right,2,699,75.5234375
right,2,700,75.6015625
right,2,701,75.6015625
right,2,702,75.6015625
right,2,703,75.6015625
right,2,704,75.6015625
right,2,705,75.6015625
right,2,706,75.6015625
right,2,707,75.6015625
right,2,708,75.67578125
right,2,709,75.6015625
right,2,710,75.67578125
right,2,711,75.67578125
right,2,712,75.67578125
right,2,713,75.67578125
right,2,714,75.67578125
right,2,715,75.67578125
right,2,716,75.67578125
right,2,717,75.67578125
right,2,718,75.67578125
right,2,719,75.75
right,2,720,75.67578125
right,2,721,75.75
right,2,722,75.67578125
right,2,723,75.67578125
right,2,724,75.67578125
right,2,725,75.75
right,2,726,75.75
right,2,727,75.67578125
right,2,728,75.67578125
right,2,729,75.67578125
right,2,730,75.67578125
right,2,731,75.67578125
right,2,732,75.67578125
right,2,733,75.75
right,2,734,75.67578125
right,2,735,75.67578125
right,2,736,75.75
right,2,737,75.67578125
right,2,738,75.75
right,2,739,75.75
right,2,740,75.75
right,2,741,75.75
right,2,742,75.75
right,2,743,75.75
right,2,744,75.75
right,2,745,75.75
right,2,746,75.75
right,2,747,75.75
right,2,748,75.75
right,2,749,75.75
right,2,750,75.75
right,2,751,75.75
right,2,752,75.828125
right,2,753,75.75
right,2,754,75.75
right,2,755,75.75
right,2,756,75.75
right,2,757,75.75
right,2,758,75.75
right,2,759,75.75
right,2,760,75.828125
right,2,761,75.828125
right,2,762,75.828125
right,2,763,75.828125
right,2,764,75.828125
right,2,765,75.828125
right,2,766,75.75
right,2,767,75.75
right,2,768,75.75
right,2,769,75.828125
right,2,770,75.75
right,2,771,75.828125
right,2,772,75.75
right,2,773,75.75
right,2,774,75.828125
right,2,775,75.828125
right,2,776,75.828125
right,2,777,75.828125
right,2,778,75.828125
right,2,779,75.828125
right,2,780,75.828125
right,2,781,75.828125
right,2,782,75.828125
right,2,783,75.828125
right,2,784,75.828125
right,2,785,75.828125
right,2,786,75.828125
right,2,787,75.90234375
right,2,788,75.90234375
right,2,789,75.90234375
right,2,790,75.90234375
right,2,791,75.828125
right,2,792,75.90234375
right,2,793,75.90234375
right,2,794,75.90234375
right,2,795,75.90234375
right,2,796,75.90234375
right,2,797,75.98046875
right,2,798,75.90234375
right,2,799,75.98046875
right,2,800,75.90234375
right,2,801,75.98046875
right,2,802,75.90234375
right,2,803,75.98046875
right,2,804,75.98046875
right,2,805,75.98046875
right,2,806,75.98046875
right,2,807,75.98046875
right,2,808,75.90234375
right,2,809,75.90234375
right,2,810,75.98046875
right,2,811,75.98046875
right,2,812,75.98046875
right,2,813,75.98046875
right,2,814,75.98046875
right,2,815,75.98046875
right,2,816,75.98046875
right,2,817,75.98046875
right,2,818,75.98046875
right,2,819,75.98046875
right,2,820,75.98046875
right,2,821,75.98046875
right,2,822,76.98046875
right,2,823,75.98046875
right,2,824,75.98046875
right,2,825,75.98046875
right,2,826,75.98046875
right,2,827,75.98046875
right,2,828,75.98046875
right,2,829,75.98046875
right,2,830,75.98046875
right,2,831,75.98046875
right,2,832,75.98046875
right,2,833,75.98046875
right,2,834,75.98046875
right,2,835,75.98046875
right,2,836,76.0546875
right,2,837,76.0546875
right,2,838,76.0546875
right,2,839,76.0546875
right,2,840,75.98046875
right,2,841,75.98046875
right,2,842,76.0546875
right,2,843,75.98046875
right,2,844,76.0546875
right,2,845,76.0546875
right,2,846,76.0546875
right,2,847,76.0546875
right,2,848,76.0546875
right,2,849,76.1328125
right,2,850,76.1328125
right,2,851,76.0546875
right,2,852,76.1328125
right,2,853,76.0546875
right,2,854,76.0546875
right,2,855,76.1328125
right,2,856,76.1328125
right,2,857,76.1328125
right,2,858,76.1328125
right,2,859,76.1328125
right,2,860,76.1328125
right,2,861,76.1328125
right,2,862,76.1328125
right,2,863,76.1328125
right,2,864,76.20703125
right,2,865,76.20703125
right,2,866,76.1328125
right,2,867,76.20703125
right,2,868,76.20703125
right,2,869,76.20703125
right,2,870,76.20703125
right,2,871,76.20703125
right,2,872,76.20703125
right,2,873,76.28515625
right,2,874,76.28515625
right,2,875,76.20703125
right,2,876,76.20703125
right,2,877,76.20703125
right,2,878,76.20703125
right,2,879,76.28515625
right,2,880,76.20703125
right,2,881,76.20703125
right,2,882,76.20703125
right,2,883,76.20703125
right,2,884,76.20703125
right,2,885,76.28515625
right,2,886,76.20703125
right,2,887,76.28515625
right,2,888,76.28515625
right,2,889,76.28515625
right,2,890,76.20703125
right,2,891,76.28515625
right,2,892,76.28515625
right,2,893,76.359375
right,2,894,76.359375
right,2,895,76.359375
right,2,896,76.359375
right,2,897,76.359375
right,2,898,76.4375
right,2,899,76.4375
right,2,900,76.4375
right,2,901,76.359375
right,2,902,76.4375
right,2,903,76.51171875
right,2,904,76.4375
right,2,905,76.51171875
right,2,906,76.4375
right,2,907,76.51171875
right,2,908,76.51171875
right,2,909,76.4375
right,2,910,76.4375
right,2,911,76.4375
right,2,912,76.4375
right,2,913,76.51171875
right,2,914,76.4375
right,2,915,76.51171875
right,2,916,76.51171875
right,2,917,76.4375
right,2,918,76.51171875
right,2,919,76.4375
right,2,920,76.51171875
right,2,921,76.51171875
right,2,922,76.51171875
right,2,923,76.51171875
right,2,924,76.51171875
right,2,925,76.51171875
right,2,926,76.51171875
right,2,927,76.51171875
right,2,928,76.51171875
right,2,929,76.51171875
right,2,930,76.51171875
right,2,931,76.51171875
right,2,932,76.51171875
right,2,933,76.51171875
right,2,934,76.51171875
right,2,935,76.51171875
right,2,936,76.51171875
right,2,937,76.51171875
right,2,938,76.51171875
right,2,939,76.51171875
right,2,940,76.51171875
right,2,941,76.51171875
right,2,942,76.51171875
right,2,943,76.51171875
right,2,944,76.51171875
right,2,945,76.51171875
right,2,946,76.51171875
right,2,947,76.51171875
right,2,948,76.51171875
right,2,949,76.4375
right,2,950,76.51171875
right,2,951,76.51171875
right,2,952,76.51171875
right,2,953,76.51171875
right,2,954,76.51171875
right,2,955,76.51171875
right,2,956,76.51171875
right,2,957,76.51171875
right,2,958,76.5859375
right,2,959,76.5859375
right,2,960,76.5859375
right,2,961,76.5859375
right,2,962,76.51171875
right,2,963,76.51171875
right,2,964,76.51171875
right,2,965,76.5859375
right,2,966,76.51171875
right,2,967,76.51171875
right,2,968,76.51171875
right,2,969,76.51171875
right,2,970,76.5859375
right,2,971,76.5859375
right,2,972,76.5859375
right,2,973,76.5859375
right,2,974,76.5859375
right,2,975,76.6640625
right,2,976,76.5859375
right,2,977,76.5859375
right,2,978,76.5859375
right,2,979,76.5859375
right,2,980,76.5859375
right,2,981,76.5859375
right,2,982,76.5859375
right,2,983,76.5859375
right,2,984,76.5859375
right,2,985,76.5859375
right,2,986,76.5859375
right,2,987,76.5859375
right,2,988,76.5859375
right,2,989,76.5859375
right,2,990,76.6640625
right,2,991,76.6640625
right,2,992,76.5859375
right,2,993,76.5859375
right,2,994,76.5859375
right,2,995,76.5859375
right,2,996,76.6640625
right,2,997,76.6640625
right,2,998,76.6640625
right,2,999,76.5859375
right,2,1000,76.5859375
right,2,1001,76.5859375
right,2,1002,76.5859375
right,2,1003,76.6640625
right,2,1004,76.6640625
right,2,1005,76.6640625
right,2,1006,76.5859375
right,2,1007,76.6640625
right,2,1008,76.6640625
right,2,1009,76.5859375
right,2,1010,76.6640625
right,2,1011,76.6640625
right,2,1012,76.6640625
right,2,1013,76.6640625
right,2,1014,76.6640625
right,2,1015,76.6640625
right,2,1016,76.6640625
right,2,1017,76.6640625
right,2,1018,76.6640625
right,2,1019,76.6640625
right,2,1020,76.6640625
right,2,1021,76.73828125
right,2,1022,76.6640625
right,2,1023,76.6640625
right,2,1024,76.6640625
right,2,1025,76.73828125
right,2,1026,76.6640625
right,2,1027,76.73828125
right,2,1028,76.6640625
right,2,1029,76.6640625
right,2,1030,76.6640625
right,2,1031,76.6640625
right,2,1032,76.6640625
right,2,1033,76.73828125
right,2,1034,76.6640625
right,2,1035,76.73828125
right,2,1036,76.6640625
right,2,1037,76.6640625
right,2,1038,76.6640625
right,2,1039,76.6640625
right,2,1040,76.6640625
right,2,1041,76.73828125
right,2,1042,76.73828125
right,2,1043,76.73828125
right,2,1044,76.73828125
right,2,1045,76.73828125
right,2,1046,76.73828125
right,2,1047,76.73828125
right,2,1048,76.73828125
right,2,1049,76.73828125
right,2,1050,76.73828125
right,2,1051,76.73828125
right,2,1052,76.73828125
right,2,1053,76.73828125
right,2,1054,76.6640625
right,2,1055,76.73828125
right,2,1056,76.73828125
right,2,1057,76.73828125
right,2,1058,76.73828125
right,2,1059,76.6640625
right,2,1060,76.6640625
right,2,1061,76.73828125
right,2,1062,76.73828125
right,2,1063,76.73828125
right,2,1064,76.73828125
right,2,1065,76.73828125
right,2,1066,76.73828125
right,2,1067,76.73828125
right,2,1068,76.73828125
right,2,1069,76.73828125
right,2,1070,76.73828125
right,2,1071,76.73828125
right,2,1072,76.73828125
right,2,1073,76.73828125
right,2,1074,76.73828125
right,2,1075,76.73828125
right,2,1076,76.73828125
right,2,1077,76.6640625
right,2,1078,76.73828125
right,2,1079,76.73828125
right,2,1080,76.73828125
right,2,1081,76.73828125
right,2,1082,76.73828125
right,2,1083,76.73828125
right,2,1084,76.73828125
right,2,1085,76.73828125
right,2,1086,76.73828125
right,2,1087,76.73828125
right,2,1088,76.81640625
right,2,1089,76.81640625
right,2,1090,76.81640625
right,2,1091,76.81640625
right,2,1092,76.81640625
right,2,1093,76.73828125
right,2,1094,76.81640625
right,2,1095,76.81640625
right,2,1096,76.81640625
right,2,1097,76.81640625
right,2,1098,76.81640625
right,2,1099,76.81640625
right,2,1100,76.81640625
right,2,1101,76.890625
right,2,1102,76.81640625
right,2,1103,76.81640625
right,2,1104,76.81640625
right,2,1105,76.81640625
right,2,1106,76.81640625
right,2,1107,76.81640625
right,2,1108,76.81640625
right,2,1109,76.81640625
right,2,1110,76.81640625
right,2,1111,76.81640625
right,2,1112,76.81640625
right,2,1113,76.81640625
right,2,1114,76.81640625
right,2,1115,76.81640625
right,2,1116,76.81640625
right,2,1117,76.81640625
right,2,1118,76.81640625
right,2,1119,76.81640625
right,2,1120,76.81640625
right,2,1121,76.81640625
right,2,1122,76.81640625
right,2,1123,76.81640625
right,2,1124,76.81640625
right,2,1125,76.81640625
right,2,1126,76.81640625
right,2,1127,76.81640625
right,2,1128,76.81640625
right,2,1129,76.81640625
right,2,1130,76.81640625
right,2,1131,76.81640625
right,2,1132,76.81640625
right,2,1133,76.81640625
right,2,1134,76.81640625
right,2,1135,76.890625
right,2,1136,76.890625
right,2,1137,76.890625
right,2,1138,76.890625
right,2,1139,76.890625
right,2,1140,76.96875
right,2,1141,76.890625
right,2,1142,76.890625
right,2,1143,76.890625
right,2,1144,76.890625
right,2,1145,76.96875
right,2,1146,76.96875
right,2,1147,76.96875
right,2,1148,76.96875
right,2,1149,76.96875
right,2,1150,76.96875
right,2,1151,76.96875
right,2,1152,76.96875
right,2,1153,77.04296875
right,2,1154,77.04296875
right,2,1155,76.96875
right,2,1156,77.04296875
right,2,1157,76.96875
right,2,1158,77.04296875
right,2,1159,76.96875
right,2,1160,77.04296875
right,2,1161,77.04296875
right,2,1162,77.04296875
right,2,1163,77.04296875
right,2,1164,77.04296875
right,2,1165,77.04296875
right,2,1166,77.04296875
right,2,1167,76.96875
right,2,1168,77.04296875
right,2,1169,76.96875
right,2,1170,76.96875
right,2,1171,76.96875
right,2,1172,76.96875
right,2,1173,76.96875
right,2,1174,76.96875
right,2,1175,76.96875
right,2,1176,76.96875
right,2,1177,76.96875
right,2,1178,76.96875
right,2,1179,76.96875
right,2,1180,76.96875
right,2,1181,76.96875
right,2,1182,76.96875
right,2,1183,76.96875
right,2,1184,76.96875
right,2,1185,76.96875
right,2,1186,76.96875
right,2,1187,76.96875
right,2,1188,76.96875
right,2,1189,76.96875
right,2,1190,76.96875
right,2,1191,76.96875
right,2,1192,76.96875
right,2,1193,76.96875
right,2,1194,76.96875
right,2,1195,76.96875
right,2,1196,76.96875
right,2,1197,76.96875
right,2,1198,76.96875
right,2,1199,77.04296875
right,2,1200,77.04296875
right,3,0,26.99609375
right,3,1,28.9921875
right,3,2,30.9765625
right,3,3,33.0390625
right,3,4,34.87109375
right,3,5,36.625
right,3,6,38.3046875
right,3,7,39.83203125
right,3,8,41.28125
right,3,9,42.80859375
right,3,10,44.02734375
right,3,11,45.171875
right,3,12,46.31640625
right,3,13,47.38671875
right,3,14,48.453125
right,3,15,49.4453125
right,3,16,50.4375
right,3,17,51.4296875
right,3,18,52.26953125
right,3,19,53.109375
right,3,20,53.87109375
right,3,21,54.7109375
right,3,22,55.4765625
right,3,23,56.1640625
right,3,24,56.84765625
right,3,25,57.53515625
right,3,26,58.22265625
right,3,27,58.7578125
right,3,28,59.3671875
right,3,29,59.90234375
right,3,30,60.4375
right,3,31,60.96875
right,3,32,61.50390625
right,3,33,61.88671875
right,3,34,62.265625
right,3,35,62.7265625
right,3,36,63.18359375
right,3,37,63.56640625
right,3,38,63.9453125
right,3,39,64.328125
right,3,40,64.6328125
right,3,41,65.08984375
right,3,42,65.3203125
right,3,43,65.625
right,3,44,65.9296875
right,3,45,66.3125
right,3,46,66.6171875
right,3,47,66.921875
right,3,48,67.15234375
right,3,49,67.45703125
right,3,50,67.76171875
right,3,51,68.06640625
right,3,52,68.296875
right,3,53,68.52734375
right,3,54,68.75390625
right,3,55,68.984375
right,3,56,69.2109375
right,3,57,69.44140625
right,3,58,69.671875
right,3,59,69.8984375
right,3,60,70.12890625
right,3,61,70.43359375
right,3,62,70.51171875
right,3,63,70.73828125
right,3,64,70.96875
right,3,65,71.1953125
right,3,66,71.34765625
right,3,67,71.42578125
right,3,68,71.5
right,3,69,71.578125
right,3,70,71.80859375
right,3,71,71.8828125
right,3,72,72.03515625
right,3,73,72.11328125
right,3,74,72.11328125
right,3,75,72.33984375
right,3,76,72.41796875
right,3,77,72.5703125
right,3,78,72.80078125
right,3,79,72.875
right,3,80,73.02734375
right,3,81,73.10546875
right,3,82,73.1796875
right,3,83,73.41015625
right,3,84,73.484375
right,3,85,73.71484375
right,3,86,73.79296875
right,3,87,73.8671875
right,3,88,74.01953125
right,3,89,74.01953125
right,3,90,74.171875
right,3,91,74.25
right,3,92,74.32421875
right,3,93,74.40234375
right,3,94,74.4765625
right,3,95,74.5546875
right,3,96,74.6328125
right,3,97,74.70703125
right,3,98,74.70703125
right,3,99,74.859375
right,3,100,74.9375
right,3,101,75.01171875
right,3,102,75.08984375
right,3,103,75.1640625
right,3,104,75.31640625
right,3,105,75.39453125
right,3,106,75.546875
right,3,107,75.546875
right,3,108,75.69921875
right,3,109,75.77734375
right,3,110,75.8515625
right,3,111,75.9296875
right,3,112,76.00390625
right,3,113,76.08203125
right,3,114,76.15625
right,3,115,76.234375
right,3,116,76.234375
right,3,117,76.38671875
right,3,118,76.4609375
right,3,119,76.5390625
right,3,120,76.69140625
right,3,121,76.76953125
right,3,122,76.84375
right,3,123,76.921875
right,3,124,76.921875
right,3,125,76.99609375
right,3,126,77.07421875
right,3,127,77.1484375
right,3,128,77.2265625
right,3,129,77.2265625
right,3,130,77.30078125
right,3,131,77.37890625
right,3,132,77.453125
right,3,133,77.453125
right,3,134,77.453125
right,3,135,77.60546875
right,3,136,77.68359375
right,3,137,77.76171875
right,3,138,77.8359375
right,3,139,77.8359375
right,3,140,77.9140625
right,3,141,77.98828125
right,3,142,77.98828125
right,3,143,78.06640625
right,3,144,78.06640625
right,3,145,78.140625
right,3,146,78.29296875
right,3,147,78.29296875
right,3,148,78.37109375
right,3,149,78.4453125
right,3,150,78.4453125
right,3,151,78.5234375
right,3,152,78.5234375
right,3,153,78.5234375
right,3,154,78.59765625
right,3,155,78.67578125
right,3,156,78.67578125
right,3,157,78.75390625
right,3,158,78.75390625
right,3,159,78.828125
right,3,160,78.828125
right,3,161,78.90625
right,3,162,78.90625
right,3,163,78.90625
right,3,164,78.98046875
right,3,165,78.98046875
right,3,166,79.05859375
right,3,167,79.1328125
right,3,168,79.1328125
right,3,169,79.2109375
right,3,170,79.2109375
right,3,171,79.28515625
right,3,172,79.36328125
right,3,173,79.36328125
right,3,174,79.4375
right,3,175,79.515625
right,3,176,79.515625
right,3,177,79.58984375
right,3,178,79.58984375
right,3,179,79.66796875
right,3,180,79.66796875
right,3,181,79.66796875
right,3,182,79.7421875
right,3,183,79.8203125
right,3,184,79.8203125
right,3,185,79.8984375
right,3,186,79.8984375
right,3,187,79.97265625
right,3,188,79.97265625
right,3,189,79.97265625
right,3,190,80.05078125
right,3,191,80.125
right,3,192,80.05078125
right,3,193,80.203125
right,3,194,80.203125
right,3,195,80.203125
right,3,196,80.203125
right,3,197,80.27734375
right,3,198,80.27734375
right,3,199,80.27734375
right,3,200,80.35546875
right,3,201,80.35546875
right,3,202,80.35546875
right,3,203,80.35546875
right,3,204,80.4296875
right,3,205,80.5078125
right,3,206,80.58203125
right,3,207,80.58203125
right,3,208,80.58203125
right,3,209,80.58203125
right,3,210,80.66015625
right,3,211,80.66015625
right,3,212,80.66015625
right,3,213,80.734375
right,3,214,80.8125
right,3,215,80.8125
right,3,216,80.890625
right,3,217,80.96484375
right,3,218,80.96484375
right,3,219,80.96484375
right,3,220,81.04296875
right,3,221,81.1171875
right,3,222,81.1171875
right,3,223,81.1953125
right,3,224,81.1953125
right,3,225,81.1953125
right,3,226,81.26953125
right,3,227,81.26953125
right,3,228,81.26953125
right,3,229,81.34765625
right,3,230,81.34765625
right,3,231,81.34765625
right,3,232,81.421875
right,3,233,81.5
right,3,234,81.421875
right,3,235,81.5
right,3,236,81.5
right,3,237,81.5
right,3,238,81.57421875
right,3,239,81.65234375
right,3,240,81.57421875
right,3,241,81.65234375
right,3,242,81.65234375
right,3,243,81.65234375
right,3,244,81.7265625
right,3,245,81.7265625
right,3,246,81.8046875
right,3,247,81.8046875
right,3,248,81.8046875
right,3,249,81.8828125
right,3,250,81.8828125
right,3,251,81.8828125
right,3,252,81.95703125
right,3,253,81.95703125
right,3,254,81.8828125
right,3,255,81.95703125
right,3,256,81.95703125
right,3,257,81.95703125
right,3,258,82.03515625
right,3,259,82.03515625
right,3,260,81.95703125
right,3,261,82.03515625
right,3,262,82.03515625
right,3,263,82.03515625
right,3,264,82.109375
right,3,265,82.109375
right,3,266,82.109375
right,3,267,82.1875
right,3,268,82.1875
right,3,269,82.1875
right,3,270,82.26171875
right,3,271,82.26171875
right,3,272,82.33984375
right,3,273,82.26171875
right,3,274,82.33984375
right,3,275,82.33984375
right,3,276,82.33984375
right,3,277,82.4140625
right,3,278,82.4140625
right,3,279,82.4140625
right,3,280,82.4140625
right,3,281,82.4921875
right,3,282,82.4921875
right,3,283,82.56640625
right,3,284,82.56640625
right,3,285,82.64453125
right,3,286,82.56640625
right,3,287,82.64453125
right,3,288,82.64453125
right,3,289,82.71875
right,3,290,82.71875
right,3,291,82.64453125
right,3,292,82.71875
right,3,293,82.71875
right,3,294,82.71875
right,3,295,82.796875
right,3,296,82.796875
right,3,297,82.796875
right,3,298,82.796875
right,3,299,82.875
right,3,300,82.796875
right,3,301,82.875
right,3,302,82.94921875
right,3,303,82.94921875
right,3,304,82.94921875
right,3,305,83.02734375
right,3,306,83.02734375
right,3,307,83.1015625
right,3,308,83.1015625
right,3,309,83.1015625
right,3,310,83.1015625
right,3,311,83.1015625
right,3,312,83.1015625
right,3,313,83.1015625
right,3,314,83.1796875
right,3,315,83.1796875
right,3,316,83.1796875
right,3,317,83.1796875
right,3,318,83.25390625
right,3,319,83.25390625
right,3,320,83.25390625
right,3,321,83.25390625
right,3,322,83.33203125
right,3,323,83.33203125
right,3,324,83.40625
right,3,325,83.40625
right,3,326,83.40625
right,3,327,83.40625
right,3,328,83.484375
right,3,329,83.484375
right,3,330,83.484375
right,3,331,83.55859375
right,3,332,83.484375
right,3,333,83.55859375
right,3,334,83.55859375
right,3,335,83.55859375
right,3,336,83.63671875
right,3,337,83.63671875
right,3,338,83.63671875
right,3,339,83.7109375
right,3,340,83.7109375
right,3,341,83.7109375
right,3,342,83.7109375
right,3,343,83.7890625
right,3,344,83.7890625
right,3,345,83.7890625
right,3,346,83.7890625
right,3,347,83.86328125
right,3,348,83.86328125
right,3,349,83.94140625
right,3,350,83.94140625
right,3,351,83.94140625
right,3,352,84.01953125
right,3,353,83.94140625
right,3,354,84.01953125
right,3,355,84.01953125
right,3,356,84.01953125
right,3,357,84.01953125
right,3,358,84.01953125
right,3,359,84.09375
right,3,360,84.09375
right,3,361,84.09375
right,3,362,84.171875
right,3,363,84.171875
right,3,364,84.171875
right,3,365,84.171875
right,3,366,84.171875
right,3,367,84.24609375
right,3,368,84.171875
right,3,369,84.24609375
right,3,370,84.24609375
right,3,371,84.32421875
right,3,372,84.32421875
right,3,373,84.32421875
right,3,374,84.24609375
right,3,375,84.32421875
right,3,376,84.32421875
right,3,377,84.32421875
right,3,378,84.3984375
right,3,379,84.3984375
right,3,380,84.3984375
right,3,381,84.3984375
right,3,382,84.3984375
right,3,383,84.4765625
right,3,384,84.4765625
right,3,385,84.55078125
right,3,386,84.55078125
right,3,387,84.4765625
right,3,388,84.55078125
right,3,389,84.55078125
right,3,390,84.55078125
right,3,391,84.62890625
right,3,392,84.62890625
right,3,393,84.62890625
right,3,394,84.62890625
right,3,395,84.62890625
right,3,396,84.62890625
right,3,397,84.703125
right,3,398,84.703125
right,3,399,84.703125
right,3,400,84.703125
right,3,401,84.78125
right,3,402,84.78125
right,3,403,84.78125
right,3,404,84.78125
right,3,405,84.78125
right,3,406,84.78125
right,3,407,84.78125
right,3,408,84.85546875
right,3,409,84.85546875
right,3,410,84.85546875
right,3,411,84.85546875
right,3,412,84.93359375
right,3,413,84.93359375
right,3,414,84.93359375
right,3,415,84.93359375
right,3,416,84.93359375
right,3,417,84.93359375
right,3,418,84.93359375
right,3,419,84.93359375
right,3,420,85.01171875
right,3,421,84.93359375
right,3,422,85.01171875
right,3,423,85.01171875
right,3,424,85.01171875
right,3,425,85.0859375
right,3,426,85.01171875
right,3,427,85.0859375
right,3,428,85.1640625
right,3,429,85.1640625
right,3,430,85.1640625
right,3,431,85.1640625
right,3,432,85.1640625
right,3,433,85.23828125
right,3,434,85.23828125
right,3,435,85.23828125
right,3,436,85.23828125
right,3,437,85.23828125
right,3,438,85.31640625
right,3,439,85.31640625
right,3,440,85.31640625
right,3,441,85.31640625
right,3,442,85.31640625
right,3,443,85.31640625
right,3,444,85.31640625
right,3,445,85.31640625
right,3,446,85.31640625
right,3,447,85.390625
right,3,448,85.390625
right,3,449,85.390625
right,3,450,85.46875
right,3,451,85.54296875
right,3,452,85.46875
right,3,453,85.46875
right,3,454,85.54296875
right,3,455,85.54296875
right,3,456,85.54296875
right,3,457,85.54296875
right,3,458,85.54296875
right,3,459,85.54296875
right,3,460,85.54296875
right,3,461,85.54296875
right,3,462,85.54296875
right,3,463,85.54296875
right,3,464,85.54296875
right,3,465,85.62109375
right,3,466,85.62109375
right,3,467,85.62109375
right,3,468,85.62109375
right,3,469,85.6953125
right,3,470,85.62109375
right,3,471,85.6953125
right,3,472,85.6953125
right,3,473,85.6953125
right,3,474,85.6953125
right,3,475,85.6953125
right,3,476,85.6953125
right,3,477,85.6953125
right,3,478,85.6953125
right,3,479,85.7734375
right,3,480,85.7734375
right,3,481,85.7734375
right,3,482,85.7734375
right,3,483,85.7734375
right,3,484,85.7734375
right,3,485,85.84765625
right,3,486,85.84765625
right,3,487,85.84765625
right,3,488,85.84765625
right,3,489,85.84765625
right,3,490,85.92578125
right,3,491,85.92578125
right,3,492,85.92578125
right,3,493,85.92578125
right,3,494,85.92578125
right,3,495,86.00390625
right,3,496,86.00390625
right,3,497,86.00390625
right,3,498,86.00390625
right,3,499,86.00390625
right,3,500,86.078125
right,3,501,86.078125
right,3,502,86.078125
right,3,503,86.15625
right,3,504,86.078125
right,3,505,86.078125
right,3,506,86.15625
right,3,507,86.15625
right,3,508,86.15625
right,3,509,86.078125
right,3,510,86.15625
right,3,511,86.15625
right,3,512,86.23046875
right,3,513,86.15625
right,3,514,86.23046875
right,3,515,86.30859375
right,3,516,86.30859375
right,3,517,86.30859375
right,3,518,86.30859375
right,3,519,86.30859375
right,3,520,86.30859375
right,3,521,86.30859375
right,3,522,86.3828125
right,3,523,86.30859375
right,3,524,86.30859375
right,3,525,86.30859375
right,3,526,86.30859375
right,3,527,86.30859375
right,3,528,86.30859375
right,3,529,86.3828125
right,3,530,86.3828125
right,3,531,86.3828125
right,3,532,86.3828125
right,3,533,86.4609375
right,3,534,86.4609375
right,3,535,86.4609375
right,3,536,86.3828125
right,3,537,86.4609375
right,3,538,86.4609375
right,3,539,86.4609375
right,3,540,86.3828125
right,3,541,86.4609375
right,3,542,86.4609375
right,3,543,86.53515625
right,3,544,86.53515625
right,3,545,86.53515625
right,3,546,86.53515625
right,3,547,86.53515625
right,3,548,86.53515625
right,3,549,86.61328125
right,3,550,86.61328125
right,3,551,86.61328125
right,3,552,86.61328125
right,3,553,86.61328125
right,3,554,86.61328125
right,3,555,86.6875
right,3,556,86.6875
right,3,557,86.6875
right,3,558,86.765625
right,3,559,86.765625
right,3,560,86.765625
right,3,561,86.765625
right,3,562,86.765625
right,3,563,86.765625
right,3,564,86.83984375
right,3,565,86.83984375
right,3,566,86.765625
right,3,567,86.83984375
right,3,568,86.83984375
right,3,569,86.91796875
right,3,570,86.91796875
right,3,571,86.91796875
right,3,572,86.91796875
right,3,573,86.91796875
right,3,574,86.91796875
right,3,575,86.91796875
right,3,576,86.91796875
right,3,577,86.91796875
right,3,578,86.91796875
right,3,579,86.91796875
right,3,580,86.99609375
right,3,581,86.99609375
right,3,582,87.0703125
right,3,583,86.99609375
right,3,584,87.0703125
right,3,585,87.0703125
right,3,586,87.0703125
right,3,587,87.1484375
right,3,588,87.1484375
right,3,589,87.1484375
right,3,590,87.22265625
right,3,591,87.30078125
right,3,592,87.22265625
right,3,593,87.22265625
right,3,594,87.22265625
right,3,595,87.22265625
right,3,596,87.30078125
right,3,597,87.30078125
right,3,598,87.30078125
right,3,599,87.30078125
right,3,600,87.30078125
right,3,601,87.30078125
right,3,602,87.30078125
right,3,603,87.30078125
right,3,604,87.375
right,3,605,87.30078125
right,3,606,87.30078125
right,3,607,87.375
right,3,608,87.375
right,3,609,87.30078125
right,3,610,87.30078125
right,3,611,87.453125
right,3,612,87.375
right,3,613,87.375
right,3,614,87.375
right,3,615,87.375
right,3,616,87.453125
right,3,617,87.375
right,3,618,87.375
right,3,619,87.453125
right,3,620,87.453125
right,3,621,87.453125
right,3,622,87.453125
right,3,623,87.52734375
right,3,624,87.453125
right,3,625,87.453125
right,3,626,87.453125
right,3,627,87.52734375
right,3,628,87.52734375
right,3,629,87.52734375
right,3,630,87.52734375
right,3,631,87.52734375
right,3,632,87.52734375
right,3,633,87.52734375
right,3,634,87.52734375
right,3,635,87.52734375
right,3,636,87.52734375
right,3,637,87.52734375
right,3,638,87.60546875
right,3,639,87.60546875
right,3,640,87.60546875
right,3,641,87.60546875
right,3,642,87.6796875
right,3,643,87.6796875
right,3,644,87.6796875
right,3,645,87.6796875
right,3,646,87.60546875
right,3,647,87.6796875
right,3,648,87.6796875
right,3,649,87.60546875
right,3,650,87.7578125
right,3,651,87.6796875
right,3,652,87.7578125
right,3,653,87.7578125
right,3,654,87.6796875
right,3,655,87.7578125
right,3,656,87.7578125
right,3,657,87.7578125
right,3,658,87.7578125
right,3,659,87.7578125
right,3,660,87.83203125
right,3,661,87.83203125
right,3,662,87.7578125
right,3,663,87.83203125
right,3,664,87.83203125
right,3,665,87.7578125
right,3,666,87.83203125
right,3,667,87.83203125
right,3,668,87.83203125
right,3,669,87.83203125
right,3,670,87.83203125
right,3,671,87.83203125
right,3,672,87.83203125
right,3,673,87.83203125
right,3,674,87.91015625
right,3,675,87.91015625
right,3,676,87.91015625
right,3,677,87.91015625
right,3,678,87.91015625
right,3,679,87.91015625
right,3,680,87.91015625
right,3,681,87.91015625
right,3,682,87.91015625
right,3,683,87.91015625
right,3,684,87.91015625
right,3,685,87.98828125
right,3,686,87.91015625
right,3,687,87.91015625
right,3,688,87.98828125
right,3,689,87.91015625
right,3,690,87.98828125
right,3,691,87.98828125
right,3,692,87.98828125
right,3,693,87.98828125
right,3,694,87.98828125
right,3,695,88.0625
right,3,696,88.140625
right,3,697,87.98828125
right,3,698,88.0625
right,3,699,88.0625
right,3,700,88.140625
right,3,701,88.0625
right,3,702,88.140625
right,3,703,88.140625
right,3,704,88.140625
right,3,705,88.140625
right,3,706,88.140625
right,3,707,88.21484375
right,3,708,88.21484375
right,3,709,88.21484375
right,3,710,88.21484375
right,3,711,88.29296875
right,3,712,88.21484375
right,3,713,88.21484375
right,3,714,88.21484375
right,3,715,88.21484375
right,3,716,88.21484375
right,3,717,88.29296875
right,3,718,88.29296875
right,3,719,88.29296875
right,3,720,88.3671875
right,3,721,88.29296875
right,3,722,88.29296875
right,3,723,88.3671875
right,3,724,88.3671875
right,3,725,88.3671875
right,3,726,88.29296875
right,3,727,88.3671875
right,3,728,88.3671875
right,3,729,88.3671875
right,3,730,88.3671875
right,3,731,88.3671875
right,3,732,88.4453125
right,3,733,88.4453125
right,3,734,88.4453125
right,3,735,88.4453125
right,3,736,88.4453125
right,3,737,88.4453125
right,3,738,88.4453125
right,3,739,88.51953125
right,3,740,88.51953125
right,3,741,88.51953125
right,3,742,88.4453125
right,3,743,88.51953125
right,3,744,88.51953125
right,3,745,88.51953125
right,3,746,88.59765625
right,3,747,88.51953125
right,3,748,88.51953125
right,3,749,88.59765625
right,3,750,88.59765625
right,3,751,88.59765625
right,3,752,88.59765625
right,3,753,88.671875
right,3,754,88.671875
right,3,755,88.671875
right,3,756,88.59765625
right,3,757,88.671875
right,3,758,88.59765625
right,3,759,88.671875
right,3,760,88.671875
right,3,761,88.671875
right,3,762,88.671875
right,3,763,88.671875
right,3,764,88.671875
right,3,765,88.671875
right,3,766,88.75
right,3,767,88.75
right,3,768,88.75
right,3,769,88.671875
right,3,770,88.75
right,3,771,88.75
right,3,772,88.75
right,3,773,88.75
right,3,774,88.671875
right,3,775,88.75
right,3,776,88.671875
right,3,777,88.75
right,3,778,88.75
right,3,779,88.75
right,3,780,88.671875
right,3,781,88.75
right,3,782,88.75
right,3,783,88.75
right,3,784,88.75
right,3,785,88.75
right,3,786,88.75
right,3,787,88.75
right,3,788,88.75
right,3,789,88.75
right,3,790,88.75
right,3,791,88.75
right,3,792,88.75
right,3,793,88.75
right,3,794,88.75
right,3,795,88.75
right,3,796,88.75
right,3,797,88.75
right,3,798,88.75
right,3,799,88.82421875
right,3,800,88.75
right,3,801,88.75
right,3,802,88.82421875
right,3,803,88.82421875
right,3,804,88.75
right,3,805,88.75
right,3,806,88.82421875
right,3,807,88.82421875
right,3,808,88.75
right,3,809,88.75
right,3,810,88.90234375
right,3,811,88.82421875
right,3,812,88.82421875
right,3,813,88.82421875
right,3,814,88.82421875
right,3,815,88.82421875
right,3,816,88.82421875
right,3,817,88.82421875
right,3,818,88.82421875
right,3,819,88.82421875
right,3,820,88.82421875
right,3,821,88.90234375
right,3,822,88.82421875
right,3,823,88.82421875
right,3,824,88.90234375
right,3,825,88.90234375
right,3,826,88.82421875
right,3,827,88.82421875
right,3,828,88.82421875
right,3,829,88.82421875
right,3,830,88.82421875
right,3,831,88.90234375
right,3,832,88.82421875
right,3,833,88.90234375
right,3,834,88.82421875
right,3,835,88.90234375
right,3,836,88.90234375
right,3,837,88.82421875
right,3,838,88.90234375
right,3,839,88.90234375
right,3,840,88.90234375
right,3,841,88.9765625
right,3,842,88.9765625
right,3,843,88.90234375
right,3,844,88.9765625
right,3,845,88.90234375
right,3,846,88.9765625
right,3,847,88.9765625
right,3,848,88.9765625
right,3,849,88.9765625
right,3,850,88.90234375
right,3,851,88.9765625
right,3,852,88.9765625
right,3,853,88.9765625
right,3,854,88.9765625
right,3,855,88.9765625
right,3,856,88.9765625
right,3,857,88.9765625
right,3,858,88.9765625
right,3,859,88.9765625
right,3,860,88.9765625
right,3,861,88.9765625
right,3,862,88.9765625
right,3,863,88.9765625
right,3,864,88.9765625
right,3,865,88.9765625
right,3,866,88.9765625
right,3,867,88.9765625
right,3,868,89.0546875
right,3,869,88.9765625
right,3,870,88.9765625
right,3,871,89.0546875
right,3,872,88.9765625
right,3,873,89.0546875
right,3,874,88.9765625
right,3,875,88.9765625
right,3,876,89.0546875
right,3,877,89.0546875
right,3,878,89.0546875
right,3,879,89.0546875
right,3,880,89.0546875
right,3,881,89.0546875
right,3,882,89.0546875
right,3,883,89.0546875
right,3,884,89.0546875
right,3,885,89.0546875
right,3,886,89.0546875
right,3,887,89.0546875
right,3,888,89.0546875
right,3,889,89.1328125
right,3,890,89.1328125
right,3,891,89.0546875
right,3,892,89.1328125
right,3,893,89.0546875
right,3,894,89.0546875
right,3,895,89.1328125
right,3,896,89.1328125
right,3,897,89.1328125
right,3,898,89.1328125
right,3,899,89.1328125
right,3,900,89.1328125
right,3,901,89.20703125
right,3,902,89.20703125
right,3,903,89.20703125
right,3,904,89.20703125
right,3,905,89.28515625
right,3,906,89.20703125
right,3,907,89.28515625
right,3,908,89.20703125
right,3,909,89.20703125
right,3,910,89.28515625
right,3,911,89.28515625
right,3,912,89.28515625
right,3,913,89.28515625
right,3,914,89.359375
right,3,915,89.4375
right,3,916,89.28515625
right,3,917,89.359375
right,3,918,89.28515625
right,3,919,89.359375
right,3,920,89.4375
right,3,921,89.359375
right,3,922,89.359375
right,3,923,89.359375
right,3,924,89.28515625
right,3,925,89.4375
right,3,926,89.359375
right,3,927,89.359375
right,3,928,89.359375
right,3,929,89.28515625
right,3,930,89.359375
right,3,931,89.359375
right,3,932,89.359375
right,3,933,89.359375
right,3,934,89.359375
right,3,935,89.359375
right,3,936,89.4375
right,3,937,89.359375
right,3,938,89.359375
right,3,939,89.359375
right,3,940,89.359375
right,3,941,89.359375
right,3,942,89.359375
right,3,943,89.359375
right,3,944,89.4375
right,3,945,89.4375
right,3,946,89.359375
right,3,947,89.4375
right,3,948,89.4375
right,3,949,89.4375
right,3,950,89.4375
right,3,951,89.51171875
right,3,952,89.51171875
right,3,953,89.51171875
right,3,954,89.51171875
right,3,955,89.51171875
right,3,956,89.51171875
right,3,957,89.58984375
right,3,958,89.58984375
right,3,959,89.58984375
right,3,960,89.51171875
right,3,961,89.51171875
right,3,962,89.51171875
right,3,963,89.58984375
right,3,964,89.58984375
right,3,965,89.58984375
right,3,966,89.58984375
right,3,967,89.58984375
right,3,968,89.58984375
right,3,969,89.58984375
right,3,970,89.58984375
right,3,971,89.58984375
right,3,972,89.6640625
right,3,973,89.6640625
right,3,974,89.58984375
right,3,975,89.58984375
right,3,976,89.58984375
right,3,977,89.58984375
right,3,978,89.6640625
right,3,979,89.58984375
right,3,980,89.58984375
right,3,981,89.6640625
right,3,982,89.6640625
right,3,983,89.58984375
right,3,984,89.6640625
right,3,985,89.6640625
right,3,986,89.6640625
right,3,987,89.6640625
right,3,988,89.6640625
right,3,989,89.58984375
right,3,990,89.6640625
right,3,991,89.58984375
right,3,992,89.6640625
right,3,993,89.6640625
right,3,994,89.6640625
right,3,995,89.58984375
right,3,996,89.6640625
right,3,997,89.6640625
right,3,998,89.6640625
right,3,999,89.6640625
right,3,1000,89.6640625
right,3,1001,89.6640625
right,3,1002,89.6640625
right,3,1003,89.6640625
right,3,1004,89.6640625
right,3,1005,89.6640625
right,3,1006,89.6640625
right,3,1007,89.6640625
right,3,1008,89.6640625
right,3,1009,89.6640625
right,3,1010,89.6640625
right,3,1011,89.6640625
right,3,1012,89.6640625
right,3,1013,89.6640625
right,3,1014,89.6640625
right,3,1015,89.6640625
right,3,1016,89.6640625
right,3,1017,89.6640625
right,3,1018,89.6640625
right,3,1019,89.6640625
right,3,1020,89.6640625
right,3,1021,89.6640625
right,3,1022,89.6640625
right,3,1023,89.7421875
right,3,1024,89.7421875
right,3,1025,89.7421875
right,3,1026,89.6640625
right,3,1027,89.6640625
right,3,1028,89.7421875
right,3,1029,89.6640625
right,3,1030,89.6640625
right,3,1031,89.6640625
right,3,1032,89.6640625
right,3,1033,89.7421875
right,3,1034,89.7421875
right,3,1035,89.7421875
right,3,1036,89.7421875
right,3,1037,89.6640625
right,3,1038,89.7421875
right,3,1039,89.7421875
right,3,1040,89.6640625
right,3,1041,89.7421875
right,3,1042,89.6640625
right,3,1043,89.6640625
right,3,1044,89.6640625
right,3,1045,89.7421875
right,3,1046,89.6640625
right,3,1047,89.6640625
right,3,1048,89.7421875
right,3,1049,89.7421875
right,3,1050,89.6640625
right,3,1051,89.6640625
right,3,1052,89.6640625
right,3,1053,89.7421875
right,3,1054,89.7421875
right,3,1055,89.6640625
right,3,1056,89.7421875
right,3,1057,89.7421875
right,3,1058,89.6640625
right,3,1059,89.7421875
right,3,1060,89.7421875
right,3,1061,89.7421875
right,3,1062,89.7421875
right,3,1063,89.6640625
right,3,1064,89.7421875
right,3,1065,89.7421875
right,3,1066,89.7421875
right,3,1067,89.7421875
right,3,1068,89.7421875
right,3,1069,89.7421875
right,3,1070,89.7421875
right,3,1071,89.7421875
right,3,1072,89.7421875
right,3,1073,89.7421875
right,3,1074,89.7421875
right,3,1075,89.7421875
right,3,1076,89.7421875
right,3,1077,89.7421875
right,3,1078,89.7421875
right,3,1079,89.7421875
right,3,1080,89.7421875
right,3,1081,89.81640625
right,3,1082,89.7421875
right,3,1083,89.81640625
right,3,1084,89.81640625
right,3,1085,89.81640625
right,3,1086,89.81640625
right,3,1087,89.7421875
right,3,1088,89.7421875
right,3,1089,89.81640625
right,3,1090,89.81640625
right,3,1091,89.81640625
right,3,1092,89.81640625
right,3,1093,89.81640625
right,3,1094,89.81640625
right,3,1095,89.81640625
right,3,1096,89.81640625
right,3,1097,89.81640625
right,3,1098,89.81640625
right,3,1099,89.89453125
right,3,1100,89.81640625
right,3,1101,89.81640625
right,3,1102,89.89453125
right,3,1103,89.81640625
right,3,1104,89.81640625
right,3,1105,89.81640625
right,3,1106,89.81640625
right,3,1107,89.81640625
right,3,1108,89.81640625
right,3,1109,89.81640625
right,3,1110,89.81640625
right,3,1111,89.89453125
right,3,1112,89.81640625
right,3,1113,89.81640625
right,3,1114,89.89453125
right,3,1115,89.89453125
right,3,1116,89.81640625
right,3,1117,89.89453125
right,3,1118,89.89453125
right,3,1119,89.89453125
right,3,1120,89.89453125
right,3,1121,89.89453125
right,3,1122,89.89453125
right,3,1123,89.89453125
right,3,1124,89.81640625
right,3,1125,89.89453125
right,3,1126,89.81640625
right,3,1127,89.89453125
right,3,1128,89.89453125
right,3,1129,89.89453125
right,3,1130,89.89453125
right,3,1131,89.89453125
right,3,1132,89.89453125
right,3,1133,89.89453125
right,3,1134,89.89453125
right,3,1135,89.96875
right,3,1136,89.89453125
right,3,1137,89.89453125
right,3,1138,89.96875
right,3,1139,89.96875
right,3,1140,89.96875
right,3,1141,89.89453125
right,3,1142,89.96875
right,3,1143,89.89453125
right,3,1144,89.96875
right,3,1145,89.89453125
right,3,1146,90.046875
right,3,1147,90.046875
right,3,1148,90.046875
right,3,1149,90.046875
right,3,1150,90.046875
right,3,1151,90.046875
right,3,1152,90.046875
right,3,1153,90.125
right,3,1154,90.046875
right,3,1155,90.046875
right,3,1156,90.046875
right,3,1157,90.125
right,3,1158,90.046875
right,3,1159,90.046875
right,3,1160,90.046875
right,3,1161,90.125
right,3,1162,90.046875
right,3,1163,90.046875
right,3,1164,90.046875
right,3,1165,90.125
right,3,1166,90.046875
right,3,1167,90.125
right,3,1168,90.046875
right,3,1169,90.125
right,3,1170,90.125
right,3,1171,90.125
right,3,1172,90.046875
right,3,1173,90.046875
right,3,1174,90.046875
right,3,1175,90.046875
right,3,1176,90.125
right,3,1177,90.125
right,3,1178,90.046875
right,3,1179,90.046875
right,3,1180,90.046875
right,3,1181,89.96875
right,3,1182,90.046875
right,3,1183,90.046875
right,3,1184,89.96875
right,3,1185,90.046875
right,3,1186,90.046875
right,3,1187,90.046875
right,3,1188,89.96875
right,3,1189,90.046875
right,3,1190,90.046875
right,3,1191,90.046875
right,3,1192,89.96875
right,3,1193,90.046875
right,3,1194,90.046875
right,3,1195,90.046875
right,3,1196,90.046875
right,3,1197,90.046875
right,3,1198,90.046875
right,3,1199,90.046875
right,3,1200,90.046875
right,4,0,25.0
right,4,1,28.94140625
right,4,2,30.75
right,4,3,32.48046875
right,4,4,33.76171875
right,4,5,35.5703125
right,4,6,37.078125
right,4,7,38.359375
right,4,8,39.8671875
right,4,9,41.22265625
right,4,10,42.27734375
right,4,11,43.40625
right,4,12,44.3125
right,4,13,45.2890625
right,4,14,46.1953125
right,4,15,47.09765625
right,4,16,47.92578125
right,4,17,48.6796875
right,4,18,49.5078125
right,4,19,50.11328125
right,4,20,50.86328125
right,4,21,51.54296875
right,4,22,52.14453125
right,4,23,52.75
right,4,24,53.27734375
right,4,25,53.87890625
right,4,26,54.48046875
right,4,27,54.93359375
right,4,28,55.38671875
right,4,29,55.8359375
right,4,30,56.2890625
right,4,31,56.7421875
right,4,32,57.1953125
right,4,33,57.64453125
right,4,34,58.0234375
right,4,35,58.3984375
right,4,36,58.77734375
right,4,37,59.078125
right,4,38,59.453125
right,4,39,59.75390625
right,4,40,60.05859375
right,4,41,60.43359375
right,4,42,60.734375
right,4,43,61.03515625
right,4,44,61.26171875
right,4,45,61.5625
right,4,46,61.7890625
right,4,47,61.94140625
right,4,48,62.16796875
right,4,49,62.31640625
right,4,50,62.6171875
right,4,51,62.99609375
right,4,52,63.22265625
right,4,53,63.37109375
right,4,54,63.59765625
right,4,55,63.671875
right,4,56,63.82421875
right,4,57,64.05078125
right,4,58,64.19921875
right,4,59,64.42578125
right,4,60,64.65234375
right,4,61,64.8046875
right,4,62,65.02734375
right,4,63,65.25390625
right,4,64,65.40625
right,4,65,65.48046875
right,4,66,65.70703125
right,4,67,65.78125
right,4,68,66.0078125
right,4,69,66.16015625
right,4,70,66.30859375
right,4,71,66.53515625
right,4,72,66.609375
right,4,73,66.76171875
right,4,74,66.8359375
right,4,75,66.98828125
right,4,76,67.21484375
right,4,77,67.2890625
right,4,78,67.44140625
right,4,79,67.515625
right,4,80,67.66796875
right,4,81,67.7421875
right,4,82,67.81640625
right,4,83,67.96875
right,4,84,68.1171875
right,4,85,68.1953125
right,4,86,68.34375
right,4,87,68.49609375
right,4,88,68.5703125
right,4,89,68.64453125
right,4,90,68.72265625
right,4,91,68.796875
right,4,92,68.9453125
right,4,93,69.0234375
right,4,94,69.171875
right,4,95,69.25
right,4,96,69.32421875
right,4,97,69.47265625
right,4,98,69.55078125
right,4,99,69.55078125
right,4,100,69.69921875
right,4,101,69.77734375
right,4,102,69.8515625
right,4,103,69.92578125
right,4,104,70.078125
right,4,105,70.15234375
right,4,106,70.2265625
right,4,107,70.3046875
right,4,108,70.37890625
right,4,109,70.37890625
right,4,110,70.52734375
right,4,111,70.60546875
right,4,112,70.6796875
right,4,113,70.83203125
right,4,114,70.90625
right,4,115,70.98046875
right,4,116,71.0546875
right,4,117,71.1328125
right,4,118,71.1328125
right,4,119,71.20703125
right,4,120,71.28125
right,4,121,71.359375
right,4,122,71.359375
right,4,123,71.359375
right,4,124,71.43359375
right,4,125,71.359375
right,4,126,71.43359375
right,4,127,71.5078125
right,4,128,71.66015625
right,4,129,71.66015625
right,4,130,71.66015625
right,4,131,71.734375
right,4,132,71.80859375
right,4,133,71.80859375
right,4,134,71.88671875
right,4,135,71.9609375
right,4,136,71.9609375
right,4,137,71.9609375
right,4,138,72.03515625
right,4,139,72.109375
right,4,140,72.1875
right,4,141,72.26171875
right,4,142,72.3359375
right,4,143,72.48828125
right,4,144,72.5625
right,4,145,72.5625
right,4,146,72.63671875
right,4,147,72.71484375
right,4,148,72.71484375
right,4,149,72.7890625
right,4,150,72.86328125
right,4,151,72.86328125
right,4,152,72.94140625
right,4,153,73.015625
right,4,154,73.015625
right,4,155,73.08984375
right,4,156,73.1640625
right,4,157,73.1640625
right,4,158,73.1640625
right,4,159,73.2421875
right,4,160,73.2421875
right,4,161,73.31640625
right,4,162,73.31640625
right,4,163,73.390625
right,4,164,73.390625
right,4,165,73.46875
right,4,166,73.46875
right,4,167,73.54296875
right,4,168,73.54296875
right,4,169,73.54296875
right,4,170,73.54296875
right,4,171,73.6171875
right,4,172,73.69140625
right,4,173,73.69140625
right,4,174,73.69140625
right,4,175,73.69140625
right,4,176,73.69140625
right,4,177,73.76953125
right,4,178,73.76953125
right,4,179,73.76953125
right,4,180,73.76953125
right,4,181,73.91796875
right,4,182,73.99609375
right,4,183,74.0703125
right,4,184,74.14453125
right,4,185,74.21875
right,4,186,74.21875
right,4,187,74.296875
right,4,188,74.296875
right,4,189,74.37109375
right,4,190,74.37109375
right,4,191,74.37109375
right,4,192,74.37109375
right,4,193,74.4453125
right,4,194,74.5234375
right,4,195,74.5234375
right,4,196,74.5234375
right,4,197,74.560546875
right,4,198,74.59765625
right,4,199,74.59765625
right,4,200,74.634765625
right,4,201,74.671875
right,4,202,74.708984375
right,4,203,74.74609375
right,4,204,74.78515625
right,4,205,74.861328125
right,4,206,74.8984375
right,4,207,74.935546875
right,4,208,74.97265625
right,4,209,75.01171875
right,4,210,75.05078125
right,4,211,75.087890625
right,4,212,75.125
right,4,213,75.162109375
right,4,214,75.19921875
right,4,215,75.23828125
right,4,216,75.27734375
right,4,217,75.27734375
right,4,218,75.314453125
right,4,219,75.3515625
right,4,220,75.3515625
right,4,221,75.3515625
right,4,222,75.388671875
right,4,223,75.42578125
right,4,224,75.462890625
right,4,225,75.5390625
right,4,226,75.578125
right,4,227,75.5
right,4,228,75.578125
right,4,229,75.578125
right,4,230,75.65234375
right,4,231,75.65234375
right,4,232,75.65234375
right,4,233,75.7265625
right,4,234,75.7265625
right,4,235,75.8046875
right,4,236,75.8046875
right,4,237,75.87890625
right,4,238,75.87890625
right,4,239,75.87890625
right,4,240,75.953125
right,4,241,75.953125
right,4,242,76.02734375
right,4,243,76.02734375
right,4,244,76.10546875
right,4,245,76.10546875
right,4,246,76.10546875
right,4,247,76.10546875
right,4,248,76.10546875
right,4,249,76.10546875
right,4,250,76.1796875
right,4,251,76.1796875
right,4,252,76.1796875
right,4,253,76.1796875
right,4,254,76.25390625
right,4,255,76.25390625
right,4,256,76.25390625
right,4,257,76.33203125
right,4,258,76.40625
right,4,259,76.25390625
right,4,260,76.33203125
right,4,261,76.40625
right,4,262,76.40625
right,4,263,76.40625
right,4,264,76.40625
right,4,265,76.40625
right,4,266,76.40625
right,4,267,76.48046875
right,4,268,76.5546875
right,4,269,76.5546875
right,4,270,76.6328125
right,4,271,76.6328125
right,4,272,76.70703125
right,4,273,76.859375
right,4,274,76.859375
right,4,275,76.859375
right,4,276,76.859375
right,4,277,76.859375
right,4,278,76.93359375
right,4,279,76.93359375
right,4,280,76.93359375
right,4,281,76.93359375
right,4,282,76.93359375
right,4,283,77.0078125
right,4,284,77.0078125
right,4,285,77.0078125
right,4,286,77.08203125
right,4,287,77.08203125
right,4,288,77.16015625
right,4,289,77.16015625
right,4,290,77.234375
right,4,291,77.234375
right,4,292,77.234375
right,4,293,77.234375
right,4,294,77.30859375
right,4,295,77.30859375
right,4,296,77.38671875
right,4,297,77.38671875
right,4,298,77.38671875
right,4,299,77.38671875
right,4,300,77.4609375
right,4,301,77.4609375
right,4,302,77.53515625
right,4,303,77.53515625
right,4,304,77.53515625
right,4,305,77.609375
right,4,306,77.609375
right,4,307,77.609375
right,4,308,77.6875
right,4,309,77.6875
right,4,310,77.6875
right,4,311,77.6875
right,4,312,77.76171875
right,4,313,77.76171875
right,4,314,77.76171875
right,4,315,77.8359375
right,4,316,77.76171875
right,4,317,77.8359375
right,4,318,77.9140625
right,4,319,77.8359375
right,4,320,77.9140625
right,4,321,77.9140625
right,4,322,77.9140625
right,4,323,77.9140625
right,4,324,77.98828125
right,4,325,77.98828125
right,4,326,78.0625
right,4,327,78.0625
right,4,328,78.13671875
right,4,329,78.13671875
right,4,330,78.13671875
right,4,331,78.21484375
right,4,332,78.21484375
right,4,333,78.21484375
right,4,334,78.21484375
right,4,335,78.21484375
right,4,336,78.21484375
right,4,337,78.2890625
right,4,338,78.2890625
right,4,339,78.2890625
right,4,340,78.21484375
right,4,341,78.2890625
right,4,342,78.2890625
right,4,343,78.2890625
right,4,344,78.36328125
right,4,345,78.36328125
right,4,346,78.36328125
right,4,347,78.44140625
right,4,348,78.36328125
right,4,349,78.44140625
right,4,350,78.36328125
right,4,351,78.44140625
right,4,352,78.44140625
right,4,353,78.44140625
right,4,354,78.44140625
right,4,355,78.44140625
right,4,356,78.44140625
right,4,357,78.515625
right,4,358,78.515625
right,4,359,78.515625
right,4,360,78.515625
right,4,361,78.515625
right,4,362,78.515625
right,4,363,78.515625
right,4,364,78.515625
right,4,365,78.515625
right,4,366,78.515625
right,4,367,78.515625
right,4,368,78.515625
right,4,369,78.515625
right,4,370,78.58984375
right,4,371,78.6640625
right,4,372,78.6640625
right,4,373,78.7421875
right,4,374,78.81640625
right,4,375,78.7421875
right,4,376,78.81640625
right,4,377,78.81640625
right,4,378,78.81640625
right,4,379,78.890625
right,4,380,78.890625
right,4,381,78.890625
right,4,382,78.890625
right,4,383,78.81640625
right,4,384,78.890625
right,4,385,78.890625
right,4,386,78.890625
right,4,387,78.890625
right,4,388,78.890625
right,4,389,78.890625
right,4,390,78.890625
right,4,391,78.96875
right,4,392,78.96875
right,4,393,78.96875
right,4,394,78.96875
right,4,395,78.96875
right,4,396,78.96875
right,4,397,79.04296875
right,4,398,78.96875
right,4,399,78.96875
right,4,400,79.04296875
right,4,401,79.04296875
right,4,402,79.04296875
right,4,403,79.1171875
right,4,404,79.1171875
right,4,405,79.1171875
right,4,406,79.1171875
right,4,407,79.1171875
right,4,408,79.1171875
right,4,409,79.19140625
right,4,410,79.19140625
right,4,411,79.19140625
right,4,412,79.26953125
right,4,413,79.26953125
right,4,414,79.26953125
right,4,415,79.26953125
right,4,416,79.26953125
right,4,417,79.34375
right,4,418,79.34375
right,4,419,79.34375
right,4,420,79.34375
right,4,421,79.34375
right,4,422,79.41796875
right,4,423,79.41796875
right,4,424,79.49609375
right,4,425,79.49609375
right,4,426,79.49609375
right,4,427,79.49609375
right,4,428,79.49609375
right,4,429,79.5703125
right,4,430,79.5703125
right,4,431,79.5703125
right,4,432,79.5703125
right,4,433,79.64453125
right,4,434,79.64453125
right,4,435,79.64453125
right,4,436,79.64453125
right,4,437,79.64453125
right,4,438,79.64453125
right,4,439,79.64453125
right,4,440,79.64453125
right,4,441,79.71875
right,4,442,79.71875
right,4,443,79.71875
right,4,444,79.71875
right,4,445,79.796875
right,4,446,79.71875
right,4,447,79.796875
right,4,448,79.796875
right,4,449,79.796875
right,4,450,79.796875
right,4,451,79.87109375
right,4,452,79.87109375
right,4,453,79.796875
right,4,454,79.87109375
right,4,455,79.87109375
right,4,456,79.87109375
right,4,457,79.87109375
right,4,458,79.87109375
right,4,459,79.9453125
right,4,460,79.9453125
right,4,461,80.0234375
right,4,462,80.0234375
right,4,463,80.0234375
right,4,464,80.09765625
right,4,465,80.09765625
right,4,466,80.09765625
right,4,467,80.09765625
right,4,468,80.09765625
right,4,469,80.09765625
right,4,470,80.171875
right,4,471,80.171875
right,4,472,80.24609375
right,4,473,80.171875
right,4,474,80.24609375
right,4,475,80.24609375
right,4,476,80.24609375
right,4,477,80.32421875
right,4,478,80.32421875
right,4,479,80.32421875
right,4,480,80.32421875
right,4,481,80.3984375
right,4,482,80.3984375
right,4,483,80.32421875
right,4,484,80.3984375
right,4,485,80.3984375
right,4,486,80.3984375
right,4,487,80.47265625
right,4,488,80.3984375
right,4,489,80.47265625
right,4,490,80.47265625
right,4,491,80.47265625
right,4,492,80.55078125
right,4,493,80.47265625
right,4,494,80.47265625
right,4,495,80.47265625
right,4,496,80.47265625
right,4,497,80.55078125
right,4,498,80.55078125
right,4,499,80.55078125
right,4,500,80.55078125
right,4,501,80.55078125
right,4,502,80.55078125
right,4,503,80.55078125
right,4,504,80.625
right,4,505,80.55078125
right,4,506,80.55078125
right,4,507,80.55078125
right,4,508,80.55078125
right,4,509,80.55078125
right,4,510,80.55078125
right,4,511,80.625
right,4,512,80.625
right,4,513,80.625
right,4,514,80.625
right,4,515,80.625
right,4,516,80.625
right,4,517,80.625
right,4,518,80.69921875
right,4,519,80.625
right,4,520,80.69921875
right,4,521,80.69921875
right,4,522,80.69921875
right,4,523,80.69921875
right,4,524,80.7734375
right,4,525,80.69921875
right,4,526,80.69921875
right,4,527,80.69921875
right,4,528,80.7734375
right,4,529,80.7734375
right,4,530,80.7734375
right,4,531,80.7734375
right,4,532,80.7734375
right,4,533,80.8515625
right,4,534,80.8515625
right,4,535,80.7734375
right,4,536,80.7734375
right,4,537,80.8515625
right,4,538,80.8515625
right,4,539,80.8515625
right,4,540,80.8515625
right,4,541,80.92578125
right,4,542,80.8515625
right,4,543,80.8515625
right,4,544,80.8515625
right,4,545,80.8515625
right,4,546,80.8515625
right,4,547,80.92578125
right,4,548,80.92578125
right,4,549,80.92578125
right,4,550,80.92578125
right,4,551,80.8515625
right,4,552,80.8515625
right,4,553,80.92578125
right,4,554,80.8515625
right,4,555,80.92578125
right,4,556,80.92578125
right,4,557,80.0
right,4,558,80.92578125
right,4,559,81.0
right,4,560,81.078125
right,4,561,81.0
right,4,562,81.0
right,4,563,81.078125
right,4,564,81.078125
right,4,565,81.078125
right,4,566,81.0
right,4,567,81.0
right,4,568,81.078125
right,4,569,81.078125
right,4,570,81.0
right,4,571,81.078125
right,4,572,81.078125
right,4,573,81.078125
right,4,574,81.078125
right,4,575,81.078125
right,4,576,81.078125
right,4,577,81.078125
right,4,578,81.078125
right,4,579,81.078125
right,4,580,81.078125
right,4,581,81.15234375
right,4,582,81.2265625
right,4,583,81.15234375
right,4,584,81.2265625
right,4,585,81.2265625
right,4,586,81.2265625
right,4,587,81.30078125
right,4,588,81.30078125
right,4,589,81.30078125
right,4,590,81.30078125
right,4,591,81.37890625
right,4,592,81.30078125
right,4,593,81.37890625
right,4,594,81.30078125
right,4,595,81.30078125
right,4,596,81.453125
right,4,597,81.37890625
right,4,598,81.37890625
right,4,599,81.453125
right,4,600,81.37890625
right,4,601,81.453125
right,4,602,81.453125
right,4,603,81.453125
right,4,604,81.453125
right,4,605,81.453125
right,4,606,81.453125
right,4,607,81.453125
right,4,608,81.52734375
right,4,609,81.453125
right,4,610,81.52734375
right,4,611,81.52734375
right,4,612,81.52734375
right,4,613,81.52734375
right,4,614,81.60546875
right,4,615,81.60546875
right,4,616,81.60546875
right,4,617,81.60546875
right,4,618,81.60546875
right,4,619,81.60546875
right,4,620,81.60546875
right,4,621,81.6796875
right,4,622,81.6796875
right,4,623,81.6796875
right,4,624,81.6796875
right,4,625,81.6796875
right,4,626,81.6796875
right,4,627,81.6796875
right,4,628,81.6796875
right,4,629,81.6796875
right,4,630,81.75390625
right,4,631,81.75390625
right,4,632,81.6796875
right,4,633,81.6796875
right,4,634,81.6796875
right,4,635,81.6796875
right,4,636,81.6796875
right,4,637,81.75390625
right,4,638,81.6796875
right,4,639,81.75390625
right,4,640,81.6796875
right,4,641,81.75390625
right,4,642,81.6796875
right,4,643,81.6796875
right,4,644,81.75390625
right,4,645,81.75390625
right,4,646,81.75390625
right,4,647,81.75390625
right,4,648,81.75390625
right,4,649,81.75390625
right,4,650,81.75390625
right,4,651,81.75390625
right,4,652,81.828125
right,4,653,81.75390625
right,4,654,81.828125
right,4,655,81.75390625
right,4,656,81.75390625
right,4,657,81.75390625
right,4,658,81.75390625
right,4,659,81.75390625
right,4,660,81.75390625
right,4,661,81.75390625
right,4,662,81.75390625
right,4,663,81.75390625
right,4,664,81.75390625
right,4,665,81.828125
right,4,666,81.828125
right,4,667,81.828125
right,4,668,81.828125
right,4,669,81.828125
right,4,670,81.828125
right,4,671,81.828125
right,4,672,81.828125
right,4,673,81.90625
right,4,674,81.90625
right,4,675,81.90625
right,4,676,81.90625
right,4,677,81.98046875
right,4,678,81.90625
right,4,679,81.90625
right,4,680,81.98046875
right,4,681,81.90625
right,4,682,81.98046875
right,4,683,81.98046875
right,4,684,81.98046875
right,4,685,81.98046875
right,4,686,82.0546875
right,4,687,81.98046875
right,4,688,82.0546875
right,4,689,82.0546875
right,4,690,82.0546875
right,4,691,82.0546875
right,4,692,82.0546875
right,4,693,82.0546875
right,4,694,82.1328125
right,4,695,82.0546875
right,4,696,82.1328125
right,4,697,82.1328125
right,4,698,82.1328125
right,4,699,82.0546875
right,4,700,82.0546875
right,4,701,82.0546875
right,4,702,82.1328125
right,4,703,82.1328125
right,4,704,82.1328125
right,4,705,82.20703125
right,4,706,82.20703125
right,4,707,82.20703125
right,4,708,82.1328125
right,4,709,82.1328125
right,4,710,82.1328125
right,4,711,82.20703125
right,4,712,82.20703125
right,4,713,82.20703125
right,4,714,82.20703125
right,4,715,82.20703125
right,4,716,82.20703125
right,4,717,82.28125
right,4,718,82.28125
right,4,719,82.28125
right,4,720,82.28125
right,4,721,82.28125
right,4,722,82.28125
right,4,723,82.28125
right,4,724,82.35546875
right,4,725,82.35546875
right,4,726,82.35546875
right,4,727,82.35546875
right,4,728,82.43359375
right,4,729,82.43359375
right,4,730,82.43359375
right,4,731,82.43359375
right,4,732,82.43359375
right,4,733,82.5078125
right,4,734,82.43359375
right,4,735,82.5078125
right,4,736,82.43359375
right,4,737,82.5078125
right,4,738,82.43359375
right,4,739,82.5078125
right,4,740,82.5078125
right,4,741,82.5078125
right,4,742,82.5078125
right,4,743,82.5078125
right,4,744,82.5078125
right,4,745,82.58203125
right,4,746,82.5078125
right,4,747,82.58203125
right,4,748,82.58203125
right,4,749,82.58203125
right,4,750,82.58203125
right,4,751,82.58203125
right,4,752,82.58203125
right,4,753,82.58203125
right,4,754,82.58203125
right,4,755,82.58203125
right,4,756,82.58203125
right,4,757,82.66015625
right,4,758,82.58203125
right,4,759,82.58203125
right,4,760,82.58203125
right,4,761,82.66015625
right,4,762,82.66015625
right,4,763,82.66015625
right,4,764,82.66015625
right,4,765,82.66015625
right,4,766,82.66015625
right,4,767,82.66015625
right,4,768,82.66015625
right,4,769,82.734375
right,4,770,82.66015625
right,4,771,82.66015625
right,4,772,82.66015625
right,4,773,82.734375
right,4,774,82.734375
right,4,775,82.66015625
right,4,776,82.734375
right,4,777,82.734375
right,4,778,82.734375
right,4,779,82.734375
right,4,780,82.734375
right,4,781,82.734375
right,4,782,82.734375
right,4,783,82.734375
right,4,784,82.80859375
right,4,785,82.80859375
right,4,786,82.80859375
right,4,787,82.734375
right,4,788,82.80859375
right,4,789,82.80859375
right,4,790,82.80859375
right,4,791,82.80859375
right,4,792,82.80859375
right,4,793,82.80859375
right,4,794,82.80859375
right,4,795,82.80859375
right,4,796,82.80859375
right,4,797,82.80859375
right,4,798,82.80859375
right,4,799,82.88671875
right,4,800,82.88671875
right,4,801,82.88671875
right,4,802,82.88671875
right,4,803,82.88671875
right,4,804,82.88671875
right,4,805,82.88671875
right,4,806,82.88671875
right,4,807,82.88671875
right,4,808,82.88671875
right,4,809,82.88671875
right,4,810,82.9609375
right,4,811,82.9609375
right,4,812,82.9609375
right,4,813,82.9609375
right,4,814,82.9609375
right,4,815,82.9609375
right,4,816,82.9609375
right,4,817,82.9609375
right,4,818,82.9609375
right,4,819,82.9609375
right,4,820,82.9609375
right,4,821,82.9609375
right,4,822,82.9609375
right,4,823,82.9609375
right,4,824,83.03515625
right,4,825,82.9609375
right,4,826,83.03515625
right,4,827,83.03515625
right,4,828,83.03515625
right,4,829,83.03515625
right,4,830,83.03515625
right,4,831,83.03515625
right,4,832,83.03515625
right,4,833,83.03515625
right,4,834,83.03515625
right,4,835,83.03515625
right,4,836,83.03515625
right,4,837,83.03515625
right,4,838,83.03515625
right,4,839,83.03515625
right,4,840,83.03515625
right,4,841,83.109375
right,4,842,83.03515625
right,4,843,83.03515625
right,4,844,83.109375
right,4,845,83.109375
right,4,846,83.03515625
right,4,847,83.109375
right,4,848,83.109375
right,4,849,83.109375
right,4,850,83.109375
right,4,851,83.109375
right,4,852,83.109375
right,4,853,83.109375
right,4,854,83.109375
right,4,855,83.03515625
right,4,856,83.03515625
right,4,857,83.03515625
right,4,858,83.109375
right,4,859,83.03515625
right,4,860,83.109375
right,4,861,83.109375
right,4,862,83.109375
right,4,863,83.03515625
right,4,864,83.109375
right,4,865,83.109375
right,4,866,83.109375
right,4,867,83.109375
right,4,868,83.1875
right,4,869,83.109375
right,4,870,83.1875
right,4,871,83.109375
right,4,872,83.109375
right,4,873,83.1875
right,4,874,83.109375
right,4,875,83.1875
right,4,876,83.1875
right,4,877,83.1875
right,4,878,83.109375
right,4,879,83.1875
right,4,880,83.1875
right,4,881,83.1875
right,4,882,83.26171875
right,4,883,83.26171875
right,4,884,83.1875
right,4,885,83.26171875
right,4,886,83.26171875
right,4,887,83.26171875
right,4,888,83.3359375
right,4,889,83.26171875
right,4,890,83.3359375
right,4,891,83.3359375
right,4,892,83.26171875
right,4,893,83.3359375
right,4,894,83.3359375
right,4,895,83.3359375
right,4,896,83.3359375
right,4,897,83.26171875
right,4,898,83.3359375
right,4,899,83.3359375
right,4,900,83.3359375
right,4,901,83.3359375
right,4,902,83.3359375
right,4,903,83.26171875
right,4,904,83.3359375
right,4,905,83.4140625
right,4,906,83.3359375
right,4,907,83.3359375
right,4,908,83.3359375
right,4,909,83.4140625
right,4,910,83.3359375
right,4,911,83.3359375
right,4,912,83.4140625
right,4,913,83.4140625
right,4,914,83.4140625
right,4,915,83.4140625
right,4,916,83.4140625
right,4,917,83.48828125
right,4,918,83.4140625
right,4,919,83.48828125
right,4,920,83.4140625
right,4,921,83.4140625
right,4,922,83.48828125
right,4,923,83.48828125
right,4,924,83.48828125
right,4,925,83.48828125
right,4,926,83.48828125
right,4,927,83.48828125
right,4,928,83.48828125
right,4,929,83.48828125
right,4,930,83.48828125
right,4,931,83.48828125
right,4,932,83.48828125
right,4,933,83.48828125
right,4,934,83.48828125
right,4,935,83.5625
right,4,936,83.48828125
right,4,937,83.5625
right,4,938,83.5625
right,4,939,83.5625
right,4,940,83.63671875
right,4,941,83.63671875
right,4,942,83.5625
right,4,943,83.63671875
right,4,944,83.63671875
right,4,945,83.63671875
right,4,946,83.63671875
right,4,947,83.63671875
right,4,948,83.63671875
right,4,949,83.63671875
right,4,950,83.63671875
right,4,951,83.63671875
right,4,952,83.63671875
right,4,953,83.63671875
right,4,954,83.63671875
right,4,955,83.63671875
right,4,956,83.63671875
right,4,957,83.63671875
right,4,958,83.63671875
right,4,959,83.63671875
right,4,960,83.63671875
right,4,961,83.63671875
right,4,962,83.63671875
right,4,963,83.63671875
right,4,964,83.63671875
right,4,965,83.63671875
right,4,966,83.63671875
right,4,967,83.63671875
right,4,968,83.63671875
right,4,969,83.63671875
right,4,970,83.63671875
right,4,971,83.63671875
right,4,972,83.63671875
right,4,973,83.63671875
right,4,974,83.63671875
right,4,975,83.71484375
right,4,976,83.63671875
right,4,977,83.71484375
right,4,978,83.63671875
right,4,979,83.63671875
right,4,980,83.71484375
right,4,981,83.71484375
right,4,982,83.71484375
right,4,983,83.71484375
right,4,984,83.71484375
right,4,985,83.71484375
right,4,986,83.71484375
right,4,987,83.71484375
right,4,988,83.71484375
right,4,989,83.71484375
right,4,990,83.71484375
right,4,991,83.71484375
right,4,992,83.71484375
right,4,993,83.71484375
right,4,994,83.71484375
right,4,995,83.71484375
right,4,996,83.71484375
right,4,997,83.71484375
right,4,998,83.71484375
right,4,999,83.71484375
right,4,1000,83.71484375
right,4,1001,83.71484375
right,4,1002,83.71484375
right,4,1003,83.71484375
right,4,1004,83.71484375
right,4,1005,83.71484375
right,4,1006,83.71484375
right,4,1007,83.71484375
right,4,1008,83.71484375
right,4,1009,83.71484375
right,4,1010,83.71484375
right,4,1011,83.71484375
right,4,1012,83.71484375
right,4,1013,83.71484375
right,4,1014,83.71484375
right,4,1015,83.71484375
right,4,1016,83.71484375
right,4,1017,83.71484375
right,4,1018,83.71484375
right,4,1019,83.7890625
right,4,1020,83.71484375
right,4,1021,83.71484375
right,4,1022,83.71484375
right,4,1023,83.7890625
right,4,1024,83.71484375
right,4,1025,83.7890625
right,4,1026,83.7890625
right,4,1027,83.7890625
right,4,1028,83.7890625
right,4,1029,83.7890625
right,4,1030,83.86328125
right,4,1031,83.7890625
right,4,1032,83.7890625
right,4,1033,83.7890625
right,4,1034,83.7890625
right,4,1035,83.7890625
right,4,1036,83.86328125
right,4,1037,83.7890625
right,4,1038,83.86328125
right,4,1039,83.86328125
right,4,1040,83.86328125
right,4,1041,83.86328125
right,4,1042,83.86328125
right,4,1043,83.86328125
right,4,1044,83.86328125
right,4,1045,83.86328125
right,4,1046,83.86328125
right,4,1047,83.86328125
right,4,1048,83.86328125
right,4,1049,83.94140625
right,4,1050,83.94140625
right,4,1051,83.94140625
right,4,1052,83.94140625
right,4,1053,83.94140625
right,4,1054,83.86328125
right,4,1055,83.86328125
right,4,1056,83.94140625
right,4,1057,83.94140625
right,4,1058,83.94140625
right,4,1059,83.94140625
right,4,1060,83.94140625
right,4,1061,83.94140625
right,4,1062,83.94140625
right,4,1063,83.94140625
right,4,1064,84.015625
right,4,1065,84.015625
right,4,1066,84.015625
right,4,1067,84.015625
right,4,1068,84.015625
right,4,1069,84.015625
right,4,1070,84.015625
right,4,1071,84.015625
right,4,1072,84.015625
right,4,1073,84.015625
right,4,1074,84.015625
right,4,1075,84.015625
right,4,1076,84.015625
right,4,1077,84.015625
right,4,1078,84.015625
right,4,1079,84.08984375
right,4,1080,84.015625
right,4,1081,84.08984375
right,4,1082,84.08984375
right,4,1083,84.08984375
right,4,1084,84.015625
right,4,1085,84.015625
right,4,1086,84.08984375
right,4,1087,84.015625
right,4,1088,84.08984375
right,4,1089,84.08984375
right,4,1090,84.08984375
right,4,1091,84.08984375
right,4,1092,84.08984375
right,4,1093,84.015625
right,4,1094,84.015625
right,4,1095,84.015625
right,4,1096,84.08984375
right,4,1097,84.015625
right,4,1098,84.08984375
right,4,1099,84.08984375
right,4,1100,84.08984375
right,4,1101,84.08984375
right,4,1102,84.08984375
right,4,1103,84.08984375
right,4,1104,84.1640625
right,4,1105,84.1640625
right,4,1106,84.1640625
right,4,1107,84.1640625
right,4,1108,84.2421875
right,4,1109,84.1640625
right,4,1110,84.1640625
right,4,1111,84.2421875
right,4,1112,84.1640625
right,4,1113,84.1640625
right,4,1114,84.2421875
right,4,1115,84.2421875
right,4,1116,84.2421875
right,4,1117,84.2421875
right,4,1118,84.2421875
right,4,1119,84.2421875
right,4,1120,84.2421875
right,4,1121,84.2421875
right,4,1122,84.2421875
right,4,1123,84.31640625
right,4,1124,84.2421875
right,4,1125,84.2421875
right,4,1126,84.2421875
right,4,1127,84.2421875
right,4,1128,84.2421875
right,4,1129,84.31640625
right,4,1130,84.31640625
right,4,1131,84.31640625
right,4,1132,84.2421875
right,4,1133,84.31640625
right,4,1134,84.2421875
right,4,1135,84.2421875
right,4,1136,84.2421875
right,4,1137,84.2421875
right,4,1138,84.2421875
right,4,1139,84.2421875
right,4,1140,84.2421875
right,4,1141,84.2421875
right,4,1142,84.2421875
right,4,1143,84.2421875
right,4,1144,84.2421875
right,4,1145,84.2421875
right,4,1146,84.2421875
right,4,1147,84.2421875
right,4,1148,84.2421875
right,4,1149,84.2421875
right,4,1150,84.2421875
right,4,1151,84.2421875
right,4,1152,84.1640625
right,4,1153,84.2421875
right,4,1154,84.31640625
right,4,1155,84.31640625
right,4,1156,84.2421875
right,4,1157,84.31640625
right,4,1158,84.31640625
right,4,1159,84.390625
right,4,1160,84.390625
right,4,1161,84.31640625
right,4,1162,84.31640625
right,4,1163,84.31640625
right,4,1164,84.390625
right,4,1165,84.390625
right,4,1166,84.390625
right,4,1167,84.390625
right,4,1168,84.46875
right,4,1169,84.390625
right,4,1170,84.46875
right,4,1171,84.390625
right,4,1172,84.390625
right,4,1173,84.46875
right,4,1174,84.390625
right,4,1175,84.46875
right,4,1176,84.46875
right,4,1177,84.46875
right,4,1178,84.46875
right,4,1179,84.46875
right,4,1180,84.46875
right,4,1181,84.54296875
right,4,1182,84.54296875
right,4,1183,84.46875
right,4,1184,84.54296875
right,4,1185,84.46875
right,4,1186,84.46875
right,4,1187,84.54296875
right,4,1188,84.54296875
right,4,1189,84.46875
right,4,1190,84.54296875
right,4,1191,84.46875
right,4,1192,84.54296875
right,4,1193,84.54296875
right,4,1194,84.54296875
right,4,1195,84.54296875
right,4,1196,84.54296875
right,4,1197,84.54296875
right,4,1198,84.54296875
right,4,1199,84.6171875
right,4,1200,84.54296875
right,5,0,25.0
right,5,1,29.69921875
right,5,2,31.74609375
right,5,3,33.2578125
right,5,4,35.078125
right,5,5,36.8203125
right,5,6,38.41015625
right,5,7,39.92578125
right,5,8,41.3671875
right,5,9,42.65234375
right,5,10,43.94140625
right,5,11,45.078125
right,5,12,46.13671875
right,5,13,47.19921875
right,5,14,48.18359375
right,5,15,49.09375
right,5,16,50.0
right,5,17,50.91015625
right,5,18,51.7421875
right,5,19,52.5
right,5,20,53.2578125
right,5,21,53.94140625
right,5,22,54.69921875
right,5,23,55.3046875
right,5,24,55.984375
right,5,25,56.66796875
right,5,26,57.19921875
right,5,27,57.8046875
right,5,28,58.41015625
right,5,29,58.94140625
right,5,30,59.39453125
right,5,31,59.92578125
right,5,32,60.45703125
right,5,33,60.8359375
right,5,34,61.36328125
right,5,35,61.7421875
right,5,36,62.12109375
right,5,37,62.5
right,5,38,62.8046875
right,5,39,63.2578125
right,5,40,63.5625
right,5,41,63.86328125
right,5,42,64.2421875
right,5,43,64.62109375
right,5,44,64.8515625
right,5,45,65.2265625
right,5,46,65.45703125
right,5,47,65.7578125
right,5,48,66.0625
right,5,49,66.2890625
right,5,50,66.59375
right,5,51,66.8203125
right,5,52,67.046875
right,5,53,67.3515625
right,5,54,67.65234375
right,5,55,67.87890625
right,5,56,68.10546875
right,5,57,68.3359375
right,5,58,68.5625
right,5,59,68.71484375
right,5,60,68.86328125
right,5,61,69.09375
right,5,62,69.2421875
right,5,63,69.47265625
right,5,64,69.69921875
right,5,65,69.92578125
right,5,66,70.15234375
right,5,67,70.3046875
right,5,68,70.53125
right,5,69,70.60546875
right,5,70,70.8359375
right,5,71,70.984375
right,5,72,71.13671875
right,5,73,71.21484375
right,5,74,71.44140625
right,5,75,71.515625
right,5,76,71.66796875
right,5,77,71.66796875
right,5,78,71.8203125
right,5,79,71.97265625
right,5,80,72.046875
right,5,81,72.19921875
right,5,82,72.2734375
right,5,83,72.34765625
right,5,84,72.42578125
right,5,85,72.65234375
right,5,86,72.8046875
right,5,87,72.87890625
right,5,88,72.95703125
right,5,89,73.10546875
right,5,90,73.18359375
right,5,91,73.3359375
right,5,92,73.484375
right,5,93,73.5625
right,5,94,73.63671875
right,5,95,73.71484375
right,5,96,73.86328125
right,5,97,74.015625
right,5,98,74.015625
right,5,99,74.09375
right,5,100,74.16796875
right,5,101,74.2421875
right,5,102,74.3203125
right,5,103,74.3203125
right,5,104,74.39453125
right,5,105,74.46875
right,5,106,74.546875
right,5,107,74.62109375
right,5,108,74.7734375
right,5,109,74.84765625
right,5,110,74.92578125
right,5,111,75.0
right,5,112,75.0
right,5,113,75.078125
right,5,114,75.15234375
right,5,115,75.15234375
right,5,116,75.3046875
right,5,117,75.3046875
right,5,118,75.45703125
right,5,119,75.45703125
right,5,120,75.53125
right,5,121,75.60546875
right,5,122,75.68359375
right,5,123,75.68359375
right,5,124,75.8359375
right,5,125,75.91015625
right,5,126,75.984375
right,5,127,76.0625
right,5,128,76.21484375
right,5,129,76.21484375
right,5,130,76.2890625
right,5,131,76.36328125
right,5,132,76.36328125
right,5,133,76.44140625
right,5,134,76.515625
right,5,135,76.59375
right,5,136,76.59375
right,5,137,76.66796875
right,5,138,76.78125
right,5,139,76.857421875
right,5,140,76.89453125
right,5,141,76.931640625
right,5,142,76.96875
right,5,143,77.0078125
right,5,144,77.083984375
right,5,145,77.16015625
right,5,146,77.236328125
right,5,147,77.2734375
right,5,148,77.310546875
right,5,149,77.34765625
right,5,150,77.423828125
right,5,151,77.5
right,5,152,77.42578125
right,5,153,77.5
right,5,154,77.578125
right,5,155,77.578125
right,5,156,77.65234375
right,5,157,77.65234375
right,5,158,77.7265625
right,5,159,77.87890625
right,5,160,77.87890625
right,5,161,77.87890625
right,5,162,77.95703125
right,5,163,78.03125
right,5,164,78.10546875
right,5,165,78.10546875
right,5,166,78.18359375
right,5,167,78.2578125
right,5,168,78.2578125
right,5,169,78.3359375
right,5,170,78.3359375
right,5,171,78.484375
right,5,172,78.41015625
right,5,173,78.41015625
right,5,174,78.484375
right,5,175,78.484375
right,5,176,78.484375
right,5,177,78.5625
right,5,178,78.5625
right,5,179,78.63671875
right,5,180,78.71484375
right,5,181,78.71484375
right,5,182,78.7890625
right,5,183,78.7890625
right,5,184,78.7890625
right,5,185,78.7890625
right,5,186,78.7890625
right,5,187,78.94140625
right,5,188,78.86328125
right,5,189,78.94140625
right,5,190,79.015625
right,5,191,79.015625
right,5,192,79.09375
right,5,193,79.16796875
right,5,194,79.16796875
right,5,195,79.2421875
right,5,196,79.2421875
right,5,197,79.2421875
right,5,198,79.3203125
right,5,199,79.3203125
right,5,200,79.3203125
right,5,201,79.3203125
right,5,202,79.3203125
right,5,203,79.39453125
right,5,204,79.46875
right,5,205,79.46875
right,5,206,79.46875
right,5,207,79.546875
right,5,208,79.546875
right,5,209,79.62109375
right,5,210,79.62109375
right,5,211,79.62109375
right,5,212,79.69921875
right,5,213,79.69921875
right,5,214,79.7734375
right,5,215,79.7734375
right,5,216,79.7734375
right,5,217,79.84765625
right,5,218,79.84765625
right,5,219,79.92578125
right,5,220,79.92578125
right,5,221,79.92578125
right,5,222,80.0
right,5,223,80.078125
right,5,224,80.078125
right,5,225,80.078125
right,5,226,80.15234375
right,5,227,80.15234375
right,5,228,80.15234375
right,5,229,80.2265625
right,5,230,80.2265625
right,5,231,80.3046875
right,5,232,80.3046875
right,5,233,80.3046875
right,5,234,80.37890625
right,5,235,80.37890625
right,5,236,80.45703125
right,5,237,80.53125
right,5,238,80.53125
right,5,239,80.53125
right,5,240,80.53125
right,5,241,80.60546875
right,5,242,80.60546875
right,5,243,80.68359375
right,5,244,80.68359375
right,5,245,80.68359375
right,5,246,80.7578125
right,5,247,80.7578125
right,5,248,80.7578125
right,5,249,80.7578125
right,5,250,80.8359375
right,5,251,80.8359375
right,5,252,80.91015625
right,5,253,80.91015625
right,5,254,80.984375
right,5,255,81.0625
right,5,256,81.0625
right,5,257,81.0625
right,5,258,81.0625
right,5,259,81.0625
right,5,260,81.13671875
right,5,261,81.13671875
right,5,262,81.21484375
right,5,263,81.21484375
right,5,264,81.13671875
right,5,265,81.13671875
right,5,266,81.13671875
right,5,267,81.21484375
right,5,268,81.2890625
right,5,269,81.21484375
right,5,270,81.21484375
right,5,271,81.21484375
right,5,272,81.21484375
right,5,273,81.2890625
right,5,274,81.36328125
right,5,275,81.36328125
right,5,276,81.44140625
right,5,277,81.44140625
right,5,278,81.44140625
right,5,279,81.515625
right,5,280,81.515625
right,5,281,81.58984375
right,5,282,81.58984375
right,5,283,81.58984375
right,5,284,81.58984375
right,5,285,81.66796875
right,5,286,81.58984375
right,5,287,81.66796875
right,5,288,81.7421875
right,5,289,81.7421875
right,5,290,81.7421875
right,5,291,81.7421875
right,5,292,81.7421875
right,5,293,81.8203125
right,5,294,81.8203125
right,5,295,81.8203125
right,5,296,81.8203125
right,5,297,81.8203125
right,5,298,81.8203125
right,5,299,81.89453125
right,5,300,81.89453125
right,5,301,81.96875
right,5,302,81.96875
right,5,303,82.046875
right,5,304,82.046875
right,5,305,82.046875
right,5,306,82.046875
right,5,307,82.046875
right,5,308,82.046875
right,5,309,82.12109375
right,5,310,82.12109375
right,5,311,82.12109375
right,5,312,82.12109375
right,5,313,82.19921875
right,5,314,82.19921875
right,5,315,82.2734375
right,5,316,82.19921875
right,5,317,82.19921875
right,5,318,82.2734375
right,5,319,82.2734375
right,5,320,82.34765625
right,5,321,82.34765625
right,5,322,82.34765625
right,5,323,82.42578125
right,5,324,82.42578125
right,5,325,82.42578125
right,5,326,82.42578125
right,5,327,82.42578125
right,5,328,82.42578125
right,5,329,82.5
right,5,330,82.5
right,5,331,82.578125
right,5,332,82.578125
right,5,333,82.578125
right,5,334,82.578125
right,5,335,82.578125
right,5,336,82.578125
right,5,337,82.578125
right,5,338,82.578125
right,5,339,82.65234375
right,5,340,82.65234375
right,5,341,82.65234375
right,5,342,82.65234375
right,5,343,82.65234375
right,5,344,82.65234375
right,5,345,82.65234375
right,5,346,82.7265625
right,5,347,82.7265625
right,5,348,82.7265625
right,5,349,82.8046875
right,5,350,82.8046875
right,5,351,82.8046875
right,5,352,82.8046875
right,5,353,82.87890625
right,5,354,82.87890625
right,5,355,82.95703125
right,5,356,82.87890625
right,5,357,82.95703125
right,5,358,82.95703125
right,5,359,82.95703125
right,5,360,82.95703125
right,5,361,82.95703125
right,5,362,82.95703125
right,5,363,83.03125
right,5,364,83.03125
right,5,365,83.03125
right,5,366,83.10546875
right,5,367,83.10546875
right,5,368,83.18359375
right,5,369,83.18359375
right,5,370,83.18359375
right,5,371,83.18359375
right,5,372,83.18359375
right,5,373,83.18359375
right,5,374,83.18359375
right,5,375,83.18359375
right,5,376,83.18359375
right,5,377,83.2578125
right,5,378,83.2578125
right,5,379,83.2578125
right,5,380,83.18359375
right,5,381,83.2578125
right,5,382,83.2578125
right,5,383,83.2578125
right,5,384,83.3359375
right,5,385,83.2578125
right,5,386,83.3359375
right,5,387,83.3359375
right,5,388,83.41015625
right,5,389,83.41015625
right,5,390,83.484375
right,5,391,83.484375
right,5,392,83.41015625
right,5,393,83.484375
right,5,394,83.484375
right,5,395,83.484375
right,5,396,83.5625
right,5,397,83.5625
right,5,398,83.5625
right,5,399,83.5625
right,5,400,83.5625
right,5,401,83.5625
right,5,402,83.5625
right,5,403,83.63671875
right,5,404,83.63671875
right,5,405,83.63671875
right,5,406,83.71484375
right,5,407,83.71484375
right,5,408,83.71484375
right,5,409,83.71484375
right,5,410,83.71484375
right,5,411,83.71484375
right,5,412,83.71484375
right,5,413,83.7890625
right,5,414,83.71484375
right,5,415,83.71484375
right,5,416,83.71484375
right,5,417,83.7890625
right,5,418,83.86328125
right,5,419,83.7890625
right,5,420,83.86328125
right,5,421,83.86328125
right,5,422,83.86328125
right,5,423,83.86328125
right,5,424,83.86328125
right,5,425,83.94140625
right,5,426,83.94140625
right,5,427,84.015625
right,5,428,84.015625
right,5,429,84.015625
right,5,430,84.015625
right,5,431,84.015625
right,5,432,84.015625
right,5,433,84.08984375
right,5,434,84.08984375
right,5,435,84.015625
right,5,436,84.08984375
right,5,437,84.08984375
right,5,438,84.08984375
right,5,439,84.08984375
right,5,440,84.08984375
right,5,441,84.08984375
right,5,442,84.08984375
right,5,443,84.16796875
right,5,444,84.16796875
right,5,445,84.16796875
right,5,446,84.16796875
right,5,447,84.2421875
right,5,448,84.2421875
right,5,449,84.16796875
right,5,450,84.2421875
right,5,451,84.2421875
right,5,452,84.3203125
right,5,453,84.3203125
right,5,454,84.39453125
right,5,455,84.3203125
right,5,456,84.39453125
right,5,457,84.3203125
right,5,458,84.3203125
right,5,459,84.39453125
right,5,460,84.39453125
right,5,461,84.39453125
right,5,462,84.39453125
right,5,463,84.39453125
right,5,464,84.39453125
right,5,465,84.39453125
right,5,466,84.39453125
right,5,467,84.46875
right,5,468,84.46875
right,5,469,84.46875
right,5,470,84.546875
right,5,471,84.546875
right,5,472,84.546875
right,5,473,84.546875
right,5,474,84.546875
right,5,475,84.46875
right,5,476,84.546875
right,5,477,84.546875
right,5,478,84.546875
right,5,479,84.546875
right,5,480,84.546875
right,5,481,84.62109375
right,5,482,84.546875
right,5,483,84.546875
right,5,484,84.62109375
right,5,485,84.62109375
right,5,486,84.62109375
right,5,487,84.69921875
right,5,488,84.69921875
right,5,489,84.69921875
right,5,490,84.69921875
right,5,491,84.62109375
right,5,492,84.69921875
right,5,493,84.69921875
right,5,494,84.7734375
right,5,495,84.7734375
right,5,496,84.69921875
right,5,497,84.7734375
right,5,498,84.7734375
right,5,499,84.84765625
right,5,500,84.7734375
right,5,501,84.84765625
right,5,502,84.84765625
right,5,503,84.92578125
right,5,504,84.92578125
right,5,505,84.84765625
right,5,506,84.84765625
right,5,507,84.92578125
right,5,508,84.92578125
right,5,509,84.84765625
right,5,510,84.92578125
right,5,511,84.92578125
right,5,512,84.92578125
right,5,513,84.92578125
right,5,514,84.92578125
right,5,515,85.0
right,5,516,85.0
right,5,517,85.078125
right,5,518,85.078125
right,5,519,85.0
right,5,520,85.078125
right,5,521,85.078125
right,5,522,85.15234375
right,5,523,85.078125
right,5,524,85.078125
right,5,525,85.078125
right,5,526,85.15234375
right,5,527,85.078125
right,5,528,85.15234375
right,5,529,85.078125
right,5,530,85.15234375
right,5,531,85.15234375
right,5,532,85.15234375
right,5,533,85.15234375
right,5,534,85.15234375
right,5,535,85.078125
right,5,536,85.15234375
right,5,537,85.15234375
right,5,538,85.15234375
right,5,539,85.15234375
right,5,540,85.15234375
right,5,541,85.15234375
right,5,542,85.2265625
right,5,543,85.15234375
right,5,544,85.2265625
right,5,545,85.2265625
right,5,546,85.2265625
right,5,547,85.2265625
right,5,548,85.2265625
right,5,549,85.3046875
right,5,550,85.2265625
right,5,551,85.3046875
right,5,552,85.3046875
right,5,553,85.3046875
right,5,554,85.3046875
right,5,555,85.37890625
right,5,556,85.3046875
right,5,557,85.45703125
right,5,558,85.45703125
right,5,559,85.37890625
right,5,560,85.37890625
right,5,561,85.45703125
right,5,562,85.37890625
right,5,563,85.45703125
right,5,564,85.45703125
right,5,565,85.45703125
right,5,566,85.45703125
right,5,567,85.45703125
right,5,568,85.45703125
right,5,569,85.53125
right,5,570,85.53125
right,5,571,85.53125
right,5,572,85.60546875
right,5,573,85.60546875
right,5,574,85.60546875
right,5,575,85.53125
right,5,576,85.53125
right,5,577,85.53125
right,5,578,85.60546875
right,5,579,85.60546875
right,5,580,85.60546875
right,5,581,85.60546875
right,5,582,85.60546875
right,5,583,85.60546875
right,5,584,85.60546875
right,5,585,85.60546875
right,5,586,85.60546875
right,5,587,85.60546875
right,5,588,85.60546875
right,5,589,85.60546875
right,5,590,85.68359375
right,5,591,85.68359375
right,5,592,85.68359375
right,5,593,85.60546875
right,5,594,85.60546875
right,5,595,85.60546875
right,5,596,85.60546875
right,5,597,85.68359375
right,5,598,85.68359375
right,5,599,85.7578125
right,5,600,85.68359375
right,5,601,85.68359375
right,5,602,85.7578125
right,5,603,85.7578125
right,5,604,85.7578125
right,5,605,85.7578125
right,5,606,85.8359375
right,5,607,85.8359375
right,5,608,85.8359375
right,5,609,85.8359375
right,5,610,85.8359375
right,5,611,85.8359375
right,5,612,85.8359375
right,5,613,85.8359375
right,5,614,85.8359375
right,5,615,85.8359375
right,5,616,85.8359375
right,5,617,85.8359375
right,5,618,85.8359375
right,5,619,85.8359375
right,5,620,85.91015625
right,5,621,85.8359375
right,5,622,85.8359375
right,5,623,85.91015625
right,5,624,85.91015625
right,5,625,85.91015625
right,5,626,85.91015625
right,5,627,85.91015625
right,5,628,85.91015625
right,5,629,85.91015625
right,5,630,85.91015625
right,5,631,85.91015625
right,5,632,85.91015625
right,5,633,85.91015625
right,5,634,85.984375
right,5,635,85.984375
right,5,636,85.984375
right,5,637,85.91015625
right,5,638,85.984375
right,5,639,85.984375
right,5,640,85.984375
right,5,641,85.91015625
right,5,642,85.91015625
right,5,643,85.91015625
right,5,644,85.984375
right,5,645,85.984375
right,5,646,85.91015625
right,5,647,85.984375
right,5,648,85.91015625
right,5,649,85.984375
right,5,650,85.984375
right,5,651,85.984375
right,5,652,85.984375
right,5,653,86.13671875
right,5,654,86.0625
right,5,655,86.0625
right,5,656,86.13671875
right,5,657,86.13671875
right,5,658,86.2109375
right,5,659,86.2109375
right,5,660,86.2109375
right,5,661,86.2109375
right,5,662,86.2109375
right,5,663,86.2109375
right,5,664,86.2890625
right,5,665,86.2109375
right,5,666,86.2109375
right,5,667,86.2109375
right,5,668,86.2109375
right,5,669,86.2890625
right,5,670,86.2890625
right,5,671,86.2109375
right,5,672,86.2890625
right,5,673,86.2890625
right,5,674,86.36328125
right,5,675,86.2109375
right,5,676,86.2109375
right,5,677,86.2890625
right,5,678,86.2109375
right,5,679,86.2109375
right,5,680,86.2109375
right,5,681,86.2109375
right,5,682,86.2109375
right,5,683,86.2109375
right,5,684,86.2890625
right,5,685,86.2109375
right,5,686,86.36328125
right,5,687,86.2890625
right,5,688,86.2890625
right,5,689,86.36328125
right,5,690,86.2890625
right,5,691,86.36328125
right,5,692,86.44140625
right,5,693,86.36328125
right,5,694,86.44140625
right,5,695,86.44140625
right,5,696,86.44140625
right,5,697,86.36328125
right,5,698,86.36328125
right,5,699,86.36328125
right,5,700,86.44140625
right,5,701,86.44140625
right,5,702,86.44140625
right,5,703,86.44140625
right,5,704,86.36328125
right,5,705,86.44140625
right,5,706,86.44140625
right,5,707,86.44140625
right,5,708,86.44140625
right,5,709,86.44140625
right,5,710,86.515625
right,5,711,86.44140625
right,5,712,86.44140625
right,5,713,86.515625
right,5,714,86.515625
right,5,715,86.515625
right,5,716,86.515625
right,5,717,86.515625
right,5,718,86.515625
right,5,719,86.515625
right,5,720,86.58984375
right,5,721,86.58984375
right,5,722,86.58984375
right,5,723,86.58984375
right,5,724,86.58984375
right,5,725,86.58984375
right,5,726,86.58984375
right,5,727,86.66796875
right,5,728,86.66796875
right,5,729,86.66796875
right,5,730,86.58984375
right,5,731,86.58984375
right,5,732,86.66796875
right,5,733,86.58984375
right,5,734,86.58984375
right,5,735,86.58984375
right,5,736,86.66796875
right,5,737,86.66796875
right,5,738,86.66796875
right,5,739,86.66796875
right,5,740,86.7421875
right,5,741,86.66796875
right,5,742,86.7421875
right,5,743,86.7421875
right,5,744,86.7421875
right,5,745,86.7421875
right,5,746,86.7421875
right,5,747,86.8203125
right,5,748,86.7421875
right,5,749,86.7421875
right,5,750,86.8203125
right,5,751,86.8203125
right,5,752,86.7421875
right,5,753,86.7421875
right,5,754,86.7421875
right,5,755,86.7421875
right,5,756,86.66796875
right,5,757,86.66796875
right,5,758,86.7421875
right,5,759,86.7421875
right,5,760,86.7421875
right,5,761,86.7421875
right,5,762,86.8203125
right,5,763,86.8203125
right,5,764,86.7421875
right,5,765,86.8203125
right,5,766,86.89453125
right,5,767,86.8203125
right,5,768,86.8203125
right,5,769,86.89453125
right,5,770,86.8203125
right,5,771,86.89453125
right,5,772,86.89453125
right,5,773,86.89453125
right,5,774,86.96875
right,5,775,86.96875
right,5,776,86.96875
right,5,777,86.96875
right,5,778,86.96875
right,5,779,86.96875
right,5,780,87.046875
right,5,781,87.046875
right,5,782,87.12109375
right,5,783,87.12109375
right,5,784,87.12109375
right,5,785,87.12109375
right,5,786,87.12109375
right,5,787,87.046875
right,5,788,87.12109375
right,5,789,87.12109375
right,5,790,87.12109375
right,5,791,87.2734375
right,5,792,87.19921875
right,5,793,87.19921875
right,5,794,87.2734375
right,5,795,87.19921875
right,5,796,87.19921875
right,5,797,87.2734375
right,5,798,87.19921875
right,5,799,87.19921875
right,5,800,87.2734375
right,5,801,87.19921875
right,5,802,87.19921875
right,5,803,87.19921875
right,5,804,87.19921875
right,5,805,87.19921875
right,5,806,87.19921875
right,5,807,87.19921875
right,5,808,87.19921875
right,5,809,87.2734375
right,5,810,87.2734375
right,5,811,87.2734375
right,5,812,87.34765625
right,5,813,87.2734375
right,5,814,87.19921875
right,5,815,87.2734375
right,5,816,87.2734375
right,5,817,87.2734375
right,5,818,87.19921875
right,5,819,87.19921875
right,5,820,87.19921875
right,5,821,87.19921875
right,5,822,87.19921875
right,5,823,87.2734375
right,5,824,87.2734375
right,5,825,87.2734375
right,5,826,87.2734375
right,5,827,87.2734375
right,5,828,87.2734375
right,5,829,87.2734375
right,5,830,87.2734375
right,5,831,87.2734375
right,5,832,87.34765625
right,5,833,87.2734375
right,5,834,87.34765625
right,5,835,87.2734375
right,5,836,87.34765625
right,5,837,87.34765625
right,5,838,87.2734375
right,5,839,87.2734375
right,5,840,87.34765625
right,5,841,87.34765625
right,5,842,87.34765625
right,5,843,87.34765625
right,5,844,87.34765625
right,5,845,87.34765625
right,5,846,87.34765625
right,5,847,87.34765625
right,5,848,87.2734375
right,5,849,87.2734375
right,5,850,87.2734375
right,5,851,87.2734375
right,5,852,87.34765625
right,5,853,87.34765625
right,5,854,87.34765625
right,5,855,87.2734375
right,5,856,87.34765625
right,5,857,87.34765625
right,5,858,87.34765625
right,5,859,87.34765625
right,5,860,87.34765625
right,5,861,87.34765625
right,5,862,87.34765625
right,5,863,87.34765625
right,5,864,87.34765625
right,5,865,87.34765625
right,5,866,87.42578125
right,5,867,87.34765625
right,5,868,87.34765625
right,5,869,87.34765625
right,5,870,87.34765625
right,5,871,87.42578125
right,5,872,87.42578125
right,5,873,87.42578125
right,5,874,87.42578125
right,5,875,87.5
right,5,876,87.5
right,5,877,87.578125
right,5,878,87.5
right,5,879,87.5
right,5,880,87.578125
right,5,881,87.578125
right,5,882,87.578125
right,5,883,87.578125
right,5,884,87.578125
right,5,885,87.5
right,5,886,87.5
right,5,887,87.578125
right,5,888,87.578125
right,5,889,87.578125
right,5,890,87.578125
right,5,891,87.65234375
right,5,892,87.65234375
right,5,893,87.578125
right,5,894,87.578125
right,5,895,87.578125
right,5,896,87.65234375
right,5,897,87.578125
right,5,898,87.578125
right,5,899,87.65234375
right,5,900,87.65234375
right,5,901,87.65234375
right,5,902,87.65234375
right,5,903,87.578125
right,5,904,87.578125
right,5,905,87.578125
right,5,906,87.5
right,5,907,87.578125
right,5,908,87.578125
right,5,909,87.7265625
right,5,910,87.65234375
right,5,911,87.65234375
right,5,912,87.7265625
right,5,913,87.7265625
right,5,914,87.7265625
right,5,915,87.7265625
right,5,916,87.7265625
right,5,917,87.7265625
right,5,918,87.7265625
right,5,919,87.7265625
right,5,920,87.7265625
right,5,921,87.65234375
right,5,922,87.7265625
right,5,923,87.65234375
right,5,924,87.7265625
right,5,925,87.7265625
right,5,926,87.7265625
right,5,927,87.7265625
right,5,928,87.7265625
right,5,929,87.7265625
right,5,930,87.8046875
right,5,931,87.7265625
right,5,932,87.8046875
right,5,933,87.8046875
right,5,934,87.87890625
right,5,935,87.87890625
right,5,936,87.87890625
right,5,937,87.8046875
right,5,938,87.95703125
right,5,939,87.95703125
right,5,940,87.95703125
right,5,941,87.95703125
right,5,942,87.95703125
right,5,943,88.03125
right,5,944,87.95703125
right,5,945,87.95703125
right,5,946,88.03125
right,5,947,87.87890625
right,5,948,87.95703125
right,5,949,87.95703125
right,5,950,87.95703125
right,5,951,87.95703125
right,5,952,87.95703125
right,5,953,87.95703125
right,5,954,88.03125
right,5,955,87.95703125
right,5,956,87.95703125
right,5,957,88.03125
right,5,958,88.03125
right,5,959,88.03125
right,5,960,88.03125
right,5,961,88.03125
right,5,962,87.95703125
right,5,963,87.95703125
right,5,964,88.03125
right,5,965,88.03125
right,5,966,88.03125
right,5,967,87.95703125
right,5,968,88.03125
right,5,969,88.10546875
right,5,970,87.95703125
right,5,971,87.95703125
right,5,972,88.03125
right,5,973,87.95703125
right,5,974,88.03125
right,5,975,88.03125
right,5,976,88.03125
right,5,977,88.03125
right,5,978,88.10546875
right,5,979,88.10546875
right,5,980,88.03125
right,5,981,88.03125
right,5,982,88.10546875
right,5,983,88.10546875
right,5,984,88.10546875
right,5,985,88.10546875
right,5,986,88.10546875
right,5,987,88.10546875
right,5,988,88.10546875
right,5,989,88.10546875
right,5,990,88.10546875
right,5,991,88.18359375
right,5,992,88.10546875
right,5,993,88.10546875
right,5,994,88.10546875
right,5,995,88.10546875
right,5,996,88.10546875
right,5,997,88.10546875
right,5,998,88.10546875
right,5,999,88.10546875
right,5,1000,88.10546875
right,5,1001,88.10546875
right,5,1002,88.10546875
right,5,1003,88.10546875
right,5,1004,88.10546875
right,5,1005,88.10546875
right,5,1006,88.10546875
right,5,1007,88.10546875
right,5,1008,88.10546875
right,5,1009,88.10546875
right,5,1010,88.10546875
right,5,1011,88.10546875
right,5,1012,88.10546875
right,5,1013,88.10546875
right,5,1014,88.18359375
right,5,1015,88.18359375
right,5,1016,88.10546875
right,5,1017,88.18359375
right,5,1018,88.10546875
right,5,1019,88.10546875
right,5,1020,88.10546875
right,5,1021,88.10546875
right,5,1022,88.18359375
right,5,1023,88.18359375
right,5,1024,88.18359375
right,5,1025,88.18359375
right,5,1026,88.18359375
right,5,1027,88.18359375
right,5,1028,88.2578125
right,5,1029,88.18359375
right,5,1030,88.18359375
right,5,1031,88.18359375
right,5,1032,88.2578125
right,5,1033,88.2578125
right,5,1034,88.18359375
right,5,1035,88.2578125
right,5,1036,88.2578125
right,5,1037,88.2578125
right,5,1038,88.18359375
right,5,1039,88.18359375
right,5,1040,88.2578125
right,5,1041,88.2578125
right,5,1042,88.18359375
right,5,1043,88.2578125
right,5,1044,88.2578125
right,5,1045,88.2578125
right,5,1046,88.2578125
right,5,1047,88.2578125
right,5,1048,88.2578125
right,5,1049,88.2578125
right,5,1050,88.2578125
right,5,1051,88.2578125
right,5,1052,88.2578125
right,5,1053,88.2578125
right,5,1054,88.2578125
right,5,1055,88.2578125
right,5,1056,88.2578125
right,5,1057,88.3359375
right,5,1058,88.3359375
right,5,1059,88.3359375
right,5,1060,88.2578125
right,5,1061,88.3359375
right,5,1062,88.3359375
right,5,1063,88.2578125
right,5,1064,88.2578125
right,5,1065,88.2578125
right,5,1066,88.3359375
right,5,1067,88.41015625
right,5,1068,88.41015625
right,5,1069,88.41015625
right,5,1070,88.3359375
right,5,1071,88.3359375
right,5,1072,88.3359375
right,5,1073,88.3359375
right,5,1074,88.3359375
right,5,1075,88.3359375
right,5,1076,88.3359375
right,5,1077,88.3359375
right,5,1078,88.3359375
right,5,1079,88.2578125
right,5,1080,88.3359375
right,5,1081,88.3359375
right,5,1082,88.2578125
right,5,1083,88.2578125
right,5,1084,88.2578125
right,5,1085,88.2578125
right,5,1086,88.2578125
right,5,1087,88.18359375
right,5,1088,88.2578125
right,5,1089,88.2578125
right,5,1090,88.2578125
right,5,1091,88.2578125
right,5,1092,88.2578125
right,5,1093,88.2578125
right,5,1094,88.3359375
right,5,1095,88.3359375
right,5,1096,88.2578125
right,5,1097,88.3359375
right,5,1098,88.3359375
right,5,1099,88.3359375
right,5,1100,88.41015625
right,5,1101,88.41015625
right,5,1102,88.3359375
right,5,1103,88.41015625
right,5,1104,88.41015625
right,5,1105,88.41015625
right,5,1106,88.3359375
right,5,1107,88.41015625
right,5,1108,88.41015625
right,5,1109,88.41015625
right,5,1110,88.41015625
right,5,1111,88.41015625
right,5,1112,88.41015625
right,5,1113,88.41015625
right,5,1114,88.41015625
right,5,1115,88.41015625
right,5,1116,88.41015625
right,5,1117,88.41015625
right,5,1118,88.41015625
right,5,1119,88.41015625
right,5,1120,88.41015625
right,5,1121,88.41015625
right,5,1122,88.41015625
right,5,1123,88.41015625
right,5,1124,88.41015625
right,5,1125,88.41015625
right,5,1126,88.41015625
right,5,1127,88.41015625
right,5,1128,88.41015625
right,5,1129,88.41015625
right,5,1130,88.41015625
right,5,1131,88.41015625
right,5,1132,88.41015625
right,5,1133,88.41015625
right,5,1134,88.41015625
right,5,1135,88.41015625
right,5,1136,88.41015625
right,5,1137,88.41015625
right,5,1138,88.41015625
right,5,1139,88.41015625
right,5,1140,88.41015625
right,5,1141,88.41015625
right,5,1142,88.41015625
right,5,1143,88.41015625
right,5,1144,88.41015625
right,5,1145,88.41015625
right,5,1146,88.484375
right,5,1147,88.484375
right,5,1148,88.484375
right,5,1149,88.484375
right,5,1150,88.484375
right,5,1151,88.484375
right,5,1152,88.484375
right,5,1153,88.484375
right,5,1154,88.484375
right,5,1155,88.5625
right,5,1156,88.484375
right,5,1157,88.484375
right,5,1158,88.5625
right,5,1159,88.5625
right,5,1160,88.484375
right,5,1161,88.5625
right,5,1162,88.484375
right,5,1163,88.484375
right,5,1164,88.5625
right,5,1165,88.484375
right,5,1166,88.484375
right,5,1167,88.5625
right,5,1168,88.5625
right,5,1169,88.5625
right,5,1170,88.5625
right,5,1171,88.5625
right,5,1172,88.5625
right,5,1173,88.5625
right,5,1174,88.5625
right,5,1175,88.63671875
right,5,1176,88.5625
right,5,1177,88.5625
right,5,1178,88.5625
right,5,1179,88.5625
right,5,1180,88.5625
right,5,1181,88.5625
right,5,1182,88.63671875
right,5,1183,88.63671875
right,5,1184,88.63671875
right,5,1185,88.63671875
right,5,1186,88.63671875
right,5,1187,88.63671875
right,5,1188,88.63671875
right,5,1189,88.63671875
right,5,1190,88.5625
right,5,1191,88.5625
right,5,1192,88.5625
right,5,1193,88.5625
right,5,1194,88.5625
right,5,1195,88.63671875
right,5,1196,88.63671875
right,5,1197,88.63671875
right,5,1198,88.5625
right,5,1199,88.5625
right,5,1200,88.5625
right,6,0,25.0
right,6,1,30.37890625
right,6,2,31.8984375
right,6,3,34.10546875
right,6,4,35.9296875
right,6,5,37.67578125
right,6,6,39.1953125
right,6,7,40.71484375
right,6,8,42.16015625
right,6,9,43.52734375
right,6,10,44.7421875
right,6,11,45.8828125
right,6,12,47.1015625
right,6,13,48.0859375
right,6,14,49.07421875
right,6,15,49.91015625
right,6,16,50.82421875
right,6,17,51.8125
right,6,18,52.6484375
right,6,19,53.484375
right,6,20,54.3203125
right,6,21,55.00390625
right,6,22,55.6875
right,6,23,56.37109375
right,6,24,56.98046875
right,6,25,57.6640625
right,6,26,58.2734375
right,6,27,58.87890625
right,6,28,59.41015625
right,6,29,59.9453125
right,6,30,60.3984375
right,6,31,60.78125
right,6,32,61.38671875
right,6,33,61.84375
right,6,34,62.22265625
right,6,35,62.6796875
right,6,36,63.05859375
right,6,37,63.515625
right,6,38,63.8203125
right,6,39,64.125
right,6,40,64.4296875
right,6,41,64.80859375
right,6,42,65.1875
right,6,43,65.4140625
right,6,44,65.796875
right,6,45,66.0234375
right,6,46,66.328125
right,6,47,66.5546875
right,6,48,66.859375
right,6,49,67.1640625
right,6,50,67.390625
right,6,51,67.6953125
right,6,52,67.92578125
right,6,53,68.15234375
right,6,54,68.37890625
right,6,55,68.609375
right,6,56,68.8359375
right,6,57,69.0625
right,6,58,69.29296875
right,6,59,69.4453125
right,6,60,69.671875
right,6,61,69.82421875
right,6,62,70.05078125
right,6,63,70.12890625
right,6,64,70.2421875
right,6,65,70.431640625
right,6,66,70.583984375
right,6,67,70.7734375
right,6,68,70.962890625
right,6,69,71.154296875
right,6,70,71.34375
right,6,71,71.45703125
right,6,72,71.572265625
right,6,73,71.724609375
right,6,74,71.876953125
right,6,75,71.990234375
right,6,76,72.02734375
right,6,77,72.33203125
right,6,78,72.484375
right,6,79,72.55859375
right,6,80,72.63671875
right,6,81,72.7109375
right,6,82,72.86328125
right,6,83,72.94140625
right,6,84,73.09375
right,6,85,73.2421875
right,6,86,73.3203125
right,6,87,73.39453125
right,6,88,73.39453125
right,6,89,73.47265625
right,6,90,73.546875
right,6,91,73.69921875
right,6,92,73.77734375
right,6,93,73.9296875
right,6,94,74.078125
right,6,95,74.15625
right,6,96,74.30859375
right,6,97,74.30859375
right,6,98,74.4609375
right,6,99,74.61328125
right,6,100,74.6875
right,6,101,74.765625
right,6,102,74.9140625
right,6,103,74.9140625
right,6,104,74.9921875
right,6,105,75.06640625
right,6,106,75.06640625
right,6,107,75.14453125
right,6,108,75.296875
right,6,109,75.37109375
right,6,110,75.37109375
right,6,111,75.44921875
right,6,112,75.5234375
right,6,113,75.6015625
right,6,114,75.6015625
right,6,115,75.6015625
right,6,116,75.67578125
right,6,117,75.75
right,6,118,75.75
right,6,119,75.90234375
right,6,120,75.98046875
right,6,121,75.98046875
right,6,122,76.0546875
right,6,123,76.1328125
right,6,124,76.28515625
right,6,125,76.28515625
right,6,126,76.359375
right,6,127,76.4375
right,6,128,76.51171875
right,6,129,76.5859375
right,6,130,76.6640625
right,6,131,76.6640625
right,6,132,76.81640625
right,6,133,76.890625
right,6,134,76.890625
right,6,135,76.96875
right,6,136,77.04296875
right,6,137,77.04296875
right,6,138,77.12109375
right,6,139,77.12109375
right,6,140,77.1953125
right,6,141,77.2734375
right,6,142,77.2734375
right,6,143,77.34765625
right,6,144,77.42578125
right,6,145,77.5
right,6,146,77.5
right,6,147,77.57421875
right,6,148,77.65234375
right,6,149,77.65234375
right,6,150,77.65234375
right,6,151,77.7265625
right,6,152,77.8046875
right,6,153,77.87890625
right,6,154,77.87890625
right,6,155,77.95703125
right,6,156,77.95703125
right,6,157,78.03125
right,6,158,78.109375
right,6,159,78.109375
right,6,160,78.18359375
right,6,161,78.26171875
right,6,162,78.26171875
right,6,163,78.3359375
right,6,164,78.3359375
right,6,165,78.41015625
right,6,166,78.41015625
right,6,167,78.48828125
right,6,168,78.48828125
right,6,169,78.5625
right,6,170,78.640625
right,6,171,78.71484375
right,6,172,78.71484375
right,6,173,78.79296875
right,6,174,78.79296875
right,6,175,78.9453125
right,6,176,78.9453125
right,6,177,79.01953125
right,6,178,79.09765625
right,6,179,79.09765625
right,6,180,79.171875
right,6,181,79.09765625
right,6,182,79.09765625
right,6,183,79.171875
right,6,184,79.24609375
right,6,185,79.24609375
right,6,186,79.24609375
right,6,187,79.24609375
right,6,188,79.32421875
right,6,189,79.32421875
right,6,190,79.3984375
right,6,191,79.3984375
right,6,192,79.4765625
right,6,193,79.55078125
right,6,194,79.55078125
right,6,195,79.55078125
right,6,196,79.62890625
right,6,197,79.703125
right,6,198,79.62890625
right,6,199,79.703125
right,6,200,79.703125
right,6,201,79.78125
right,6,202,79.78125
right,6,203,79.78125
right,6,204,79.85546875
right,6,205,79.85546875
right,6,206,79.93359375
right,6,207,80.0078125
right,6,208,80.0078125
right,6,209,80.08203125
right,6,210,80.16015625
right,6,211,80.16015625
right,6,212,80.16015625
right,6,213,80.234375
right,6,214,80.234375
right,6,215,80.234375
right,6,216,80.234375
right,6,217,80.3125
right,6,218,80.3125
right,6,219,80.3125
right,6,220,80.3125
right,6,221,80.3125
right,6,222,80.3125
right,6,223,80.38671875
right,6,224,80.38671875
right,6,225,80.38671875
right,6,226,80.38671875
right,6,227,80.46484375
right,6,228,80.5390625
right,6,229,80.5390625
right,6,230,80.6171875
right,6,231,80.6171875
right,6,232,80.6171875
right,6,233,80.69140625
right,6,234,80.76953125
right,6,235,80.76953125
right,6,236,80.76953125
right,6,237,80.76953125
right,6,238,80.84375
right,6,239,80.84375
right,6,240,80.84375
right,6,241,80.84375
right,6,242,80.84375
right,6,243,80.91796875
right,6,244,80.91796875
right,6,245,80.91796875
right,6,246,80.99609375
right,6,247,80.99609375
right,6,248,80.99609375
right,6,249,80.99609375
right,6,250,81.0703125
right,6,251,81.0703125
right,6,252,81.0703125
right,6,253,81.0703125
right,6,254,81.1484375
right,6,255,81.1484375
right,6,256,81.1484375
right,6,257,81.1484375
right,6,258,81.1484375
right,6,259,81.22265625
right,6,260,81.22265625
right,6,261,81.30078125
right,6,262,81.30078125
right,6,263,81.30078125
right,6,264,81.30078125
right,6,265,81.30078125
right,6,266,81.30078125
right,6,267,81.375
right,6,268,81.453125
right,6,269,81.453125
right,6,270,81.52734375
right,6,271,81.52734375
right,6,272,81.453125
right,6,273,81.52734375
right,6,274,81.52734375
right,6,275,81.60546875
right,6,276,81.60546875
right,6,277,81.6796875
right,6,278,81.6796875
right,6,279,81.7578125
right,6,280,81.7578125
right,6,281,81.7578125
right,6,282,81.83203125
right,6,283,81.90625
right,6,284,81.90625
right,6,285,81.984375
right,6,286,81.984375
right,6,287,81.984375
right,6,288,81.984375
right,6,289,81.984375
right,6,290,82.05859375
right,6,291,82.05859375
right,6,292,82.05859375
right,6,293,82.05859375
right,6,294,82.05859375
right,6,295,82.13671875
right,6,296,82.2109375
right,6,297,82.13671875
right,6,298,82.2109375
right,6,299,82.2890625
right,6,300,82.2890625
right,6,301,82.36328125
right,6,302,82.36328125
right,6,303,82.36328125
right,6,304,82.44140625
right,6,305,82.44140625
right,6,306,82.44140625
right,6,307,82.44140625
right,6,308,82.44140625
right,6,309,82.515625
right,6,310,82.515625
right,6,311,82.515625
right,6,312,82.59375
right,6,313,82.59375
right,6,314,82.59375
right,6,315,82.59375
right,6,316,82.66796875
right,6,317,82.66796875
right,6,318,82.66796875
right,6,319,82.7421875
right,6,320,82.7421875
right,6,321,82.7421875
right,6,322,82.7421875
right,6,323,82.7421875
right,6,324,82.7421875
right,6,325,82.7421875
right,6,326,82.7421875
right,6,327,82.8203125
right,6,328,82.7421875
right,6,329,82.8203125
right,6,330,82.8203125
right,6,331,82.8203125
right,6,332,82.8203125
right,6,333,82.8203125
right,6,334,82.8203125
right,6,335,82.8203125
right,6,336,82.89453125
right,6,337,82.89453125
right,6,338,82.8203125
right,6,339,82.97265625
right,6,340,82.89453125
right,6,341,82.89453125
right,6,342,82.89453125
right,6,343,82.89453125
right,6,344,82.97265625
right,6,345,83.046875
right,6,346,82.97265625
right,6,347,82.97265625
right,6,348,83.046875
right,6,349,83.046875
right,6,350,83.046875
right,6,351,83.046875
right,6,352,83.046875
right,6,353,83.046875
right,6,354,83.046875
right,6,355,83.046875
right,6,356,83.125
right,6,357,83.125
right,6,358,83.125
right,6,359,83.125
right,6,360,83.125
right,6,361,83.125
right,6,362,83.125
right,6,363,83.19921875
right,6,364,83.19921875
right,6,365,83.19921875
right,6,366,83.27734375
right,6,367,83.27734375
right,6,368,83.19921875
right,6,369,83.19921875
right,6,370,83.19921875
right,6,371,83.27734375
right,6,372,83.27734375
right,6,373,83.27734375
right,6,374,83.27734375
right,6,375,83.27734375
right,6,376,83.27734375
right,6,377,83.3515625
right,6,378,83.3515625
right,6,379,83.3515625
right,6,380,83.3515625
right,6,381,83.3515625
right,6,382,83.4296875
right,6,383,83.4296875
right,6,384,83.4296875
right,6,385,83.4296875
right,6,386,83.4296875
right,6,387,83.50390625
right,6,388,83.50390625
right,6,389,83.50390625
right,6,390,83.50390625
right,6,391,83.50390625
right,6,392,83.50390625
right,6,393,83.578125
right,6,394,83.50390625
right,6,395,83.50390625
right,6,396,83.578125
right,6,397,83.578125
right,6,398,83.578125
right,6,399,83.65625
right,6,400,83.73046875
right,6,401,83.73046875
right,6,402,83.73046875
right,6,403,83.73046875
right,6,404,83.73046875
right,6,405,83.73046875
right,6,406,83.80859375
right,6,407,83.80859375
right,6,408,83.80859375
right,6,409,83.8828125
right,6,410,83.8828125
right,6,411,83.8828125
right,6,412,83.9609375
right,6,413,83.8828125
right,6,414,83.8828125
right,6,415,83.9609375
right,6,416,83.9609375
right,6,417,83.9609375
right,6,418,83.8828125
right,6,419,83.8828125
right,6,420,83.9609375
right,6,421,83.9609375
right,6,422,83.9609375
right,6,423,84.03515625
right,6,424,84.03515625
right,6,425,84.03515625
right,6,426,84.11328125
right,6,427,84.11328125
right,6,428,84.11328125
right,6,429,84.11328125
right,6,430,84.11328125
right,6,431,84.11328125
right,6,432,84.1875
right,6,433,84.1875
right,6,434,84.1875
right,6,435,84.1875
right,6,436,84.1875
right,6,437,84.1875
right,6,438,84.1875
right,6,439,84.265625
right,6,440,84.265625
right,6,441,84.265625
right,6,442,84.265625
right,6,443,84.33984375
right,6,444,84.33984375
right,6,445,84.4140625
right,6,446,84.33984375
right,6,447,84.33984375
right,6,448,84.33984375
right,6,449,84.33984375
right,6,450,84.33984375
right,6,451,84.4140625
right,6,452,84.33984375
right,6,453,84.4140625
right,6,454,84.4140625
right,6,455,84.4140625
right,6,456,84.4140625
right,6,457,84.4140625
right,6,458,84.4140625
right,6,459,84.4140625
right,6,460,84.4140625
right,6,461,84.4140625
right,6,462,84.4140625
right,6,463,84.4921875
right,6,464,84.4140625
right,6,465,84.4921875
right,6,466,84.56640625
right,6,467,84.4921875
right,6,468,84.56640625
right,6,469,84.56640625
right,6,470,84.4921875
right,6,471,84.4921875
right,6,472,84.4921875
right,6,473,84.4921875
right,6,474,84.56640625
right,6,475,84.56640625
right,6,476,84.56640625
right,6,477,84.64453125
right,6,478,84.56640625
right,6,479,84.64453125
right,6,480,84.64453125
right,6,481,84.71875
right,6,482,84.71875
right,6,483,84.71875
right,6,484,84.71875
right,6,485,84.71875
right,6,486,84.796875
right,6,487,84.796875
right,6,488,84.796875
right,6,489,84.87109375
right,6,490,84.87109375
right,6,491,84.87109375
right,6,492,84.87109375
right,6,493,84.94921875
right,6,494,84.94921875
right,6,495,84.94921875
right,6,496,84.87109375
right,6,497,84.87109375
right,6,498,84.94921875
right,6,499,84.94921875
right,6,500,85.0234375
right,6,501,85.0234375
right,6,502,85.1015625
right,6,503,85.1015625
right,6,504,85.1015625
right,6,505,85.17578125
right,6,506,85.17578125
right,6,507,85.17578125
right,6,508,85.17578125
right,6,509,85.17578125
right,6,510,85.17578125
right,6,511,85.25
right,6,512,85.17578125
right,6,513,85.17578125
right,6,514,85.17578125
right,6,515,85.17578125
right,6,516,85.17578125
right,6,517,85.25
right,6,518,85.25
right,6,519,85.25
right,6,520,85.25
right,6,521,85.328125
right,6,522,85.25
right,6,523,85.328125
right,6,524,85.328125
right,6,525,85.328125
right,6,526,85.25
right,6,527,85.328125
right,6,528,85.328125
right,6,529,85.328125
right,6,530,85.328125
right,6,531,85.328125
right,6,532,85.40234375
right,6,533,85.48046875
right,6,534,85.40234375
right,6,535,85.40234375
right,6,536,85.40234375
right,6,537,85.48046875
right,6,538,85.40234375
right,6,539,85.40234375
right,6,540,85.48046875
right,6,541,85.48046875
right,6,542,85.48046875
right,6,543,85.5546875
right,6,544,85.5546875
right,6,545,85.48046875
right,6,546,85.40234375
right,6,547,85.48046875
right,6,548,85.48046875
right,6,549,85.5546875
right,6,550,85.6328125
right,6,551,85.5546875
right,6,552,85.5546875
right,6,553,85.5546875
right,6,554,85.5546875
right,6,555,85.5546875
right,6,556,85.6328125
right,6,557,85.70703125
right,6,558,85.70703125
right,6,559,85.6328125
right,6,560,85.70703125
right,6,561,85.70703125
right,6,562,85.6328125
right,6,563,85.70703125
right,6,564,85.70703125
right,6,565,85.70703125
right,6,566,85.70703125
right,6,567,85.70703125
right,6,568,85.70703125
right,6,569,85.70703125
right,6,570,85.78515625
right,6,571,85.78515625
right,6,572,85.70703125
right,6,573,85.70703125
right,6,574,85.70703125
right,6,575,85.78515625
right,6,576,85.70703125
right,6,577,85.78515625
right,6,578,85.78515625
right,6,579,85.70703125
right,6,580,85.78515625
right,6,581,85.78515625
right,6,582,85.78515625
right,6,583,85.78515625
right,6,584,85.78515625
right,6,585,85.70703125
right,6,586,85.70703125
right,6,587,85.70703125
right,6,588,85.70703125
right,6,589,85.70703125
right,6,590,85.70703125
right,6,591,85.70703125
right,6,592,85.70703125
right,6,593,85.78515625
right,6,594,85.78515625
right,6,595,85.78515625
right,6,596,85.78515625
right,6,597,85.859375
right,6,598,85.859375
right,6,599,85.859375
right,6,600,85.9375
right,6,601,85.9375
right,6,602,85.9375
right,6,603,85.9375
right,6,604,85.9375
right,6,605,85.9375
right,6,606,85.9375
right,6,607,86.01171875
right,6,608,86.01171875
right,6,609,85.9375
right,6,610,85.9375
right,6,611,86.01171875
right,6,612,86.01171875
right,6,613,86.01171875
right,6,614,86.01171875
right,6,615,86.01171875
right,6,616,86.01171875
right,6,617,85.9375
right,6,618,85.9375
right,6,619,86.01171875
right,6,620,86.0859375
right,6,621,86.01171875
right,6,622,86.01171875
right,6,623,86.01171875
right,6,624,86.01171875
right,6,625,86.0859375
right,6,626,86.01171875
right,6,627,86.0859375
right,6,628,86.0859375
right,6,629,86.0859375
right,6,630,86.0859375
right,6,631,86.0859375
right,6,632,86.0859375
right,6,633,86.0859375
right,6,634,86.0859375
right,6,635,86.0859375
right,6,636,86.0859375
right,6,637,86.0859375
right,6,638,86.1640625
right,6,639,86.0859375
right,6,640,86.1640625
right,6,641,86.0859375
right,6,642,86.0859375
right,6,643,86.0859375
right,6,644,86.1640625
right,6,645,86.1640625
right,6,646,86.1640625
right,6,647,86.0859375
right,6,648,86.1640625
right,6,649,86.23828125
right,6,650,86.23828125
right,6,651,86.23828125
right,6,652,86.31640625
right,6,653,86.31640625
right,6,654,86.31640625
right,6,655,86.31640625
right,6,656,86.23828125
right,6,657,86.31640625
right,6,658,86.390625
right,6,659,86.390625
right,6,660,86.31640625
right,6,661,86.390625
right,6,662,86.390625
right,6,663,86.390625
right,6,664,86.390625
right,6,665,86.390625
right,6,666,86.390625
right,6,667,86.390625
right,6,668,86.390625
right,6,669,86.31640625
right,6,670,86.390625
right,6,671,86.390625
right,6,672,86.390625
right,6,673,86.390625
right,6,674,86.390625
right,6,675,86.390625
right,6,676,86.31640625
right,6,677,86.390625
right,6,678,86.390625
right,6,679,86.31640625
right,6,680,86.31640625
right,6,681,86.390625
right,6,682,86.31640625
right,6,683,86.31640625
right,6,684,86.390625
right,6,685,86.390625
right,6,686,86.390625
right,6,687,86.390625
right,6,688,86.46875
right,6,689,86.46875
right,6,690,86.46875
right,6,691,86.46875
right,6,692,86.54296875
right,6,693,86.46875
right,6,694,86.46875
right,6,695,86.46875
right,6,696,86.46875
right,6,697,86.46875
right,6,698,86.46875
right,6,699,86.46875
right,6,700,86.46875
right,6,701,86.46875
right,6,702,86.46875
right,6,703,86.46875
right,6,704,86.46875
right,6,705,86.54296875
right,6,706,86.54296875
right,6,707,86.62109375
right,6,708,86.54296875
right,6,709,86.62109375
right,6,710,86.62109375
right,6,711,86.62109375
right,6,712,86.62109375
right,6,713,86.6953125
right,6,714,86.6953125
right,6,715,86.6953125
right,6,716,86.6953125
right,6,717,86.6953125
right,6,718,86.6953125
right,6,719,86.7734375
right,6,720,86.6953125
right,6,721,86.7734375
right,6,722,86.7734375
right,6,723,86.7734375
right,6,724,86.7734375
right,6,725,86.7734375
right,6,726,86.7734375
right,6,727,86.7734375
right,6,728,86.7734375
right,6,729,86.7734375
right,6,730,86.7734375
right,6,731,86.6953125
right,6,732,86.7734375
right,6,733,86.7734375
right,6,734,86.7734375
right,6,735,86.6953125
right,6,736,86.7734375
right,6,737,86.7734375
right,6,738,86.84765625
right,6,739,86.84765625
right,6,740,86.7734375
right,6,741,86.84765625
right,6,742,86.84765625
right,6,743,86.84765625
right,6,744,86.84765625
right,6,745,86.7734375
right,6,746,86.84765625
right,6,747,86.92578125
right,6,748,86.92578125
right,6,749,86.92578125
right,6,750,86.92578125
right,6,751,86.84765625
right,6,752,86.92578125
right,6,753,86.92578125
right,6,754,86.92578125
right,6,755,86.92578125
right,6,756,86.92578125
right,6,757,86.92578125
right,6,758,86.92578125
right,6,759,86.84765625
right,6,760,86.84765625
right,6,761,86.92578125
right,6,762,86.92578125
right,6,763,86.92578125
right,6,764,87.0
right,6,765,87.0
right,6,766,86.92578125
right,6,767,86.92578125
right,6,768,86.92578125
right,6,769,86.92578125
right,6,770,86.92578125
right,6,771,87.0
right,6,772,87.0
right,6,773,87.0
right,6,774,87.07421875
right,6,775,87.07421875
right,6,776,87.0
right,6,777,87.0
right,6,778,87.0
right,6,779,87.07421875
right,6,780,87.07421875
right,6,781,87.07421875
right,6,782,87.0
right,6,783,87.07421875
right,6,784,87.07421875
right,6,785,87.07421875
right,6,786,87.15234375
right,6,787,87.07421875
right,6,788,87.15234375
right,6,789,87.15234375
right,6,790,87.15234375
right,6,791,87.15234375
right,6,792,87.15234375
right,6,793,87.07421875
right,6,794,87.15234375
right,6,795,87.15234375
right,6,796,87.15234375
right,6,797,87.15234375
right,6,798,87.15234375
right,6,799,87.15234375
right,6,800,87.2265625
right,6,801,87.15234375
right,6,802,87.15234375
right,6,803,87.15234375
right,6,804,87.07421875
right,6,805,87.07421875
right,6,806,87.07421875
right,6,807,87.15234375
right,6,808,87.15234375
right,6,809,87.15234375
right,6,810,87.15234375
right,6,811,87.07421875
right,6,812,87.07421875
right,6,813,87.07421875
right,6,814,87.07421875
right,6,815,87.07421875
right,6,816,87.07421875
right,6,817,87.07421875
right,6,818,87.07421875
right,6,819,87.15234375
right,6,820,87.2265625
right,6,821,87.15234375
right,6,822,87.2265625
right,6,823,87.2265625
right,6,824,87.2265625
right,6,825,87.2265625
right,6,826,87.2265625
right,6,827,87.2265625
right,6,828,87.2265625
right,6,829,87.15234375
right,6,830,87.2265625
right,6,831,87.2265625
right,6,832,87.3046875
right,6,833,87.3046875
right,6,834,87.37890625
right,6,835,87.3046875
right,6,836,87.3046875
right,6,837,87.37890625
right,6,838,87.37890625
right,6,839,87.3046875
right,6,840,87.3046875
right,6,841,87.3046875
right,6,842,87.37890625
right,6,843,87.37890625
right,6,844,87.37890625
right,6,845,87.3046875
right,6,846,87.37890625
right,6,847,87.37890625
right,6,848,87.37890625
right,6,849,87.37890625
right,6,850,87.45703125
right,6,851,87.37890625
right,6,852,87.37890625
right,6,853,87.37890625
right,6,854,87.45703125
right,6,855,87.45703125
right,6,856,87.45703125
right,6,857,87.45703125
right,6,858,87.45703125
right,6,859,87.45703125
right,6,860,87.37890625
right,6,861,87.45703125
right,6,862,87.45703125
right,6,863,87.45703125
right,6,864,87.45703125
right,6,865,87.45703125
right,6,866,87.53125
right,6,867,87.53125
right,6,868,87.609375
right,6,869,87.609375
right,6,870,87.53125
right,6,871,87.609375
right,6,872,87.53125
right,6,873,87.609375
right,6,874,87.609375
right,6,875,87.609375
right,6,876,87.68359375
right,6,877,87.609375
right,6,878,87.609375
right,6,879,87.609375
right,6,880,87.609375
right,6,881,87.68359375
right,6,882,87.68359375
right,6,883,87.76171875
right,6,884,87.76171875
right,6,885,87.68359375
right,6,886,87.76171875
right,6,887,87.68359375
right,6,888,87.76171875
right,6,889,87.76171875
right,6,890,87.76171875
right,6,891,87.76171875
right,6,892,87.76171875
right,6,893,87.76171875
right,6,894,87.76171875
right,6,895,87.76171875
right,6,896,87.68359375
right,6,897,87.76171875
right,6,898,87.68359375
right,6,899,87.76171875
right,6,900,87.76171875
right,6,901,87.8359375
right,6,902,87.8359375
right,6,903,87.76171875
right,6,904,87.8359375
right,6,905,87.8359375
right,6,906,87.76171875
right,6,907,87.76171875
right,6,908,87.76171875
right,6,909,87.8359375
right,6,910,87.76171875
right,6,911,87.76171875
right,6,912,87.76171875
right,6,913,87.8359375
right,6,914,87.76171875
right,6,915,87.8359375
right,6,916,87.8359375
right,6,917,87.8359375
right,6,918,87.8359375
right,6,919,87.8359375
right,6,920,87.8359375
right,6,921,87.91015625
right,6,922,87.91015625
right,6,923,87.91015625
right,6,924,87.91015625
right,6,925,87.98828125
right,6,926,87.98828125
right,6,927,87.98828125
right,6,928,87.91015625
right,6,929,87.91015625
right,6,930,87.91015625
right,6,931,87.91015625
right,6,932,87.98828125
right,6,933,87.98828125
right,6,934,87.98828125
right,6,935,87.98828125
right,6,936,87.91015625
right,6,937,87.98828125
right,6,938,87.98828125
right,6,939,87.98828125
right,6,940,87.98828125
right,6,941,87.91015625
right,6,942,87.91015625
right,6,943,87.98828125
right,6,944,87.98828125
right,6,945,87.98828125
right,6,946,87.98828125
right,6,947,87.98828125
right,6,948,87.98828125
right,6,949,87.98828125
right,6,950,87.98828125
right,6,951,87.98828125
right,6,952,87.98828125
right,6,953,87.98828125
right,6,954,87.98828125
right,6,955,88.0625
right,6,956,88.0625
right,6,957,88.0625
right,6,958,87.98828125
right,6,959,87.98828125
right,6,960,88.140625
right,6,961,88.140625
right,6,962,88.140625
right,6,963,88.0625
right,6,964,88.0625
right,6,965,88.0625
right,6,966,88.0625
right,6,967,88.0625
right,6,968,88.0625
right,6,969,88.0625
right,6,970,88.0625
right,6,971,88.0625
right,6,972,88.0625
right,6,973,88.0625
right,6,974,88.140625
right,6,975,88.140625
right,6,976,88.140625
right,6,977,88.140625
right,6,978,88.0625
right,6,979,88.0625
right,6,980,88.140625
right,6,981,88.0625
right,6,982,88.140625
right,6,983,88.0625
right,6,984,88.0625
right,6,985,88.140625
right,6,986,88.140625
right,6,987,88.140625
right,6,988,88.0625
right,6,989,88.0625
right,6,990,88.140625
right,6,991,88.140625
right,6,992,88.140625
right,6,993,88.140625
right,6,994,88.140625
right,6,995,88.140625
right,6,996,88.140625
right,6,997,88.140625
right,6,998,88.140625
right,6,999,88.140625
right,6,1000,88.140625
right,6,1001,88.21484375
right,6,1002,88.140625
right,6,1003,88.140625
right,6,1004,88.21484375
right,6,1005,88.21484375
right,6,1006,88.21484375
right,6,1007,88.21484375
right,6,1008,88.21484375
right,6,1009,88.21484375
right,6,1010,88.21484375
right,6,1011,88.21484375
right,6,1012,88.140625
right,6,1013,88.21484375
right,6,1014,88.21484375
right,6,1015,88.21484375
right,6,1016,88.21484375
right,6,1017,88.29296875
right,6,1018,88.21484375
right,6,1019,88.29296875
right,6,1020,88.21484375
right,6,1021,88.29296875
right,6,1022,88.21484375
right,6,1023,88.21484375
right,6,1024,88.21484375
right,6,1025,88.21484375
right,6,1026,88.21484375
right,6,1027,88.21484375
right,6,1028,88.21484375
right,6,1029,88.21484375
right,6,1030,88.21484375
right,6,1031,88.21484375
right,6,1032,88.21484375
right,6,1033,88.21484375
right,6,1034,88.29296875
right,6,1035,88.21484375
right,6,1036,88.21484375
right,6,1037,88.29296875
right,6,1038,88.21484375
right,6,1039,88.21484375
right,6,1040,88.21484375
right,6,1041,88.21484375
right,6,1042,88.21484375
right,6,1043,88.21484375
right,6,1044,88.21484375
right,6,1045,88.29296875
right,6,1046,88.21484375
right,6,1047,88.29296875
right,6,1048,88.29296875
right,6,1049,88.21484375
right,6,1050,88.29296875
right,6,1051,88.29296875
right,6,1052,88.21484375
right,6,1053,88.3671875
right,6,1054,88.29296875
right,6,1055,88.29296875
right,6,1056,88.29296875
right,6,1057,88.29296875
right,6,1058,88.29296875
right,6,1059,88.29296875
right,6,1060,88.21484375
right,6,1061,88.29296875
right,6,1062,88.29296875
right,6,1063,88.29296875
right,6,1064,88.29296875
right,6,1065,88.3671875
right,6,1066,88.3671875
right,6,1067,88.3671875
right,6,1068,88.3671875
right,6,1069,88.3671875
right,6,1070,88.3671875
right,6,1071,88.4453125
right,6,1072,88.3671875
right,6,1073,88.3671875
right,6,1074,88.3671875
right,6,1075,88.3671875
right,6,1076,88.3671875
right,6,1077,88.3671875
right,6,1078,88.3671875
right,6,1079,88.3671875
right,6,1080,88.4453125
right,6,1081,88.3671875
right,6,1082,88.3671875
right,6,1083,88.3671875
right,6,1084,88.3671875
right,6,1085,88.4453125
right,6,1086,88.4453125
right,6,1087,88.4453125
right,6,1088,88.3671875
right,6,1089,88.3671875
right,6,1090,88.3671875
right,6,1091,88.3671875
right,6,1092,88.3671875
right,6,1093,88.3671875
right,6,1094,88.3671875
right,6,1095,88.3671875
right,6,1096,88.4453125
right,6,1097,88.3671875
right,6,1098,88.4453125
right,6,1099,88.4453125
right,6,1100,88.3671875
right,6,1101,88.3671875
right,6,1102,88.3671875
right,6,1103,88.4453125
right,6,1104,88.3671875
right,6,1105,88.3671875
right,6,1106,88.29296875
right,6,1107,88.21484375
right,6,1108,88.29296875
right,6,1109,88.29296875
right,6,1110,88.29296875
right,6,1111,88.29296875
right,6,1112,88.29296875
right,6,1113,88.4453125
right,6,1114,88.3671875
right,6,1115,88.3671875
right,6,1116,88.3671875
right,6,1117,88.3671875
right,6,1118,88.4453125
right,6,1119,88.4453125
right,6,1120,88.3671875
right,6,1121,88.4453125
right,6,1122,88.4453125
right,6,1123,88.51953125
right,6,1124,88.4453125
right,6,1125,88.4453125
right,6,1126,88.4453125
right,6,1127,88.4453125
right,6,1128,88.4453125
right,6,1129,88.4453125
right,6,1130,88.4453125
right,6,1131,88.4453125
right,6,1132,88.51953125
right,6,1133,88.51953125
right,6,1134,88.59765625
right,6,1135,88.59765625
right,6,1136,88.59765625
right,6,1137,88.59765625
right,6,1138,88.59765625
right,6,1139,88.59765625
right,6,1140,88.59765625
right,6,1141,88.59765625
right,6,1142,88.671875
right,6,1143,88.74609375
right,6,1144,88.671875
right,6,1145,88.74609375
right,6,1146,88.74609375
right,6,1147,88.74609375
right,6,1148,88.74609375
right,6,1149,88.74609375
right,6,1150,88.74609375
right,6,1151,88.74609375
right,6,1152,88.74609375
right,6,1153,88.74609375
right,6,1154,88.74609375
right,6,1155,88.82421875
right,6,1156,88.74609375
right,6,1157,88.82421875
right,6,1158,88.8984375
right,6,1159,88.74609375
right,6,1160,88.82421875
right,6,1161,88.82421875
right,6,1162,88.82421875
right,6,1163,88.82421875
right,6,1164,88.82421875
right,6,1165,88.74609375
right,6,1166,88.74609375
right,6,1167,88.74609375
right,6,1168,88.74609375
right,6,1169,88.82421875
right,6,1170,88.82421875
right,6,1171,88.82421875
right,6,1172,88.82421875
right,6,1173,88.82421875
right,6,1174,88.82421875
right,6,1175,88.8984375
right,6,1176,88.8984375
right,6,1177,88.8984375
right,6,1178,88.8984375
right,6,1179,88.9765625
right,6,1180,88.8984375
right,6,1181,88.9765625
right,6,1182,88.8984375
right,6,1183,88.9765625
right,6,1184,88.9765625
right,6,1185,88.9765625
right,6,1186,88.8984375
right,6,1187,88.9765625
right,6,1188,88.9765625
right,6,1189,88.8984375
right,6,1190,88.9765625
right,6,1191,88.9765625
right,6,1192,88.9765625
right,6,1193,88.9765625
right,6,1194,88.9765625
right,6,1195,88.9765625
right,6,1196,88.9765625
right,6,1197,88.9765625
right,6,1198,88.9765625
right,6,1199,88.8984375
right,6,1200,88.8984375
right,7,0,25.0
right,7,1,29.1796875
right,7,2,30.30859375
right,7,3,32.19140625
right,7,4,33.921875
right,7,5,35.50390625
right,7,6,36.85546875
right,7,7,38.0625
right,7,8,39.265625
right,7,9,40.3203125
right,7,10,41.296875
right,7,11,42.203125
right,7,12,43.10546875
right,7,13,43.85546875
right,7,14,44.609375
right,7,15,45.2109375
right,7,16,45.8125
right,7,17,46.41796875
right,7,18,46.94140625
right,7,19,47.46875
right,7,20,47.84765625
right,7,21,48.296875
right,7,22,48.75
right,7,23,49.125
right,7,24,49.42578125
right,7,25,49.8046875
right,7,26,50.1796875
right,7,27,50.48046875
right,7,28,50.78125
right,7,29,51.08203125
right,7,30,51.30859375
right,7,31,51.609375
right,7,32,51.8359375
right,7,33,52.0625
right,7,34,52.36328125
right,7,35,52.51171875
right,7,36,52.73828125
right,7,37,53.0390625
right,7,38,53.19140625
right,7,39,53.33984375
right,7,40,53.56640625
right,7,41,53.71875
right,7,42,53.8671875
right,7,43,54.01953125
right,7,44,54.16796875
right,7,45,54.3203125
right,7,46,54.3203125
right,7,47,54.46875
right,7,48,54.62109375
right,7,49,54.7734375
right,7,50,54.921875
right,7,51,54.99609375
right,7,52,55.1484375
right,7,53,55.296875
right,7,54,55.375
right,7,55,55.44921875
right,7,56,55.59765625
right,7,57,55.75
right,7,58,55.82421875
right,7,59,55.90234375
right,7,60,56.05078125
right,7,61,56.125
right,7,62,56.125
right,7,63,56.27734375
right,7,64,56.3515625
right,7,65,56.42578125
right,7,66,56.50390625
right,7,67,56.578125
right,7,68,56.65234375
right,7,69,56.73046875
right,7,70,56.8046875
right,7,71,56.87890625
right,7,72,56.953125
right,7,73,57.03125
right,7,74,57.10546875
right,7,75,57.1796875
right,7,76,57.25390625
right,7,77,57.33203125
right,7,78,57.33203125
right,7,79,57.40625
right,7,80,57.5546875
right,7,81,57.5546875
right,7,82,57.6328125
right,7,83,57.70703125
right,7,84,57.78125
right,7,85,57.78125
right,7,86,57.859375
right,7,87,57.93359375
right,7,88,58.0078125
right,7,89,58.08203125
right,7,90,58.08203125
right,7,91,58.16015625
right,7,92,58.234375
right,7,93,58.234375
right,7,94,58.30859375
right,7,95,58.3828125
right,7,96,58.4609375
right,7,97,58.4609375
right,7,98,58.53515625
right,7,99,58.609375
right,7,100,58.6875
right,7,101,58.6875
right,7,102,58.76171875
right,7,103,58.76171875
right,7,104,58.8359375
right,7,105,58.91015625
right,7,106,58.98828125
right,7,107,58.98828125
right,7,108,58.98828125
right,7,109,59.0625
right,7,110,59.13671875
right,7,111,59.13671875
right,7,112,59.2109375
right,7,113,59.2109375
right,7,114,59.2890625
right,7,115,59.2890625
right,7,116,59.36328125
right,7,117,59.4375
right,7,118,59.4375
right,7,119,59.515625
right,7,120,59.515625
right,7,121,59.58984375
right,7,122,59.58984375
right,7,123,59.6640625
right,7,124,59.6640625
right,7,125,59.6640625
right,7,126,59.73828125
right,7,127,59.73828125
right,7,128,59.81640625
right,7,129,59.81640625
right,7,130,59.890625
right,7,131,59.890625
right,7,132,59.96484375
right,7,133,59.96484375
right,7,134,59.96484375
right,7,135,60.0390625
right,7,136,60.0390625
right,7,137,60.0390625
right,7,138,60.1171875
right,7,139,60.19140625
right,7,140,60.19140625
right,7,141,60.19140625
right,7,142,60.265625
right,7,143,60.265625
right,7,144,60.33984375
right,7,145,60.33984375
right,7,146,60.41796875
right,7,147,60.41796875
right,7,148,60.4921875
right,7,149,60.4921875
right,7,150,60.56640625
right,7,151,60.56640625
right,7,152,60.56640625
right,7,153,60.64453125
right,7,154,60.64453125
right,7,155,60.71875
right,7,156,60.71875
right,7,157,60.71875
right,7,158,60.79296875
right,7,159,60.79296875
right,7,160,60.79296875
right,7,161,60.8671875
right,7,162,60.8671875
right,7,163,60.9453125
right,7,164,60.9453125
right,7,165,60.9453125
right,7,166,61.01953125
right,7,167,61.01953125
right,7,168,61.09375
right,7,169,61.09375
right,7,170,61.09375
right,7,171,61.09375
right,7,172,61.16796875
right,7,173,61.24609375
right,7,174,61.24609375
right,7,175,61.24609375
right,7,176,61.3203125
right,7,177,61.3203125
right,7,178,61.3203125
right,7,179,61.39453125
right,7,180,61.39453125
right,7,181,61.39453125
right,7,182,61.39453125
right,7,183,61.39453125
right,7,184,61.47265625
right,7,185,61.546875
right,7,186,61.47265625
right,7,187,61.546875
right,7,188,61.546875
right,7,189,61.546875
right,7,190,61.62109375
right,7,191,61.62109375
right,7,192,61.62109375
right,7,193,61.6953125
right,7,194,61.6953125
right,7,195,61.6953125
right,7,196,61.7734375
right,7,197,61.7734375
right,7,198,61.84765625
right,7,199,61.84765625
right,7,200,61.84765625
right,7,201,61.921875
right,7,202,61.84765625
right,7,203,61.921875
right,7,204,61.921875
right,7,205,61.99609375
right,7,206,61.99609375
right,7,207,61.99609375
right,7,208,61.99609375
right,7,209,62.07421875
right,7,210,62.07421875
right,7,211,62.1484375
right,7,212,62.07421875
right,7,213,62.1484375
right,7,214,62.1484375
right,7,215,62.1484375
right,7,216,62.1484375
right,7,217,62.1484375
right,7,218,62.22265625
right,7,219,62.22265625
right,7,220,62.22265625
right,7,221,62.296875
right,7,222,62.296875
right,7,223,62.296875
right,7,224,62.375
right,7,225,62.375
right,7,226,62.375
right,7,227,62.375
right,7,228,62.375
right,7,229,62.44921875
right,7,230,62.44921875
right,7,231,62.44921875
right,7,232,62.44921875
right,7,233,62.5234375
right,7,234,62.5234375
right,7,235,62.5234375
right,7,236,62.6015625
right,7,237,62.6015625
right,7,238,62.6015625
right,7,239,62.6015625
right,7,240,62.6015625
right,7,241,62.6015625
right,7,242,62.67578125
right,7,243,62.75
right,7,244,62.75
right,7,245,62.67578125
right,7,246,62.75
right,7,247,62.75
right,7,248,62.82421875
right,7,249,62.75
right,7,250,62.82421875
right,7,251,62.82421875
right,7,252,62.90234375
right,7,253,62.90234375
right,7,254,62.90234375
right,7,255,62.90234375
right,7,256,62.9765625
right,7,257,62.9765625
right,7,258,62.9765625
right,7,259,63.05078125
right,7,260,63.05078125
right,7,261,63.05078125
right,7,262,63.05078125
right,7,263,63.05078125
right,7,264,63.125
right,7,265,63.125
right,7,266,63.125
right,7,267,63.125
right,7,268,63.203125
right,7,269,63.203125
right,7,270,63.203125
right,7,271,63.203125
right,7,272,63.203125
right,7,273,63.27734375
right,7,274,63.27734375
right,7,275,63.27734375
right,7,276,63.27734375
right,7,277,63.27734375
right,7,278,63.27734375
right,7,279,63.3515625
right,7,280,63.3515625
right,7,281,63.3515625
right,7,282,63.3515625
right,7,283,63.4296875
right,7,284,63.4296875
right,7,285,63.4296875
right,7,286,63.4296875
right,7,287,63.4296875
right,7,288,63.50390625
right,7,289,63.4296875
right,7,290,63.50390625
right,7,291,63.50390625
right,7,292,63.50390625
right,7,293,63.578125
right,7,294,63.50390625
right,7,295,63.578125
right,7,296,63.578125
right,7,297,63.578125
right,7,298,63.65234375
right,7,299,63.65234375
right,7,300,63.65234375
right,7,301,63.65234375
right,7,302,63.65234375
right,7,303,63.73046875
right,7,304,63.73046875
right,7,305,63.73046875
right,7,306,63.73046875
right,7,307,63.73046875
right,7,308,63.73046875
right,7,309,63.73046875
right,7,310,63.73046875
right,7,311,63.73046875
right,7,312,63.73046875
right,7,313,63.8046875
right,7,314,63.87890625
right,7,315,63.8046875
right,7,316,63.8046875
right,7,317,63.8046875
right,7,318,63.8046875
right,7,319,63.87890625
right,7,320,63.87890625
right,7,321,63.87890625
right,7,322,63.87890625
right,7,323,63.953125
right,7,324,63.87890625
right,7,325,63.953125
right,7,326,63.953125
right,7,327,63.953125
right,7,328,63.953125
right,7,329,63.953125
right,7,330,63.953125
right,7,331,63.953125
right,7,332,64.03125
right,7,333,64.03125
right,7,334,64.10546875
right,7,335,64.03125
right,7,336,64.03125
right,7,337,64.10546875
right,7,338,64.10546875
right,7,339,64.10546875
right,7,340,64.10546875
right,7,341,64.10546875
right,7,342,64.10546875
right,7,343,64.1796875
right,7,344,64.10546875
right,7,345,64.1796875
right,7,346,64.1796875
right,7,347,64.1796875
right,7,348,64.1796875
right,7,349,64.1796875
right,7,350,64.25390625
right,7,351,64.1796875
right,7,352,64.1796875
right,7,353,64.25390625
right,7,354,64.25390625
right,7,355,64.25390625
right,7,356,64.25390625
right,7,357,64.25390625
right,7,358,64.25390625
right,7,359,64.25390625
right,7,360,64.33203125
right,7,361,64.33203125
right,7,362,64.33203125
right,7,363,64.33203125
right,7,364,64.40625
right,7,365,64.33203125
right,7,366,64.40625
right,7,367,64.40625
right,7,368,64.48046875
right,7,369,64.40625
right,7,370,64.55859375
right,7,371,64.48046875
right,7,372,64.55859375
right,7,373,64.55859375
right,7,374,64.55859375
right,7,375,64.55859375
right,7,376,64.55859375
right,7,377,64.55859375
right,7,378,64.6328125
right,7,379,64.6328125
right,7,380,64.6328125
right,7,381,64.6328125
right,7,382,64.6328125
right,7,383,64.6328125
right,7,384,64.6328125
right,7,385,64.70703125
right,7,386,64.70703125
right,7,387,64.70703125
right,7,388,64.6328125
right,7,389,64.70703125
right,7,390,64.70703125
right,7,391,64.70703125
right,7,392,64.70703125
right,7,393,64.78125
right,7,394,64.78125
right,7,395,64.78125
right,7,396,64.78125
right,7,397,64.859375
right,7,398,64.859375
right,7,399,64.78125
right,7,400,64.78125
right,7,401,64.859375
right,7,402,64.859375
right,7,403,64.93359375
right,7,404,64.859375
right,7,405,64.859375
right,7,406,64.93359375
right,7,407,64.93359375
right,7,408,64.93359375
right,7,409,64.93359375
right,7,410,64.93359375
right,7,411,64.93359375
right,7,412,64.93359375
right,7,413,65.0078125
right,7,414,64.93359375
right,7,415,64.93359375
right,7,416,65.0078125
right,7,417,65.0078125
right,7,418,65.0078125
right,7,419,65.08203125
right,7,420,65.08203125
right,7,421,65.08203125
right,7,422,65.08203125
right,7,423,65.0078125
right,7,424,65.08203125
right,7,425,65.08203125
right,7,426,65.08203125
right,7,427,65.08203125
right,7,428,65.08203125
right,7,429,65.08203125
right,7,430,65.16015625
right,7,431,65.08203125
right,7,432,65.16015625
right,7,433,65.16015625
right,7,434,65.16015625
right,7,435,65.16015625
right,7,436,65.16015625
right,7,437,65.16015625
right,7,438,65.16015625
right,7,439,65.16015625
right,7,440,65.16015625
right,7,441,65.16015625
right,7,442,65.16015625
right,7,443,65.16015625
right,7,444,65.16015625
right,7,445,65.234375
right,7,446,65.234375
right,7,447,65.234375
right,7,448,65.234375
right,7,449,65.234375
right,7,450,65.234375
right,7,451,65.234375
right,7,452,65.30859375
right,7,453,65.30859375
right,7,454,65.30859375
right,7,455,65.30859375
right,7,456,65.30859375
right,7,457,65.30859375
right,7,458,65.234375
right,7,459,65.38671875
right,7,460,65.30859375
right,7,461,65.30859375
right,7,462,65.38671875
right,7,463,65.30859375
right,7,464,65.38671875
right,7,465,65.38671875
right,7,466,65.30859375
right,7,467,65.30859375
right,7,468,65.38671875
right,7,469,65.38671875
right,7,470,65.38671875
right,7,471,65.38671875
right,7,472,65.38671875
right,7,473,65.38671875
right,7,474,65.38671875
right,7,475,65.4609375
right,7,476,65.4609375
right,7,477,65.4609375
right,7,478,65.38671875
right,7,479,65.53515625
right,7,480,65.53515625
right,7,481,65.53515625
right,7,482,65.53515625
right,7,483,65.53515625
right,7,484,65.53515625
right,7,485,65.53515625
right,7,486,65.53515625
right,7,487,65.53515625
right,7,488,65.53515625
right,7,489,65.53515625
right,7,490,65.53515625
right,7,491,65.53515625
right,7,492,65.53515625
right,7,493,65.53515625
right,7,494,65.53515625
right,7,495,65.609375
right,7,496,65.609375
right,7,497,65.609375
right,7,498,65.609375
right,7,499,65.609375
right,7,500,65.609375
right,7,501,65.609375
right,7,502,65.609375
right,7,503,65.609375
right,7,504,65.609375
right,7,505,65.609375
right,7,506,65.6875
right,7,507,65.609375
right,7,508,65.6875
right,7,509,65.609375
right,7,510,65.6875
right,7,511,65.6875
right,7,512,65.6875
right,7,513,65.6875
right,7,514,65.6875
right,7,515,65.6875
right,7,516,65.6875
right,7,517,65.6875
right,7,518,65.6875
right,7,519,65.76171875
right,7,520,65.76171875
right,7,521,65.76171875
right,7,522,65.76171875
right,7,523,65.76171875
right,7,524,65.8359375
right,7,525,65.8359375
right,7,526,65.8359375
right,7,527,65.8359375
right,7,528,65.8359375
right,7,529,65.8359375
right,7,530,65.8359375
right,7,531,65.8359375
right,7,532,65.8359375
right,7,533,65.8359375
right,7,534,65.8359375
right,7,535,65.8359375
right,7,536,65.91015625
right,7,537,65.91015625
right,7,538,65.8359375
right,7,539,65.8359375
right,7,540,65.91015625
right,7,541,65.8359375
right,7,542,65.8359375
right,7,543,65.91015625
right,7,544,65.98828125
right,7,545,65.91015625
right,7,546,65.91015625
right,7,547,65.98828125
right,7,548,65.98828125
right,7,549,65.91015625
right,7,550,65.91015625
right,7,551,65.98828125
right,7,552,65.98828125
right,7,553,65.98828125
right,7,554,65.98828125
right,7,555,65.98828125
right,7,556,65.98828125
right,7,557,65.98828125
right,7,558,66.0625
right,7,559,65.98828125
right,7,560,66.0625
right,7,561,66.0625
right,7,562,66.0625
right,7,563,66.0625
right,7,564,66.0625
right,7,565,66.0625
right,7,566,66.0625
right,7,567,66.13671875
right,7,568,66.13671875
right,7,569,66.0625
right,7,570,66.13671875
right,7,571,66.0625
right,7,572,66.13671875
right,7,573,66.13671875
right,7,574,66.13671875
right,7,575,66.13671875
right,7,576,66.13671875
right,7,577,66.13671875
right,7,578,66.2109375
right,7,579,66.13671875
right,7,580,66.13671875
right,7,581,66.13671875
right,7,582,66.13671875
right,7,583,66.13671875
right,7,584,66.2109375
right,7,585,66.2109375
right,7,586,66.2109375
right,7,587,66.2109375
right,7,588,66.2109375
right,7,589,66.2890625
right,7,590,66.2109375
right,7,591,66.2109375
right,7,592,66.2109375
right,7,593,66.2109375
right,7,594,66.2109375
right,7,595,66.2890625
right,7,596,66.2890625
right,7,597,66.2890625
right,7,598,66.2890625
right,7,599,66.2109375
right,7,600,66.2890625
right,7,601,66.2109375
right,7,602,66.2890625
right,7,603,66.2109375
right,7,604,66.2890625
right,7,605,66.2890625
right,7,606,66.2890625
right,7,607,66.2890625
right,7,608,66.36328125
right,7,609,66.2890625
right,7,610,66.2890625
right,7,611,66.36328125
right,7,612,66.36328125
right,7,613,66.2890625
right,7,614,66.2890625
right,7,615,66.36328125
right,7,616,66.36328125
right,7,617,66.36328125
right,7,618,66.36328125
right,7,619,66.36328125
right,7,620,66.36328125
right,7,621,66.36328125
right,7,622,66.36328125
right,7,623,66.36328125
right,7,624,66.36328125
right,7,625,66.36328125
right,7,626,66.36328125
right,7,627,66.36328125
right,7,628,66.36328125
right,7,629,66.4375
right,7,630,66.4375
right,7,631,66.4375
right,7,632,66.4375
right,7,633,66.4375
right,7,634,66.515625
right,7,635,66.4375
right,7,636,66.4375
right,7,637,66.4375
right,7,638,66.4375
right,7,639,66.4375
right,7,640,66.515625
right,7,641,66.515625
right,7,642,66.515625
right,7,643,66.4375
right,7,644,66.515625
right,7,645,66.515625
right,7,646,66.515625
right,7,647,66.515625
right,7,648,66.515625
right,7,649,66.515625
right,7,650,66.515625
right,7,651,66.515625
right,7,652,66.515625
right,7,653,66.515625
right,7,654,66.515625
right,7,655,66.515625
right,7,656,66.515625
right,7,657,66.515625
right,7,658,66.58984375
right,7,659,66.58984375
right,7,660,66.58984375
right,7,661,66.58984375
right,7,662,66.515625
right,7,663,66.58984375
right,7,664,66.58984375
right,7,665,66.58984375
right,7,666,66.58984375
right,7,667,66.58984375
right,7,668,66.58984375
right,7,669,66.6640625
right,7,670,66.58984375
right,7,671,66.58984375
right,7,672,66.6640625
right,7,673,66.58984375
right,7,674,66.6640625
right,7,675,66.6640625
right,7,676,66.58984375
right,7,677,66.6640625
right,7,678,66.6640625
right,7,679,66.6640625
right,7,680,66.6640625
right,7,681,66.6640625
right,7,682,66.73828125
right,7,683,66.6640625
right,7,684,66.6640625
right,7,685,66.6640625
right,7,686,66.6640625
right,7,687,66.73828125
right,7,688,66.6640625
right,7,689,66.73828125
right,7,690,66.73828125
right,7,691,66.73828125
right,7,692,66.73828125
right,7,693,66.73828125
right,7,694,66.6640625
right,7,695,66.73828125
right,7,696,66.6640625
right,7,697,66.73828125
right,7,698,66.73828125
right,7,699,66.73828125
right,7,700,66.73828125
right,7,701,66.73828125
right,7,702,66.73828125
right,7,703,66.73828125
right,7,704,66.73828125
right,7,705,66.81640625
right,7,706,66.81640625
right,7,707,66.81640625
right,7,708,66.73828125
right,7,709,66.73828125
right,7,710,66.81640625
right,7,711,66.81640625
right,7,712,66.81640625
right,7,713,66.81640625
right,7,714,66.73828125
right,7,715,66.81640625
right,7,716,66.73828125
right,7,717,66.73828125
right,7,718,66.73828125
right,7,719,66.73828125
right,7,720,66.81640625
right,7,721,66.81640625
right,7,722,66.73828125
right,7,723,66.81640625
right,7,724,66.81640625
right,7,725,66.81640625
right,7,726,66.81640625
right,7,727,66.81640625
right,7,728,66.81640625
right,7,729,66.890625
right,7,730,66.81640625
right,7,731,66.81640625
right,7,732,66.81640625
right,7,733,66.81640625
right,7,734,66.81640625
right,7,735,66.890625
right,7,736,66.890625
right,7,737,66.890625
right,7,738,66.890625
right,7,739,66.890625
right,7,740,66.96484375
right,7,741,66.890625
right,7,742,66.890625
right,7,743,66.890625
right,7,744,66.890625
right,7,745,66.890625
right,7,746,66.890625
right,7,747,66.890625
right,7,748,66.96484375
right,7,749,66.890625
right,7,750,66.96484375
right,7,751,66.96484375
right,7,752,66.96484375
right,7,753,66.96484375
right,7,754,66.96484375
right,7,755,66.96484375
right,7,756,66.96484375
right,7,757,66.96484375
right,7,758,66.96484375
right,7,759,66.96484375
right,7,760,66.96484375
right,7,761,66.96484375
right,7,762,66.96484375
right,7,763,66.96484375
right,7,764,66.96484375
right,7,765,66.96484375
right,7,766,66.96484375
right,7,767,66.96484375
right,7,768,66.96484375
right,7,769,67.0390625
right,7,770,67.0390625
right,7,771,66.96484375
right,7,772,66.96484375
right,7,773,67.0390625
right,7,774,67.0390625
right,7,775,66.96484375
right,7,776,66.96484375
right,7,777,67.0390625
right,7,778,67.0390625
right,7,779,66.96484375
right,7,780,67.0390625
right,7,781,67.0390625
right,7,782,67.0390625
right,7,783,67.0390625
right,7,784,67.0390625
right,7,785,67.0390625
right,7,786,67.0390625
right,7,787,67.1171875
right,7,788,67.0390625
right,7,789,67.0390625
right,7,790,67.1171875
right,7,791,67.1171875
right,7,792,67.1171875
right,7,793,67.19140625
right,7,794,67.1171875
right,7,795,67.19140625
right,7,796,67.19140625
right,7,797,67.1171875
right,7,798,67.1171875
right,7,799,67.19140625
right,7,800,67.19140625
right,7,801,67.19140625
right,7,802,67.19140625
right,7,803,67.19140625
right,7,804,67.19140625
right,7,805,67.19140625
right,7,806,67.19140625
right,7,807,67.19140625
right,7,808,67.19140625
right,7,809,67.19140625
right,7,810,67.265625
right,7,811,67.265625
right,7,812,67.265625
right,7,813,67.265625
right,7,814,67.265625
right,7,815,67.265625
right,7,816,67.265625
right,7,817,67.19140625
right,7,818,67.265625
right,7,819,67.265625
right,7,820,67.265625
right,7,821,67.265625
right,7,822,67.265625
right,7,823,67.265625
right,7,824,67.265625
right,7,825,67.265625
right,7,826,67.265625
right,7,827,67.265625
right,7,828,67.19140625
right,7,829,67.265625
right,7,830,67.265625
right,7,831,67.265625
right,7,832,67.265625
right,7,833,67.34375
right,7,834,67.265625
right,7,835,67.265625
right,7,836,67.265625
right,7,837,67.265625
right,7,838,67.265625
right,7,839,67.34375
right,7,840,67.34375
right,7,841,67.34375
right,7,842,67.34375
right,7,843,67.34375
right,7,844,67.34375
right,7,845,67.34375
right,7,846,67.34375
right,7,847,67.41796875
right,7,848,67.34375
right,7,849,67.34375
right,7,850,67.41796875
right,7,851,67.41796875
right,7,852,67.41796875
right,7,853,67.34375
right,7,854,67.34375
right,7,855,67.41796875
right,7,856,67.41796875
right,7,857,67.34375
right,7,858,67.34375
right,7,859,67.41796875
right,7,860,67.34375
right,7,861,67.34375
right,7,862,67.41796875
right,7,863,67.34375
right,7,864,67.41796875
right,7,865,67.41796875
right,7,866,67.41796875
right,7,867,67.34375
right,7,868,67.41796875
right,7,869,67.41796875
right,7,870,67.41796875
right,7,871,67.41796875
right,7,872,67.41796875
right,7,873,67.41796875
right,7,874,67.41796875
right,7,875,67.41796875
right,7,876,67.41796875
right,7,877,67.41796875
right,7,878,67.41796875
right,7,879,67.41796875
right,7,880,67.41796875
right,7,881,67.41796875
right,7,882,67.41796875
right,7,883,67.4921875
right,7,884,67.41796875
right,7,885,67.4921875
right,7,886,67.4921875
right,7,887,67.41796875
right,7,888,67.41796875
right,7,889,67.4921875
right,7,890,67.41796875
right,7,891,67.41796875
right,7,892,67.4921875
right,7,893,67.4921875
right,7,894,67.4921875
right,7,895,67.4921875
right,7,896,67.4921875
right,7,897,67.4921875
right,7,898,67.4921875
right,7,899,67.4921875
right,7,900,67.4921875
right,7,901,67.4921875
right,7,902,67.56640625
right,7,903,67.4921875
right,7,904,67.4921875
right,7,905,67.56640625
right,7,906,67.56640625
right,7,907,67.56640625
right,7,908,67.56640625
right,7,909,67.56640625
right,7,910,67.4921875
right,7,911,67.56640625
right,7,912,67.4921875
right,7,913,67.56640625
right,7,914,67.56640625
right,7,915,67.56640625
right,7,916,67.56640625
right,7,917,67.56640625
right,7,918,67.56640625
right,7,919,67.56640625
right,7,920,67.56640625
right,7,921,67.56640625
right,7,922,67.56640625
right,7,923,67.56640625
right,7,924,67.56640625
right,7,925,67.4921875
right,7,926,67.56640625
right,7,927,67.56640625
right,7,928,67.56640625
right,7,929,67.56640625
right,7,930,67.56640625
right,7,931,67.56640625
right,7,932,67.64453125
right,7,933,67.64453125
right,7,934,67.64453125
right,7,935,67.64453125
right,7,936,67.56640625
right,7,937,67.64453125
right,7,938,67.64453125
right,7,939,67.64453125
right,7,940,67.64453125
right,7,941,67.56640625
right,7,942,67.64453125
right,7,943,67.64453125
right,7,944,67.64453125
right,7,945,67.64453125
right,7,946,67.64453125
right,7,947,67.71875
right,7,948,67.71875
right,7,949,67.64453125
right,7,950,67.71875
right,7,951,67.64453125
right,7,952,67.71875
right,7,953,67.71875
right,7,954,67.71875
right,7,955,67.79296875
right,7,956,67.71875
right,7,957,67.71875
right,7,958,67.71875
right,7,959,67.71875
right,7,960,67.71875
right,7,961,67.71875
right,7,962,67.71875
right,7,963,67.71875
right,7,964,67.71875
right,7,965,67.71875
right,7,966,67.71875
right,7,967,67.71875
right,7,968,67.79296875
right,7,969,67.71875
right,7,970,67.71875
right,7,971,67.64453125
right,7,972,67.71875
right,7,973,67.71875
right,7,974,67.71875
right,7,975,67.71875
right,7,976,67.79296875
right,7,977,67.71875
right,7,978,67.71875
right,7,979,67.79296875
right,7,980,67.71875
right,7,981,67.71875
right,7,982,67.79296875
right,7,983,67.79296875
right,7,984,67.79296875
right,7,985,67.79296875
right,7,986,67.79296875
right,7,987,67.79296875
right,7,988,67.79296875
right,7,989,67.79296875
right,7,990,67.79296875
right,7,991,67.79296875
right,7,992,67.79296875
right,7,993,67.8671875
right,7,994,67.79296875
right,7,995,67.79296875
right,7,996,67.79296875
right,7,997,67.8671875
right,7,998,67.8671875
right,7,999,67.79296875
right,7,1000,67.79296875
right,7,1001,67.8671875
right,7,1002,67.8671875
right,7,1003,67.8671875
right,7,1004,67.8671875
right,7,1005,67.8671875
right,7,1006,67.8671875
right,7,1007,67.8671875
right,7,1008,67.8671875
right,7,1009,67.8671875
right,7,1010,67.8671875
right,7,1011,67.8671875
right,7,1012,67.8671875
right,7,1013,67.8671875
right,7,1014,67.9453125
right,7,1015,67.8671875
right,7,1016,67.8671875
right,7,1017,67.8671875
right,7,1018,67.8671875
right,7,1019,67.8671875
right,7,1020,67.8671875
right,7,1021,67.8671875
right,7,1022,67.8671875
right,7,1023,67.8671875
right,7,1024,67.8671875
right,7,1025,67.8671875
right,7,1026,67.8671875
right,7,1027,67.8671875
right,7,1028,67.8671875
right,7,1029,67.9453125
right,7,1030,67.8671875
right,7,1031,67.9453125
right,7,1032,67.9453125
right,7,1033,67.9453125
right,7,1034,67.9453125
right,7,1035,67.9453125
right,7,1036,67.9453125
right,7,1037,67.8671875
right,7,1038,67.8671875
right,7,1039,67.9453125
right,7,1040,67.8671875
right,7,1041,67.9453125
right,7,1042,67.9453125
right,7,1043,67.9453125
right,7,1044,67.9453125
right,7,1045,67.9453125
right,7,1046,68.01953125
right,7,1047,67.9453125
right,7,1048,67.9453125
right,7,1049,67.9453125
right,7,1050,67.9453125
right,7,1051,67.9453125
right,7,1052,67.9453125
right,7,1053,67.9453125
right,7,1054,67.9453125
right,7,1055,67.9453125
right,7,1056,68.01953125
right,7,1057,67.9453125
right,7,1058,67.9453125
right,7,1059,68.01953125
right,7,1060,68.01953125
right,7,1061,68.01953125
right,7,1062,68.01953125
right,7,1063,68.01953125
right,7,1064,68.01953125
right,7,1065,68.01953125
right,7,1066,68.01953125
right,7,1067,68.01953125
right,7,1068,68.01953125
right,7,1069,68.01953125
right,7,1070,68.01953125
right,7,1071,68.01953125
right,7,1072,68.01953125
right,7,1073,68.01953125
right,7,1074,68.01953125
right,7,1075,68.01953125
right,7,1076,68.01953125
right,7,1077,68.01953125
right,7,1078,68.01953125
right,7,1079,68.01953125
right,7,1080,68.01953125
right,7,1081,68.01953125
right,7,1082,68.01953125
right,7,1083,68.01953125
right,7,1084,68.01953125
right,7,1085,68.01953125
right,7,1086,68.01953125
right,7,1087,68.01953125
right,7,1088,68.09375
right,7,1089,68.01953125
right,7,1090,68.09375
right,7,1091,68.09375
right,7,1092,68.09375
right,7,1093,68.01953125
right,7,1094,68.09375
right,7,1095,68.09375
right,7,1096,68.09375
right,7,1097,68.09375
right,7,1098,68.09375
right,7,1099,68.09375
right,7,1100,68.09375
right,7,1101,68.01953125
right,7,1102,68.09375
right,7,1103,68.09375
right,7,1104,68.09375
right,7,1105,68.09375
right,7,1106,68.09375
right,7,1107,68.09375
right,7,1108,68.171875
right,7,1109,68.171875
right,7,1110,68.09375
right,7,1111,68.171875
right,7,1112,68.171875
right,7,1113,68.09375
right,7,1114,68.09375
right,7,1115,68.09375
right,7,1116,68.171875
right,7,1117,68.09375
right,7,1118,68.09375
right,7,1119,68.09375
right,7,1120,68.09375
right,7,1121,68.09375
right,7,1122,68.171875
right,7,1123,68.171875
right,7,1124,68.09375
right,7,1125,68.09375
right,7,1126,68.09375
right,7,1127,68.09375
right,7,1128,68.09375
right,7,1129,68.09375
right,7,1130,68.171875
right,7,1131,68.171875
right,7,1132,68.171875
right,7,1133,68.09375
right,7,1134,68.171875
right,7,1135,68.171875
right,7,1136,68.171875
right,7,1137,68.09375
right,7,1138,68.171875
right,7,1139,68.171875
right,7,1140,68.171875
right,7,1141,68.171875
right,7,1142,68.171875
right,7,1143,68.171875
right,7,1144,68.171875
right,7,1145,68.171875
right,7,1146,68.171875
right,7,1147,68.171875
right,7,1148,68.171875
right,7,1149,68.24609375
right,7,1150,68.24609375
right,7,1151,68.171875
right,7,1152,68.171875
right,7,1153,68.24609375
right,7,1154,68.171875
right,7,1155,68.171875
right,7,1156,68.171875
right,7,1157,68.24609375
right,7,1158,68.24609375
right,7,1159,68.24609375
right,7,1160,68.24609375
right,7,1161,68.171875
right,7,1162,68.24609375
right,7,1163,68.24609375
right,7,1164,68.24609375
right,7,1165,68.24609375
right,7,1166,68.24609375
right,7,1167,68.24609375
right,7,1168,68.3203125
right,7,1169,68.24609375
right,7,1170,68.24609375
right,7,1171,68.24609375
right,7,1172,68.24609375
right,7,1173,68.24609375
right,7,1174,68.3203125
right,7,1175,68.24609375
right,7,1176,68.24609375
right,7,1177,68.24609375
right,7,1178,68.24609375
right,7,1179,68.24609375
right,7,1180,68.24609375
right,7,1181,68.24609375
right,7,1182,68.24609375
right,7,1183,68.24609375
right,7,1184,68.3203125
right,7,1185,68.24609375
right,7,1186,68.24609375
right,7,1187,68.24609375
right,7,1188,68.24609375
right,7,1189,68.24609375
right,7,1190,68.24609375
right,7,1191,68.24609375
right,7,1192,68.3203125
right,7,1193,68.3203125
right,7,1194,68.3203125
right,7,1195,68.3203125
right,7,1196,68.24609375
right,7,1197,68.24609375
right,7,1198,68.3203125
right,7,1199,68.3203125
right,7,1200,68.3203125
