t_wall_s,elapsed_s,side,cam,temp_c
1783375441.3,0.1,left,imu,42.85
1783375441.3,0.1,left,0,33.43
1783375441.3,0.1,left,1,42.50
1783375441.3,0.1,left,2,53.48
1783375441.3,0.1,left,3,64.08
1783375441.3,0.1,left,4,64.79
1783375441.3,0.1,left,5,66.50
1783375441.3,0.1,left,6,69.49
1783375441.3,0.1,left,7,47.19
1783375441.3,0.1,right,imu,42.47
1783375441.3,0.1,right,0,34.25
1783375441.3,0.1,right,1,40.93
1783375441.3,0.1,right,2,51.43
1783375441.3,0.1,right,3,63.26
1783375441.3,0.1,right,4,60.06
1783375441.3,0.1,right,5,62.65
1783375441.3,0.1,right,6,62.38
1783375441.3,0.1,right,7,45.51
1783375446.4,5.1,left,imu,42.47
1783375446.4,5.1,left,0,32.66
1783375446.4,5.1,left,1,40.75
1783375446.4,5.1,left,2,50.75
1783375446.4,5.1,left,3,60.98
1783375446.4,5.1,left,4,61.87
1783375446.4,5.1,left,5,63.12
1783375446.4,5.1,left,6,65.91
1783375446.4,5.1,left,7,45.45
1783375446.4,5.1,right,imu,42.13
1783375446.4,5.1,right,0,33.26
1783375446.4,5.1,right,1,39.23
1783375446.4,5.1,right,2,48.92
1783375446.4,5.1,right,3,60.05
1783375446.4,5.1,right,4,57.34
1783375446.4,5.1,right,5,59.62
1783375446.4,5.1,right,6,59.26
1783375446.4,5.1,right,7,43.71
1783375451.4,10.2,left,imu,42.37
1783375451.4,10.2,left,0,32.05
1783375451.4,10.2,left,1,39.54
1783375451.4,10.2,left,2,48.63
1783375451.4,10.2,left,3,58.34
1783375451.4,10.2,left,4,59.25
1783375451.4,10.2,left,5,60.58
1783375451.4,10.2,left,6,63.02
1783375451.4,10.2,left,7,44.09
1783375451.4,10.2,right,imu,41.99
1783375451.4,10.2,right,0,32.50
1783375451.4,10.2,right,1,37.85
1783375451.4,10.2,right,2,46.87
1783375451.4,10.2,right,3,57.31
1783375451.4,10.2,right,4,55.09
1783375451.4,10.2,right,5,57.05
1783375451.4,10.2,right,6,56.68
1783375451.4,10.2,right,7,42.43
1783375456.5,15.2,left,imu,42.09
1783375456.5,15.2,left,0,31.74
1783375456.5,15.2,left,1,38.55
1783375456.5,15.2,left,2,46.89
1783375456.5,15.2,left,3,56.07
1783375456.5,15.2,left,4,57.09
1783375456.5,15.2,left,5,58.36
1783375456.5,15.2,left,6,60.43
1783375456.5,15.2,left,7,42.95
1783375456.5,15.2,right,imu,41.56
1783375456.5,15.2,right,0,32.12
1783375456.5,15.2,right,1,36.93
1783375456.5,15.2,right,2,45.28
1783375456.5,15.2,right,3,54.94
1783375456.5,15.2,right,4,53.12
1783375456.5,15.2,right,5,54.77
1783375456.5,15.2,right,6,54.39
1783375456.5,15.2,right,7,41.30
1783375461.6,20.3,left,imu,41.85
1783375461.6,20.3,left,0,31.43
1783375461.6,20.3,left,1,37.71
1783375461.6,20.3,left,2,45.61
1783375461.6,20.3,left,3,54.18
1783375461.6,20.3,left,4,55.25
1783375461.6,20.3,left,5,56.36
1783375461.6,20.3,left,6,58.22
1783375461.6,20.3,left,7,42.05
1783375461.6,20.3,right,imu,41.22
1783375461.6,20.3,right,0,31.82
1783375461.6,20.3,right,1,36.08
1783375461.6,20.3,right,2,43.98
1783375461.6,20.3,right,3,53.04
1783375461.6,20.3,right,4,51.62
1783375461.6,20.3,right,5,52.96
1783375461.6,20.3,right,6,52.57
1783375461.6,20.3,right,7,40.47
1783375466.6,25.4,left,imu,41.46
1783375466.6,25.4,left,0,31.05
1783375466.6,25.4,left,1,37.03
1783375466.6,25.4,left,2,44.54
1783375466.6,25.4,left,3,52.52
1783375466.6,25.4,left,4,53.55
1783375466.6,25.4,left,5,54.59
1783375466.6,25.4,left,6,56.25
1783375466.6,25.4,left,7,41.29
1783375466.6,25.4,right,imu,40.89
1783375466.6,25.4,right,0,31.75
1783375466.6,25.4,right,1,35.47
1783375466.6,25.4,right,2,42.92
1783375466.6,25.4,right,3,51.36
1783375466.6,25.4,right,4,50.26
1783375466.6,25.4,right,5,51.36
1783375466.6,25.4,right,6,51.05
1783375466.6,25.4,right,7,39.72
1783375471.7,30.4,left,imu,41.08
1783375471.7,30.4,left,0,30.82
1783375471.7,30.4,left,1,36.50
1783375471.7,30.4,left,2,43.48
1783375471.7,30.4,left,3,51.16
1783375471.7,30.4,left,4,52.32
1783375471.7,30.4,left,5,53.14
1783375471.7,30.4,left,6,54.64
1783375471.7,30.4,left,7,40.68
1783375471.7,30.4,right,imu,40.50
1783375471.7,30.4,right,0,31.44
1783375471.7,30.4,right,1,34.93
1783375471.7,30.4,right,2,42.08
1783375471.7,30.4,right,3,49.90
1783375471.7,30.4,right,4,49.06
1783375471.7,30.4,right,5,50.00
1783375471.7,30.4,right,6,49.76
1783375471.7,30.4,right,7,39.11
1783375476.8,35.5,left,imu,40.79
1783375476.8,35.5,left,0,30.59
1783375476.8,35.5,left,1,35.96
1783375476.8,35.5,left,2,42.65
1783375476.8,35.5,left,3,49.95
1783375476.8,35.5,left,4,51.01
1783375476.8,35.5,left,5,51.83
1783375476.8,35.5,left,6,53.20
1783375476.8,35.5,left,7,40.08
1783375476.8,35.5,right,imu,40.17
1783375476.8,35.5,right,0,31.44
1783375476.8,35.5,right,1,34.62
1783375476.8,35.5,right,2,41.40
1783375476.8,35.5,right,3,48.76
1783375476.8,35.5,right,4,48.08
1783375476.8,35.5,right,5,48.86
1783375476.8,35.5,right,6,48.62
1783375476.8,35.5,right,7,38.59
1783375481.8,40.6,left,imu,40.55
1783375481.8,40.6,left,0,30.36
1783375481.8,40.6,left,1,35.73
1783375481.8,40.6,left,2,41.89
1783375481.8,40.6,left,3,48.89
1783375481.8,40.6,left,4,50.09
1783375481.8,40.6,left,5,50.60
1783375481.8,40.6,left,6,52.05
1783375481.8,40.6,left,7,39.55
1783375481.8,40.6,right,imu,40.17
1783375481.8,40.6,right,0,31.29
1783375481.8,40.6,right,1,34.16
1783375481.8,40.6,right,2,40.71
1783375481.8,40.6,right,3,47.77
1783375481.8,40.6,right,4,47.10
1783375481.8,40.6,right,5,47.88
1783375481.8,40.6,right,6,47.63
1783375481.8,40.6,right,7,38.14
1783375486.9,45.6,left,imu,39.98
1783375486.9,45.6,left,0,30.05
1783375486.9,45.6,left,1,35.36
1783375486.9,45.6,left,2,41.21
1783375486.9,45.6,left,3,48.06
1783375486.9,45.6,left,4,49.24
1783375486.9,45.6,left,5,49.53
1783375486.9,45.6,left,6,50.99
1783375486.9,45.6,left,7,39.17
1783375486.9,45.6,right,imu,39.74
1783375486.9,45.6,right,0,31.14
1783375486.9,45.6,right,1,33.78
1783375486.9,45.6,right,2,40.11
1783375486.9,45.6,right,3,46.93
1783375486.9,45.6,right,4,46.34
1783375486.9,45.6,right,5,46.97
1783375486.9,45.6,right,6,46.87
1783375486.9,45.6,right,7,37.76
1783375492.0,50.7,left,imu,39.64
1783375492.0,50.7,left,0,29.74
1783375492.0,50.7,left,1,35.13
1783375492.0,50.7,left,2,40.68
1783375492.0,50.7,left,3,47.30
1783375492.0,50.7,left,4,48.47
1783375492.0,50.7,left,5,48.61
1783375492.0,50.7,left,6,49.93
1783375492.0,50.7,left,7,38.79
1783375492.0,50.7,right,imu,39.31
1783375492.0,50.7,right,0,30.99
1783375492.0,50.7,right,1,33.47
1783375492.0,50.7,right,2,39.57
1783375492.0,50.7,right,3,46.16
1783375492.0,50.7,right,4,45.59
1783375492.0,50.7,right,5,46.21
1783375492.0,50.7,right,6,46.04
1783375492.0,50.7,right,7,37.38
1783375497.0,55.8,left,imu,39.69
1783375497.0,55.8,left,0,29.74
1783375497.0,55.8,left,1,34.82
1783375497.0,55.8,left,2,40.16
1783375497.0,55.8,left,3,46.55
1783375497.0,55.8,left,4,47.70
1783375497.0,55.8,left,5,47.76
1783375497.0,55.8,left,6,49.16
1783375497.0,55.8,left,7,38.41
1783375497.0,55.8,right,imu,39.31
1783375497.0,55.8,right,0,30.68
1783375497.0,55.8,right,1,33.16
1783375497.0,55.8,right,2,39.12
1783375497.0,55.8,right,3,45.48
1783375497.0,55.8,right,4,45.14
1783375497.0,55.8,right,5,45.46
1783375497.0,55.8,right,6,45.43
1783375497.0,55.8,right,7,37.08
1783375502.1,60.8,left,imu,39.21
1783375502.1,60.8,left,0,29.59
1783375502.1,60.8,left,1,34.52
1783375502.1,60.8,left,2,39.70
1783375502.1,60.8,left,3,45.94
1783375502.1,60.8,left,4,47.01
1783375502.1,60.8,left,5,46.99
1783375502.1,60.8,left,6,48.40
1783375502.1,60.8,left,7,38.11
1783375502.1,60.8,right,imu,38.83
1783375502.1,60.8,right,0,30.61
1783375502.1,60.8,right,1,32.93
1783375502.1,60.8,right,2,38.74
1783375502.1,60.8,right,3,44.87
1783375502.1,60.8,right,4,44.54
1783375502.1,60.8,right,5,44.93
1783375502.1,60.8,right,6,44.82
1783375502.1,60.8,right,7,36.86
1783375507.2,65.9,left,imu,39.02
1783375507.2,65.9,left,0,29.59
1783375507.2,65.9,left,1,34.29
1783375507.2,65.9,left,2,39.32
1783375507.2,65.9,left,3,45.41
1783375507.2,65.9,left,4,46.39
1783375507.2,65.9,left,5,46.30
1783375507.2,65.9,left,6,47.71
1783375507.2,65.9,left,7,37.81
1783375507.2,65.9,right,imu,38.49
1783375507.2,65.9,right,0,30.53
1783375507.2,65.9,right,1,32.62
1783375507.2,65.9,right,2,38.36
1783375507.2,65.9,right,3,44.41
1783375507.2,65.9,right,4,43.93
1783375507.2,65.9,right,5,44.32
1783375507.2,65.9,right,6,44.29
1783375507.2,65.9,right,7,36.55
1783375512.2,71.0,left,imu,39.02
1783375512.2,71.0,left,0,29.43
1783375512.2,71.0,left,1,34.06
1783375512.2,71.0,left,2,39.02
1783375512.2,71.0,left,3,44.88
1783375512.2,71.0,left,4,45.93
1783375512.2,71.0,left,5,45.69
1783375512.2,71.0,left,6,47.26
1783375512.2,71.0,left,7,37.50
1783375512.2,71.0,right,imu,38.44
1783375512.2,71.0,right,0,30.30
1783375512.2,71.0,right,1,32.39
1783375512.2,71.0,right,2,37.98
1783375512.2,71.0,right,3,43.88
1783375512.2,71.0,right,4,43.56
1783375512.2,71.0,right,5,43.87
1783375512.2,71.0,right,6,43.68
1783375512.2,71.0,right,7,36.33
1783375517.3,76.0,left,imu,38.59
1783375517.3,76.0,left,0,29.51
1783375517.3,76.0,left,1,33.84
1783375517.3,76.0,left,2,38.64
1783375517.3,76.0,left,3,44.43
1783375517.3,76.0,left,4,45.47
1783375517.3,76.0,left,5,45.23
1783375517.3,76.0,left,6,46.73
1783375517.3,76.0,left,7,37.36
1783375517.3,76.0,right,imu,37.96
1783375517.3,76.0,right,0,30.08
1783375517.3,76.0,right,1,32.24
1783375517.3,76.0,right,2,37.68
1783375517.3,76.0,right,3,43.42
1783375517.3,76.0,right,4,43.18
1783375517.3,76.0,right,5,43.34
1783375517.3,76.0,right,6,43.30
1783375517.3,76.0,right,7,36.03
1783375522.3,81.1,left,imu,38.44
1783375522.3,81.1,left,0,29.43
1783375522.3,81.1,left,1,33.68
1783375522.3,81.1,left,2,38.34
1783375522.3,81.1,left,3,43.98
1783375522.3,81.1,left,4,45.00
1783375522.3,81.1,left,5,44.61
1783375522.3,81.1,left,6,46.20
1783375522.3,81.1,left,7,37.05
1783375522.3,81.1,right,imu,38.06
1783375522.3,81.1,right,0,30.08
1783375522.3,81.1,right,1,32.09
1783375522.3,81.1,right,2,37.37
1783375522.3,81.1,right,3,43.04
1783375522.3,81.1,right,4,42.73
1783375522.3,81.1,right,5,42.96
1783375522.3,81.1,right,6,42.84
1783375522.3,81.1,right,7,35.88
1783375527.4,86.2,left,imu,38.30
1783375527.4,86.2,left,0,29.43
1783375527.4,86.2,left,1,33.45
1783375527.4,86.2,left,2,38.04
1783375527.4,86.2,left,3,43.68
1783375527.4,86.2,left,4,44.54
1783375527.4,86.2,left,5,44.23
1783375527.4,86.2,left,6,45.66
1783375527.4,86.2,left,7,36.82
1783375527.4,86.2,right,imu,37.92
1783375527.4,86.2,right,0,29.85
1783375527.4,86.2,right,1,31.86
1783375527.4,86.2,right,2,37.07
1783375527.4,86.2,right,3,42.65
1783375527.4,86.2,right,4,42.28
1783375527.4,86.2,right,5,42.50
1783375527.4,86.2,right,6,42.46
1783375527.4,86.2,right,7,35.65
1783375532.5,91.2,left,imu,37.96
1783375532.5,91.2,left,0,29.36
1783375532.5,91.2,left,1,33.30
1783375532.5,91.2,left,2,37.73
1783375532.5,91.2,left,3,43.22
1783375532.5,91.2,left,4,44.08
1783375532.5,91.2,left,5,43.84
1783375532.5,91.2,left,6,45.28
1783375532.5,91.2,left,7,36.67
1783375532.5,91.2,right,imu,37.39
1783375532.5,91.2,right,0,29.77
1783375532.5,91.2,right,1,31.62
1783375532.5,91.2,right,2,36.91
1783375532.5,91.2,right,3,42.27
1783375532.5,91.2,right,4,42.05
1783375532.5,91.2,right,5,42.05
1783375532.5,91.2,right,6,42.08
1783375532.5,91.2,right,7,35.43
1783375537.6,96.3,left,imu,37.96
1783375537.6,96.3,left,0,29.12
1783375537.6,96.3,left,1,33.30
1783375537.6,96.3,left,2,37.50
1783375537.6,96.3,left,3,42.92
1783375537.6,96.3,left,4,43.77
1783375537.6,96.3,left,5,43.31
1783375537.6,96.3,left,6,44.98
1783375537.6,96.3,left,7,36.45
1783375537.6,96.3,right,imu,37.58
1783375537.6,96.3,right,0,29.77
1783375537.6,96.3,right,1,31.55
1783375537.6,96.3,right,2,36.61
1783375537.6,96.3,right,3,41.97
1783375537.6,96.3,right,4,41.67
1783375537.6,96.3,right,5,41.74
1783375537.6,96.3,right,6,41.78
1783375537.6,96.3,right,7,35.20
1783375542.6,101.4,left,imu,37.77
1783375542.6,101.4,left,0,29.12
1783375542.6,101.4,left,1,33.00
1783375542.6,101.4,left,2,37.28
1783375542.6,101.4,left,3,42.62
1783375542.6,101.4,left,4,43.39
1783375542.6,101.4,left,5,43.00
1783375542.6,101.4,left,6,44.52
1783375542.6,101.4,left,7,36.22
1783375542.6,101.4,right,imu,37.20
1783375542.6,101.4,right,0,29.77
1783375542.6,101.4,right,1,31.32
1783375542.6,101.4,right,2,36.46
1783375542.6,101.4,right,3,41.59
1783375542.6,101.4,right,4,41.30
1783375542.6,101.4,right,5,41.44
1783375542.6,101.4,right,6,41.55
1783375542.6,101.4,right,7,35.05
1783375547.7,106.4,left,imu,37.44
1783375547.7,106.4,left,0,29.12
1783375547.7,106.4,left,1,33.07
1783375547.7,106.4,left,2,37.05
1783375547.7,106.4,left,3,42.24
1783375547.7,106.4,left,4,43.08
1783375547.7,106.4,left,5,42.70
1783375547.7,106.4,left,6,44.21
1783375547.7,106.4,left,7,36.07
1783375547.7,106.4,right,imu,37.01
1783375547.7,106.4,right,0,29.77
1783375547.7,106.4,right,1,31.16
1783375547.7,106.4,right,2,36.31
1783375547.7,106.4,right,3,41.28
1783375547.7,106.4,right,4,41.00
1783375547.7,106.4,right,5,41.06
1783375547.7,106.4,right,6,41.25
1783375547.7,106.4,right,7,34.82
1783375552.8,111.5,left,imu,37.44
1783375552.8,111.5,left,0,29.12
1783375552.8,111.5,left,1,32.85
1783375552.8,111.5,left,2,36.90
1783375552.8,111.5,left,3,42.01
1783375552.8,111.5,left,4,42.70
1783375552.8,111.5,left,5,42.39
1783375552.8,111.5,left,6,43.83
1783375552.8,111.5,left,7,35.91
1783375552.8,111.5,right,imu,37.05
1783375552.8,111.5,right,0,29.77
1783375552.8,111.5,right,1,31.01
1783375552.8,111.5,right,2,36.08
1783375552.8,111.5,right,3,40.98
1783375552.8,111.5,right,4,40.70
1783375552.8,111.5,right,5,40.76
1783375552.8,111.5,right,6,40.95
1783375552.8,111.5,right,7,34.75
1783375557.8,116.6,left,imu,37.34
1783375557.8,116.6,left,0,29.05
1783375557.8,116.6,left,1,32.70
1783375557.8,116.6,left,2,36.67
1783375557.8,116.6,left,3,41.71
1783375557.8,116.6,left,4,42.46
1783375557.8,116.6,left,5,42.08
1783375557.8,116.6,left,6,43.61
1783375557.8,116.6,left,7,35.77
1783375557.8,116.6,right,imu,36.81
1783375557.8,116.6,right,0,29.77
1783375557.8,116.6,right,1,31.01
1783375557.8,116.6,right,2,35.93
1783375557.8,116.6,right,3,40.75
1783375557.8,116.6,right,4,40.47
1783375557.8,116.6,right,5,40.53
1783375557.8,116.6,right,6,40.71
1783375557.8,116.6,right,7,34.52
1783375562.9,121.6,left,imu,37.01
1783375562.9,121.6,left,0,28.97
1783375562.9,121.6,left,1,32.70
1783375562.9,121.6,left,2,36.52
1783375562.9,121.6,left,3,41.48
1783375562.9,121.6,left,4,42.23
1783375562.9,121.6,left,5,41.77
1783375562.9,121.6,left,6,43.22
1783375562.9,121.6,left,7,35.54
1783375562.9,121.6,right,imu,36.57
1783375562.9,121.6,right,0,29.55
1783375562.9,121.6,right,1,30.93
1783375562.9,121.6,right,2,35.70
1783375562.9,121.6,right,3,40.52
1783375562.9,121.6,right,4,40.17
1783375562.9,121.6,right,5,40.30
1783375562.9,121.6,right,6,40.41
1783375562.9,121.6,right,7,34.45
1783375567.9,126.7,left,imu,37.20
1783375567.9,126.7,left,0,28.82
1783375567.9,126.7,left,1,32.70
1783375567.9,126.7,left,2,36.37
1783375567.9,126.7,left,3,41.18
1783375567.9,126.7,left,4,41.93
1783375567.9,126.7,left,5,41.62
1783375567.9,126.7,left,6,43.00
1783375567.9,126.7,left,7,35.39
1783375567.9,126.7,right,imu,36.81
1783375567.9,126.7,right,0,29.55
1783375567.9,126.7,right,1,30.78
1783375567.9,126.7,right,2,35.55
1783375567.9,126.7,right,3,40.29
1783375567.9,126.7,right,4,40.02
1783375567.9,126.7,right,5,40.00
1783375567.9,126.7,right,6,40.26
1783375567.9,126.7,right,7,34.30
1783375573.0,131.8,left,imu,37.01
1783375573.0,131.8,left,0,28.89
1783375573.0,131.8,left,1,32.70
1783375573.0,131.8,left,2,36.22
1783375573.0,131.8,left,3,41.03
1783375573.0,131.8,left,4,41.62
1783375573.0,131.8,left,5,41.31
1783375573.0,131.8,left,6,42.77
1783375573.0,131.8,left,7,35.23
1783375573.0,131.8,right,imu,36.48
1783375573.0,131.8,right,0,29.47
1783375573.0,131.8,right,1,30.63
1783375573.0,131.8,right,2,35.39
1783375573.0,131.8,right,3,40.06
1783375573.0,131.8,right,4,39.71
1783375573.0,131.8,right,5,39.85
1783375573.0,131.8,right,6,40.03
1783375573.0,131.8,right,7,34.07
1783375578.1,136.8,left,imu,36.72
1783375578.1,136.8,left,0,28.89
1783375578.1,136.8,left,1,32.54
1783375578.1,136.8,left,2,35.99
1783375578.1,136.8,left,3,40.73
1783375578.1,136.8,left,4,41.39
1783375578.1,136.8,left,5,41.16
1783375578.1,136.8,left,6,42.54
1783375578.1,136.8,left,7,35.08
1783375578.1,136.8,right,imu,36.38
1783375578.1,136.8,right,0,29.32
1783375578.1,136.8,right,1,30.55
1783375578.1,136.8,right,2,35.24
1783375578.1,136.8,right,3,39.91
1783375578.1,136.8,right,4,39.56
1783375578.1,136.8,right,5,39.55
1783375578.1,136.8,right,6,39.80
1783375578.1,136.8,right,7,34.00
1783375583.1,141.9,left,imu,36.38
1783375583.1,141.9,left,0,28.82
1783375583.1,141.9,left,1,32.39
1783375583.1,141.9,left,2,35.91
1783375583.1,141.9,left,3,40.50
1783375583.1,141.9,left,4,41.16
1783375583.1,141.9,left,5,40.85
1783375583.1,141.9,left,6,42.31
1783375583.1,141.9,left,7,34.93
1783375583.1,141.9,right,imu,36.48
1783375583.1,141.9,right,0,29.32
1783375583.1,141.9,right,1,30.63
1783375583.1,141.9,right,2,35.09
1783375583.1,141.9,right,3,39.68
1783375583.1,141.9,right,4,39.34
1783375583.1,141.9,right,5,39.32
1783375583.1,141.9,right,6,39.65
1783375583.1,141.9,right,7,33.85
1783375588.2,146.9,left,imu,36.53
1783375588.2,146.9,left,0,28.66
1783375588.2,146.9,left,1,32.24
1783375588.2,146.9,left,2,35.69
1783375588.2,146.9,left,3,40.35
1783375588.2,146.9,left,4,40.93
1783375588.2,146.9,left,5,40.62
1783375588.2,146.9,left,6,42.01
1783375588.2,146.9,left,7,34.86
1783375588.2,146.9,right,imu,36.19
1783375588.2,146.9,right,0,29.25
1783375588.2,146.9,right,1,30.47
1783375588.2,146.9,right,2,35.02
1783375588.2,146.9,right,3,39.52
1783375588.2,146.9,right,4,39.11
1783375588.2,146.9,right,5,39.17
1783375588.2,146.9,right,6,39.42
1783375588.2,146.9,right,7,33.70
1783375593.3,152.0,left,imu,36.53
1783375593.3,152.0,left,0,28.51
1783375593.3,152.0,left,1,32.16
1783375593.3,152.0,left,2,35.54
1783375593.3,152.0,left,3,40.12
1783375593.3,152.0,left,4,40.70
1783375593.3,152.0,left,5,40.47
1783375593.3,152.0,left,6,41.78
1783375593.3,152.0,left,7,34.70
1783375593.3,152.0,right,imu,35.95
1783375593.3,152.0,right,0,29.17
1783375593.3,152.0,right,1,30.24
1783375593.3,152.0,right,2,34.86
1783375593.3,152.0,right,3,39.37
1783375593.3,152.0,right,4,38.89
1783375593.3,152.0,right,5,38.94
1783375593.3,152.0,right,6,39.27
1783375593.3,152.0,right,7,33.62
1783375598.3,157.1,left,imu,36.05
1783375598.3,157.1,left,0,28.51
1783375598.3,157.1,left,1,31.93
1783375598.3,157.1,left,2,35.39
1783375598.3,157.1,left,3,39.97
1783375598.3,157.1,left,4,40.46
1783375598.3,157.1,left,5,40.24
1783375598.3,157.1,left,6,41.55
1783375598.3,157.1,left,7,34.55
1783375598.3,157.1,right,imu,35.76
1783375598.3,157.1,right,0,29.02
1783375598.3,157.1,right,1,30.16
1783375598.3,157.1,right,2,34.86
1783375598.3,157.1,right,3,39.14
1783375598.3,157.1,right,4,38.73
1783375598.3,157.1,right,5,38.79
1783375598.3,157.1,right,6,39.12
1783375598.3,157.1,right,7,33.47
1783375603.4,162.1,left,imu,36.19
1783375603.4,162.1,left,0,28.51
1783375603.4,162.1,left,1,31.86
1783375603.4,162.1,left,2,35.31
1783375603.4,162.1,left,3,39.75
1783375603.4,162.1,left,4,40.31
1783375603.4,162.1,left,5,40.08
1783375603.4,162.1,left,6,41.40
1783375603.4,162.1,left,7,34.48
1783375603.4,162.1,right,imu,35.66
1783375603.4,162.1,right,0,28.87
1783375603.4,162.1,right,1,30.09
1783375603.4,162.1,right,2,34.64
1783375603.4,162.1,right,3,38.99
1783375603.4,162.1,right,4,38.51
1783375603.4,162.1,right,5,38.64
1783375603.4,162.1,right,6,38.97
1783375603.4,162.1,right,7,33.39
1783375608.5,167.2,left,imu,36.14
1783375608.5,167.2,left,0,28.51
1783375608.5,167.2,left,1,31.71
1783375608.5,167.2,left,2,35.16
1783375608.5,167.2,left,3,39.59
1783375608.5,167.2,left,4,40.16
1783375608.5,167.2,left,5,39.85
1783375608.5,167.2,left,6,41.17
1783375608.5,167.2,left,7,34.33
1783375608.5,167.2,right,imu,35.62
1783375608.5,167.2,right,0,28.87
1783375608.5,167.2,right,1,30.09
1783375608.5,167.2,right,2,34.56
1783375608.5,167.2,right,3,38.84
1783375608.5,167.2,right,4,38.36
1783375608.5,167.2,right,5,38.49
1783375608.5,167.2,right,6,38.74
1783375608.5,167.2,right,7,33.24
1783375613.5,172.3,left,imu,36.00
1783375613.5,172.3,left,0,28.51
1783375613.5,172.3,left,1,31.55
1783375613.5,172.3,left,2,35.01
1783375613.5,172.3,left,3,39.44
1783375613.5,172.3,left,4,39.92
1783375613.5,172.3,left,5,39.70
1783375613.5,172.3,left,6,41.02
1783375613.5,172.3,left,7,34.18
1783375613.5,172.3,right,imu,35.52
1783375613.5,172.3,right,0,28.87
1783375613.5,172.3,right,1,30.09
1783375613.5,172.3,right,2,34.41
1783375613.5,172.3,right,3,38.69
1783375613.5,172.3,right,4,38.13
1783375613.5,172.3,right,5,38.34
1783375613.5,172.3,right,6,38.66
1783375613.5,172.3,right,7,33.17
1783375618.6,177.3,left,imu,35.86
1783375618.6,177.3,left,0,28.51
1783375618.6,177.3,left,1,31.40
1783375618.6,177.3,left,2,34.93
1783375618.6,177.3,left,3,39.29
1783375618.6,177.3,left,4,39.69
1783375618.6,177.3,left,5,39.47
1783375618.6,177.3,left,6,40.86
1783375618.6,177.3,left,7,34.02
1783375618.6,177.3,right,imu,35.52
1783375618.6,177.3,right,0,28.87
1783375618.6,177.3,right,1,30.01
1783375618.6,177.3,right,2,34.33
1783375618.6,177.3,right,3,38.53
1783375618.6,177.3,right,4,38.06
1783375618.6,177.3,right,5,38.18
1783375618.6,177.3,right,6,38.51
1783375618.6,177.3,right,7,33.02
1783375623.7,182.4,left,imu,35.66
1783375623.7,182.4,left,0,28.51
1783375623.7,182.4,left,1,31.32
1783375623.7,182.4,left,2,34.78
1783375623.7,182.4,left,3,39.14
1783375623.7,182.4,left,4,39.62
1783375623.7,182.4,left,5,39.32
1783375623.7,182.4,left,6,40.64
1783375623.7,182.4,left,7,33.95
1783375623.7,182.4,right,imu,35.62
1783375623.7,182.4,right,0,28.87
1783375623.7,182.4,right,1,29.93
1783375623.7,182.4,right,2,34.25
1783375623.7,182.4,right,3,38.38
1783375623.7,182.4,right,4,37.91
1783375623.7,182.4,right,5,38.03
1783375623.7,182.4,right,6,38.36
1783375623.7,182.4,right,7,32.94
1783375628.7,187.5,left,imu,35.76
1783375628.7,187.5,left,0,28.36
1783375628.7,187.5,left,1,31.32
1783375628.7,187.5,left,2,34.70
1783375628.7,187.5,left,3,38.99
1783375628.7,187.5,left,4,39.39
1783375628.7,187.5,left,5,39.16
1783375628.7,187.5,left,6,40.56
1783375628.7,187.5,left,7,33.95
1783375628.7,187.5,right,imu,35.23
1783375628.7,187.5,right,0,28.87
1783375628.7,187.5,right,1,29.86
1783375628.7,187.5,right,2,34.18
1783375628.7,187.5,right,3,38.30
1783375628.7,187.5,right,4,37.83
1783375628.7,187.5,right,5,37.88
1783375628.7,187.5,right,6,38.21
1783375628.7,187.5,right,7,32.79
1783375633.8,192.5,left,imu,35.52
1783375633.8,192.5,left,0,28.36
1783375633.8,192.5,left,1,31.32
1783375633.8,192.5,left,2,34.55
1783375633.8,192.5,left,3,38.84
1783375633.8,192.5,left,4,39.31
1783375633.8,192.5,left,5,39.01
1783375633.8,192.5,left,6,40.41
1783375633.8,192.5,left,7,33.72
1783375633.8,192.5,right,imu,35.09
1783375633.8,192.5,right,0,28.87
1783375633.8,192.5,right,1,29.78
1783375633.8,192.5,right,2,34.11
1783375633.8,192.5,right,3,38.15
1783375633.8,192.5,right,4,37.68
1783375633.8,192.5,right,5,37.73
1783375633.8,192.5,right,6,38.13
1783375633.8,192.5,right,7,32.64
1783375638.8,197.6,left,imu,35.52
1783375638.8,197.6,left,0,28.36
1783375638.8,197.6,left,1,31.17
1783375638.8,197.6,left,2,34.48
1783375638.8,197.6,left,3,38.76
1783375638.8,197.6,left,4,39.08
1783375638.8,197.6,left,5,38.86
1783375638.8,197.6,left,6,40.25
1783375638.8,197.6,left,7,33.64
1783375638.8,197.6,right,imu,35.09
1783375638.8,197.6,right,0,28.71
1783375638.8,197.6,right,1,29.78
1783375638.8,197.6,right,2,33.95
1783375638.8,197.6,right,3,38.07
1783375638.8,197.6,right,4,37.53
1783375638.8,197.6,right,5,37.65
1783375638.8,197.6,right,6,37.90
1783375638.8,197.6,right,7,32.64
1783375643.9,202.7,left,imu,35.62
1783375643.9,202.7,left,0,28.20
1783375643.9,202.7,left,1,31.10
1783375643.9,202.7,left,2,34.40
1783375643.9,202.7,left,3,38.61
1783375643.9,202.7,left,4,39.00
1783375643.9,202.7,left,5,38.70
1783375643.9,202.7,left,6,40.18
1783375643.9,202.7,left,7,33.57
1783375643.9,202.7,right,imu,35.09
1783375643.9,202.7,right,0,28.56
1783375643.9,202.7,right,1,29.78
1783375643.9,202.7,right,2,33.88
1783375643.9,202.7,right,3,37.92
1783375643.9,202.7,right,4,37.38
1783375643.9,202.7,right,5,37.50
1783375643.9,202.7,right,6,37.83
1783375643.9,202.7,right,7,32.57
1783375649.0,207.7,left,imu,35.47
1783375649.0,207.7,left,0,28.12
1783375649.0,207.7,left,1,31.02
1783375649.0,207.7,left,2,34.25
1783375649.0,207.7,left,3,38.46
1783375649.0,207.7,left,4,38.85
1783375649.0,207.7,left,5,38.62
1783375649.0,207.7,left,6,39.95
1783375649.0,207.7,left,7,33.49
1783375649.0,207.7,right,imu,34.80
1783375649.0,207.7,right,0,28.56
1783375649.0,207.7,right,1,29.78
1783375649.0,207.7,right,2,33.72
1783375649.0,207.7,right,3,37.77
1783375649.0,207.7,right,4,37.23
1783375649.0,207.7,right,5,37.35
1783375649.0,207.7,right,6,37.68
1783375649.0,207.7,right,7,32.41
1783375654.0,212.8,left,imu,35.28
1783375654.0,212.8,left,0,28.05
1783375654.0,212.8,left,1,30.87
1783375654.0,212.8,left,2,34.25
1783375654.0,212.8,left,3,38.38
1783375654.0,212.8,left,4,38.69
1783375654.0,212.8,left,5,38.47
1783375654.0,212.8,left,6,39.88
1783375654.0,212.8,left,7,33.42
1783375654.0,212.8,right,imu,34.99
1783375654.0,212.8,right,0,28.56
1783375654.0,212.8,right,1,29.78
1783375654.0,212.8,right,2,33.72
1783375654.0,212.8,right,3,37.62
1783375654.0,212.8,right,4,37.15
1783375654.0,212.8,right,5,37.20
1783375654.0,212.8,right,6,37.60
1783375654.0,212.8,right,7,32.34
1783375659.1,217.9,left,imu,35.14
1783375659.1,217.9,left,0,28.05
1783375659.1,217.9,left,1,30.87
1783375659.1,217.9,left,2,34.10
1783375659.1,217.9,left,3,38.23
1783375659.1,217.9,left,4,38.61
1783375659.1,217.9,left,5,38.32
1783375659.1,217.9,left,6,39.72
1783375659.1,217.9,left,7,33.27
1783375659.1,217.9,right,imu,34.95
1783375659.1,217.9,right,0,28.56
1783375659.1,217.9,right,1,29.86
1783375659.1,217.9,right,2,33.65
1783375659.1,217.9,right,3,37.54
1783375659.1,217.9,right,4,37.00
1783375659.1,217.9,right,5,37.12
1783375659.1,217.9,right,6,37.45
1783375659.1,217.9,right,7,32.27
1783375664.2,222.9,left,imu,34.80
1783375664.2,222.9,left,0,27.97
1783375664.2,222.9,left,1,30.87
1783375664.2,222.9,left,2,34.02
1783375664.2,222.9,left,3,38.08
1783375664.2,222.9,left,4,38.46
1783375664.2,222.9,left,5,38.24
1783375664.2,222.9,left,6,39.57
1783375664.2,222.9,left,7,33.19
1783375664.2,222.9,right,imu,34.71
1783375664.2,222.9,right,0,28.56
1783375664.2,222.9,right,1,29.78
1783375664.2,222.9,right,2,33.57
1783375664.2,222.9,right,3,37.46
1783375664.2,222.9,right,4,36.85
1783375664.2,222.9,right,5,36.97
1783375664.2,222.9,right,6,37.37
1783375664.2,222.9,right,7,32.27
1783375669.2,228.0,left,imu,35.14
1783375669.2,228.0,left,0,27.89
1783375669.2,228.0,left,1,30.72
1783375669.2,228.0,left,2,33.87
1783375669.2,228.0,left,3,38.01
1783375669.2,228.0,left,4,38.31
1783375669.2,228.0,left,5,38.09
1783375669.2,228.0,left,6,39.49
1783375669.2,228.0,left,7,33.04
1783375669.2,228.0,right,imu,34.71
1783375669.2,228.0,right,0,28.56
1783375669.2,228.0,right,1,29.70
1783375669.2,228.0,right,2,33.50
1783375669.2,228.0,right,3,37.39
1783375669.2,228.0,right,4,36.78
1783375669.2,228.0,right,5,36.89
1783375669.2,228.0,right,6,37.22
1783375669.2,228.0,right,7,32.27
1783375674.3,233.1,left,imu,34.80
1783375674.3,233.1,left,0,27.89
1783375674.3,233.1,left,1,30.72
1783375674.3,233.1,left,2,33.80
1783375674.3,233.1,left,3,37.86
1783375674.3,233.1,left,4,38.23
1783375674.3,233.1,left,5,38.01
1783375674.3,233.1,left,6,39.34
1783375674.3,233.1,left,7,33.04
1783375674.3,233.1,right,imu,34.71
1783375674.3,233.1,right,0,28.34
1783375674.3,233.1,right,1,29.70
1783375674.3,233.1,right,2,33.42
1783375674.3,233.1,right,3,37.23
1783375674.3,233.1,right,4,36.62
1783375674.3,233.1,right,5,36.82
1783375674.3,233.1,right,6,37.14
1783375674.3,233.1,right,7,32.11
1783375679.4,238.1,left,imu,34.75
1783375679.4,238.1,left,0,27.89
1783375679.4,238.1,left,1,30.72
1783375679.4,238.1,left,2,33.72
1783375679.4,238.1,left,3,37.78
1783375679.4,238.1,left,4,38.07
1783375679.4,238.1,left,5,37.86
1783375679.4,238.1,left,6,39.27
1783375679.4,238.1,left,7,32.96
1783375679.4,238.1,right,imu,34.47
1783375679.4,238.1,right,0,28.26
1783375679.4,238.1,right,1,29.70
1783375679.4,238.1,right,2,33.27
1783375679.4,238.1,right,3,37.16
1783375679.4,238.1,right,4,36.48
1783375679.4,238.1,right,5,36.75
1783375679.4,238.1,right,6,37.07
1783375679.4,238.1,right,7,32.04
1783375684.4,243.2,left,imu,34.75
1783375684.4,243.2,left,0,27.74
1783375684.4,243.2,left,1,30.72
1783375684.4,243.2,left,2,33.64
1783375684.4,243.2,left,3,37.63
1783375684.4,243.2,left,4,38.00
1783375684.4,243.2,left,5,37.78
1783375684.4,243.2,left,6,39.19
1783375684.4,243.2,left,7,32.89
1783375684.4,243.2,right,imu,34.56
1783375684.4,243.2,right,0,28.26
1783375684.4,243.2,right,1,29.70
1783375684.4,243.2,right,2,33.19
1783375684.4,243.2,right,3,37.01
1783375684.4,243.2,right,4,36.40
1783375684.4,243.2,right,5,36.59
1783375684.4,243.2,right,6,36.99
1783375684.4,243.2,right,7,32.04
1783375689.5,248.2,left,imu,34.71
1783375689.5,248.2,left,0,27.66
1783375689.5,248.2,left,1,30.64
1783375689.5,248.2,left,2,33.57
1783375689.5,248.2,left,3,37.48
1783375689.5,248.2,left,4,37.84
1783375689.5,248.2,left,5,37.62
1783375689.5,248.2,left,6,39.04
1783375689.5,248.2,left,7,32.81
1783375689.5,248.2,right,imu,34.27
1783375689.5,248.2,right,0,28.26
1783375689.5,248.2,right,1,29.70
1783375689.5,248.2,right,2,33.19
1783375689.5,248.2,right,3,36.93
1783375689.5,248.2,right,4,36.32
1783375689.5,248.2,right,5,36.52
1783375689.5,248.2,right,6,36.84
1783375689.5,248.2,right,7,31.89
1783375694.6,253.3,left,imu,34.71
1783375694.6,253.3,left,0,27.66
1783375694.6,253.3,left,1,30.64
1783375694.6,253.3,left,2,33.42
1783375694.6,253.3,left,3,37.40
1783375694.6,253.3,left,4,37.77
1783375694.6,253.3,left,5,37.55
1783375694.6,253.3,left,6,38.96
1783375694.6,253.3,left,7,32.81
1783375694.6,253.3,right,imu,34.42
1783375694.6,253.3,right,0,28.26
1783375694.6,253.3,right,1,29.70
1783375694.6,253.3,right,2,33.12
1783375694.6,253.3,right,3,36.86
1783375694.6,253.3,right,4,36.17
1783375694.6,253.3,right,5,36.44
1783375694.6,253.3,right,6,36.77
1783375694.6,253.3,right,7,31.81
1783375699.6,258.4,left,imu,34.75
1783375699.6,258.4,left,0,27.59
1783375699.6,258.4,left,1,30.64
1783375699.6,258.4,left,2,33.42
1783375699.6,258.4,left,3,37.33
1783375699.6,258.4,left,4,37.69
1783375699.6,258.4,left,5,37.47
1783375699.6,258.4,left,6,38.88
1783375699.6,258.4,left,7,32.74
1783375699.6,258.4,right,imu,34.27
1783375699.6,258.4,right,0,28.26
1783375699.6,258.4,right,1,29.70
1783375699.6,258.4,right,2,33.04
1783375699.6,258.4,right,3,36.78
1783375699.6,258.4,right,4,36.02
1783375699.6,258.4,right,5,36.37
1783375699.6,258.4,right,6,36.69
1783375699.6,258.4,right,7,31.74
1783375704.7,263.4,left,imu,34.56
1783375704.7,263.4,left,0,27.59
1783375704.7,263.4,left,1,30.64
1783375704.7,263.4,left,2,33.34
1783375704.7,263.4,left,3,37.18
1783375704.7,263.4,left,4,37.54
1783375704.7,263.4,left,5,37.39
1783375704.7,263.4,left,6,38.81
1783375704.7,263.4,left,7,32.66
1783375704.7,263.4,right,imu,34.47
1783375704.7,263.4,right,0,28.26
1783375704.7,263.4,right,1,29.70
1783375704.7,263.4,right,2,32.89
1783375704.7,263.4,right,3,36.70
1783375704.7,263.4,right,4,35.95
1783375704.7,263.4,right,5,36.21
1783375704.7,263.4,right,6,36.61
1783375704.7,263.4,right,7,31.81
1783375709.8,268.5,left,imu,34.71
1783375709.8,268.5,left,0,27.59
1783375709.8,268.5,left,1,30.64
1783375709.8,268.5,left,2,33.27
1783375709.8,268.5,left,3,37.10
1783375709.8,268.5,left,4,37.46
1783375709.8,268.5,left,5,37.24
1783375709.8,268.5,left,6,38.66
1783375709.8,268.5,left,7,32.51
1783375709.8,268.5,right,imu,34.37
1783375709.8,268.5,right,0,28.26
1783375709.8,268.5,right,1,29.63
1783375709.8,268.5,right,2,32.89
1783375709.8,268.5,right,3,36.55
1783375709.8,268.5,right,4,35.87
1783375709.8,268.5,right,5,36.14
1783375709.8,268.5,right,6,36.54
1783375709.8,268.5,right,7,31.74
1783375714.8,273.6,left,imu,34.47
1783375714.8,273.6,left,0,27.36
1783375714.8,273.6,left,1,30.57
1783375714.8,273.6,left,2,33.19
1783375714.8,273.6,left,3,37.10
1783375714.8,273.6,left,4,37.30
1783375714.8,273.6,left,5,37.16
1783375714.8,273.6,left,6,38.58
1783375714.8,273.6,left,7,32.51
1783375714.8,273.6,right,imu,34.08
1783375714.8,273.6,right,0,28.26
1783375714.8,273.6,right,1,29.55
1783375714.8,273.6,right,2,32.81
1783375714.8,273.6,right,3,36.47
1783375714.8,273.6,right,4,35.80
1783375714.8,273.6,right,5,36.06
1783375714.8,273.6,right,6,36.46
1783375714.8,273.6,right,7,31.66
1783375719.9,278.6,left,imu,34.71
1783375719.9,278.6,left,0,27.36
1783375719.9,278.6,left,1,30.64
1783375719.9,278.6,left,2,33.12
1783375719.9,278.6,left,3,36.87
1783375719.9,278.6,left,4,37.23
1783375719.9,278.6,left,5,37.16
1783375719.9,278.6,left,6,38.50
1783375719.9,278.6,left,7,32.43
1783375719.9,278.6,right,imu,34.37
1783375719.9,278.6,right,0,28.18
1783375719.9,278.6,right,1,29.55
1783375719.9,278.6,right,2,32.73
1783375719.9,278.6,right,3,36.39
1783375719.9,278.6,right,4,35.80
1783375719.9,278.6,right,5,35.99
1783375719.9,278.6,right,6,36.38
1783375719.9,278.6,right,7,31.59
1783375725.0,283.7,left,imu,34.47
1783375725.0,283.7,left,0,27.28
1783375725.0,283.7,left,1,30.57
1783375725.0,283.7,left,2,33.04
1783375725.0,283.7,left,3,36.87
1783375725.0,283.7,left,4,37.15
1783375725.0,283.7,left,5,37.01
1783375725.0,283.7,left,6,38.43
1783375725.0,283.7,left,7,32.36
1783375725.0,283.7,right,imu,34.18
1783375725.0,283.7,right,0,28.11
1783375725.0,283.7,right,1,29.55
1783375725.0,283.7,right,2,32.73
1783375725.0,283.7,right,3,36.32
1783375725.0,283.7,right,4,35.72
1783375725.0,283.7,right,5,35.91
1783375725.0,283.7,right,6,36.31
1783375725.0,283.7,right,7,31.59
1783375730.0,288.8,left,imu,34.71
1783375730.0,288.8,left,0,27.28
1783375730.0,288.8,left,1,30.41
1783375730.0,288.8,left,2,32.96
1783375730.0,288.8,left,3,36.72
1783375730.0,288.8,left,4,37.07
1783375730.0,288.8,left,5,36.93
1783375730.0,288.8,left,6,38.35
1783375730.0,288.8,left,7,32.28
1783375730.0,288.8,right,imu,34.18
1783375730.0,288.8,right,0,28.11
1783375730.0,288.8,right,1,29.55
1783375730.0,288.8,right,2,32.66
1783375730.0,288.8,right,3,36.24
1783375730.0,288.8,right,4,35.57
1783375730.0,288.8,right,5,35.84
1783375730.0,288.8,right,6,36.31
1783375730.0,288.8,right,7,31.44
1783375735.1,293.8,left,imu,34.27
1783375735.1,293.8,left,0,27.12
1783375735.1,293.8,left,1,30.34
1783375735.1,293.8,left,2,32.89
1783375735.1,293.8,left,3,36.72
1783375735.1,293.8,left,4,37.00
1783375735.1,293.8,left,5,36.78
1783375735.1,293.8,left,6,38.27
1783375735.1,293.8,left,7,32.21
1783375735.1,293.8,right,imu,34.23
1783375735.1,293.8,right,0,28.11
1783375735.1,293.8,right,1,29.55
1783375735.1,293.8,right,2,32.51
1783375735.1,293.8,right,3,36.17
1783375735.1,293.8,right,4,35.42
1783375735.1,293.8,right,5,35.68
1783375735.1,293.8,right,6,36.16
1783375735.1,293.8,right,7,31.36
1783375740.2,298.9,left,imu,34.37
1783375740.2,298.9,left,0,27.12
1783375740.2,298.9,left,1,30.34
1783375740.2,298.9,left,2,32.81
1783375740.2,298.9,left,3,36.57
1783375740.2,298.9,left,4,36.92
1783375740.2,298.9,left,5,36.70
1783375740.2,298.9,left,6,38.20
1783375740.2,298.9,left,7,32.13
1783375740.2,298.9,right,imu,34.04
1783375740.2,298.9,right,0,28.11
1783375740.2,298.9,right,1,29.47
1783375740.2,298.9,right,2,32.43
1783375740.2,298.9,right,3,36.09
1783375740.2,298.9,right,4,35.42
1783375740.2,298.9,right,5,35.68
1783375740.2,298.9,right,6,36.00
1783375740.2,298.9,right,7,31.29
1783375745.2,304.0,left,imu,34.37
1783375745.2,304.0,left,0,27.05
1783375745.2,304.0,left,1,30.26
1783375745.2,304.0,left,2,32.81
1783375745.2,304.0,left,3,36.50
1783375745.2,304.0,left,4,36.77
1783375745.2,304.0,left,5,36.63
1783375745.2,304.0,left,6,38.12
1783375745.2,304.0,left,7,32.05
1783375745.2,304.0,right,imu,33.84
1783375745.2,304.0,right,0,28.11
1783375745.2,304.0,right,1,29.47
1783375745.2,304.0,right,2,32.43
1783375745.2,304.0,right,3,36.09
1783375745.2,304.0,right,4,35.34
1783375745.2,304.0,right,5,35.53
1783375745.2,304.0,right,6,36.00
1783375745.2,304.0,right,7,31.14
1783375750.3,309.0,left,imu,34.08
1783375750.3,309.0,left,0,26.97
1783375750.3,309.0,left,1,30.26
1783375750.3,309.0,left,2,32.66
1783375750.3,309.0,left,3,36.50
1783375750.3,309.0,left,4,36.77
1783375750.3,309.0,left,5,36.55
1783375750.3,309.0,left,6,37.97
1783375750.3,309.0,left,7,31.98
1783375750.3,309.0,right,imu,33.75
1783375750.3,309.0,right,0,28.11
1783375750.3,309.0,right,1,29.47
1783375750.3,309.0,right,2,32.43
1783375750.3,309.0,right,3,36.02
1783375750.3,309.0,right,4,35.34
1783375750.3,309.0,right,5,35.46
1783375750.3,309.0,right,6,35.93
1783375750.3,309.0,right,7,31.06
1783375755.3,314.1,left,imu,34.37
1783375755.3,314.1,left,0,26.97
1783375755.3,314.1,left,1,30.26
1783375755.3,314.1,left,2,32.66
1783375755.3,314.1,left,3,36.42
1783375755.3,314.1,left,4,36.61
1783375755.3,314.1,left,5,36.47
1783375755.3,314.1,left,6,37.97
1783375755.3,314.1,left,7,31.98
1783375755.3,314.1,right,imu,33.89
1783375755.3,314.1,right,0,28.11
1783375755.3,314.1,right,1,29.47
1783375755.3,314.1,right,2,32.43
1783375755.3,314.1,right,3,35.94
1783375755.3,314.1,right,4,35.27
1783375755.3,314.1,right,5,35.38
1783375755.3,314.1,right,6,35.85
1783375755.3,314.1,right,7,30.98
1783375760.4,319.2,left,imu,33.75
1783375760.4,319.2,left,0,26.82
1783375760.4,319.2,left,1,30.26
1783375760.4,319.2,left,2,32.59
1783375760.4,319.2,left,3,36.34
1783375760.4,319.2,left,4,36.54
1783375760.4,319.2,left,5,36.40
1783375760.4,319.2,left,6,37.82
1783375760.4,319.2,left,7,31.91
1783375760.4,319.2,right,imu,33.84
1783375760.4,319.2,right,0,28.11
1783375760.4,319.2,right,1,29.47
1783375760.4,319.2,right,2,32.36
1783375760.4,319.2,right,3,35.86
1783375760.4,319.2,right,4,35.12
1783375760.4,319.2,right,5,35.38
1783375760.4,319.2,right,6,35.78
1783375760.4,319.2,right,7,30.98
1783375765.5,324.2,left,imu,33.94
1783375765.5,324.2,left,0,26.82
1783375765.5,324.2,left,1,30.26
1783375765.5,324.2,left,2,32.51
1783375765.5,324.2,left,3,36.27
1783375765.5,324.2,left,4,36.46
1783375765.5,324.2,left,5,36.32
1783375765.5,324.2,left,6,37.82
1783375765.5,324.2,left,7,31.83
1783375765.5,324.2,right,imu,33.84
1783375765.5,324.2,right,0,27.96
1783375765.5,324.2,right,1,29.47
1783375765.5,324.2,right,2,32.28
1783375765.5,324.2,right,3,35.79
1783375765.5,324.2,right,4,35.04
1783375765.5,324.2,right,5,35.38
1783375765.5,324.2,right,6,35.70
1783375765.5,324.2,right,7,30.91
1783375770.5,329.3,left,imu,33.94
1783375770.5,329.3,left,0,26.82
1783375770.5,329.3,left,1,30.26
1783375770.5,329.3,left,2,32.51
1783375770.5,329.3,left,3,36.19
1783375770.5,329.3,left,4,36.38
1783375770.5,329.3,left,5,36.25
1783375770.5,329.3,left,6,37.66
1783375770.5,329.3,left,7,31.83
1783375770.5,329.3,right,imu,33.75
1783375770.5,329.3,right,0,27.88
1783375770.5,329.3,right,1,29.47
1783375770.5,329.3,right,2,32.20
1783375770.5,329.3,right,3,35.71
1783375770.5,329.3,right,4,35.04
1783375770.5,329.3,right,5,35.30
1783375770.5,329.3,right,6,35.62
1783375770.5,329.3,right,7,30.84
1783375775.6,334.4,left,imu,34.08
1783375775.6,334.4,left,0,26.82
1783375775.6,334.4,left,1,30.11
1783375775.6,334.4,left,2,32.43
1783375775.6,334.4,left,3,36.12
1783375775.6,334.4,left,4,36.30
1783375775.6,334.4,left,5,36.17
1783375775.6,334.4,left,6,37.59
1783375775.6,334.4,left,7,31.75
1783375775.6,334.4,right,imu,33.70
1783375775.6,334.4,right,0,27.88
1783375775.6,334.4,right,1,29.24
1783375775.6,334.4,right,2,32.13
1783375775.6,334.4,right,3,35.63
1783375775.6,334.4,right,4,34.97
1783375775.6,334.4,right,5,35.15
1783375775.6,334.4,right,6,35.55
1783375775.6,334.4,right,7,30.84
1783375780.7,339.4,left,imu,34.04
1783375780.7,339.4,left,0,26.89
1783375780.7,339.4,left,1,30.11
1783375780.7,339.4,left,2,32.28
1783375780.7,339.4,left,3,36.04
1783375780.7,339.4,left,4,36.23
1783375780.7,339.4,left,5,36.09
1783375780.7,339.4,left,6,37.51
1783375780.7,339.4,left,7,31.68
1783375780.7,339.4,right,imu,33.56
1783375780.7,339.4,right,0,27.73
1783375780.7,339.4,right,1,29.17
1783375780.7,339.4,right,2,32.05
1783375780.7,339.4,right,3,35.56
1783375780.7,339.4,right,4,35.04
1783375780.7,339.4,right,5,35.08
1783375780.7,339.4,right,6,35.55
1783375780.7,339.4,right,7,30.76
1783375785.7,344.5,left,imu,34.04
1783375785.7,344.5,left,0,26.82
1783375785.7,344.5,left,1,30.11
1783375785.7,344.5,left,2,32.21
1783375785.7,344.5,left,3,35.96
1783375785.7,344.5,left,4,36.15
1783375785.7,344.5,left,5,36.02
1783375785.7,344.5,left,6,37.51
1783375785.7,344.5,left,7,31.60
1783375785.7,344.5,right,imu,33.65
1783375785.7,344.5,right,0,27.73
1783375785.7,344.5,right,1,29.17
1783375785.7,344.5,right,2,32.05
1783375785.7,344.5,right,3,35.56
1783375785.7,344.5,right,4,34.89
1783375785.7,344.5,right,5,35.08
1783375785.7,344.5,right,6,35.47
1783375785.7,344.5,right,7,30.76
1783375790.8,349.5,left,imu,33.84
1783375790.8,349.5,left,0,26.82
1783375790.8,349.5,left,1,30.03
1783375790.8,349.5,left,2,32.21
1783375790.8,349.5,left,3,35.82
1783375790.8,349.5,left,4,36.07
1783375790.8,349.5,left,5,36.02
1783375790.8,349.5,left,6,37.44
1783375790.8,349.5,left,7,31.60
1783375790.8,349.5,right,imu,33.84
1783375790.8,349.5,right,0,27.73
1783375790.8,349.5,right,1,29.17
1783375790.8,349.5,right,2,31.98
1783375790.8,349.5,right,3,35.48
1783375790.8,349.5,right,4,34.82
1783375790.8,349.5,right,5,35.00
1783375790.8,349.5,right,6,35.39
1783375790.8,349.5,right,7,30.68
1783375795.9,354.6,left,imu,34.04
1783375795.9,354.6,left,0,26.74
1783375795.9,354.6,left,1,29.96
1783375795.9,354.6,left,2,32.21
1783375795.9,354.6,left,3,35.82
1783375795.9,354.6,left,4,36.00
1783375795.9,354.6,left,5,35.94
1783375795.9,354.6,left,6,37.29
1783375795.9,354.6,left,7,31.53
1783375795.9,354.6,right,imu,33.84
1783375795.9,354.6,right,0,27.65
1783375795.9,354.6,right,1,29.17
1783375795.9,354.6,right,2,31.98
1783375795.9,354.6,right,3,35.40
1783375795.9,354.6,right,4,34.67
1783375795.9,354.6,right,5,35.00
1783375795.9,354.6,right,6,35.32
1783375795.9,354.6,right,7,30.68
1783375800.9,359.7,left,imu,33.56
1783375800.9,359.7,left,0,26.66
1783375800.9,359.7,left,1,29.96
1783375800.9,359.7,left,2,32.13
1783375800.9,359.7,left,3,35.82
1783375800.9,359.7,left,4,35.92
1783375800.9,359.7,left,5,35.86
1783375800.9,359.7,left,6,37.29
1783375800.9,359.7,left,7,31.53
1783375800.9,359.7,right,imu,33.65
1783375800.9,359.7,right,0,27.73
1783375800.9,359.7,right,1,29.17
1783375800.9,359.7,right,2,31.90
1783375800.9,359.7,right,3,35.33
1783375800.9,359.7,right,4,34.52
1783375800.9,359.7,right,5,34.93
1783375800.9,359.7,right,6,35.24
1783375800.9,359.7,right,7,30.61
1783375806.0,364.7,left,imu,33.70
1783375806.0,364.7,left,0,26.59
1783375806.0,364.7,left,1,29.96
1783375806.0,364.7,left,2,32.05
1783375806.0,364.7,left,3,35.66
1783375806.0,364.7,left,4,35.84
1783375806.0,364.7,left,5,35.79
1783375806.0,364.7,left,6,37.21
1783375806.0,364.7,left,7,31.45
1783375806.0,364.7,right,imu,33.41
1783375806.0,364.7,right,0,27.65
1783375806.0,364.7,right,1,29.17
1783375806.0,364.7,right,2,31.90
1783375806.0,364.7,right,3,35.25
1783375806.0,364.7,right,4,34.52
1783375806.0,364.7,right,5,34.93
1783375806.0,364.7,right,6,35.24
1783375806.0,364.7,right,7,30.61
1783375811.1,369.8,left,imu,33.65
1783375811.1,369.8,left,0,26.51
1783375811.1,369.8,left,1,29.96
1783375811.1,369.8,left,2,32.13
1783375811.1,369.8,left,3,35.59
1783375811.1,369.8,left,4,35.84
1783375811.1,369.8,left,5,35.71
1783375811.1,369.8,left,6,37.13
1783375811.1,369.8,left,7,31.45
1783375811.1,369.8,right,imu,33.56
1783375811.1,369.8,right,0,27.73
1783375811.1,369.8,right,1,29.17
1783375811.1,369.8,right,2,31.75
1783375811.1,369.8,right,3,35.25
1783375811.1,369.8,right,4,34.37
1783375811.1,369.8,right,5,34.70
1783375811.1,369.8,right,6,35.17
1783375811.1,369.8,right,7,30.61
1783375816.1,374.9,left,imu,33.56
1783375816.1,374.9,left,0,26.51
1783375816.1,374.9,left,1,29.96
1783375816.1,374.9,left,2,31.98
1783375816.1,374.9,left,3,35.51
1783375816.1,374.9,left,4,35.69
1783375816.1,374.9,left,5,35.63
1783375816.1,374.9,left,6,37.06
1783375816.1,374.9,left,7,31.45
1783375816.1,374.9,right,imu,33.65
1783375816.1,374.9,right,0,27.65
1783375816.1,374.9,right,1,29.09
1783375816.1,374.9,right,2,31.75
1783375816.1,374.9,right,3,35.18
1783375816.1,374.9,right,4,34.29
1783375816.1,374.9,right,5,34.70
1783375816.1,374.9,right,6,35.09
1783375816.1,374.9,right,7,30.54
1783375821.2,379.9,left,imu,33.41
1783375821.2,379.9,left,0,26.51
1783375821.2,379.9,left,1,29.96
1783375821.2,379.9,left,2,31.91
1783375821.2,379.9,left,3,35.44
1783375821.2,379.9,left,4,35.69
1783375821.2,379.9,left,5,35.63
1783375821.2,379.9,left,6,36.98
1783375821.2,379.9,left,7,31.22
1783375821.2,379.9,right,imu,33.17
1783375821.2,379.9,right,0,27.65
1783375821.2,379.9,right,1,29.01
1783375821.2,379.9,right,2,31.67
1783375821.2,379.9,right,3,35.10
1783375821.2,379.9,right,4,34.21
1783375821.2,379.9,right,5,34.62
1783375821.2,379.9,right,6,35.02
1783375821.2,379.9,right,7,30.54
1783375826.2,385.0,left,imu,33.84
1783375826.2,385.0,left,0,26.43
1783375826.2,385.0,left,1,29.96
1783375826.2,385.0,left,2,31.91
1783375826.2,385.0,left,3,35.44
1783375826.2,385.0,left,4,35.61
1783375826.2,385.0,left,5,35.55
1783375826.2,385.0,left,6,36.98
1783375826.2,385.0,left,7,31.22
1783375826.2,385.0,right,imu,33.41
1783375826.2,385.0,right,0,27.65
1783375826.2,385.0,right,1,29.01
1783375826.2,385.0,right,2,31.60
1783375826.2,385.0,right,3,35.02
1783375826.2,385.0,right,4,34.21
1783375826.2,385.0,right,5,34.55
1783375826.2,385.0,right,6,35.02
1783375826.2,385.0,right,7,30.31
1783375831.3,390.1,left,imu,33.75
1783375831.3,390.1,left,0,26.43
1783375831.3,390.1,left,1,29.96
1783375831.3,390.1,left,2,31.91
1783375831.3,390.1,left,3,35.36
1783375831.3,390.1,left,4,35.54
1783375831.3,390.1,left,5,35.48
1783375831.3,390.1,left,6,36.91
1783375831.3,390.1,left,7,31.15
1783375831.3,390.1,right,imu,33.41
1783375831.3,390.1,right,0,27.65
1783375831.3,390.1,right,1,29.01
1783375831.3,390.1,right,2,31.60
1783375831.3,390.1,right,3,35.02
1783375831.3,390.1,right,4,34.21
1783375831.3,390.1,right,5,34.55
1783375831.3,390.1,right,6,34.86
1783375831.3,390.1,right,7,30.23
1783375836.4,395.1,left,imu,33.65
1783375836.4,395.1,left,0,26.43
1783375836.4,395.1,left,1,29.96
1783375836.4,395.1,left,2,31.75
1783375836.4,395.1,left,3,35.29
1783375836.4,395.1,left,4,35.46
1783375836.4,395.1,left,5,35.40
1783375836.4,395.1,left,6,36.83
1783375836.4,395.1,left,7,31.15
1783375836.4,395.1,right,imu,33.51
1783375836.4,395.1,right,0,27.65
1783375836.4,395.1,right,1,28.94
1783375836.4,395.1,right,2,31.60
1783375836.4,395.1,right,3,34.95
1783375836.4,395.1,right,4,34.14
1783375836.4,395.1,right,5,34.47
1783375836.4,395.1,right,6,34.86
1783375836.4,395.1,right,7,30.23
1783375841.4,400.2,left,imu,33.65
1783375841.4,400.2,left,0,26.36
1783375841.4,400.2,left,1,29.88
1783375841.4,400.2,left,2,31.68
1783375841.4,400.2,left,3,35.29
1783375841.4,400.2,left,4,35.38
1783375841.4,400.2,left,5,35.40
1783375841.4,400.2,left,6,36.83
1783375841.4,400.2,left,7,31.07
1783375841.4,400.2,right,imu,33.56
1783375841.4,400.2,right,0,27.50
1783375841.4,400.2,right,1,28.86
1783375841.4,400.2,right,2,31.60
1783375841.4,400.2,right,3,34.87
1783375841.4,400.2,right,4,34.06
1783375841.4,400.2,right,5,34.39
1783375841.4,400.2,right,6,34.86
1783375841.4,400.2,right,7,30.31
1783375846.5,405.3,left,imu,33.32
1783375846.5,405.3,left,0,26.36
1783375846.5,405.3,left,1,29.80
1783375846.5,405.3,left,2,31.68
1783375846.5,405.3,left,3,35.21
1783375846.5,405.3,left,4,35.38
1783375846.5,405.3,left,5,35.32
1783375846.5,405.3,left,6,36.83
1783375846.5,405.3,left,7,31.07
1783375846.5,405.3,right,imu,33.22
1783375846.5,405.3,right,0,27.43
1783375846.5,405.3,right,1,28.86
1783375846.5,405.3,right,2,31.52
1783375846.5,405.3,right,3,34.87
1783375846.5,405.3,right,4,33.99
1783375846.5,405.3,right,5,34.39
1783375846.5,405.3,right,6,34.79
1783375846.5,405.3,right,7,30.31
1783375851.6,410.3,left,imu,33.41
1783375851.6,410.3,left,0,26.43
1783375851.6,410.3,left,1,29.80
1783375851.6,410.3,left,2,31.68
1783375851.6,410.3,left,3,35.13
1783375851.6,410.3,left,4,35.23
1783375851.6,410.3,left,5,35.25
1783375851.6,410.3,left,6,36.75
1783375851.6,410.3,left,7,31.07
1783375851.6,410.3,right,imu,33.17
1783375851.6,410.3,right,0,27.35
1783375851.6,410.3,right,1,28.86
1783375851.6,410.3,right,2,31.60
1783375851.6,410.3,right,3,34.79
1783375851.6,410.3,right,4,33.84
1783375851.6,410.3,right,5,34.32
1783375851.6,410.3,right,6,34.71
1783375851.6,410.3,right,7,30.23
1783375856.6,415.4,left,imu,33.51
1783375856.6,415.4,left,0,26.43
1783375856.6,415.4,left,1,29.80
1783375856.6,415.4,left,2,31.60
1783375856.6,415.4,left,3,35.06
1783375856.6,415.4,left,4,35.23
1783375856.6,415.4,left,5,35.25
1783375856.6,415.4,left,6,36.68
1783375856.6,415.4,left,7,31.00
1783375856.6,415.4,right,imu,33.22
1783375856.6,415.4,right,0,27.43
1783375856.6,415.4,right,1,28.86
1783375856.6,415.4,right,2,31.45
1783375856.6,415.4,right,3,34.79
1783375856.6,415.4,right,4,33.76
1783375856.6,415.4,right,5,34.25
1783375856.6,415.4,right,6,34.64
1783375856.6,415.4,right,7,30.23
1783375861.7,420.5,left,imu,33.17
1783375861.7,420.5,left,0,26.36
1783375861.7,420.5,left,1,29.73
1783375861.7,420.5,left,2,31.53
1783375861.7,420.5,left,3,35.06
1783375861.7,420.5,left,4,35.23
1783375861.7,420.5,left,5,35.17
1783375861.7,420.5,left,6,36.60
1783375861.7,420.5,left,7,30.92
1783375861.7,420.5,right,imu,33.12
1783375861.7,420.5,right,0,27.43
1783375861.7,420.5,right,1,28.86
1783375861.7,420.5,right,2,31.45
1783375861.7,420.5,right,3,34.72
1783375861.7,420.5,right,4,33.76
1783375861.7,420.5,right,5,34.17
1783375861.7,420.5,right,6,34.64
1783375861.7,420.5,right,7,30.31
1783375866.8,425.5,left,imu,33.41
1783375866.8,425.5,left,0,26.36
1783375866.8,425.5,left,1,29.65
1783375866.8,425.5,left,2,31.45
1783375866.8,425.5,left,3,34.98
1783375866.8,425.5,left,4,35.07
1783375866.8,425.5,left,5,35.09
1783375866.8,425.5,left,6,36.60
1783375866.8,425.5,left,7,30.92
1783375866.8,425.5,right,imu,33.17
1783375866.8,425.5,right,0,27.35
1783375866.8,425.5,right,1,28.86
1783375866.8,425.5,right,2,31.37
1783375866.8,425.5,right,3,34.64
1783375866.8,425.5,right,4,33.69
1783375866.8,425.5,right,5,34.17
1783375866.8,425.5,right,6,34.56
1783375866.8,425.5,right,7,30.31
1783375871.8,430.6,left,imu,33.65
1783375871.8,430.6,left,0,26.36
1783375871.8,430.6,left,1,29.65
1783375871.8,430.6,left,2,31.38
1783375871.8,430.6,left,3,34.91
1783375871.8,430.6,left,4,35.07
1783375871.8,430.6,left,5,35.09
1783375871.8,430.6,left,6,36.52
1783375871.8,430.6,left,7,30.84
1783375871.8,430.6,right,imu,33.22
1783375871.8,430.6,right,0,27.35
1783375871.8,430.6,right,1,28.86
1783375871.8,430.6,right,2,31.37
1783375871.8,430.6,right,3,34.64
1783375871.8,430.6,right,4,33.69
1783375871.8,430.6,right,5,34.17
1783375871.8,430.6,right,6,34.56
1783375871.8,430.6,right,7,30.31
1783375876.9,435.6,left,imu,33.41
1783375876.9,435.6,left,0,26.36
1783375876.9,435.6,left,1,29.65
1783375876.9,435.6,left,2,31.45
1783375876.9,435.6,left,3,34.91
1783375876.9,435.6,left,4,35.00
1783375876.9,435.6,left,5,35.02
1783375876.9,435.6,left,6,36.45
1783375876.9,435.6,left,7,30.77
1783375876.9,435.6,right,imu,33.17
1783375876.9,435.6,right,0,27.35
1783375876.9,435.6,right,1,28.86
1783375876.9,435.6,right,2,31.29
1783375876.9,435.6,right,3,34.57
1783375876.9,435.6,right,4,33.69
1783375876.9,435.6,right,5,34.09
1783375876.9,435.6,right,6,34.48
1783375876.9,435.6,right,7,30.31
1783375882.0,440.7,left,imu,33.32
1783375882.0,440.7,left,0,26.28
1783375882.0,440.7,left,1,29.73
1783375882.0,440.7,left,2,31.45
1783375882.0,440.7,left,3,34.83
1783375882.0,440.7,left,4,35.00
1783375882.0,440.7,left,5,35.02
1783375882.0,440.7,left,6,36.45
1783375882.0,440.7,left,7,30.77
1783375882.0,440.7,right,imu,33.22
1783375882.0,440.7,right,0,27.35
1783375882.0,440.7,right,1,28.86
1783375882.0,440.7,right,2,31.29
1783375882.0,440.7,right,3,34.49
1783375882.0,440.7,right,4,33.61
1783375882.0,440.7,right,5,34.09
1783375882.0,440.7,right,6,34.41
1783375882.0,440.7,right,7,30.23
1783375887.0,445.8,left,imu,33.41
1783375887.0,445.8,left,0,26.20
1783375887.0,445.8,left,1,29.73
1783375887.0,445.8,left,2,31.38
1783375887.0,445.8,left,3,34.68
1783375887.0,445.8,left,4,34.92
1783375887.0,445.8,left,5,34.94
1783375887.0,445.8,left,6,36.45
1783375887.0,445.8,left,7,30.70
1783375887.0,445.8,right,imu,33.17
1783375887.0,445.8,right,0,27.35
1783375887.0,445.8,right,1,28.78
1783375887.0,445.8,right,2,31.29
1783375887.0,445.8,right,3,34.41
1783375887.0,445.8,right,4,33.61
1783375887.0,445.8,right,5,34.02
1783375887.0,445.8,right,6,34.41
1783375887.0,445.8,right,7,30.31
1783375892.1,450.8,left,imu,33.36
1783375892.1,450.8,left,0,26.20
1783375892.1,450.8,left,1,29.73
1783375892.1,450.8,left,2,31.38
1783375892.1,450.8,left,3,34.68
1783375892.1,450.8,left,4,34.84
1783375892.1,450.8,left,5,34.94
1783375892.1,450.8,left,6,36.37
1783375892.1,450.8,left,7,30.70
1783375892.1,450.8,right,imu,33.17
1783375892.1,450.8,right,0,27.35
1783375892.1,450.8,right,1,28.78
1783375892.1,450.8,right,2,31.21
1783375892.1,450.8,right,3,34.41
1783375892.1,450.8,right,4,33.61
1783375892.1,450.8,right,5,34.02
1783375892.1,450.8,right,6,34.41
1783375892.1,450.8,right,7,30.23
1783375897.2,455.9,left,imu,33.41
1783375897.2,455.9,left,0,26.20
1783375897.2,455.9,left,1,29.73
1783375897.2,455.9,left,2,31.38
1783375897.2,455.9,left,3,34.68
1783375897.2,455.9,left,4,34.84
1783375897.2,455.9,left,5,34.86
1783375897.2,455.9,left,6,36.30
1783375897.2,455.9,left,7,30.62
1783375897.2,455.9,right,imu,33.12
1783375897.2,455.9,right,0,27.35
1783375897.2,455.9,right,1,28.71
1783375897.2,455.9,right,2,31.21
1783375897.2,455.9,right,3,34.34
1783375897.2,455.9,right,4,33.46
1783375897.2,455.9,right,5,33.94
1783375897.2,455.9,right,6,34.33
1783375897.2,455.9,right,7,30.23
1783375902.2,461.0,left,imu,33.32
1783375902.2,461.0,left,0,26.20
1783375902.2,461.0,left,1,29.73
1783375902.2,461.0,left,2,31.30
1783375902.2,461.0,left,3,34.61
1783375902.2,461.0,left,4,34.84
1783375902.2,461.0,left,5,34.79
1783375902.2,461.0,left,6,36.22
1783375902.2,461.0,left,7,30.62
1783375902.2,461.0,right,imu,32.79
1783375902.2,461.0,right,0,27.35
1783375902.2,461.0,right,1,28.71
1783375902.2,461.0,right,2,31.21
1783375902.2,461.0,right,3,34.34
1783375902.2,461.0,right,4,33.39
1783375902.2,461.0,right,5,33.87
1783375902.2,461.0,right,6,34.33
1783375902.2,461.0,right,7,30.08
1783375907.3,466.0,left,imu,33.17
1783375907.3,466.0,left,0,26.20
1783375907.3,466.0,left,1,29.73
1783375907.3,466.0,left,2,31.30
1783375907.3,466.0,left,3,34.61
1783375907.3,466.0,left,4,34.77
1783375907.3,466.0,left,5,34.79
1783375907.3,466.0,left,6,36.30
1783375907.3,466.0,left,7,30.62
1783375907.3,466.0,right,imu,33.12
1783375907.3,466.0,right,0,27.35
1783375907.3,466.0,right,1,28.71
1783375907.3,466.0,right,2,31.14
1783375907.3,466.0,right,3,34.26
1783375907.3,466.0,right,4,33.31
1783375907.3,466.0,right,5,33.87
1783375907.3,466.0,right,6,34.25
1783375907.3,466.0,right,7,30.08
1783375912.4,471.1,left,imu,33.17
1783375912.4,471.1,left,0,26.20
1783375912.4,471.1,left,1,29.65
1783375912.4,471.1,left,2,31.22
1783375912.4,471.1,left,3,34.53
1783375912.4,471.1,left,4,34.69
1783375912.4,471.1,left,5,34.71
1783375912.4,471.1,left,6,36.14
1783375912.4,471.1,left,7,30.62
1783375912.4,471.1,right,imu,33.17
1783375912.4,471.1,right,0,27.35
1783375912.4,471.1,right,1,28.71
1783375912.4,471.1,right,2,31.06
1783375912.4,471.1,right,3,34.18
1783375912.4,471.1,right,4,33.31
1783375912.4,471.1,right,5,33.87
1783375912.4,471.1,right,6,34.18
1783375912.4,471.1,right,7,30.08
1783375917.4,476.2,left,imu,33.41
1783375917.4,476.2,left,0,26.20
1783375917.4,476.2,left,1,29.65
1783375917.4,476.2,left,2,31.22
1783375917.4,476.2,left,3,34.45
1783375917.4,476.2,left,4,34.69
1783375917.4,476.2,left,5,34.63
1783375917.4,476.2,left,6,36.14
1783375917.4,476.2,left,7,30.62
1783375917.4,476.2,right,imu,32.84
1783375917.4,476.2,right,0,27.35
1783375917.4,476.2,right,1,28.71
1783375917.4,476.2,right,2,31.06
1783375917.4,476.2,right,3,34.18
1783375917.4,476.2,right,4,33.31
1783375917.4,476.2,right,5,33.79
1783375917.4,476.2,right,6,34.18
1783375917.4,476.2,right,7,30.08
1783375922.5,481.2,left,imu,33.17
1783375922.5,481.2,left,0,26.20
1783375922.5,481.2,left,1,29.65
1783375922.5,481.2,left,2,31.30
1783375922.5,481.2,left,3,34.45
1783375922.5,481.2,left,4,34.61
1783375922.5,481.2,left,5,34.63
1783375922.5,481.2,left,6,36.07
1783375922.5,481.2,left,7,30.62
1783375922.5,481.2,right,imu,33.12
1783375922.5,481.2,right,0,27.27
1783375922.5,481.2,right,1,28.71
1783375922.5,481.2,right,2,31.06
1783375922.5,481.2,right,3,34.11
1783375922.5,481.2,right,4,33.31
1783375922.5,481.2,right,5,33.79
1783375922.5,481.2,right,6,34.18
1783375922.5,481.2,right,7,30.08
1783375927.5,486.3,left,imu,33.32
1783375927.5,486.3,left,0,26.20
1783375927.5,486.3,left,1,29.58
1783375927.5,486.3,left,2,31.15
1783375927.5,486.3,left,3,34.45
1783375927.5,486.3,left,4,34.61
1783375927.5,486.3,left,5,34.63
1783375927.5,486.3,left,6,36.07
1783375927.5,486.3,left,7,30.54
1783375927.5,486.3,right,imu,33.03
1783375927.5,486.3,right,0,27.20
1783375927.5,486.3,right,1,28.78
1783375927.5,486.3,right,2,30.99
1783375927.5,486.3,right,3,34.11
1783375927.5,486.3,right,4,33.23
1783375927.5,486.3,right,5,33.64
1783375927.5,486.3,right,6,34.11
1783375927.5,486.3,right,7,30.08
1783375932.6,491.4,left,imu,32.98
1783375932.6,491.4,left,0,26.20
1783375932.6,491.4,left,1,29.58
1783375932.6,491.4,left,2,31.07
1783375932.6,491.4,left,3,34.38
1783375932.6,491.4,left,4,34.54
1783375932.6,491.4,left,5,34.55
1783375932.6,491.4,left,6,36.07
1783375932.6,491.4,left,7,30.39
1783375932.6,491.4,right,imu,32.98
1783375932.6,491.4,right,0,27.20
1783375932.6,491.4,right,1,28.78
1783375932.6,491.4,right,2,30.99
1783375932.6,491.4,right,3,34.03
1783375932.6,491.4,right,4,33.23
1783375932.6,491.4,right,5,33.64
1783375932.6,491.4,right,6,34.03
1783375932.6,491.4,right,7,30.08
1783375937.7,496.4,left,imu,33.17
1783375937.7,496.4,left,0,26.20
1783375937.7,496.4,left,1,29.58
1783375937.7,496.4,left,2,31.07
1783375937.7,496.4,left,3,34.38
1783375937.7,496.4,left,4,34.46
1783375937.7,496.4,left,5,34.55
1783375937.7,496.4,left,6,35.99
1783375937.7,496.4,left,7,30.39
1783375937.7,496.4,right,imu,33.12
1783375937.7,496.4,right,0,27.12
1783375937.7,496.4,right,1,28.78
1783375937.7,496.4,right,2,30.99
1783375937.7,496.4,right,3,34.03
1783375937.7,496.4,right,4,33.23
1783375937.7,496.4,right,5,33.56
1783375937.7,496.4,right,6,34.03
1783375937.7,496.4,right,7,30.08
1783375942.7,501.5,left,imu,33.22
1783375942.7,501.5,left,0,26.20
1783375942.7,501.5,left,1,29.58
1783375942.7,501.5,left,2,31.07
1783375942.7,501.5,left,3,34.30
1783375942.7,501.5,left,4,34.46
1783375942.7,501.5,left,5,34.48
1783375942.7,501.5,left,6,35.91
1783375942.7,501.5,left,7,30.39
1783375942.7,501.5,right,imu,32.84
1783375942.7,501.5,right,0,27.12
1783375942.7,501.5,right,1,28.71
1783375942.7,501.5,right,2,30.91
1783375942.7,501.5,right,3,33.95
1783375942.7,501.5,right,4,33.23
1783375942.7,501.5,right,5,33.56
1783375942.7,501.5,right,6,34.03
1783375942.7,501.5,right,7,30.01
1783375947.8,506.5,left,imu,32.88
1783375947.8,506.5,left,0,26.20
1783375947.8,506.5,left,1,29.58
1783375947.8,506.5,left,2,31.00
1783375947.8,506.5,left,3,34.23
1783375947.8,506.5,left,4,34.38
1783375947.8,506.5,left,5,34.40
1783375947.8,506.5,left,6,35.84
1783375947.8,506.5,left,7,30.39
1783375947.8,506.5,right,imu,32.65
1783375947.8,506.5,right,0,27.12
1783375947.8,506.5,right,1,28.71
1783375947.8,506.5,right,2,30.84
1783375947.8,506.5,right,3,33.95
1783375947.8,506.5,right,4,33.16
1783375947.8,506.5,right,5,33.56
1783375947.8,506.5,right,6,34.03
1783375947.8,506.5,right,7,29.93
1783375952.9,511.6,left,imu,33.17
1783375952.9,511.6,left,0,26.20
1783375952.9,511.6,left,1,29.50
1783375952.9,511.6,left,2,31.00
1783375952.9,511.6,left,3,34.23
1783375952.9,511.6,left,4,34.38
1783375952.9,511.6,left,5,34.40
1783375952.9,511.6,left,6,35.91
1783375952.9,511.6,left,7,30.32
1783375952.9,511.6,right,imu,32.79
1783375952.9,511.6,right,0,27.12
1783375952.9,511.6,right,1,28.71
1783375952.9,511.6,right,2,30.84
1783375952.9,511.6,right,3,33.88
1783375952.9,511.6,right,4,33.16
1783375952.9,511.6,right,5,33.49
1783375952.9,511.6,right,6,33.95
1783375952.9,511.6,right,7,29.86
1783375957.9,516.7,left,imu,32.98
1783375957.9,516.7,left,0,26.20
1783375957.9,516.7,left,1,29.50
1783375957.9,516.7,left,2,31.00
1783375957.9,516.7,left,3,34.08
1783375957.9,516.7,left,4,34.30
1783375957.9,516.7,left,5,34.40
1783375957.9,516.7,left,6,35.84
1783375957.9,516.7,left,7,30.32
1783375957.9,516.7,right,imu,32.88
1783375957.9,516.7,right,0,27.12
1783375957.9,516.7,right,1,28.71
1783375957.9,516.7,right,2,30.76
1783375957.9,516.7,right,3,33.88
1783375957.9,516.7,right,4,33.09
1783375957.9,516.7,right,5,33.41
1783375957.9,516.7,right,6,33.95
1783375957.9,516.7,right,7,29.78
1783375963.0,521.7,left,imu,33.12
1783375963.0,521.7,left,0,26.20
1783375963.0,521.7,left,1,29.50
1783375963.0,521.7,left,2,31.00
1783375963.0,521.7,left,3,34.08
1783375963.0,521.7,left,4,34.30
1783375963.0,521.7,left,5,34.32
1783375963.0,521.7,left,6,35.76
1783375963.0,521.7,left,7,30.32
1783375963.0,521.7,right,imu,32.79
1783375963.0,521.7,right,0,27.12
1783375963.0,521.7,right,1,28.78
1783375963.0,521.7,right,2,30.76
1783375963.0,521.7,right,3,33.80
1783375963.0,521.7,right,4,33.01
1783375963.0,521.7,right,5,33.34
1783375963.0,521.7,right,6,33.88
1783375963.0,521.7,right,7,29.86
1783375968.1,526.8,left,imu,33.12
1783375968.1,526.8,left,0,26.20
1783375968.1,526.8,left,1,29.35
1783375968.1,526.8,left,2,30.92
1783375968.1,526.8,left,3,34.08
1783375968.1,526.8,left,4,34.23
1783375968.1,526.8,left,5,34.32
1783375968.1,526.8,left,6,35.76
1783375968.1,526.8,left,7,30.32
1783375968.1,526.8,right,imu,32.79
1783375968.1,526.8,right,0,27.05
1783375968.1,526.8,right,1,28.78
1783375968.1,526.8,right,2,30.76
1783375968.1,526.8,right,3,33.80
1783375968.1,526.8,right,4,33.01
1783375968.1,526.8,right,5,33.34
1783375968.1,526.8,right,6,33.88
1783375968.1,526.8,right,7,29.86
1783375973.1,531.9,left,imu,32.98
1783375973.1,531.9,left,0,26.20
1783375973.1,531.9,left,1,29.35
1783375973.1,531.9,left,2,30.92
1783375973.1,531.9,left,3,34.08
1783375973.1,531.9,left,4,34.23
1783375973.1,531.9,left,5,34.25
1783375973.1,531.9,left,6,35.69
1783375973.1,531.9,left,7,30.32
1783375973.1,531.9,right,imu,32.84
1783375973.1,531.9,right,0,27.12
1783375973.1,531.9,right,1,28.78
1783375973.1,531.9,right,2,30.76
1783375973.1,531.9,right,3,33.80
1783375973.1,531.9,right,4,33.01
1783375973.1,531.9,right,5,33.34
1783375973.1,531.9,right,6,33.80
1783375973.1,531.9,right,7,29.78
1783375978.2,536.9,left,imu,33.17
1783375978.2,536.9,left,0,26.20
1783375978.2,536.9,left,1,29.27
1783375978.2,536.9,left,2,30.92
1783375978.2,536.9,left,3,34.08
1783375978.2,536.9,left,4,34.07
1783375978.2,536.9,left,5,34.25
1783375978.2,536.9,left,6,35.61
1783375978.2,536.9,left,7,30.32
1783375978.2,536.9,right,imu,32.79
1783375978.2,536.9,right,0,27.12
1783375978.2,536.9,right,1,28.78
1783375978.2,536.9,right,2,30.76
1783375978.2,536.9,right,3,33.73
1783375978.2,536.9,right,4,33.01
1783375978.2,536.9,right,5,33.34
1783375978.2,536.9,right,6,33.72
1783375978.2,536.9,right,7,29.78
1783375983.3,542.0,left,imu,33.22
1783375983.3,542.0,left,0,26.12
1783375983.3,542.0,left,1,29.20
1783375983.3,542.0,left,2,30.92
1783375983.3,542.0,left,3,34.00
1783375983.3,542.0,left,4,34.07
1783375983.3,542.0,left,5,34.17
1783375983.3,542.0,left,6,35.61
1783375983.3,542.0,left,7,30.32
1783375983.3,542.0,right,imu,32.98
1783375983.3,542.0,right,0,27.05
1783375983.3,542.0,right,1,28.71
1783375983.3,542.0,right,2,30.76
1783375983.3,542.0,right,3,33.73
1783375983.3,542.0,right,4,32.93
1783375983.3,542.0,right,5,33.26
1783375983.3,542.0,right,6,33.72
1783375983.3,542.0,right,7,29.78
1783375988.3,547.1,left,imu,32.84
1783375988.3,547.1,left,0,26.12
1783375988.3,547.1,left,1,29.20
1783375988.3,547.1,left,2,30.92
1783375988.3,547.1,left,3,34.08
1783375988.3,547.1,left,4,34.07
1783375988.3,547.1,left,5,34.17
1783375988.3,547.1,left,6,35.54
1783375988.3,547.1,left,7,30.32
1783375988.3,547.1,right,imu,32.88
1783375988.3,547.1,right,0,27.05
1783375988.3,547.1,right,1,28.71
1783375988.3,547.1,right,2,30.68
1783375988.3,547.1,right,3,33.65
1783375988.3,547.1,right,4,32.93
1783375988.3,547.1,right,5,33.34
1783375988.3,547.1,right,6,33.72
1783375988.3,547.1,right,7,29.78
1783375993.4,552.1,left,imu,33.17
1783375993.4,552.1,left,0,26.12
1783375993.4,552.1,left,1,29.20
1783375993.4,552.1,left,2,30.84
1783375993.4,552.1,left,3,34.00
1783375993.4,552.1,left,4,34.00
1783375993.4,552.1,left,5,34.09
1783375993.4,552.1,left,6,35.54
1783375993.4,552.1,left,7,30.24
1783375993.4,552.1,right,imu,32.69
1783375993.4,552.1,right,0,27.05
1783375993.4,552.1,right,1,28.55
1783375993.4,552.1,right,2,30.68
1783375993.4,552.1,right,3,33.65
1783375993.4,552.1,right,4,32.93
1783375993.4,552.1,right,5,33.26
1783375993.4,552.1,right,6,33.72
1783375993.4,552.1,right,7,29.78
1783375998.5,557.2,left,imu,33.03
1783375998.5,557.2,left,0,26.12
1783375998.5,557.2,left,1,29.20
1783375998.5,557.2,left,2,30.84
1783375998.5,557.2,left,3,33.93
1783375998.5,557.2,left,4,34.00
1783375998.5,557.2,left,5,34.09
1783375998.5,557.2,left,6,35.46
1783375998.5,557.2,left,7,30.09
1783375998.5,557.2,right,imu,32.79
1783375998.5,557.2,right,0,26.97
1783375998.5,557.2,right,1,28.48
1783375998.5,557.2,right,2,30.68
1783375998.5,557.2,right,3,33.57
1783375998.5,557.2,right,4,32.93
1783375998.5,557.2,right,5,33.26
1783375998.5,557.2,right,6,33.65
1783375998.5,557.2,right,7,29.78
1783376003.5,562.3,left,imu,33.12
1783376003.5,562.3,left,0,26.12
1783376003.5,562.3,left,1,29.12
1783376003.5,562.3,left,2,30.84
1783376003.5,562.3,left,3,33.93
1783376003.5,562.3,left,4,33.92
1783376003.5,562.3,left,5,34.02
1783376003.5,562.3,left,6,35.46
1783376003.5,562.3,left,7,30.09
1783376003.5,562.3,right,imu,32.79
1783376003.5,562.3,right,0,27.05
1783376003.5,562.3,right,1,28.55
1783376003.5,562.3,right,2,30.68
1783376003.5,562.3,right,3,33.57
1783376003.5,562.3,right,4,32.86
1783376003.5,562.3,right,5,33.26
1783376003.5,562.3,right,6,33.65
1783376003.5,562.3,right,7,29.78
1783376008.6,567.3,left,imu,32.98
1783376008.6,567.3,left,0,26.12
1783376008.6,567.3,left,1,29.04
1783376008.6,567.3,left,2,30.84
1783376008.6,567.3,left,3,34.00
1783376008.6,567.3,left,4,33.92
1783376008.6,567.3,left,5,34.02
1783376008.6,567.3,left,6,35.38
1783376008.6,567.3,left,7,30.09
1783376008.6,567.3,right,imu,32.79
1783376008.6,567.3,right,0,26.89
1783376008.6,567.3,right,1,28.55
1783376008.6,567.3,right,2,30.68
1783376008.6,567.3,right,3,33.57
1783376008.6,567.3,right,4,32.93
1783376008.6,567.3,right,5,33.18
1783376008.6,567.3,right,6,33.65
1783376008.6,567.3,right,7,29.63
1783376013.6,572.4,left,imu,32.88
1783376013.6,572.4,left,0,26.12
1783376013.6,572.4,left,1,29.04
1783376013.6,572.4,left,2,30.84
1783376013.6,572.4,left,3,33.93
1783376013.6,572.4,left,4,33.84
1783376013.6,572.4,left,5,33.94
1783376013.6,572.4,left,6,35.38
1783376013.6,572.4,left,7,30.01
1783376013.6,572.4,right,imu,32.84
1783376013.6,572.4,right,0,26.97
1783376013.6,572.4,right,1,28.40
1783376013.6,572.4,right,2,30.68
1783376013.6,572.4,right,3,33.57
1783376013.6,572.4,right,4,32.86
1783376013.6,572.4,right,5,33.18
1783376013.6,572.4,right,6,33.57
1783376013.6,572.4,right,7,29.63
1783376018.7,577.5,left,imu,33.03
1783376018.7,577.5,left,0,26.05
1783376018.7,577.5,left,1,28.97
1783376018.7,577.5,left,2,30.70
1783376018.7,577.5,left,3,33.85
1783376018.7,577.5,left,4,33.77
1783376018.7,577.5,left,5,33.94
1783376018.7,577.5,left,6,35.30
1783376018.7,577.5,left,7,30.01
1783376018.7,577.5,right,imu,32.84
1783376018.7,577.5,right,0,26.97
1783376018.7,577.5,right,1,28.48
1783376018.7,577.5,right,2,30.68
1783376018.7,577.5,right,3,33.57
1783376018.7,577.5,right,4,32.86
1783376018.7,577.5,right,5,33.11
1783376018.7,577.5,right,6,33.57
1783376018.7,577.5,right,7,29.63
1783376023.8,582.5,left,imu,32.98
1783376023.8,582.5,left,0,26.05
1783376023.8,582.5,left,1,28.89
1783376023.8,582.5,left,2,30.70
1783376023.8,582.5,left,3,33.77
1783376023.8,582.5,left,4,33.77
1783376023.8,582.5,left,5,33.86
1783376023.8,582.5,left,6,35.30
1783376023.8,582.5,left,7,30.01
1783376023.8,582.5,right,imu,32.31
1783376023.8,582.5,right,0,26.89
1783376023.8,582.5,right,1,28.48
1783376023.8,582.5,right,2,30.61
1783376023.8,582.5,right,3,33.50
1783376023.8,582.5,right,4,32.86
1783376023.8,582.5,right,5,33.03
1783376023.8,582.5,right,6,33.50
1783376023.8,582.5,right,7,29.63
1783376028.8,587.6,left,imu,32.69
1783376028.8,587.6,left,0,26.05
1783376028.8,587.6,left,1,28.89
1783376028.8,587.6,left,2,30.62
1783376028.8,587.6,left,3,33.70
1783376028.8,587.6,left,4,33.77
1783376028.8,587.6,left,5,33.86
1783376028.8,587.6,left,6,35.30
1783376028.8,587.6,left,7,30.01
1783376028.8,587.6,right,imu,32.69
1783376028.8,587.6,right,0,26.89
1783376028.8,587.6,right,1,28.48
1783376028.8,587.6,right,2,30.61
1783376028.8,587.6,right,3,33.50
1783376028.8,587.6,right,4,32.71
1783376028.8,587.6,right,5,33.03
1783376028.8,587.6,right,6,33.50
1783376028.8,587.6,right,7,29.63
1783376033.9,592.6,left,imu,32.79
1783376033.9,592.6,left,0,26.12
1783376033.9,592.6,left,1,28.89
1783376033.9,592.6,left,2,30.62
1783376033.9,592.6,left,3,33.70
1783376033.9,592.6,left,4,33.69
1783376033.9,592.6,left,5,33.86
1783376033.9,592.6,left,6,35.15
1783376033.9,592.6,left,7,30.01
1783376033.9,592.6,right,imu,32.69
1783376033.9,592.6,right,0,26.89
1783376033.9,592.6,right,1,28.40
1783376033.9,592.6,right,2,30.46
1783376033.9,592.6,right,3,33.50
1783376033.9,592.6,right,4,32.63
1783376033.9,592.6,right,5,33.03
1783376033.9,592.6,right,6,33.42
1783376033.9,592.6,right,7,29.63
1783376039.0,597.7,left,imu,32.65
1783376039.0,597.7,left,0,26.05
1783376039.0,597.7,left,1,28.82
1783376039.0,597.7,left,2,30.62
1783376039.0,597.7,left,3,33.70
1783376039.0,597.7,left,4,33.61
1783376039.0,597.7,left,5,33.86
1783376039.0,597.7,left,6,35.15
1783376039.0,597.7,left,7,30.01
1783376039.0,597.7,right,imu,32.84
1783376039.0,597.7,right,0,26.89
1783376039.0,597.7,right,1,28.40
1783376039.0,597.7,right,2,30.46
1783376039.0,597.7,right,3,33.42
1783376039.0,597.7,right,4,32.63
1783376039.0,597.7,right,5,33.03
1783376039.0,597.7,right,6,33.42
1783376039.0,597.7,right,7,29.63
1783376044.0,602.8,left,imu,32.84
1783376044.0,602.8,left,0,26.05
1783376044.0,602.8,left,1,28.82
1783376044.0,602.8,left,2,30.62
1783376044.0,602.8,left,3,33.70
1783376044.0,602.8,left,4,33.61
1783376044.0,602.8,left,5,33.79
1783376044.0,602.8,left,6,35.15
1783376044.0,602.8,left,7,30.01
1783376044.0,602.8,right,imu,32.60
1783376044.0,602.8,right,0,26.89
1783376044.0,602.8,right,1,28.40
1783376044.0,602.8,right,2,30.46
1783376044.0,602.8,right,3,33.42
1783376044.0,602.8,right,4,32.63
1783376044.0,602.8,right,5,32.96
1783376044.0,602.8,right,6,33.42
1783376044.0,602.8,right,7,29.63
1783376049.1,607.8,left,imu,32.69
1783376049.1,607.8,left,0,26.05
1783376049.1,607.8,left,1,28.82
1783376049.1,607.8,left,2,30.62
1783376049.1,607.8,left,3,33.70
1783376049.1,607.8,left,4,33.61
1783376049.1,607.8,left,5,33.79
1783376049.1,607.8,left,6,35.08
1783376049.1,607.8,left,7,30.01
1783376049.1,607.8,right,imu,32.60
1783376049.1,607.8,right,0,26.89
1783376049.1,607.8,right,1,28.40
1783376049.1,607.8,right,2,30.46
1783376049.1,607.8,right,3,33.42
1783376049.1,607.8,right,4,32.63
1783376049.1,607.8,right,5,32.96
1783376049.1,607.8,right,6,33.42
1783376049.1,607.8,right,7,29.63
1783376054.2,612.9,left,imu,32.88
1783376054.2,612.9,left,0,26.05
1783376054.2,612.9,left,1,28.82
1783376054.2,612.9,left,2,30.54
1783376054.2,612.9,left,3,33.62
1783376054.2,612.9,left,4,33.61
1783376054.2,612.9,left,5,33.79
1783376054.2,612.9,left,6,35.08
1783376054.2,612.9,left,7,29.94
1783376054.2,612.9,right,imu,32.69
1783376054.2,612.9,right,0,26.89
1783376054.2,612.9,right,1,28.32
1783376054.2,612.9,right,2,30.46
1783376054.2,612.9,right,3,33.34
1783376054.2,612.9,right,4,32.56
1783376054.2,612.9,right,5,33.03
1783376054.2,612.9,right,6,33.42
1783376054.2,612.9,right,7,29.63
1783376059.2,618.0,left,imu,32.98
1783376059.2,618.0,left,0,25.97
1783376059.2,618.0,left,1,28.82
1783376059.2,618.0,left,2,30.54
1783376059.2,618.0,left,3,33.62
1783376059.2,618.0,left,4,33.54
1783376059.2,618.0,left,5,33.71
1783376059.2,618.0,left,6,35.08
1783376059.2,618.0,left,7,29.94
1783376059.2,618.0,right,imu,32.69
1783376059.2,618.0,right,0,26.89
1783376059.2,618.0,right,1,28.40
1783376059.2,618.0,right,2,30.46
1783376059.2,618.0,right,3,33.27
1783376059.2,618.0,right,4,32.56
1783376059.2,618.0,right,5,32.96
1783376059.2,618.0,right,6,33.34
1783376059.2,618.0,right,7,29.63
1783376064.3,623.0,left,imu,32.79
1783376064.3,623.0,left,0,26.05
1783376064.3,623.0,left,1,28.82
1783376064.3,623.0,left,2,30.54
1783376064.3,623.0,left,3,33.62
1783376064.3,623.0,left,4,33.54
1783376064.3,623.0,left,5,33.71
1783376064.3,623.0,left,6,35.08
1783376064.3,623.0,left,7,29.86
1783376064.3,623.0,right,imu,32.60
1783376064.3,623.0,right,0,26.97
1783376064.3,623.0,right,1,28.32
1783376064.3,623.0,right,2,30.46
1783376064.3,623.0,right,3,33.27
1783376064.3,623.0,right,4,32.56
1783376064.3,623.0,right,5,32.96
1783376064.3,623.0,right,6,33.27
1783376064.3,623.0,right,7,29.55
1783376069.3,628.1,left,imu,32.65
1783376069.3,628.1,left,0,25.97
1783376069.3,628.1,left,1,28.82
1783376069.3,628.1,left,2,30.54
1783376069.3,628.1,left,3,33.62
1783376069.3,628.1,left,4,33.54
1783376069.3,628.1,left,5,33.63
1783376069.3,628.1,left,6,35.00
1783376069.3,628.1,left,7,29.86
1783376069.3,628.1,right,imu,32.50
1783376069.3,628.1,right,0,26.89
1783376069.3,628.1,right,1,28.25
1783376069.3,628.1,right,2,30.46
1783376069.3,628.1,right,3,33.27
1783376069.3,628.1,right,4,32.56
1783376069.3,628.1,right,5,32.96
1783376069.3,628.1,right,6,33.27
1783376069.3,628.1,right,7,29.55
1783376074.4,633.2,left,imu,32.79
1783376074.4,633.2,left,0,26.05
1783376074.4,633.2,left,1,28.82
1783376074.4,633.2,left,2,30.54
1783376074.4,633.2,left,3,33.55
1783376074.4,633.2,left,4,33.46
1783376074.4,633.2,left,5,33.63
1783376074.4,633.2,left,6,35.00
1783376074.4,633.2,left,7,29.86
1783376074.4,633.2,right,imu,32.65
1783376074.4,633.2,right,0,26.89
1783376074.4,633.2,right,1,28.25
1783376074.4,633.2,right,2,30.46
1783376074.4,633.2,right,3,33.27
1783376074.4,633.2,right,4,32.48
1783376074.4,633.2,right,5,32.96
1783376074.4,633.2,right,6,33.27
1783376074.4,633.2,right,7,29.48
1783376079.5,638.2,left,imu,32.84
1783376079.5,638.2,left,0,25.97
1783376079.5,638.2,left,1,28.74
1783376079.5,638.2,left,2,30.54
1783376079.5,638.2,left,3,33.62
1783376079.5,638.2,left,4,33.46
1783376079.5,638.2,left,5,33.63
1783376079.5,638.2,left,6,35.00
1783376079.5,638.2,left,7,29.86
1783376079.5,638.2,right,imu,32.50
1783376079.5,638.2,right,0,26.97
1783376079.5,638.2,right,1,28.32
1783376079.5,638.2,right,2,30.46
1783376079.5,638.2,right,3,33.27
1783376079.5,638.2,right,4,32.48
1783376079.5,638.2,right,5,32.88
1783376079.5,638.2,right,6,33.27
1783376079.5,638.2,right,7,29.48
1783376084.5,643.3,left,imu,32.84
1783376084.5,643.3,left,0,25.97
1783376084.5,643.3,left,1,28.74
1783376084.5,643.3,left,2,30.46
1783376084.5,643.3,left,3,33.62
1783376084.5,643.3,left,4,33.46
1783376084.5,643.3,left,5,33.56
1783376084.5,643.3,left,6,34.93
1783376084.5,643.3,left,7,29.86
1783376084.5,643.3,right,imu,32.26
1783376084.5,643.3,right,0,26.89
1783376084.5,643.3,right,1,28.25
1783376084.5,643.3,right,2,30.38
1783376084.5,643.3,right,3,33.19
1783376084.5,643.3,right,4,32.48
1783376084.5,643.3,right,5,32.88
1783376084.5,643.3,right,6,33.19
1783376084.5,643.3,right,7,29.48
1783376089.6,648.3,left,imu,32.84
1783376089.6,648.3,left,0,25.97
1783376089.6,648.3,left,1,28.74
1783376089.6,648.3,left,2,30.46
1783376089.6,648.3,left,3,33.62
1783376089.6,648.3,left,4,33.38
1783376089.6,648.3,left,5,33.56
1783376089.6,648.3,left,6,34.93
1783376089.6,648.3,left,7,29.86
1783376089.6,648.3,right,imu,32.65
1783376089.6,648.3,right,0,26.89
1783376089.6,648.3,right,1,28.25
1783376089.6,648.3,right,2,30.46
1783376089.6,648.3,right,3,33.19
1783376089.6,648.3,right,4,32.48
1783376089.6,648.3,right,5,32.88
1783376089.6,648.3,right,6,33.19
1783376089.6,648.3,right,7,29.48
1783376094.7,653.4,left,imu,32.79
1783376094.7,653.4,left,0,25.97
1783376094.7,653.4,left,1,28.74
1783376094.7,653.4,left,2,30.46
1783376094.7,653.4,left,3,33.55
1783376094.7,653.4,left,4,33.30
1783376094.7,653.4,left,5,33.56
1783376094.7,653.4,left,6,34.93
1783376094.7,653.4,left,7,29.86
1783376094.7,653.4,right,imu,32.45
1783376094.7,653.4,right,0,26.89
1783376094.7,653.4,right,1,28.25
1783376094.7,653.4,right,2,30.38
1783376094.7,653.4,right,3,33.11
1783376094.7,653.4,right,4,32.48
1783376094.7,653.4,right,5,32.88
1783376094.7,653.4,right,6,33.12
1783376094.7,653.4,right,7,29.48
1783376099.7,658.5,left,imu,32.79
1783376099.7,658.5,left,0,25.97
1783376099.7,658.5,left,1,28.74
1783376099.7,658.5,left,2,30.46
1783376099.7,658.5,left,3,33.47
1783376099.7,658.5,left,4,33.30
1783376099.7,658.5,left,5,33.48
1783376099.7,658.5,left,6,34.85
1783376099.7,658.5,left,7,29.86
1783376099.7,658.5,right,imu,32.60
1783376099.7,658.5,right,0,26.97
1783376099.7,658.5,right,1,28.25
1783376099.7,658.5,right,2,30.38
1783376099.7,658.5,right,3,33.11
1783376099.7,658.5,right,4,32.41
1783376099.7,658.5,right,5,32.88
1783376099.7,658.5,right,6,33.12
1783376099.7,658.5,right,7,29.48
1783376104.8,663.6,left,imu,32.79
1783376104.8,663.6,left,0,25.97
1783376104.8,663.6,left,1,28.74
1783376104.8,663.6,left,2,30.46
1783376104.8,663.6,left,3,33.39
1783376104.8,663.6,left,4,33.30
1783376104.8,663.6,left,5,33.48
1783376104.8,663.6,left,6,34.85
1783376104.8,663.6,left,7,29.79
1783376104.8,663.6,right,imu,32.45
1783376104.8,663.6,right,0,26.89
1783376104.8,663.6,right,1,28.17
1783376104.8,663.6,right,2,30.38
1783376104.8,663.6,right,3,33.11
1783376104.8,663.6,right,4,32.41
1783376104.8,663.6,right,5,32.80
1783376104.8,663.6,right,6,33.12
1783376104.8,663.6,right,7,29.48
1783376109.9,668.6,left,imu,32.79
1783376109.9,668.6,left,0,25.97
1783376109.9,668.6,left,1,28.74
1783376109.9,668.6,left,2,30.54
1783376109.9,668.6,left,3,33.39
1783376109.9,668.6,left,4,33.23
1783376109.9,668.6,left,5,33.48
1783376109.9,668.6,left,6,34.85
1783376109.9,668.6,left,7,29.71
1783376109.9,668.6,right,imu,32.45
1783376109.9,668.6,right,0,26.89
1783376109.9,668.6,right,1,28.17
1783376109.9,668.6,right,2,30.38
1783376109.9,668.6,right,3,33.04
1783376109.9,668.6,right,4,32.41
1783376109.9,668.6,right,5,32.73
1783376109.9,668.6,right,6,33.04
1783376109.9,668.6,right,7,29.48
1783376114.9,673.7,left,imu,32.65
1783376114.9,673.7,left,0,25.97
1783376114.9,673.7,left,1,28.74
1783376114.9,673.7,left,2,30.46
1783376114.9,673.7,left,3,33.32
1783376114.9,673.7,left,4,33.30
1783376114.9,673.7,left,5,33.48
1783376114.9,673.7,left,6,34.77
1783376114.9,673.7,left,7,29.71
1783376114.9,673.7,right,imu,32.50
1783376114.9,673.7,right,0,26.89
1783376114.9,673.7,right,1,28.17
1783376114.9,673.7,right,2,30.38
1783376114.9,673.7,right,3,33.04
1783376114.9,673.7,right,4,32.41
1783376114.9,673.7,right,5,32.73
1783376114.9,673.7,right,6,33.04
1783376114.9,673.7,right,7,29.33
1783376120.0,678.7,left,imu,32.79
1783376120.0,678.7,left,0,25.89
1783376120.0,678.7,left,1,28.74
1783376120.0,678.7,left,2,30.46
1783376120.0,678.7,left,3,33.32
1783376120.0,678.7,left,4,33.23
1783376120.0,678.7,left,5,33.40
1783376120.0,678.7,left,6,34.77
1783376120.0,678.7,left,7,29.71
1783376120.0,678.7,right,imu,32.65
1783376120.0,678.7,right,0,26.82
1783376120.0,678.7,right,1,28.09
1783376120.0,678.7,right,2,30.38
1783376120.0,678.7,right,3,33.04
1783376120.0,678.7,right,4,32.26
1783376120.0,678.7,right,5,32.58
1783376120.0,678.7,right,6,33.12
1783376120.0,678.7,right,7,29.41
1783376125.1,683.8,left,imu,32.79
1783376125.1,683.8,left,0,25.89
1783376125.1,683.8,left,1,28.74
1783376125.1,683.8,left,2,30.39
1783376125.1,683.8,left,3,33.32
1783376125.1,683.8,left,4,33.23
1783376125.1,683.8,left,5,33.40
1783376125.1,683.8,left,6,34.77
1783376125.1,683.8,left,7,29.71
1783376125.1,683.8,right,imu,32.60
1783376125.1,683.8,right,0,26.82
1783376125.1,683.8,right,1,28.09
1783376125.1,683.8,right,2,30.38
1783376125.1,683.8,right,3,33.04
1783376125.1,683.8,right,4,32.26
1783376125.1,683.8,right,5,32.65
1783376125.1,683.8,right,6,33.04
1783376125.1,683.8,right,7,29.33
1783376130.1,688.9,left,imu,32.79
1783376130.1,688.9,left,0,25.89
1783376130.1,688.9,left,1,28.66
1783376130.1,688.9,left,2,30.32
1783376130.1,688.9,left,3,33.32
1783376130.1,688.9,left,4,33.15
1783376130.1,688.9,left,5,33.40
1783376130.1,688.9,left,6,34.77
1783376130.1,688.9,left,7,29.71
1783376130.1,688.9,right,imu,32.26
1783376130.1,688.9,right,0,26.75
1783376130.1,688.9,right,1,28.09
1783376130.1,688.9,right,2,30.30
1783376130.1,688.9,right,3,32.96
1783376130.1,688.9,right,4,32.18
1783376130.1,688.9,right,5,32.65
1783376130.1,688.9,right,6,32.96
1783376130.1,688.9,right,7,29.25
1783376135.2,693.9,left,imu,32.79
1783376135.2,693.9,left,0,25.89
1783376135.2,693.9,left,1,28.66
1783376135.2,693.9,left,2,30.32
1783376135.2,693.9,left,3,33.32
1783376135.2,693.9,left,4,33.15
1783376135.2,693.9,left,5,33.40
1783376135.2,693.9,left,6,34.77
1783376135.2,693.9,left,7,29.71
1783376135.2,693.9,right,imu,32.45
1783376135.2,693.9,right,0,26.75
1783376135.2,693.9,right,1,28.09
1783376135.2,693.9,right,2,30.30
1783376135.2,693.9,right,3,32.96
1783376135.2,693.9,right,4,32.18
1783376135.2,693.9,right,5,32.65
1783376135.2,693.9,right,6,32.96
1783376135.2,693.9,right,7,29.33
1783376140.3,699.0,left,imu,32.65
1783376140.3,699.0,left,0,25.89
1783376140.3,699.0,left,1,28.74
1783376140.3,699.0,left,2,30.24
1783376140.3,699.0,left,3,33.25
1783376140.3,699.0,left,4,33.07
1783376140.3,699.0,left,5,33.33
1783376140.3,699.0,left,6,34.70
1783376140.3,699.0,left,7,29.71
1783376140.3,699.0,right,imu,32.31
1783376140.3,699.0,right,0,26.75
1783376140.3,699.0,right,1,28.09
1783376140.3,699.0,right,2,30.30
1783376140.3,699.0,right,3,32.96
1783376140.3,699.0,right,4,32.18
1783376140.3,699.0,right,5,32.65
1783376140.3,699.0,right,6,32.96
1783376140.3,699.0,right,7,29.25
1783376145.3,704.1,left,imu,32.79
1783376145.3,704.1,left,0,25.89
1783376145.3,704.1,left,1,28.66
1783376145.3,704.1,left,2,30.24
1783376145.3,704.1,left,3,33.32
1783376145.3,704.1,left,4,33.07
1783376145.3,704.1,left,5,33.33
1783376145.3,704.1,left,6,34.70
1783376145.3,704.1,left,7,29.71
1783376145.3,704.1,right,imu,32.50
1783376145.3,704.1,right,0,26.75
1783376145.3,704.1,right,1,28.09
1783376145.3,704.1,right,2,30.23
1783376145.3,704.1,right,3,32.89
1783376145.3,704.1,right,4,32.18
1783376145.3,704.1,right,5,32.58
1783376145.3,704.1,right,6,32.96
1783376145.3,704.1,right,7,29.25
1783376150.4,709.1,left,imu,32.65
1783376150.4,709.1,left,0,25.89
1783376150.4,709.1,left,1,28.66
1783376150.4,709.1,left,2,30.24
1783376150.4,709.1,left,3,33.25
1783376150.4,709.1,left,4,33.07
1783376150.4,709.1,left,5,33.25
1783376150.4,709.1,left,6,34.62
1783376150.4,709.1,left,7,29.71
1783376150.4,709.1,right,imu,32.31
1783376150.4,709.1,right,0,26.75
1783376150.4,709.1,right,1,28.09
1783376150.4,709.1,right,2,30.23
1783376150.4,709.1,right,3,32.89
1783376150.4,709.1,right,4,32.18
1783376150.4,709.1,right,5,32.58
1783376150.4,709.1,right,6,32.89
1783376150.4,709.1,right,7,29.25
1783376155.5,714.2,left,imu,32.69
1783376155.5,714.2,left,0,25.97
1783376155.5,714.2,left,1,28.66
1783376155.5,714.2,left,2,30.24
1783376155.5,714.2,left,3,33.17
1783376155.5,714.2,left,4,33.00
1783376155.5,714.2,left,5,33.25
1783376155.5,714.2,left,6,34.62
1783376155.5,714.2,left,7,29.71
1783376155.5,714.2,right,imu,32.31
1783376155.5,714.2,right,0,26.75
1783376155.5,714.2,right,1,28.02
1783376155.5,714.2,right,2,30.23
1783376155.5,714.2,right,3,32.89
1783376155.5,714.2,right,4,32.18
1783376155.5,714.2,right,5,32.58
1783376155.5,714.2,right,6,32.89
1783376155.5,714.2,right,7,29.18
1783376160.5,719.3,left,imu,32.36
1783376160.5,719.3,left,0,25.97
1783376160.5,719.3,left,1,28.66
1783376160.5,719.3,left,2,30.24
1783376160.5,719.3,left,3,33.09
1783376160.5,719.3,left,4,33.00
1783376160.5,719.3,left,5,33.25
1783376160.5,719.3,left,6,34.62
1783376160.5,719.3,left,7,29.63
1783376160.5,719.3,right,imu,32.36
1783376160.5,719.3,right,0,26.75
1783376160.5,719.3,right,1,28.02
1783376160.5,719.3,right,2,30.15
1783376160.5,719.3,right,3,32.81
1783376160.5,719.3,right,4,32.18
1783376160.5,719.3,right,5,32.58
1783376160.5,719.3,right,6,32.89
1783376160.5,719.3,right,7,29.18
1783376165.6,724.3,left,imu,32.65
1783376165.6,724.3,left,0,25.89
1783376165.6,724.3,left,1,28.66
1783376165.6,724.3,left,2,30.16
1783376165.6,724.3,left,3,33.09
1783376165.6,724.3,left,4,32.92
1783376165.6,724.3,left,5,33.17
1783376165.6,724.3,left,6,34.62
1783376165.6,724.3,left,7,29.56
1783376165.6,724.3,right,imu,32.45
1783376165.6,724.3,right,0,26.75
1783376165.6,724.3,right,1,28.02
1783376165.6,724.3,right,2,30.23
1783376165.6,724.3,right,3,32.81
1783376165.6,724.3,right,4,32.18
1783376165.6,724.3,right,5,32.50
1783376165.6,724.3,right,6,32.81
1783376165.6,724.3,right,7,29.18
1783376170.7,729.4,left,imu,32.31
1783376170.7,729.4,left,0,25.89
1783376170.7,729.4,left,1,28.66
1783376170.7,729.4,left,2,30.16
1783376170.7,729.4,left,3,33.09
1783376170.7,729.4,left,4,33.00
1783376170.7,729.4,left,5,33.25
1783376170.7,729.4,left,6,34.54
1783376170.7,729.4,left,7,29.56
1783376170.7,729.4,right,imu,32.50
1783376170.7,729.4,right,0,26.75
1783376170.7,729.4,right,1,28.02
1783376170.7,729.4,right,2,30.07
1783376170.7,729.4,right,3,32.81
1783376170.7,729.4,right,4,32.11
1783376170.7,729.4,right,5,32.50
1783376170.7,729.4,right,6,32.81
1783376170.7,729.4,right,7,29.18
1783376175.7,734.5,left,imu,32.65
1783376175.7,734.5,left,0,25.89
1783376175.7,734.5,left,1,28.66
1783376175.7,734.5,left,2,30.16
1783376175.7,734.5,left,3,33.09
1783376175.7,734.5,left,4,32.92
1783376175.7,734.5,left,5,33.25
1783376175.7,734.5,left,6,34.54
1783376175.7,734.5,left,7,29.56
1783376175.7,734.5,right,imu,32.36
1783376175.7,734.5,right,0,26.75
1783376175.7,734.5,right,1,28.02
1783376175.7,734.5,right,2,30.07
1783376175.7,734.5,right,3,32.81
1783376175.7,734.5,right,4,32.11
1783376175.7,734.5,right,5,32.50
1783376175.7,734.5,right,6,32.81
1783376175.7,734.5,right,7,29.18
1783376180.8,739.5,left,imu,32.65
1783376180.8,739.5,left,0,25.89
1783376180.8,739.5,left,1,28.74
1783376180.8,739.5,left,2,30.16
1783376180.8,739.5,left,3,33.02
1783376180.8,739.5,left,4,32.92
1783376180.8,739.5,left,5,33.17
1783376180.8,739.5,left,6,34.54
1783376180.8,739.5,left,7,29.56
1783376180.8,739.5,right,imu,32.36
1783376180.8,739.5,right,0,26.75
1783376180.8,739.5,right,1,27.94
1783376180.8,739.5,right,2,30.07
1783376180.8,739.5,right,3,32.73
1783376180.8,739.5,right,4,32.11
1783376180.8,739.5,right,5,32.50
1783376180.8,739.5,right,6,32.81
1783376180.8,739.5,right,7,29.18
1783376185.8,744.6,left,imu,32.65
1783376185.8,744.6,left,0,25.89
1783376185.8,744.6,left,1,28.59
1783376185.8,744.6,left,2,30.24
1783376185.8,744.6,left,3,33.02
1783376185.8,744.6,left,4,32.84
1783376185.8,744.6,left,5,33.17
1783376185.8,744.6,left,6,34.54
1783376185.8,744.6,left,7,29.56
1783376185.8,744.6,right,imu,32.31
1783376185.8,744.6,right,0,26.75
1783376185.8,744.6,right,1,27.94
1783376185.8,744.6,right,2,30.07
1783376185.8,744.6,right,3,32.73
1783376185.8,744.6,right,4,32.11
1783376185.8,744.6,right,5,32.50
1783376185.8,744.6,right,6,32.73
1783376185.8,744.6,right,7,29.18
1783376190.9,749.7,left,imu,32.79
1783376190.9,749.7,left,0,25.97
1783376190.9,749.7,left,1,28.66
1783376190.9,749.7,left,2,30.24
1783376190.9,749.7,left,3,33.02
1783376190.9,749.7,left,4,32.84
1783376190.9,749.7,left,5,33.10
1783376190.9,749.7,left,6,34.54
1783376190.9,749.7,left,7,29.56
1783376190.9,749.7,right,imu,32.31
1783376190.9,749.7,right,0,26.75
1783376190.9,749.7,right,1,27.86
1783376190.9,749.7,right,2,30.07
1783376190.9,749.7,right,3,32.73
1783376190.9,749.7,right,4,32.11
1783376190.9,749.7,right,5,32.50
1783376190.9,749.7,right,6,32.73
1783376190.9,749.7,right,7,29.18
1783376196.0,754.7,left,imu,32.45
1783376196.0,754.7,left,0,25.89
1783376196.0,754.7,left,1,28.59
1783376196.0,754.7,left,2,30.16
1783376196.0,754.7,left,3,33.02
1783376196.0,754.7,left,4,32.84
1783376196.0,754.7,left,5,33.10
1783376196.0,754.7,left,6,34.47
1783376196.0,754.7,left,7,29.56
1783376196.0,754.7,right,imu,32.31
1783376196.0,754.7,right,0,26.67
1783376196.0,754.7,right,1,27.86
1783376196.0,754.7,right,2,30.07
1783376196.0,754.7,right,3,32.66
1783376196.0,754.7,right,4,32.11
1783376196.0,754.7,right,5,32.43
1783376196.0,754.7,right,6,32.66
1783376196.0,754.7,right,7,29.18
1783376201.0,759.8,left,imu,32.79
1783376201.0,759.8,left,0,25.89
1783376201.0,759.8,left,1,28.51
1783376201.0,759.8,left,2,30.16
1783376201.0,759.8,left,3,32.94
1783376201.0,759.8,left,4,32.76
1783376201.0,759.8,left,5,33.10
1783376201.0,759.8,left,6,34.47
1783376201.0,759.8,left,7,29.56
1783376201.0,759.8,right,imu,32.60
1783376201.0,759.8,right,0,26.67
1783376201.0,759.8,right,1,27.79
1783376201.0,759.8,right,2,30.07
1783376201.0,759.8,right,3,32.66
1783376201.0,759.8,right,4,32.03
1783376201.0,759.8,right,5,32.50
1783376201.0,759.8,right,6,32.66
1783376201.0,759.8,right,7,29.18
1783376206.1,764.9,left,imu,32.65
1783376206.1,764.9,left,0,25.89
1783376206.1,764.9,left,1,28.51
1783376206.1,764.9,left,2,30.16
1783376206.1,764.9,left,3,32.94
1783376206.1,764.9,left,4,32.76
1783376206.1,764.9,left,5,33.10
1783376206.1,764.9,left,6,34.47
1783376206.1,764.9,left,7,29.56
1783376206.1,764.9,right,imu,32.31
1783376206.1,764.9,right,0,26.67
1783376206.1,764.9,right,1,27.79
1783376206.1,764.9,right,2,30.07
1783376206.1,764.9,right,3,32.66
1783376206.1,764.9,right,4,32.11
1783376206.1,764.9,right,5,32.43
1783376206.1,764.9,right,6,32.58
1783376206.1,764.9,right,7,29.18
1783376211.2,769.9,left,imu,32.36
1783376211.2,769.9,left,0,25.89
1783376211.2,769.9,left,1,28.51
1783376211.2,769.9,left,2,30.09
1783376211.2,769.9,left,3,32.94
1783376211.2,769.9,left,4,32.76
1783376211.2,769.9,left,5,33.10
1783376211.2,769.9,left,6,34.39
1783376211.2,769.9,left,7,29.56
1783376211.2,769.9,right,imu,32.45
1783376211.2,769.9,right,0,26.59
1783376211.2,769.9,right,1,27.86
1783376211.2,769.9,right,2,30.07
1783376211.2,769.9,right,3,32.66
1783376211.2,769.9,right,4,32.03
1783376211.2,769.9,right,5,32.50
1783376211.2,769.9,right,6,32.66
1783376211.2,769.9,right,7,29.18
1783376216.2,775.0,left,imu,32.65
1783376216.2,775.0,left,0,25.89
1783376216.2,775.0,left,1,28.44
1783376216.2,775.0,left,2,30.16
1783376216.2,775.0,left,3,32.87
1783376216.2,775.0,left,4,32.76
1783376216.2,775.0,left,5,33.02
1783376216.2,775.0,left,6,34.39
1783376216.2,775.0,left,7,29.56
1783376216.2,775.0,right,imu,32.50
1783376216.2,775.0,right,0,26.59
1783376216.2,775.0,right,1,27.86
1783376216.2,775.0,right,2,30.07
1783376216.2,775.0,right,3,32.58
1783376216.2,775.0,right,4,32.03
1783376216.2,775.0,right,5,32.43
1783376216.2,775.0,right,6,32.58
1783376216.2,775.0,right,7,29.18
1783376221.3,780.1,left,imu,32.36
1783376221.3,780.1,left,0,25.89
1783376221.3,780.1,left,1,28.51
1783376221.3,780.1,left,2,30.16
1783376221.3,780.1,left,3,32.79
1783376221.3,780.1,left,4,32.76
1783376221.3,780.1,left,5,33.02
1783376221.3,780.1,left,6,34.39
1783376221.3,780.1,left,7,29.56
1783376221.3,780.1,right,imu,32.26
1783376221.3,780.1,right,0,26.67
1783376221.3,780.1,right,1,27.79
1783376221.3,780.1,right,2,30.07
1783376221.3,780.1,right,3,32.58
1783376221.3,780.1,right,4,32.03
1783376221.3,780.1,right,5,32.43
1783376221.3,780.1,right,6,32.58
1783376221.3,780.1,right,7,29.18
1783376226.4,785.1,left,imu,32.50
1783376226.4,785.1,left,0,25.89
1783376226.4,785.1,left,1,28.44
1783376226.4,785.1,left,2,30.16
1783376226.4,785.1,left,3,32.79
1783376226.4,785.1,left,4,32.69
1783376226.4,785.1,left,5,33.02
1783376226.4,785.1,left,6,34.32
1783376226.4,785.1,left,7,29.56
1783376226.4,785.1,right,imu,32.26
1783376226.4,785.1,right,0,26.59
1783376226.4,785.1,right,1,27.86
1783376226.4,785.1,right,2,30.00
1783376226.4,785.1,right,3,32.58
1783376226.4,785.1,right,4,32.03
1783376226.4,785.1,right,5,32.43
1783376226.4,785.1,right,6,32.58
1783376226.4,785.1,right,7,29.18
1783376231.4,790.2,left,imu,32.45
1783376231.4,790.2,left,0,25.89
1783376231.4,790.2,left,1,28.44
1783376231.4,790.2,left,2,30.09
1783376231.4,790.2,left,3,32.79
1783376231.4,790.2,left,4,32.69
1783376231.4,790.2,left,5,33.02
1783376231.4,790.2,left,6,34.32
1783376231.4,790.2,left,7,29.56
1783376231.4,790.2,right,imu,32.17
1783376231.4,790.2,right,0,26.67
1783376231.4,790.2,right,1,27.86
1783376231.4,790.2,right,2,30.07
1783376231.4,790.2,right,3,32.50
1783376231.4,790.2,right,4,31.88
1783376231.4,790.2,right,5,32.43
1783376231.4,790.2,right,6,32.58
1783376231.4,790.2,right,7,29.18
1783376236.5,795.3,left,imu,32.31
1783376236.5,795.3,left,0,25.89
1783376236.5,795.3,left,1,28.36
1783376236.5,795.3,left,2,30.09
1783376236.5,795.3,left,3,32.79
1783376236.5,795.3,left,4,32.69
1783376236.5,795.3,left,5,32.94
1783376236.5,795.3,left,6,34.32
1783376236.5,795.3,left,7,29.56
1783376236.5,795.3,right,imu,32.31
1783376236.5,795.3,right,0,26.67
1783376236.5,795.3,right,1,27.79
1783376236.5,795.3,right,2,30.00
1783376236.5,795.3,right,3,32.58
1783376236.5,795.3,right,4,31.80
1783376236.5,795.3,right,5,32.43
1783376236.5,795.3,right,6,32.58
1783376236.5,795.3,right,7,29.18
1783376241.6,800.3,left,imu,32.45
1783376241.6,800.3,left,0,25.82
1783376241.6,800.3,left,1,28.44
1783376241.6,800.3,left,2,30.09
1783376241.6,800.3,left,3,32.79
1783376241.6,800.3,left,4,32.69
1783376241.6,800.3,left,5,32.94
1783376241.6,800.3,left,6,34.32
1783376241.6,800.3,left,7,29.56
1783376241.6,800.3,right,imu,32.17
1783376241.6,800.3,right,0,26.67
1783376241.6,800.3,right,1,27.79
1783376241.6,800.3,right,2,30.00
1783376241.6,800.3,right,3,32.50
1783376241.6,800.3,right,4,31.80
1783376241.6,800.3,right,5,32.35
1783376241.6,800.3,right,6,32.51
1783376241.6,800.3,right,7,29.18
1783376246.6,805.4,left,imu,32.65
1783376246.6,805.4,left,0,25.89
1783376246.6,805.4,left,1,28.44
1783376246.6,805.4,left,2,30.09
1783376246.6,805.4,left,3,32.71
1783376246.6,805.4,left,4,32.61
1783376246.6,805.4,left,5,32.94
1783376246.6,805.4,left,6,34.32
1783376246.6,805.4,left,7,29.56
1783376246.6,805.4,right,imu,32.31
1783376246.6,805.4,right,0,26.59
1783376246.6,805.4,right,1,27.79
1783376246.6,805.4,right,2,30.00
1783376246.6,805.4,right,3,32.50
1783376246.6,805.4,right,4,31.80
1783376246.6,805.4,right,5,32.35
1783376246.6,805.4,right,6,32.51
1783376246.6,805.4,right,7,29.18
1783376251.7,810.5,left,imu,32.45
1783376251.7,810.5,left,0,25.82
1783376251.7,810.5,left,1,28.36
1783376251.7,810.5,left,2,30.09
1783376251.7,810.5,left,3,32.71
1783376251.7,810.5,left,4,32.61
1783376251.7,810.5,left,5,32.94
1783376251.7,810.5,left,6,34.24
1783376251.7,810.5,left,7,29.56
1783376251.7,810.5,right,imu,32.17
1783376251.7,810.5,right,0,26.59
1783376251.7,810.5,right,1,27.79
1783376251.7,810.5,right,2,30.00
1783376251.7,810.5,right,3,32.50
1783376251.7,810.5,right,4,31.80
1783376251.7,810.5,right,5,32.35
1783376251.7,810.5,right,6,32.51
1783376251.7,810.5,right,7,29.18
1783376256.8,815.5,left,imu,32.31
1783376256.8,815.5,left,0,25.89
1783376256.8,815.5,left,1,28.36
1783376256.8,815.5,left,2,30.09
1783376256.8,815.5,left,3,32.71
1783376256.8,815.5,left,4,32.61
1783376256.8,815.5,left,5,32.87
1783376256.8,815.5,left,6,34.24
1783376256.8,815.5,left,7,29.56
1783376256.8,815.5,right,imu,32.31
1783376256.8,815.5,right,0,26.59
1783376256.8,815.5,right,1,27.79
1783376256.8,815.5,right,2,30.00
1783376256.8,815.5,right,3,32.43
1783376256.8,815.5,right,4,31.80
1783376256.8,815.5,right,5,32.35
1783376256.8,815.5,right,6,32.51
1783376256.8,815.5,right,7,29.18
1783376261.8,820.6,left,imu,32.50
1783376261.8,820.6,left,0,25.82
1783376261.8,820.6,left,1,28.44
1783376261.8,820.6,left,2,30.01
1783376261.8,820.6,left,3,32.71
1783376261.8,820.6,left,4,32.53
1783376261.8,820.6,left,5,32.94
1783376261.8,820.6,left,6,34.24
1783376261.8,820.6,left,7,29.56
1783376261.8,820.6,right,imu,32.36
1783376261.8,820.6,right,0,26.67
1783376261.8,820.6,right,1,27.71
1783376261.8,820.6,right,2,30.00
1783376261.8,820.6,right,3,32.43
1783376261.8,820.6,right,4,31.80
1783376261.8,820.6,right,5,32.27
1783376261.8,820.6,right,6,32.43
1783376261.8,820.6,right,7,29.18
1783376266.9,825.6,left,imu,32.50
1783376266.9,825.6,left,0,25.82
1783376266.9,825.6,left,1,28.36
1783376266.9,825.6,left,2,30.01
1783376266.9,825.6,left,3,32.71
1783376266.9,825.6,left,4,32.53
1783376266.9,825.6,left,5,32.87
1783376266.9,825.6,left,6,34.24
1783376266.9,825.6,left,7,29.56
1783376266.9,825.6,right,imu,32.31
1783376266.9,825.6,right,0,26.59
1783376266.9,825.6,right,1,27.71
1783376266.9,825.6,right,2,30.00
1783376266.9,825.6,right,3,32.43
1783376266.9,825.6,right,4,31.80
1783376266.9,825.6,right,5,32.27
1783376266.9,825.6,right,6,32.43
1783376266.9,825.6,right,7,29.18
1783376272.0,830.7,left,imu,32.45
1783376272.0,830.7,left,0,25.82
1783376272.0,830.7,left,1,28.29
1783376272.0,830.7,left,2,30.09
1783376272.0,830.7,left,3,32.71
1783376272.0,830.7,left,4,32.53
1783376272.0,830.7,left,5,32.87
1783376272.0,830.7,left,6,34.24
1783376272.0,830.7,left,7,29.56
1783376272.0,830.7,right,imu,32.17
1783376272.0,830.7,right,0,26.67
1783376272.0,830.7,right,1,27.71
1783376272.0,830.7,right,2,30.00
1783376272.0,830.7,right,3,32.43
1783376272.0,830.7,right,4,31.80
1783376272.0,830.7,right,5,32.20
1783376272.0,830.7,right,6,32.43
1783376272.0,830.7,right,7,29.18
1783376277.0,835.8,left,imu,32.31
1783376277.0,835.8,left,0,25.82
1783376277.0,835.8,left,1,28.29
1783376277.0,835.8,left,2,30.01
1783376277.0,835.8,left,3,32.64
1783376277.0,835.8,left,4,32.53
1783376277.0,835.8,left,5,32.79
1783376277.0,835.8,left,6,34.16
1783376277.0,835.8,left,7,29.56
1783376277.0,835.8,right,imu,32.50
1783376277.0,835.8,right,0,26.67
1783376277.0,835.8,right,1,27.71
1783376277.0,835.8,right,2,30.00
1783376277.0,835.8,right,3,32.35
1783376277.0,835.8,right,4,31.80
1783376277.0,835.8,right,5,32.27
1783376277.0,835.8,right,6,32.43
1783376277.0,835.8,right,7,29.18
1783376282.1,840.8,left,imu,32.45
1783376282.1,840.8,left,0,25.74
1783376282.1,840.8,left,1,28.36
1783376282.1,840.8,left,2,30.01
1783376282.1,840.8,left,3,32.64
1783376282.1,840.8,left,4,32.46
1783376282.1,840.8,left,5,32.87
1783376282.1,840.8,left,6,34.16
1783376282.1,840.8,left,7,29.56
1783376282.1,840.8,right,imu,32.31
1783376282.1,840.8,right,0,26.59
1783376282.1,840.8,right,1,27.63
1783376282.1,840.8,right,2,30.00
1783376282.1,840.8,right,3,32.35
1783376282.1,840.8,right,4,31.73
1783376282.1,840.8,right,5,32.20
1783376282.1,840.8,right,6,32.43
1783376282.1,840.8,right,7,29.18
1783376287.2,845.9,left,imu,32.31
1783376287.2,845.9,left,0,25.74
1783376287.2,845.9,left,1,28.36
1783376287.2,845.9,left,2,30.01
1783376287.2,845.9,left,3,32.57
1783376287.2,845.9,left,4,32.38
1783376287.2,845.9,left,5,32.79
1783376287.2,845.9,left,6,34.16
1783376287.2,845.9,left,7,29.56
1783376287.2,845.9,right,imu,32.31
1783376287.2,845.9,right,0,26.59
1783376287.2,845.9,right,1,27.63
1783376287.2,845.9,right,2,29.92
1783376287.2,845.9,right,3,32.35
1783376287.2,845.9,right,4,31.73
1783376287.2,845.9,right,5,32.20
1783376287.2,845.9,right,6,32.43
1783376287.2,845.9,right,7,29.18
1783376292.2,851.0,left,imu,32.45
1783376292.2,851.0,left,0,25.82
1783376292.2,851.0,left,1,28.29
1783376292.2,851.0,left,2,30.01
1783376292.2,851.0,left,3,32.57
1783376292.2,851.0,left,4,32.38
1783376292.2,851.0,left,5,32.79
1783376292.2,851.0,left,6,34.16
1783376292.2,851.0,left,7,29.56
1783376292.2,851.0,right,imu,32.36
1783376292.2,851.0,right,0,26.67
1783376292.2,851.0,right,1,27.71
1783376292.2,851.0,right,2,29.92
1783376292.2,851.0,right,3,32.27
1783376292.2,851.0,right,4,31.73
1783376292.2,851.0,right,5,32.20
1783376292.2,851.0,right,6,32.36
1783376292.2,851.0,right,7,29.18
1783376297.3,856.0,left,imu,32.36
1783376297.3,856.0,left,0,25.74
1783376297.3,856.0,left,1,28.36
1783376297.3,856.0,left,2,30.01
1783376297.3,856.0,left,3,32.57
1783376297.3,856.0,left,4,32.46
1783376297.3,856.0,left,5,32.71
1783376297.3,856.0,left,6,34.09
1783376297.3,856.0,left,7,29.56
1783376297.3,856.0,right,imu,32.31
1783376297.3,856.0,right,0,26.59
1783376297.3,856.0,right,1,27.63
1783376297.3,856.0,right,2,29.92
1783376297.3,856.0,right,3,32.35
1783376297.3,856.0,right,4,31.73
1783376297.3,856.0,right,5,32.20
1783376297.3,856.0,right,6,32.36
1783376297.3,856.0,right,7,29.18
1783376302.4,861.1,left,imu,32.45
1783376302.4,861.1,left,0,25.82
1783376302.4,861.1,left,1,28.29
1783376302.4,861.1,left,2,30.01
1783376302.4,861.1,left,3,32.57
1783376302.4,861.1,left,4,32.38
1783376302.4,861.1,left,5,32.79
1783376302.4,861.1,left,6,34.09
1783376302.4,861.1,left,7,29.56
1783376302.4,861.1,right,imu,32.12
1783376302.4,861.1,right,0,26.59
1783376302.4,861.1,right,1,27.63
1783376302.4,861.1,right,2,29.92
1783376302.4,861.1,right,3,32.27
1783376302.4,861.1,right,4,31.73
1783376302.4,861.1,right,5,32.20
1783376302.4,861.1,right,6,32.36
1783376302.4,861.1,right,7,29.18
1783376307.4,866.2,left,imu,32.17
1783376307.4,866.2,left,0,25.82
1783376307.4,866.2,left,1,28.36
1783376307.4,866.2,left,2,30.01
1783376307.4,866.2,left,3,32.49
1783376307.4,866.2,left,4,32.46
1783376307.4,866.2,left,5,32.71
1783376307.4,866.2,left,6,34.09
1783376307.4,866.2,left,7,29.56
1783376307.4,866.2,right,imu,32.07
1783376307.4,866.2,right,0,26.67
1783376307.4,866.2,right,1,27.55
1783376307.4,866.2,right,2,29.92
1783376307.4,866.2,right,3,32.27
1783376307.4,866.2,right,4,31.73
1783376307.4,866.2,right,5,32.12
1783376307.4,866.2,right,6,32.28
1783376307.4,866.2,right,7,29.11
1783376312.5,871.2,left,imu,32.31
1783376312.5,871.2,left,0,25.74
1783376312.5,871.2,left,1,28.36
1783376312.5,871.2,left,2,30.01
1783376312.5,871.2,left,3,32.49
1783376312.5,871.2,left,4,32.46
1783376312.5,871.2,left,5,32.71
1783376312.5,871.2,left,6,34.09
1783376312.5,871.2,left,7,29.56
1783376312.5,871.2,right,imu,32.17
1783376312.5,871.2,right,0,26.67
1783376312.5,871.2,right,1,27.55
1783376312.5,871.2,right,2,29.92
1783376312.5,871.2,right,3,32.27
1783376312.5,871.2,right,4,31.65
1783376312.5,871.2,right,5,32.12
1783376312.5,871.2,right,6,32.28
1783376312.5,871.2,right,7,29.03
1783376317.6,876.3,left,imu,32.17
1783376317.6,876.3,left,0,25.74
1783376317.6,876.3,left,1,28.29
1783376317.6,876.3,left,2,30.01
1783376317.6,876.3,left,3,32.49
1783376317.6,876.3,left,4,32.38
1783376317.6,876.3,left,5,32.71
1783376317.6,876.3,left,6,34.01
1783376317.6,876.3,left,7,29.48
1783376317.6,876.3,right,imu,32.26
1783376317.6,876.3,right,0,26.59
1783376317.6,876.3,right,1,27.48
1783376317.6,876.3,right,2,29.92
1783376317.6,876.3,right,3,32.27
1783376317.6,876.3,right,4,31.65
1783376317.6,876.3,right,5,32.12
1783376317.6,876.3,right,6,32.28
1783376317.6,876.3,right,7,29.03
1783376322.6,881.4,left,imu,32.50
1783376322.6,881.4,left,0,25.74
1783376322.6,881.4,left,1,28.21
1783376322.6,881.4,left,2,29.94
1783376322.6,881.4,left,3,32.41
1783376322.6,881.4,left,4,32.38
1783376322.6,881.4,left,5,32.71
1783376322.6,881.4,left,6,34.01
1783376322.6,881.4,left,7,29.41
1783376322.6,881.4,right,imu,32.26
1783376322.6,881.4,right,0,26.59
1783376322.6,881.4,right,1,27.48
1783376322.6,881.4,right,2,29.92
1783376322.6,881.4,right,3,32.27
1783376322.6,881.4,right,4,31.58
1783376322.6,881.4,right,5,32.12
1783376322.6,881.4,right,6,32.20
1783376322.6,881.4,right,7,29.03
1783376327.7,886.4,left,imu,32.60
1783376327.7,886.4,left,0,25.82
1783376327.7,886.4,left,1,28.29
1783376327.7,886.4,left,2,29.94
1783376327.7,886.4,left,3,32.41
1783376327.7,886.4,left,4,32.38
1783376327.7,886.4,left,5,32.64
1783376327.7,886.4,left,6,34.01
1783376327.7,886.4,left,7,29.48
1783376327.7,886.4,right,imu,32.17
1783376327.7,886.4,right,0,26.59
1783376327.7,886.4,right,1,27.48
1783376327.7,886.4,right,2,29.92
1783376327.7,886.4,right,3,32.20
1783376327.7,886.4,right,4,31.58
1783376327.7,886.4,right,5,32.12
1783376327.7,886.4,right,6,32.28
1783376327.7,886.4,right,7,29.03
1783376332.8,891.5,left,imu,32.31
1783376332.8,891.5,left,0,25.82
1783376332.8,891.5,left,1,28.21
1783376332.8,891.5,left,2,29.94
1783376332.8,891.5,left,3,32.49
1783376332.8,891.5,left,4,32.30
1783376332.8,891.5,left,5,32.64
1783376332.8,891.5,left,6,33.93
1783376332.8,891.5,left,7,29.48
1783376332.8,891.5,right,imu,32.12
1783376332.8,891.5,right,0,26.59
1783376332.8,891.5,right,1,27.48
1783376332.8,891.5,right,2,29.92
1783376332.8,891.5,right,3,32.20
1783376332.8,891.5,right,4,31.58
1783376332.8,891.5,right,5,32.12
1783376332.8,891.5,right,6,32.20
1783376332.8,891.5,right,7,29.03
1783376337.8,896.6,left,imu,32.31
1783376337.8,896.6,left,0,25.74
1783376337.8,896.6,left,1,28.21
1783376337.8,896.6,left,2,29.94
1783376337.8,896.6,left,3,32.41
1783376337.8,896.6,left,4,32.30
1783376337.8,896.6,left,5,32.64
1783376337.8,896.6,left,6,33.93
1783376337.8,896.6,left,7,29.48
1783376337.8,896.6,right,imu,31.97
1783376337.8,896.6,right,0,26.59
1783376337.8,896.6,right,1,27.48
1783376337.8,896.6,right,2,29.85
1783376337.8,896.6,right,3,32.20
1783376337.8,896.6,right,4,31.50
1783376337.8,896.6,right,5,32.12
1783376337.8,896.6,right,6,32.20
1783376337.8,896.6,right,7,29.03
1783376342.9,901.6,left,imu,32.17
1783376342.9,901.6,left,0,25.74
1783376342.9,901.6,left,1,28.29
1783376342.9,901.6,left,2,29.94
1783376342.9,901.6,left,3,32.41
1783376342.9,901.6,left,4,32.30
1783376342.9,901.6,left,5,32.64
1783376342.9,901.6,left,6,33.93
1783376342.9,901.6,left,7,29.41
1783376342.9,901.6,right,imu,31.97
1783376342.9,901.6,right,0,26.59
1783376342.9,901.6,right,1,27.48
1783376342.9,901.6,right,2,29.92
1783376342.9,901.6,right,3,32.12
1783376342.9,901.6,right,4,31.50
1783376342.9,901.6,right,5,32.05
1783376342.9,901.6,right,6,32.20
1783376342.9,901.6,right,7,29.03
1783376347.9,906.7,left,imu,32.26
1783376347.9,906.7,left,0,25.82
1783376347.9,906.7,left,1,28.21
1783376347.9,906.7,left,2,29.86
1783376347.9,906.7,left,3,32.34
1783376347.9,906.7,left,4,32.22
1783376347.9,906.7,left,5,32.64
1783376347.9,906.7,left,6,33.93
1783376347.9,906.7,left,7,29.48
1783376347.9,906.7,right,imu,32.17
1783376347.9,906.7,right,0,26.59
1783376347.9,906.7,right,1,27.48
1783376347.9,906.7,right,2,29.92
1783376347.9,906.7,right,3,32.20
1783376347.9,906.7,right,4,31.50
1783376347.9,906.7,right,5,32.12
1783376347.9,906.7,right,6,32.20
1783376347.9,906.7,right,7,29.03
1783376353.0,911.8,left,imu,32.31
1783376353.0,911.8,left,0,25.74
1783376353.0,911.8,left,1,28.21
1783376353.0,911.8,left,2,29.94
1783376353.0,911.8,left,3,32.34
1783376353.0,911.8,left,4,32.22
1783376353.0,911.8,left,5,32.56
1783376353.0,911.8,left,6,33.93
1783376353.0,911.8,left,7,29.41
1783376353.0,911.8,right,imu,32.07
1783376353.0,911.8,right,0,26.59
1783376353.0,911.8,right,1,27.48
1783376353.0,911.8,right,2,29.92
1783376353.0,911.8,right,3,32.20
1783376353.0,911.8,right,4,31.50
1783376353.0,911.8,right,5,32.12
1783376353.0,911.8,right,6,32.20
1783376353.0,911.8,right,7,29.03
1783376358.1,916.8,left,imu,32.17
1783376358.1,916.8,left,0,25.74
1783376358.1,916.8,left,1,28.21
1783376358.1,916.8,left,2,29.94
1783376358.1,916.8,left,3,32.34
1783376358.1,916.8,left,4,32.22
1783376358.1,916.8,left,5,32.56
1783376358.1,916.8,left,6,33.93
1783376358.1,916.8,left,7,29.33
1783376358.1,916.8,right,imu,32.31
1783376358.1,916.8,right,0,26.59
1783376358.1,916.8,right,1,27.48
1783376358.1,916.8,right,2,29.85
1783376358.1,916.8,right,3,32.12
1783376358.1,916.8,right,4,31.50
1783376358.1,916.8,right,5,32.12
1783376358.1,916.8,right,6,32.13
1783376358.1,916.8,right,7,29.03
1783376363.1,921.9,left,imu,32.45
1783376363.1,921.9,left,0,25.74
1783376363.1,921.9,left,1,28.13
1783376363.1,921.9,left,2,29.94
1783376363.1,921.9,left,3,32.34
1783376363.1,921.9,left,4,32.22
1783376363.1,921.9,left,5,32.56
1783376363.1,921.9,left,6,33.93
1783376363.1,921.9,left,7,29.33
1783376363.1,921.9,right,imu,32.45
1783376363.1,921.9,right,0,26.59
1783376363.1,921.9,right,1,27.48
1783376363.1,921.9,right,2,29.85
1783376363.1,921.9,right,3,32.05
1783376363.1,921.9,right,4,31.50
1783376363.1,921.9,right,5,32.12
1783376363.1,921.9,right,6,32.20
1783376363.1,921.9,right,7,29.03
1783376368.2,927.0,left,imu,32.45
1783376368.2,927.0,left,0,25.82
1783376368.2,927.0,left,1,28.21
1783376368.2,927.0,left,2,29.86
1783376368.2,927.0,left,3,32.26
1783376368.2,927.0,left,4,32.22
1783376368.2,927.0,left,5,32.56
1783376368.2,927.0,left,6,33.93
1783376368.2,927.0,left,7,29.41
1783376368.2,927.0,right,imu,31.97
1783376368.2,927.0,right,0,26.59
1783376368.2,927.0,right,1,27.48
1783376368.2,927.0,right,2,29.85
1783376368.2,927.0,right,3,32.05
1783376368.2,927.0,right,4,31.50
1783376368.2,927.0,right,5,32.12
1783376368.2,927.0,right,6,32.13
1783376368.2,927.0,right,7,29.03
1783376373.3,932.0,left,imu,32.36
1783376373.3,932.0,left,0,25.82
1783376373.3,932.0,left,1,28.21
1783376373.3,932.0,left,2,29.86
1783376373.3,932.0,left,3,32.26
1783376373.3,932.0,left,4,32.22
1783376373.3,932.0,left,5,32.56
1783376373.3,932.0,left,6,33.93
1783376373.3,932.0,left,7,29.41
1783376373.3,932.0,right,imu,31.78
1783376373.3,932.0,right,0,26.59
1783376373.3,932.0,right,1,27.40
1783376373.3,932.0,right,2,29.85
1783376373.3,932.0,right,3,32.12
1783376373.3,932.0,right,4,31.50
1783376373.3,932.0,right,5,32.12
1783376373.3,932.0,right,6,32.05
1783376373.3,932.0,right,7,29.03
1783376378.3,937.1,left,imu,32.45
1783376378.3,937.1,left,0,25.74
1783376378.3,937.1,left,1,28.21
1783376378.3,937.1,left,2,29.94
1783376378.3,937.1,left,3,32.26
1783376378.3,937.1,left,4,32.22
1783376378.3,937.1,left,5,32.56
1783376378.3,937.1,left,6,33.93
1783376378.3,937.1,left,7,29.41
1783376378.3,937.1,right,imu,31.93
1783376378.3,937.1,right,0,26.59
1783376378.3,937.1,right,1,27.40
1783376378.3,937.1,right,2,29.77
1783376378.3,937.1,right,3,32.05
1783376378.3,937.1,right,4,31.50
1783376378.3,937.1,right,5,32.12
1783376378.3,937.1,right,6,32.05
1783376378.3,937.1,right,7,29.03
1783376383.4,942.1,left,imu,32.31
1783376383.4,942.1,left,0,25.74
1783376383.4,942.1,left,1,28.21
1783376383.4,942.1,left,2,29.86
1783376383.4,942.1,left,3,32.26
1783376383.4,942.1,left,4,32.07
1783376383.4,942.1,left,5,32.56
1783376383.4,942.1,left,6,33.86
1783376383.4,942.1,left,7,29.33
1783376383.4,942.1,right,imu,31.83
1783376383.4,942.1,right,0,26.59
1783376383.4,942.1,right,1,27.40
1783376383.4,942.1,right,2,29.77
1783376383.4,942.1,right,3,32.05
1783376383.4,942.1,right,4,31.43
1783376383.4,942.1,right,5,32.05
1783376383.4,942.1,right,6,32.05
1783376383.4,942.1,right,7,29.03
1783376388.5,947.2,left,imu,32.31
1783376388.5,947.2,left,0,25.74
1783376388.5,947.2,left,1,28.21
1783376388.5,947.2,left,2,29.86
1783376388.5,947.2,left,3,32.26
1783376388.5,947.2,left,4,32.15
1783376388.5,947.2,left,5,32.56
1783376388.5,947.2,left,6,33.86
1783376388.5,947.2,left,7,29.41
1783376388.5,947.2,right,imu,32.17
1783376388.5,947.2,right,0,26.59
1783376388.5,947.2,right,1,27.32
1783376388.5,947.2,right,2,29.85
1783376388.5,947.2,right,3,31.97
1783376388.5,947.2,right,4,31.50
1783376388.5,947.2,right,5,32.05
1783376388.5,947.2,right,6,32.05
1783376388.5,947.2,right,7,29.03
1783376393.5,952.3,left,imu,32.31
1783376393.5,952.3,left,0,25.74
1783376393.5,952.3,left,1,28.13
1783376393.5,952.3,left,2,29.94
1783376393.5,952.3,left,3,32.26
1783376393.5,952.3,left,4,32.07
1783376393.5,952.3,left,5,32.48
1783376393.5,952.3,left,6,33.78
1783376393.5,952.3,left,7,29.41
1783376393.5,952.3,right,imu,32.17
1783376393.5,952.3,right,0,26.59
1783376393.5,952.3,right,1,27.40
1783376393.5,952.3,right,2,29.77
1783376393.5,952.3,right,3,31.97
1783376393.5,952.3,right,4,31.43
1783376393.5,952.3,right,5,32.05
1783376393.5,952.3,right,6,31.98
1783376393.5,952.3,right,7,29.03
1783376398.6,957.3,left,imu,32.45
1783376398.6,957.3,left,0,25.82
1783376398.6,957.3,left,1,28.21
1783376398.6,957.3,left,2,29.94
1783376398.6,957.3,left,3,32.19
1783376398.6,957.3,left,4,32.07
1783376398.6,957.3,left,5,32.56
1783376398.6,957.3,left,6,33.86
1783376398.6,957.3,left,7,29.33
1783376398.6,957.3,right,imu,31.97
1783376398.6,957.3,right,0,26.67
1783376398.6,957.3,right,1,27.40
1783376398.6,957.3,right,2,29.77
1783376398.6,957.3,right,3,31.97
1783376398.6,957.3,right,4,31.43
1783376398.6,957.3,right,5,32.05
1783376398.6,957.3,right,6,31.98
1783376398.6,957.3,right,7,29.03
1783376403.7,962.4,left,imu,32.45
1783376403.7,962.4,left,0,25.74
1783376403.7,962.4,left,1,28.13
1783376403.7,962.4,left,2,29.86
1783376403.7,962.4,left,3,32.19
1783376403.7,962.4,left,4,32.07
1783376403.7,962.4,left,5,32.48
1783376403.7,962.4,left,6,33.78
1783376403.7,962.4,left,7,29.33
1783376403.7,962.4,right,imu,32.07
1783376403.7,962.4,right,0,26.59
1783376403.7,962.4,right,1,27.40
1783376403.7,962.4,right,2,29.77
1783376403.7,962.4,right,3,31.97
1783376403.7,962.4,right,4,31.43
1783376403.7,962.4,right,5,32.05
1783376403.7,962.4,right,6,31.98
1783376403.7,962.4,right,7,29.03
1783376408.7,967.5,left,imu,32.17
1783376408.7,967.5,left,0,25.74
1783376408.7,967.5,left,1,28.13
1783376408.7,967.5,left,2,29.94
1783376408.7,967.5,left,3,32.19
1783376408.7,967.5,left,4,32.07
1783376408.7,967.5,left,5,32.48
1783376408.7,967.5,left,6,33.78
1783376408.7,967.5,left,7,29.25
1783376408.7,967.5,right,imu,32.31
1783376408.7,967.5,right,0,26.59
1783376408.7,967.5,right,1,27.40
1783376408.7,967.5,right,2,29.77
1783376408.7,967.5,right,3,31.89
1783376408.7,967.5,right,4,31.35
1783376408.7,967.5,right,5,32.05
1783376408.7,967.5,right,6,31.98
1783376408.7,967.5,right,7,29.03
1783376413.8,972.5,left,imu,32.31
1783376413.8,972.5,left,0,25.74
1783376413.8,972.5,left,1,28.13
1783376413.8,972.5,left,2,29.94
1783376413.8,972.5,left,3,32.19
1783376413.8,972.5,left,4,32.15
1783376413.8,972.5,left,5,32.48
1783376413.8,972.5,left,6,33.78
1783376413.8,972.5,left,7,29.25
1783376413.8,972.5,right,imu,32.07
1783376413.8,972.5,right,0,26.67
1783376413.8,972.5,right,1,27.32
1783376413.8,972.5,right,2,29.77
1783376413.8,972.5,right,3,31.97
1783376413.8,972.5,right,4,31.43
1783376413.8,972.5,right,5,31.97
1783376413.8,972.5,right,6,31.98
1783376413.8,972.5,right,7,29.03
1783376418.9,977.6,left,imu,32.17
1783376418.9,977.6,left,0,25.74
1783376418.9,977.6,left,1,28.21
1783376418.9,977.6,left,2,29.86
1783376418.9,977.6,left,3,32.19
1783376418.9,977.6,left,4,32.07
1783376418.9,977.6,left,5,32.48
1783376418.9,977.6,left,6,33.78
1783376418.9,977.6,left,7,29.25
1783376418.9,977.6,right,imu,32.07
1783376418.9,977.6,right,0,26.59
1783376418.9,977.6,right,1,27.32
1783376418.9,977.6,right,2,29.77
1783376418.9,977.6,right,3,31.89
1783376418.9,977.6,right,4,31.35
1783376418.9,977.6,right,5,31.97
1783376418.9,977.6,right,6,31.98
1783376418.9,977.6,right,7,29.03
1783376423.9,982.7,left,imu,32.31
1783376423.9,982.7,left,0,25.74
1783376423.9,982.7,left,1,28.13
1783376423.9,982.7,left,2,29.86
1783376423.9,982.7,left,3,32.19
1783376423.9,982.7,left,4,32.07
1783376423.9,982.7,left,5,32.48
1783376423.9,982.7,left,6,33.78
1783376423.9,982.7,left,7,29.25
1783376423.9,982.7,right,imu,32.12
1783376423.9,982.7,right,0,26.59
1783376423.9,982.7,right,1,27.32
1783376423.9,982.7,right,2,29.77
1783376423.9,982.7,right,3,31.89
1783376423.9,982.7,right,4,31.35
1783376423.9,982.7,right,5,31.97
1783376423.9,982.7,right,6,31.90
1783376423.9,982.7,right,7,29.03
1783376429.0,987.7,left,imu,32.12
1783376429.0,987.7,left,0,25.74
1783376429.0,987.7,left,1,28.21
1783376429.0,987.7,left,2,29.94
1783376429.0,987.7,left,3,32.19
1783376429.0,987.7,left,4,31.99
1783376429.0,987.7,left,5,32.48
1783376429.0,987.7,left,6,33.71
1783376429.0,987.7,left,7,29.25
1783376429.0,987.7,right,imu,31.97
1783376429.0,987.7,right,0,26.59
1783376429.0,987.7,right,1,27.32
1783376429.0,987.7,right,2,29.77
1783376429.0,987.7,right,3,31.97
1783376429.0,987.7,right,4,31.28
1783376429.0,987.7,right,5,31.97
1783376429.0,987.7,right,6,31.98
1783376429.0,987.7,right,7,29.03
1783376434.1,992.8,left,imu,32.45
1783376434.1,992.8,left,0,25.66
1783376434.1,992.8,left,1,28.21
1783376434.1,992.8,left,2,29.94
1783376434.1,992.8,left,3,32.11
1783376434.1,992.8,left,4,31.99
1783376434.1,992.8,left,5,32.41
1783376434.1,992.8,left,6,33.71
1783376434.1,992.8,left,7,29.25
1783376434.1,992.8,right,imu,32.17
1783376434.1,992.8,right,0,26.67
1783376434.1,992.8,right,1,27.32
1783376434.1,992.8,right,2,29.70
1783376434.1,992.8,right,3,31.89
1783376434.1,992.8,right,4,31.20
1783376434.1,992.8,right,5,31.97
1783376434.1,992.8,right,6,31.90
1783376434.1,992.8,right,7,29.03
1783376439.1,997.9,left,imu,32.07
1783376439.1,997.9,left,0,25.66
1783376439.1,997.9,left,1,28.21
1783376439.1,997.9,left,2,29.86
1783376439.1,997.9,left,3,32.11
1783376439.1,997.9,left,4,31.99
1783376439.1,997.9,left,5,32.41
1783376439.1,997.9,left,6,33.78
1783376439.1,997.9,left,7,29.25
1783376439.1,997.9,right,imu,32.12
1783376439.1,997.9,right,0,26.59
1783376439.1,997.9,right,1,27.32
1783376439.1,997.9,right,2,29.70
1783376439.1,997.9,right,3,31.89
1783376439.1,997.9,right,4,31.20
1783376439.1,997.9,right,5,31.89
1783376439.1,997.9,right,6,31.98
1783376439.1,997.9,right,7,29.03
1783376444.2,1002.9,left,imu,32.07
1783376444.2,1002.9,left,0,25.59
1783376444.2,1002.9,left,1,28.13
1783376444.2,1002.9,left,2,29.86
1783376444.2,1002.9,left,3,32.11
1783376444.2,1002.9,left,4,31.99
1783376444.2,1002.9,left,5,32.41
1783376444.2,1002.9,left,6,33.71
1783376444.2,1002.9,left,7,29.25
1783376444.2,1002.9,right,imu,32.12
1783376444.2,1002.9,right,0,26.59
1783376444.2,1002.9,right,1,27.25
1783376444.2,1002.9,right,2,29.70
1783376444.2,1002.9,right,3,31.89
1783376444.2,1002.9,right,4,31.20
1783376444.2,1002.9,right,5,31.82
1783376444.2,1002.9,right,6,31.90
1783376444.2,1002.9,right,7,29.03
1783376449.3,1008.0,left,imu,32.26
1783376449.3,1008.0,left,0,25.66
1783376449.3,1008.0,left,1,28.13
1783376449.3,1008.0,left,2,29.86
1783376449.3,1008.0,left,3,32.04
1783376449.3,1008.0,left,4,31.92
1783376449.3,1008.0,left,5,32.41
1783376449.3,1008.0,left,6,33.63
1783376449.3,1008.0,left,7,29.25
1783376449.3,1008.0,right,imu,32.17
1783376449.3,1008.0,right,0,26.59
1783376449.3,1008.0,right,1,27.17
1783376449.3,1008.0,right,2,29.70
1783376449.3,1008.0,right,3,31.89
1783376449.3,1008.0,right,4,31.20
1783376449.3,1008.0,right,5,31.82
1783376449.3,1008.0,right,6,31.90
1783376449.3,1008.0,right,7,29.03
1783376454.3,1013.1,left,imu,32.12
1783376454.3,1013.1,left,0,25.59
1783376454.3,1013.1,left,1,28.21
1783376454.3,1013.1,left,2,29.86
1783376454.3,1013.1,left,3,32.04
1783376454.3,1013.1,left,4,31.92
1783376454.3,1013.1,left,5,32.33
1783376454.3,1013.1,left,6,33.71
1783376454.3,1013.1,left,7,29.25
1783376454.3,1013.1,right,imu,31.93
1783376454.3,1013.1,right,0,26.59
1783376454.3,1013.1,right,1,27.25
1783376454.3,1013.1,right,2,29.70
1783376454.3,1013.1,right,3,31.89
1783376454.3,1013.1,right,4,31.20
1783376454.3,1013.1,right,5,31.75
1783376454.3,1013.1,right,6,31.90
1783376454.3,1013.1,right,7,29.03
1783376459.4,1018.1,left,imu,32.31
1783376459.4,1018.1,left,0,25.66
1783376459.4,1018.1,left,1,28.13
1783376459.4,1018.1,left,2,29.79
1783376459.4,1018.1,left,3,32.04
1783376459.4,1018.1,left,4,31.92
1783376459.4,1018.1,left,5,32.33
1783376459.4,1018.1,left,6,33.71
1783376459.4,1018.1,left,7,29.25
1783376459.4,1018.1,right,imu,31.97
1783376459.4,1018.1,right,0,26.59
1783376459.4,1018.1,right,1,27.32
1783376459.4,1018.1,right,2,29.70
1783376459.4,1018.1,right,3,31.89
1783376459.4,1018.1,right,4,31.20
1783376459.4,1018.1,right,5,31.75
1783376459.4,1018.1,right,6,31.90
1783376459.4,1018.1,right,7,29.03
1783376464.5,1023.2,left,imu,32.31
1783376464.5,1023.2,left,0,25.59
1783376464.5,1023.2,left,1,28.13
1783376464.5,1023.2,left,2,29.86
1783376464.5,1023.2,left,3,31.96
1783376464.5,1023.2,left,4,31.92
1783376464.5,1023.2,left,5,32.41
1783376464.5,1023.2,left,6,33.63
1783376464.5,1023.2,left,7,29.25
1783376464.5,1023.2,right,imu,32.07
1783376464.5,1023.2,right,0,26.59
1783376464.5,1023.2,right,1,27.32
1783376464.5,1023.2,right,2,29.70
1783376464.5,1023.2,right,3,31.82
1783376464.5,1023.2,right,4,31.20
1783376464.5,1023.2,right,5,31.75
1783376464.5,1023.2,right,6,31.90
1783376464.5,1023.2,right,7,29.03
1783376469.5,1028.3,left,imu,32.31
1783376469.5,1028.3,left,0,25.66
1783376469.5,1028.3,left,1,28.21
1783376469.5,1028.3,left,2,29.86
1783376469.5,1028.3,left,3,31.96
1783376469.5,1028.3,left,4,31.84
1783376469.5,1028.3,left,5,32.33
1783376469.5,1028.3,left,6,33.63
1783376469.5,1028.3,left,7,29.25
1783376469.5,1028.3,right,imu,32.07
1783376469.5,1028.3,right,0,26.59
1783376469.5,1028.3,right,1,27.32
1783376469.5,1028.3,right,2,29.62
1783376469.5,1028.3,right,3,31.82
1783376469.5,1028.3,right,4,31.20
1783376469.5,1028.3,right,5,31.75
1783376469.5,1028.3,right,6,31.90
1783376469.5,1028.3,right,7,29.03
1783376474.6,1033.3,left,imu,32.12
1783376474.6,1033.3,left,0,25.59
1783376474.6,1033.3,left,1,28.13
1783376474.6,1033.3,left,2,29.79
1783376474.6,1033.3,left,3,31.96
1783376474.6,1033.3,left,4,31.84
1783376474.6,1033.3,left,5,32.25
1783376474.6,1033.3,left,6,33.63
1783376474.6,1033.3,left,7,29.25
1783376474.6,1033.3,right,imu,31.73
1783376474.6,1033.3,right,0,26.59
1783376474.6,1033.3,right,1,27.32
1783376474.6,1033.3,right,2,29.70
1783376474.6,1033.3,right,3,31.82
1783376474.6,1033.3,right,4,31.12
1783376474.6,1033.3,right,5,31.75
1783376474.6,1033.3,right,6,31.82
1783376474.6,1033.3,right,7,29.03
1783376479.7,1038.4,left,imu,32.31
1783376479.7,1038.4,left,0,25.66
1783376479.7,1038.4,left,1,28.21
1783376479.7,1038.4,left,2,29.79
1783376479.7,1038.4,left,3,31.96
1783376479.7,1038.4,left,4,31.84
1783376479.7,1038.4,left,5,32.33
1783376479.7,1038.4,left,6,33.71
1783376479.7,1038.4,left,7,29.25
1783376479.7,1038.4,right,imu,31.83
1783376479.7,1038.4,right,0,26.59
1783376479.7,1038.4,right,1,27.32
1783376479.7,1038.4,right,2,29.70
1783376479.7,1038.4,right,3,31.82
1783376479.7,1038.4,right,4,31.20
1783376479.7,1038.4,right,5,31.75
1783376479.7,1038.4,right,6,31.82
1783376479.7,1038.4,right,7,29.03
1783376484.7,1043.5,left,imu,31.97
1783376484.7,1043.5,left,0,25.66
1783376484.7,1043.5,left,1,28.21
1783376484.7,1043.5,left,2,29.86
1783376484.7,1043.5,left,3,31.96
1783376484.7,1043.5,left,4,31.76
1783376484.7,1043.5,left,5,32.33
1783376484.7,1043.5,left,6,33.63
1783376484.7,1043.5,left,7,29.25
1783376484.7,1043.5,right,imu,32.07
1783376484.7,1043.5,right,0,26.59
1783376484.7,1043.5,right,1,27.32
1783376484.7,1043.5,right,2,29.62
1783376484.7,1043.5,right,3,31.82
1783376484.7,1043.5,right,4,31.20
1783376484.7,1043.5,right,5,31.75
1783376484.7,1043.5,right,6,31.90
1783376484.7,1043.5,right,7,29.03
1783376489.8,1048.5,left,imu,32.17
1783376489.8,1048.5,left,0,25.66
1783376489.8,1048.5,left,1,28.21
1783376489.8,1048.5,left,2,29.79
1783376489.8,1048.5,left,3,31.88
1783376489.8,1048.5,left,4,31.84
1783376489.8,1048.5,left,5,32.25
1783376489.8,1048.5,left,6,33.63
1783376489.8,1048.5,left,7,29.25
1783376489.8,1048.5,right,imu,32.07
1783376489.8,1048.5,right,0,26.67
1783376489.8,1048.5,right,1,27.32
1783376489.8,1048.5,right,2,29.70
1783376489.8,1048.5,right,3,31.82
1783376489.8,1048.5,right,4,31.12
1783376489.8,1048.5,right,5,31.75
1783376489.8,1048.5,right,6,31.90
1783376489.8,1048.5,right,7,29.03
1783376494.8,1053.6,left,imu,32.36
1783376494.8,1053.6,left,0,25.66
1783376494.8,1053.6,left,1,28.13
1783376494.8,1053.6,left,2,29.86
1783376494.8,1053.6,left,3,31.96
1783376494.8,1053.6,left,4,31.84
1783376494.8,1053.6,left,5,32.33
1783376494.8,1053.6,left,6,33.63
1783376494.8,1053.6,left,7,29.25
1783376494.8,1053.6,right,imu,32.17
1783376494.8,1053.6,right,0,26.59
1783376494.8,1053.6,right,1,27.25
1783376494.8,1053.6,right,2,29.62
1783376494.8,1053.6,right,3,31.74
1783376494.8,1053.6,right,4,31.12
1783376494.8,1053.6,right,5,31.75
1783376494.8,1053.6,right,6,31.82
1783376494.8,1053.6,right,7,29.03
1783376499.9,1058.7,left,imu,32.31
1783376499.9,1058.7,left,0,25.66
1783376499.9,1058.7,left,1,28.13
1783376499.9,1058.7,left,2,29.79
1783376499.9,1058.7,left,3,31.88
1783376499.9,1058.7,left,4,31.76
1783376499.9,1058.7,left,5,32.25
1783376499.9,1058.7,left,6,33.63
1783376499.9,1058.7,left,7,29.25
1783376499.9,1058.7,right,imu,31.78
1783376499.9,1058.7,right,0,26.59
1783376499.9,1058.7,right,1,27.25
1783376499.9,1058.7,right,2,29.54
1783376499.9,1058.7,right,3,31.74
1783376499.9,1058.7,right,4,31.20
1783376499.9,1058.7,right,5,31.75
1783376499.9,1058.7,right,6,31.82
1783376499.9,1058.7,right,7,29.03
1783376505.0,1063.7,left,imu,32.17
1783376505.0,1063.7,left,0,25.59
1783376505.0,1063.7,left,1,28.13
1783376505.0,1063.7,left,2,29.79
1783376505.0,1063.7,left,3,31.96
1783376505.0,1063.7,left,4,31.76
1783376505.0,1063.7,left,5,32.25
1783376505.0,1063.7,left,6,33.63
1783376505.0,1063.7,left,7,29.25
1783376505.0,1063.7,right,imu,31.93
1783376505.0,1063.7,right,0,26.59
1783376505.0,1063.7,right,1,27.25
1783376505.0,1063.7,right,2,29.62
1783376505.0,1063.7,right,3,31.74
1783376505.0,1063.7,right,4,31.20
1783376505.0,1063.7,right,5,31.75
1783376505.0,1063.7,right,6,31.90
1783376505.0,1063.7,right,7,29.03
1783376510.0,1068.8,left,imu,32.31
1783376510.0,1068.8,left,0,25.59
1783376510.0,1068.8,left,1,28.13
1783376510.0,1068.8,left,2,29.79
1783376510.0,1068.8,left,3,31.88
1783376510.0,1068.8,left,4,31.76
1783376510.0,1068.8,left,5,32.25
1783376510.0,1068.8,left,6,33.63
1783376510.0,1068.8,left,7,29.25
1783376510.0,1068.8,right,imu,31.73
1783376510.0,1068.8,right,0,26.59
1783376510.0,1068.8,right,1,27.17
1783376510.0,1068.8,right,2,29.62
1783376510.0,1068.8,right,3,31.74
1783376510.0,1068.8,right,4,31.12
1783376510.0,1068.8,right,5,31.75
1783376510.0,1068.8,right,6,31.82
1783376510.0,1068.8,right,7,29.03
1783376515.1,1073.9,left,imu,32.07
1783376515.1,1073.9,left,0,25.59
1783376515.1,1073.9,left,1,28.13
1783376515.1,1073.9,left,2,29.71
1783376515.1,1073.9,left,3,31.88
1783376515.1,1073.9,left,4,31.84
1783376515.1,1073.9,left,5,32.25
1783376515.1,1073.9,left,6,33.63
1783376515.1,1073.9,left,7,29.25
1783376515.1,1073.9,right,imu,31.93
1783376515.1,1073.9,right,0,26.59
1783376515.1,1073.9,right,1,27.17
1783376515.1,1073.9,right,2,29.54
1783376515.1,1073.9,right,3,31.74
1783376515.1,1073.9,right,4,31.12
1783376515.1,1073.9,right,5,31.75
1783376515.1,1073.9,right,6,31.82
1783376515.1,1073.9,right,7,29.03
1783376520.2,1078.9,left,imu,32.17
1783376520.2,1078.9,left,0,25.59
1783376520.2,1078.9,left,1,28.05
1783376520.2,1078.9,left,2,29.71
1783376520.2,1078.9,left,3,31.88
1783376520.2,1078.9,left,4,31.84
1783376520.2,1078.9,left,5,32.33
1783376520.2,1078.9,left,6,33.55
1783376520.2,1078.9,left,7,29.25
1783376520.2,1078.9,right,imu,32.36
1783376520.2,1078.9,right,0,26.52
1783376520.2,1078.9,right,1,27.25
1783376520.2,1078.9,right,2,29.54
1783376520.2,1078.9,right,3,31.66
1783376520.2,1078.9,right,4,31.12
1783376520.2,1078.9,right,5,31.75
1783376520.2,1078.9,right,6,31.75
1783376520.2,1078.9,right,7,29.03
1783376525.2,1084.0,left,imu,31.97
1783376525.2,1084.0,left,0,25.59
1783376525.2,1084.0,left,1,28.05
1783376525.2,1084.0,left,2,29.71
1783376525.2,1084.0,left,3,31.88
1783376525.2,1084.0,left,4,31.84
1783376525.2,1084.0,left,5,32.25
1783376525.2,1084.0,left,6,33.48
1783376525.2,1084.0,left,7,29.25
1783376525.2,1084.0,right,imu,32.12
1783376525.2,1084.0,right,0,26.44
1783376525.2,1084.0,right,1,27.17
1783376525.2,1084.0,right,2,29.54
1783376525.2,1084.0,right,3,31.66
1783376525.2,1084.0,right,4,31.12
1783376525.2,1084.0,right,5,31.75
1783376525.2,1084.0,right,6,31.75
1783376525.2,1084.0,right,7,29.03
1783376530.3,1089.1,left,imu,32.26
1783376530.3,1089.1,left,0,25.59
1783376530.3,1089.1,left,1,28.05
1783376530.3,1089.1,left,2,29.79
1783376530.3,1089.1,left,3,31.88
1783376530.3,1089.1,left,4,31.76
1783376530.3,1089.1,left,5,32.25
1783376530.3,1089.1,left,6,33.48
1783376530.3,1089.1,left,7,29.25
1783376530.3,1089.1,right,imu,31.97
1783376530.3,1089.1,right,0,26.52
1783376530.3,1089.1,right,1,27.17
1783376530.3,1089.1,right,2,29.62
1783376530.3,1089.1,right,3,31.74
1783376530.3,1089.1,right,4,31.12
1783376530.3,1089.1,right,5,31.75
1783376530.3,1089.1,right,6,31.82
1783376530.3,1089.1,right,7,29.03
1783376535.4,1094.1,left,imu,32.26
1783376535.4,1094.1,left,0,25.59
1783376535.4,1094.1,left,1,28.05
1783376535.4,1094.1,left,2,29.71
1783376535.4,1094.1,left,3,31.88
1783376535.4,1094.1,left,4,31.69
1783376535.4,1094.1,left,5,32.25
1783376535.4,1094.1,left,6,33.48
1783376535.4,1094.1,left,7,29.18
1783376535.4,1094.1,right,imu,31.93
1783376535.4,1094.1,right,0,26.44
1783376535.4,1094.1,right,1,27.09
1783376535.4,1094.1,right,2,29.54
1783376535.4,1094.1,right,3,31.66
1783376535.4,1094.1,right,4,31.12
1783376535.4,1094.1,right,5,31.75
1783376535.4,1094.1,right,6,31.82
1783376535.4,1094.1,right,7,29.03
1783376540.4,1099.2,left,imu,32.07
1783376540.4,1099.2,left,0,25.59
1783376540.4,1099.2,left,1,28.05
1783376540.4,1099.2,left,2,29.79
1783376540.4,1099.2,left,3,31.88
1783376540.4,1099.2,left,4,31.69
1783376540.4,1099.2,left,5,32.25
1783376540.4,1099.2,left,6,33.48
1783376540.4,1099.2,left,7,29.18
1783376540.4,1099.2,right,imu,32.17
1783376540.4,1099.2,right,0,26.44
1783376540.4,1099.2,right,1,27.17
1783376540.4,1099.2,right,2,29.54
1783376540.4,1099.2,right,3,31.74
1783376540.4,1099.2,right,4,31.05
1783376540.4,1099.2,right,5,31.75
1783376540.4,1099.2,right,6,31.75
1783376540.4,1099.2,right,7,29.03
1783376545.5,1104.3,left,imu,32.07
1783376545.5,1104.3,left,0,25.59
1783376545.5,1104.3,left,1,28.05
1783376545.5,1104.3,left,2,29.79
1783376545.5,1104.3,left,3,31.81
1783376545.5,1104.3,left,4,31.69
1783376545.5,1104.3,left,5,32.25
1783376545.5,1104.3,left,6,33.48
1783376545.5,1104.3,left,7,29.11
1783376545.5,1104.3,right,imu,31.83
1783376545.5,1104.3,right,0,26.52
1783376545.5,1104.3,right,1,27.09
1783376545.5,1104.3,right,2,29.54
1783376545.5,1104.3,right,3,31.66
1783376545.5,1104.3,right,4,31.05
1783376545.5,1104.3,right,5,31.67
1783376545.5,1104.3,right,6,31.82
1783376545.5,1104.3,right,7,29.03
1783376550.6,1109.3,left,imu,32.36
1783376550.6,1109.3,left,0,25.59
1783376550.6,1109.3,left,1,27.90
1783376550.6,1109.3,left,2,29.79
1783376550.6,1109.3,left,3,31.81
1783376550.6,1109.3,left,4,31.69
1783376550.6,1109.3,left,5,32.18
1783376550.6,1109.3,left,6,33.48
1783376550.6,1109.3,left,7,29.11
1783376550.6,1109.3,right,imu,32.17
1783376550.6,1109.3,right,0,26.44
1783376550.6,1109.3,right,1,27.17
1783376550.6,1109.3,right,2,29.54
1783376550.6,1109.3,right,3,31.66
1783376550.6,1109.3,right,4,31.05
1783376550.6,1109.3,right,5,31.75
1783376550.6,1109.3,right,6,31.75
1783376550.6,1109.3,right,7,29.03
1783376555.6,1114.4,left,imu,32.26
1783376555.6,1114.4,left,0,25.51
1783376555.6,1114.4,left,1,27.98
1783376555.6,1114.4,left,2,29.79
1783376555.6,1114.4,left,3,31.81
1783376555.6,1114.4,left,4,31.69
1783376555.6,1114.4,left,5,32.18
1783376555.6,1114.4,left,6,33.48
1783376555.6,1114.4,left,7,29.11
1783376555.6,1114.4,right,imu,31.78
1783376555.6,1114.4,right,0,26.44
1783376555.6,1114.4,right,1,27.17
1783376555.6,1114.4,right,2,29.54
1783376555.6,1114.4,right,3,31.66
1783376555.6,1114.4,right,4,31.05
1783376555.6,1114.4,right,5,31.67
1783376555.6,1114.4,right,6,31.75
1783376555.6,1114.4,right,7,29.03
1783376560.7,1119.5,left,imu,32.12
1783376560.7,1119.5,left,0,25.59
1783376560.7,1119.5,left,1,27.98
1783376560.7,1119.5,left,2,29.79
1783376560.7,1119.5,left,3,31.81
1783376560.7,1119.5,left,4,31.61
1783376560.7,1119.5,left,5,32.18
1783376560.7,1119.5,left,6,33.48
1783376560.7,1119.5,left,7,29.11
1783376560.7,1119.5,right,imu,31.83
1783376560.7,1119.5,right,0,26.44
1783376560.7,1119.5,right,1,27.17
1783376560.7,1119.5,right,2,29.54
1783376560.7,1119.5,right,3,31.66
1783376560.7,1119.5,right,4,31.05
1783376560.7,1119.5,right,5,31.67
1783376560.7,1119.5,right,6,31.67
1783376560.7,1119.5,right,7,29.03
1783376565.8,1124.5,left,imu,32.17
1783376565.8,1124.5,left,0,25.59
1783376565.8,1124.5,left,1,27.98
1783376565.8,1124.5,left,2,29.79
1783376565.8,1124.5,left,3,31.81
1783376565.8,1124.5,left,4,31.61
1783376565.8,1124.5,left,5,32.18
1783376565.8,1124.5,left,6,33.48
1783376565.8,1124.5,left,7,29.11
1783376565.8,1124.5,right,imu,31.93
1783376565.8,1124.5,right,0,26.44
1783376565.8,1124.5,right,1,27.09
1783376565.8,1124.5,right,2,29.54
1783376565.8,1124.5,right,3,31.59
1783376565.8,1124.5,right,4,31.05
1783376565.8,1124.5,right,5,31.67
1783376565.8,1124.5,right,6,31.67
1783376565.8,1124.5,right,7,29.03
1783376570.8,1129.6,left,imu,32.17
1783376570.8,1129.6,left,0,25.51
1783376570.8,1129.6,left,1,27.98
1783376570.8,1129.6,left,2,29.71
1783376570.8,1129.6,left,3,31.81
1783376570.8,1129.6,left,4,31.69
1783376570.8,1129.6,left,5,32.18
1783376570.8,1129.6,left,6,33.40
1783376570.8,1129.6,left,7,29.18
1783376570.8,1129.6,right,imu,31.97
1783376570.8,1129.6,right,0,26.52
1783376570.8,1129.6,right,1,27.17
1783376570.8,1129.6,right,2,29.54
1783376570.8,1129.6,right,3,31.66
1783376570.8,1129.6,right,4,30.90
1783376570.8,1129.6,right,5,31.67
1783376570.8,1129.6,right,6,31.67
1783376570.8,1129.6,right,7,29.03
1783376575.9,1134.6,left,imu,32.31
1783376575.9,1134.6,left,0,25.51
1783376575.9,1134.6,left,1,27.98
1783376575.9,1134.6,left,2,29.79
1783376575.9,1134.6,left,3,31.81
1783376575.9,1134.6,left,4,31.61
1783376575.9,1134.6,left,5,32.10
1783376575.9,1134.6,left,6,33.40
1783376575.9,1134.6,left,7,29.11
1783376575.9,1134.6,right,imu,31.97
1783376575.9,1134.6,right,0,26.59
1783376575.9,1134.6,right,1,27.09
1783376575.9,1134.6,right,2,29.54
1783376575.9,1134.6,right,3,31.66
1783376575.9,1134.6,right,4,30.90
1783376575.9,1134.6,right,5,31.75
1783376575.9,1134.6,right,6,31.67
1783376575.9,1134.6,right,7,29.03
1783376581.0,1139.7,left,imu,32.31
1783376581.0,1139.7,left,0,25.51
1783376581.0,1139.7,left,1,27.90
1783376581.0,1139.7,left,2,29.79
1783376581.0,1139.7,left,3,31.81
1783376581.0,1139.7,left,4,31.53
1783376581.0,1139.7,left,5,32.18
1783376581.0,1139.7,left,6,33.40
1783376581.0,1139.7,left,7,29.11
1783376581.0,1139.7,right,imu,32.17
1783376581.0,1139.7,right,0,26.59
1783376581.0,1139.7,right,1,27.17
1783376581.0,1139.7,right,2,29.54
1783376581.0,1139.7,right,3,31.59
1783376581.0,1139.7,right,4,30.98
1783376581.0,1139.7,right,5,31.75
1783376581.0,1139.7,right,6,31.67
1783376581.0,1139.7,right,7,29.03
1783376586.0,1144.8,left,imu,32.26
1783376586.0,1144.8,left,0,25.51
1783376586.0,1144.8,left,1,27.90
1783376586.0,1144.8,left,2,29.79
1783376586.0,1144.8,left,3,31.81
1783376586.0,1144.8,left,4,31.53
1783376586.0,1144.8,left,5,32.10
1783376586.0,1144.8,left,6,33.40
1783376586.0,1144.8,left,7,29.11
1783376586.0,1144.8,right,imu,32.07
1783376586.0,1144.8,right,0,26.59
1783376586.0,1144.8,right,1,27.17
1783376586.0,1144.8,right,2,29.54
1783376586.0,1144.8,right,3,31.59
1783376586.0,1144.8,right,4,30.98
1783376586.0,1144.8,right,5,31.67
1783376586.0,1144.8,right,6,31.60
1783376586.0,1144.8,right,7,29.03
1783376591.1,1149.8,left,imu,32.31
1783376591.1,1149.8,left,0,25.51
1783376591.1,1149.8,left,1,27.90
1783376591.1,1149.8,left,2,29.71
1783376591.1,1149.8,left,3,31.81
1783376591.1,1149.8,left,4,31.53
1783376591.1,1149.8,left,5,32.18
1783376591.1,1149.8,left,6,33.32
1783376591.1,1149.8,left,7,29.11
1783376591.1,1149.8,right,imu,31.97
1783376591.1,1149.8,right,0,26.59
1783376591.1,1149.8,right,1,27.17
1783376591.1,1149.8,right,2,29.54
1783376591.1,1149.8,right,3,31.66
1783376591.1,1149.8,right,4,30.98
1783376591.1,1149.8,right,5,31.67
1783376591.1,1149.8,right,6,31.67
1783376591.1,1149.8,right,7,29.03
1783376596.1,1154.9,left,imu,32.36
1783376596.1,1154.9,left,0,25.51
1783376596.1,1154.9,left,1,27.90
1783376596.1,1154.9,left,2,29.79
1783376596.1,1154.9,left,3,31.81
1783376596.1,1154.9,left,4,31.53
1783376596.1,1154.9,left,5,32.18
1783376596.1,1154.9,left,6,33.40
1783376596.1,1154.9,left,7,29.11
1783376596.1,1154.9,right,imu,31.93
1783376596.1,1154.9,right,0,26.67
1783376596.1,1154.9,right,1,27.17
1783376596.1,1154.9,right,2,29.54
1783376596.1,1154.9,right,3,31.59
1783376596.1,1154.9,right,4,30.90
1783376596.1,1154.9,right,5,31.67
1783376596.1,1154.9,right,6,31.60
1783376596.1,1154.9,right,7,29.03
1783376601.2,1160.0,left,imu,32.12
1783376601.2,1160.0,left,0,25.51
1783376601.2,1160.0,left,1,27.90
1783376601.2,1160.0,left,2,29.79
1783376601.2,1160.0,left,3,31.81
1783376601.2,1160.0,left,4,31.45
1783376601.2,1160.0,left,5,32.10
1783376601.2,1160.0,left,6,33.32
1783376601.2,1160.0,left,7,29.11
1783376601.2,1160.0,right,imu,31.97
1783376601.2,1160.0,right,0,26.59
1783376601.2,1160.0,right,1,27.25
1783376601.2,1160.0,right,2,29.54
1783376601.2,1160.0,right,3,31.59
1783376601.2,1160.0,right,4,30.98
1783376601.2,1160.0,right,5,31.67
1783376601.2,1160.0,right,6,31.60
1783376601.2,1160.0,right,7,29.03
1783376606.3,1165.0,left,imu,31.97
1783376606.3,1165.0,left,0,25.51
1783376606.3,1165.0,left,1,27.90
1783376606.3,1165.0,left,2,29.79
1783376606.3,1165.0,left,3,31.81
1783376606.3,1165.0,left,4,31.45
1783376606.3,1165.0,left,5,32.10
1783376606.3,1165.0,left,6,33.32
1783376606.3,1165.0,left,7,29.11
1783376606.3,1165.0,right,imu,31.93
1783376606.3,1165.0,right,0,26.67
1783376606.3,1165.0,right,1,27.17
1783376606.3,1165.0,right,2,29.54
1783376606.3,1165.0,right,3,31.59
1783376606.3,1165.0,right,4,30.98
1783376606.3,1165.0,right,5,31.67
1783376606.3,1165.0,right,6,31.60
1783376606.3,1165.0,right,7,29.03
1783376611.4,1170.1,left,imu,32.17
1783376611.4,1170.1,left,0,25.51
1783376611.4,1170.1,left,1,27.90
1783376611.4,1170.1,left,2,29.79
1783376611.4,1170.1,left,3,31.81
1783376611.4,1170.1,left,4,31.45
1783376611.4,1170.1,left,5,32.10
1783376611.4,1170.1,left,6,33.32
1783376611.4,1170.1,left,7,29.11
1783376611.4,1170.1,right,imu,31.97
1783376611.4,1170.1,right,0,26.59
1783376611.4,1170.1,right,1,27.25
1783376611.4,1170.1,right,2,29.54
1783376611.4,1170.1,right,3,31.59
1783376611.4,1170.1,right,4,30.90
1783376611.4,1170.1,right,5,31.67
1783376611.4,1170.1,right,6,31.60
1783376611.4,1170.1,right,7,29.03
1783376616.4,1175.2,left,imu,31.93
1783376616.4,1175.2,left,0,25.51
1783376616.4,1175.2,left,1,27.90
1783376616.4,1175.2,left,2,29.79
1783376616.4,1175.2,left,3,31.81
1783376616.4,1175.2,left,4,31.45
1783376616.4,1175.2,left,5,32.10
1783376616.4,1175.2,left,6,33.32
1783376616.4,1175.2,left,7,29.11
1783376616.4,1175.2,right,imu,32.07
1783376616.4,1175.2,right,0,26.59
1783376616.4,1175.2,right,1,27.17
1783376616.4,1175.2,right,2,29.54
1783376616.4,1175.2,right,3,31.59
1783376616.4,1175.2,right,4,30.90
1783376616.4,1175.2,right,5,31.67
1783376616.4,1175.2,right,6,31.60
1783376616.4,1175.2,right,7,29.03
1783376621.5,1180.2,left,imu,32.45
1783376621.5,1180.2,left,0,25.51
1783376621.5,1180.2,left,1,27.90
1783376621.5,1180.2,left,2,29.71
1783376621.5,1180.2,left,3,31.73
1783376621.5,1180.2,left,4,31.45
1783376621.5,1180.2,left,5,32.10
1783376621.5,1180.2,left,6,33.32
1783376621.5,1180.2,left,7,29.11
1783376621.5,1180.2,right,imu,32.17
1783376621.5,1180.2,right,0,26.59
1783376621.5,1180.2,right,1,27.17
1783376621.5,1180.2,right,2,29.54
1783376621.5,1180.2,right,3,31.59
1783376621.5,1180.2,right,4,30.90
1783376621.5,1180.2,right,5,31.67
1783376621.5,1180.2,right,6,31.60
1783376621.5,1180.2,right,7,29.03
1783376626.5,1185.3,left,imu,32.07
1783376626.5,1185.3,left,0,25.51
1783376626.5,1185.3,left,1,27.90
1783376626.5,1185.3,left,2,29.79
1783376626.5,1185.3,left,3,31.81
1783376626.5,1185.3,left,4,31.45
1783376626.5,1185.3,left,5,32.02
1783376626.5,1185.3,left,6,33.32
1783376626.5,1185.3,left,7,29.11
1783376626.5,1185.3,right,imu,32.07
1783376626.5,1185.3,right,0,26.59
1783376626.5,1185.3,right,1,27.17
1783376626.5,1185.3,right,2,29.54
1783376626.5,1185.3,right,3,31.51
1783376626.5,1185.3,right,4,30.90
1783376626.5,1185.3,right,5,31.67
1783376626.5,1185.3,right,6,31.60
1783376626.5,1185.3,right,7,29.03
1783376631.6,1190.4,left,imu,31.93
1783376631.6,1190.4,left,0,25.51
1783376631.6,1190.4,left,1,27.83
1783376631.6,1190.4,left,2,29.71
1783376631.6,1190.4,left,3,31.81
1783376631.6,1190.4,left,4,31.45
1783376631.6,1190.4,left,5,32.10
1783376631.6,1190.4,left,6,33.32
1783376631.6,1190.4,left,7,29.18
1783376631.6,1190.4,right,imu,31.93
1783376631.6,1190.4,right,0,26.59
1783376631.6,1190.4,right,1,27.17
1783376631.6,1190.4,right,2,29.54
1783376631.6,1190.4,right,3,31.59
1783376631.6,1190.4,right,4,30.90
1783376631.6,1190.4,right,5,31.67
1783376631.6,1190.4,right,6,31.60
1783376631.6,1190.4,right,7,29.03
1783376636.7,1195.4,left,imu,32.12
1783376636.7,1195.4,left,0,25.51
1783376636.7,1195.4,left,1,27.83
1783376636.7,1195.4,left,2,29.71
1783376636.7,1195.4,left,3,31.73
1783376636.7,1195.4,left,4,31.45
1783376636.7,1195.4,left,5,32.02
1783376636.7,1195.4,left,6,33.32
1783376636.7,1195.4,left,7,29.11
1783376636.7,1195.4,right,imu,32.07
1783376636.7,1195.4,right,0,26.52
1783376636.7,1195.4,right,1,27.17
1783376636.7,1195.4,right,2,29.54
1783376636.7,1195.4,right,3,31.51
1783376636.7,1195.4,right,4,30.90
1783376636.7,1195.4,right,5,31.67
1783376636.7,1195.4,right,6,31.60
1783376636.7,1195.4,right,7,29.03
1783376641.7,1200.5,left,imu,32.26
1783376641.7,1200.5,left,0,25.51
1783376641.7,1200.5,left,1,27.83
1783376641.7,1200.5,left,2,29.71
1783376641.7,1200.5,left,3,31.73
1783376641.7,1200.5,left,4,31.45
1783376641.7,1200.5,left,5,32.02
1783376641.7,1200.5,left,6,33.25
1783376641.7,1200.5,left,7,29.11
1783376641.7,1200.5,right,imu,31.97
1783376641.7,1200.5,right,0,26.44
1783376641.7,1200.5,right,1,27.17
1783376641.7,1200.5,right,2,29.54
1783376641.7,1200.5,right,3,31.59
1783376641.7,1200.5,right,4,30.82
1783376641.7,1200.5,right,5,31.67
1783376641.7,1200.5,right,6,31.60
1783376641.7,1200.5,right,7,29.03
1783376646.8,1205.5,left,imu,32.26
1783376646.8,1205.5,left,0,25.51
1783376646.8,1205.5,left,1,27.90
1783376646.8,1205.5,left,2,29.71
1783376646.8,1205.5,left,3,31.66
1783376646.8,1205.5,left,4,31.45
1783376646.8,1205.5,left,5,32.02
1783376646.8,1205.5,left,6,33.25
1783376646.8,1205.5,left,7,29.11
1783376646.8,1205.5,right,imu,31.97
1783376646.8,1205.5,right,0,26.44
1783376646.8,1205.5,right,1,27.09
1783376646.8,1205.5,right,2,29.54
1783376646.8,1205.5,right,3,31.51
1783376646.8,1205.5,right,4,30.90
1783376646.8,1205.5,right,5,31.67
1783376646.8,1205.5,right,6,31.60
1783376646.8,1205.5,right,7,29.03
1783376651.9,1210.6,left,imu,32.17
1783376651.9,1210.6,left,0,25.51
1783376651.9,1210.6,left,1,27.90
1783376651.9,1210.6,left,2,29.71
1783376651.9,1210.6,left,3,31.66
1783376651.9,1210.6,left,4,31.45
1783376651.9,1210.6,left,5,32.02
1783376651.9,1210.6,left,6,33.25
1783376651.9,1210.6,left,7,29.11
1783376651.9,1210.6,right,imu,32.12
1783376651.9,1210.6,right,0,26.52
1783376651.9,1210.6,right,1,27.09
1783376651.9,1210.6,right,2,29.54
1783376651.9,1210.6,right,3,31.51
1783376651.9,1210.6,right,4,30.90
1783376651.9,1210.6,right,5,31.67
1783376651.9,1210.6,right,6,31.60
1783376651.9,1210.6,right,7,29.03
1783376656.9,1215.7,left,imu,32.31
1783376656.9,1215.7,left,0,25.51
1783376656.9,1215.7,left,1,27.90
1783376656.9,1215.7,left,2,29.71
1783376656.9,1215.7,left,3,31.58
1783376656.9,1215.7,left,4,31.45
1783376656.9,1215.7,left,5,32.02
1783376656.9,1215.7,left,6,33.25
1783376656.9,1215.7,left,7,29.11
1783376656.9,1215.7,right,imu,31.97
1783376656.9,1215.7,right,0,26.44
1783376656.9,1215.7,right,1,27.09
1783376656.9,1215.7,right,2,29.54
1783376656.9,1215.7,right,3,31.51
1783376656.9,1215.7,right,4,30.90
1783376656.9,1215.7,right,5,31.67
1783376656.9,1215.7,right,6,31.52
1783376656.9,1215.7,right,7,29.03
1783376662.0,1220.7,left,imu,32.07
1783376662.0,1220.7,left,0,25.51
1783376662.0,1220.7,left,1,27.90
1783376662.0,1220.7,left,2,29.71
1783376662.0,1220.7,left,3,31.58
1783376662.0,1220.7,left,4,31.45
1783376662.0,1220.7,left,5,31.95
1783376662.0,1220.7,left,6,33.25
1783376662.0,1220.7,left,7,29.18
1783376662.0,1220.7,right,imu,31.78
1783376662.0,1220.7,right,0,26.44
1783376662.0,1220.7,right,1,27.17
1783376662.0,1220.7,right,2,29.54
1783376662.0,1220.7,right,3,31.51
1783376662.0,1220.7,right,4,30.82
1783376662.0,1220.7,right,5,31.67
1783376662.0,1220.7,right,6,31.52
1783376662.0,1220.7,right,7,29.03
1783376667.1,1225.8,left,imu,31.93
1783376667.1,1225.8,left,0,25.43
1783376667.1,1225.8,left,1,27.90
1783376667.1,1225.8,left,2,29.63
1783376667.1,1225.8,left,3,31.58
1783376667.1,1225.8,left,4,31.45
1783376667.1,1225.8,left,5,31.95
1783376667.1,1225.8,left,6,33.25
1783376667.1,1225.8,left,7,29.11
1783376667.1,1225.8,right,imu,31.97
1783376667.1,1225.8,right,0,26.44
1783376667.1,1225.8,right,1,27.17
1783376667.1,1225.8,right,2,29.54
1783376667.1,1225.8,right,3,31.51
1783376667.1,1225.8,right,4,30.90
1783376667.1,1225.8,right,5,31.59
1783376667.1,1225.8,right,6,31.52
1783376667.1,1225.8,right,7,29.03
1783376672.1,1230.9,left,imu,32.07
1783376672.1,1230.9,left,0,25.51
1783376672.1,1230.9,left,1,27.83
1783376672.1,1230.9,left,2,29.63
1783376672.1,1230.9,left,3,31.58
1783376672.1,1230.9,left,4,31.45
1783376672.1,1230.9,left,5,31.95
1783376672.1,1230.9,left,6,33.25
1783376672.1,1230.9,left,7,29.18
1783376672.1,1230.9,right,imu,31.93
1783376672.1,1230.9,right,0,26.44
1783376672.1,1230.9,right,1,27.17
1783376672.1,1230.9,right,2,29.54
1783376672.1,1230.9,right,3,31.51
1783376672.1,1230.9,right,4,30.90
1783376672.1,1230.9,right,5,31.59
1783376672.1,1230.9,right,6,31.52
1783376672.1,1230.9,right,7,29.03
1783376677.2,1235.9,left,imu,31.83
1783376677.2,1235.9,left,0,25.43
1783376677.2,1235.9,left,1,27.83
1783376677.2,1235.9,left,2,29.63
1783376677.2,1235.9,left,3,31.58
1783376677.2,1235.9,left,4,31.45
1783376677.2,1235.9,left,5,31.95
1783376677.2,1235.9,left,6,33.25
1783376677.2,1235.9,left,7,29.18
1783376677.2,1235.9,right,imu,31.93
1783376677.2,1235.9,right,0,26.44
1783376677.2,1235.9,right,1,27.17
1783376677.2,1235.9,right,2,29.54
1783376677.2,1235.9,right,3,31.51
1783376677.2,1235.9,right,4,30.82
1783376677.2,1235.9,right,5,31.59
1783376677.2,1235.9,right,6,31.52
1783376677.2,1235.9,right,7,29.03
1783376682.2,1241.0,left,imu,31.97
1783376682.2,1241.0,left,0,25.51
1783376682.2,1241.0,left,1,27.90
1783376682.2,1241.0,left,2,29.63
1783376682.2,1241.0,left,3,31.51
1783376682.2,1241.0,left,4,31.45
1783376682.2,1241.0,left,5,31.95
1783376682.2,1241.0,left,6,33.17
1783376682.2,1241.0,left,7,29.11
1783376682.2,1241.0,right,imu,31.93
1783376682.2,1241.0,right,0,26.44
1783376682.2,1241.0,right,1,27.09
1783376682.2,1241.0,right,2,29.54
1783376682.2,1241.0,right,3,31.51
1783376682.2,1241.0,right,4,30.90
1783376682.2,1241.0,right,5,31.59
1783376682.2,1241.0,right,6,31.52
1783376682.2,1241.0,right,7,29.03
1783376687.3,1246.1,left,imu,32.12
1783376687.3,1246.1,left,0,25.51
1783376687.3,1246.1,left,1,27.90
1783376687.3,1246.1,left,2,29.63
1783376687.3,1246.1,left,3,31.51
1783376687.3,1246.1,left,4,31.45
1783376687.3,1246.1,left,5,31.95
1783376687.3,1246.1,left,6,33.25
1783376687.3,1246.1,left,7,29.11
1783376687.3,1246.1,right,imu,31.78
1783376687.3,1246.1,right,0,26.52
1783376687.3,1246.1,right,1,27.17
1783376687.3,1246.1,right,2,29.54
1783376687.3,1246.1,right,3,31.51
1783376687.3,1246.1,right,4,30.82
1783376687.3,1246.1,right,5,31.52
1783376687.3,1246.1,right,6,31.52
1783376687.3,1246.1,right,7,29.03
1783376692.4,1251.1,left,imu,31.97
1783376692.4,1251.1,left,0,25.43
1783376692.4,1251.1,left,1,27.90
1783376692.4,1251.1,left,2,29.56
1783376692.4,1251.1,left,3,31.51
1783376692.4,1251.1,left,4,31.45
1783376692.4,1251.1,left,5,31.87
1783376692.4,1251.1,left,6,33.17
1783376692.4,1251.1,left,7,29.03
1783376692.4,1251.1,right,imu,31.78
1783376692.4,1251.1,right,0,26.44
1783376692.4,1251.1,right,1,27.09
1783376692.4,1251.1,right,2,29.54
1783376692.4,1251.1,right,3,31.51
1783376692.4,1251.1,right,4,30.82
1783376692.4,1251.1,right,5,31.44
1783376692.4,1251.1,right,6,31.52
1783376692.4,1251.1,right,7,29.03
1783376697.4,1256.2,left,imu,31.97
1783376697.4,1256.2,left,0,25.43
1783376697.4,1256.2,left,1,27.90
1783376697.4,1256.2,left,2,29.63
1783376697.4,1256.2,left,3,31.51
1783376697.4,1256.2,left,4,31.45
1783376697.4,1256.2,left,5,31.87
1783376697.4,1256.2,left,6,33.17
1783376697.4,1256.2,left,7,29.03
1783376697.4,1256.2,right,imu,32.07
1783376697.4,1256.2,right,0,26.52
1783376697.4,1256.2,right,1,27.09
1783376697.4,1256.2,right,2,29.54
1783376697.4,1256.2,right,3,31.44
1783376697.4,1256.2,right,4,30.82
1783376697.4,1256.2,right,5,31.52
1783376697.4,1256.2,right,6,31.52
1783376697.4,1256.2,right,7,29.03
1783376702.5,1261.3,left,imu,32.17
1783376702.5,1261.3,left,0,25.43
1783376702.5,1261.3,left,1,27.90
1783376702.5,1261.3,left,2,29.63
1783376702.5,1261.3,left,3,31.51
1783376702.5,1261.3,left,4,31.53
1783376702.5,1261.3,left,5,31.87
1783376702.5,1261.3,left,6,33.17
1783376702.5,1261.3,left,7,29.03
1783376702.5,1261.3,right,imu,31.93
1783376702.5,1261.3,right,0,26.44
1783376702.5,1261.3,right,1,27.17
1783376702.5,1261.3,right,2,29.54
1783376702.5,1261.3,right,3,31.44
1783376702.5,1261.3,right,4,30.82
1783376702.5,1261.3,right,5,31.52
1783376702.5,1261.3,right,6,31.52
1783376702.5,1261.3,right,7,29.03
1783376707.6,1266.3,left,imu,31.93
1783376707.6,1266.3,left,0,25.43
1783376707.6,1266.3,left,1,27.90
1783376707.6,1266.3,left,2,29.56
1783376707.6,1266.3,left,3,31.51
1783376707.6,1266.3,left,4,31.45
1783376707.6,1266.3,left,5,31.87
1783376707.6,1266.3,left,6,33.10
1783376707.6,1266.3,left,7,29.03
1783376707.6,1266.3,right,imu,31.64
1783376707.6,1266.3,right,0,26.44
1783376707.6,1266.3,right,1,27.09
1783376707.6,1266.3,right,2,29.54
1783376707.6,1266.3,right,3,31.44
1783376707.6,1266.3,right,4,30.82
1783376707.6,1266.3,right,5,31.44
1783376707.6,1266.3,right,6,31.52
1783376707.6,1266.3,right,7,29.03
1783376712.6,1271.4,left,imu,32.07
1783376712.6,1271.4,left,0,25.43
1783376712.6,1271.4,left,1,27.90
1783376712.6,1271.4,left,2,29.63
1783376712.6,1271.4,left,3,31.51
1783376712.6,1271.4,left,4,31.45
1783376712.6,1271.4,left,5,31.87
1783376712.6,1271.4,left,6,33.10
1783376712.6,1271.4,left,7,29.03
1783376712.6,1271.4,right,imu,31.93
1783376712.6,1271.4,right,0,26.44
1783376712.6,1271.4,right,1,27.09
1783376712.6,1271.4,right,2,29.54
1783376712.6,1271.4,right,3,31.44
1783376712.6,1271.4,right,4,30.82
1783376712.6,1271.4,right,5,31.44
1783376712.6,1271.4,right,6,31.52
1783376712.6,1271.4,right,7,29.03
1783376717.7,1276.4,left,imu,31.97
1783376717.7,1276.4,left,0,25.51
1783376717.7,1276.4,left,1,27.90
1783376717.7,1276.4,left,2,29.63
1783376717.7,1276.4,left,3,31.51
1783376717.7,1276.4,left,4,31.45
1783376717.7,1276.4,left,5,31.87
1783376717.7,1276.4,left,6,33.10
1783376717.7,1276.4,left,7,29.03
1783376717.7,1276.4,right,imu,31.97
1783376717.7,1276.4,right,0,26.52
1783376717.7,1276.4,right,1,27.17
1783376717.7,1276.4,right,2,29.54
1783376717.7,1276.4,right,3,31.44
1783376717.7,1276.4,right,4,30.82
1783376717.7,1276.4,right,5,31.44
1783376717.7,1276.4,right,6,31.52
1783376717.7,1276.4,right,7,29.03
1783376722.8,1281.5,left,imu,32.17
1783376722.8,1281.5,left,0,25.51
1783376722.8,1281.5,left,1,27.90
1783376722.8,1281.5,left,2,29.56
1783376722.8,1281.5,left,3,31.51
1783376722.8,1281.5,left,4,31.45
1783376722.8,1281.5,left,5,31.87
1783376722.8,1281.5,left,6,33.10
1783376722.8,1281.5,left,7,29.03
1783376722.8,1281.5,right,imu,31.97
1783376722.8,1281.5,right,0,26.59
1783376722.8,1281.5,right,1,27.09
1783376722.8,1281.5,right,2,29.54
1783376722.8,1281.5,right,3,31.44
1783376722.8,1281.5,right,4,30.82
1783376722.8,1281.5,right,5,31.52
1783376722.8,1281.5,right,6,31.52
1783376722.8,1281.5,right,7,29.03
1783376727.8,1286.6,left,imu,31.78
1783376727.8,1286.6,left,0,25.51
1783376727.8,1286.6,left,1,27.90
1783376727.8,1286.6,left,2,29.63
1783376727.8,1286.6,left,3,31.51
1783376727.8,1286.6,left,4,31.38
1783376727.8,1286.6,left,5,31.87
1783376727.8,1286.6,left,6,33.10
1783376727.8,1286.6,left,7,28.95
1783376727.8,1286.6,right,imu,31.97
1783376727.8,1286.6,right,0,26.52
1783376727.8,1286.6,right,1,27.17
1783376727.8,1286.6,right,2,29.54
1783376727.8,1286.6,right,3,31.44
1783376727.8,1286.6,right,4,30.82
1783376727.8,1286.6,right,5,31.44
1783376727.8,1286.6,right,6,31.52
1783376727.8,1286.6,right,7,29.03
1783376732.9,1291.6,left,imu,32.31
1783376732.9,1291.6,left,0,25.51
1783376732.9,1291.6,left,1,27.90
1783376732.9,1291.6,left,2,29.56
1783376732.9,1291.6,left,3,31.51
1783376732.9,1291.6,left,4,31.38
1783376732.9,1291.6,left,5,31.87
1783376732.9,1291.6,left,6,33.17
1783376732.9,1291.6,left,7,29.03
1783376732.9,1291.6,right,imu,31.83
1783376732.9,1291.6,right,0,26.67
1783376732.9,1291.6,right,1,27.09
1783376732.9,1291.6,right,2,29.54
1783376732.9,1291.6,right,3,31.44
1783376732.9,1291.6,right,4,30.82
1783376732.9,1291.6,right,5,31.44
1783376732.9,1291.6,right,6,31.52
1783376732.9,1291.6,right,7,29.03
1783376738.0,1296.7,left,imu,32.07
1783376738.0,1296.7,left,0,25.51
1783376738.0,1296.7,left,1,27.90
1783376738.0,1296.7,left,2,29.56
1783376738.0,1296.7,left,3,31.51
1783376738.0,1296.7,left,4,31.45
1783376738.0,1296.7,left,5,31.87
1783376738.0,1296.7,left,6,33.10
1783376738.0,1296.7,left,7,29.03
1783376738.0,1296.7,right,imu,31.78
1783376738.0,1296.7,right,0,26.59
1783376738.0,1296.7,right,1,27.09
1783376738.0,1296.7,right,2,29.54
1783376738.0,1296.7,right,3,31.44
1783376738.0,1296.7,right,4,30.82
1783376738.0,1296.7,right,5,31.44
1783376738.0,1296.7,right,6,31.52
1783376738.0,1296.7,right,7,29.03
1783376743.0,1301.8,left,imu,31.97
1783376743.0,1301.8,left,0,25.43
1783376743.0,1301.8,left,1,27.90
1783376743.0,1301.8,left,2,29.63
1783376743.0,1301.8,left,3,31.43
1783376743.0,1301.8,left,4,31.38
1783376743.0,1301.8,left,5,31.87
1783376743.0,1301.8,left,6,33.10
1783376743.0,1301.8,left,7,29.03
1783376743.0,1301.8,right,imu,31.97
1783376743.0,1301.8,right,0,26.52
1783376743.0,1301.8,right,1,27.09
1783376743.0,1301.8,right,2,29.47
1783376743.0,1301.8,right,3,31.44
1783376743.0,1301.8,right,4,30.82
1783376743.0,1301.8,right,5,31.52
1783376743.0,1301.8,right,6,31.52
1783376743.0,1301.8,right,7,29.03
1783376748.1,1306.8,left,imu,31.78
1783376748.1,1306.8,left,0,25.51
1783376748.1,1306.8,left,1,27.90
1783376748.1,1306.8,left,2,29.63
1783376748.1,1306.8,left,3,31.51
1783376748.1,1306.8,left,4,31.30
1783376748.1,1306.8,left,5,31.87
1783376748.1,1306.8,left,6,33.10
1783376748.1,1306.8,left,7,28.95
1783376748.1,1306.8,right,imu,31.78
1783376748.1,1306.8,right,0,26.52
1783376748.1,1306.8,right,1,27.09
1783376748.1,1306.8,right,2,29.54
1783376748.1,1306.8,right,3,31.44
1783376748.1,1306.8,right,4,30.82
1783376748.1,1306.8,right,5,31.44
1783376748.1,1306.8,right,6,31.52
1783376748.1,1306.8,right,7,29.03
1783376753.2,1311.9,left,imu,32.07
1783376753.2,1311.9,left,0,25.43
1783376753.2,1311.9,left,1,27.90
1783376753.2,1311.9,left,2,29.56
1783376753.2,1311.9,left,3,31.51
1783376753.2,1311.9,left,4,31.30
1783376753.2,1311.9,left,5,31.87
1783376753.2,1311.9,left,6,33.10
1783376753.2,1311.9,left,7,28.95
1783376753.2,1311.9,right,imu,32.07
1783376753.2,1311.9,right,0,26.67
1783376753.2,1311.9,right,1,27.09
1783376753.2,1311.9,right,2,29.47
1783376753.2,1311.9,right,3,31.44
1783376753.2,1311.9,right,4,30.82
1783376753.2,1311.9,right,5,31.44
1783376753.2,1311.9,right,6,31.52
1783376753.2,1311.9,right,7,29.03
1783376758.2,1317.0,left,imu,32.07
1783376758.2,1317.0,left,0,25.51
1783376758.2,1317.0,left,1,27.90
1783376758.2,1317.0,left,2,29.56
1783376758.2,1317.0,left,3,31.51
1783376758.2,1317.0,left,4,31.30
1783376758.2,1317.0,left,5,31.79
1783376758.2,1317.0,left,6,33.10
1783376758.2,1317.0,left,7,28.95
1783376758.2,1317.0,right,imu,31.83
1783376758.2,1317.0,right,0,26.59
1783376758.2,1317.0,right,1,27.09
1783376758.2,1317.0,right,2,29.47
1783376758.2,1317.0,right,3,31.44
1783376758.2,1317.0,right,4,30.82
1783376758.2,1317.0,right,5,31.44
1783376758.2,1317.0,right,6,31.52
1783376758.2,1317.0,right,7,29.03
1783376763.3,1322.0,left,imu,31.83
1783376763.3,1322.0,left,0,25.51
1783376763.3,1322.0,left,1,27.90
1783376763.3,1322.0,left,2,29.56
1783376763.3,1322.0,left,3,31.43
1783376763.3,1322.0,left,4,31.30
1783376763.3,1322.0,left,5,31.79
1783376763.3,1322.0,left,6,33.10
1783376763.3,1322.0,left,7,29.03
1783376763.3,1322.0,right,imu,32.12
1783376763.3,1322.0,right,0,26.59
1783376763.3,1322.0,right,1,27.09
1783376763.3,1322.0,right,2,29.54
1783376763.3,1322.0,right,3,31.44
1783376763.3,1322.0,right,4,30.82
1783376763.3,1322.0,right,5,31.44
1783376763.3,1322.0,right,6,31.52
1783376763.3,1322.0,right,7,29.03
1783376768.4,1327.1,left,imu,32.31
1783376768.4,1327.1,left,0,25.51
1783376768.4,1327.1,left,1,27.90
1783376768.4,1327.1,left,2,29.56
1783376768.4,1327.1,left,3,31.51
1783376768.4,1327.1,left,4,31.22
1783376768.4,1327.1,left,5,31.87
1783376768.4,1327.1,left,6,33.10
1783376768.4,1327.1,left,7,29.03
1783376768.4,1327.1,right,imu,32.07
1783376768.4,1327.1,right,0,26.59
1783376768.4,1327.1,right,1,27.09
1783376768.4,1327.1,right,2,29.47
1783376768.4,1327.1,right,3,31.44
1783376768.4,1327.1,right,4,30.82
1783376768.4,1327.1,right,5,31.44
1783376768.4,1327.1,right,6,31.52
1783376768.4,1327.1,right,7,29.03
1783376773.4,1332.2,left,imu,31.97
1783376773.4,1332.2,left,0,25.51
1783376773.4,1332.2,left,1,27.90
1783376773.4,1332.2,left,2,29.56
1783376773.4,1332.2,left,3,31.43
1783376773.4,1332.2,left,4,31.22
1783376773.4,1332.2,left,5,31.79
1783376773.4,1332.2,left,6,33.10
1783376773.4,1332.2,left,7,28.95
1783376773.4,1332.2,right,imu,31.83
1783376773.4,1332.2,right,0,26.67
1783376773.4,1332.2,right,1,27.09
1783376773.4,1332.2,right,2,29.47
1783376773.4,1332.2,right,3,31.44
1783376773.4,1332.2,right,4,30.75
1783376773.4,1332.2,right,5,31.44
1783376773.4,1332.2,right,6,31.52
1783376773.4,1332.2,right,7,29.03
1783376778.5,1337.2,left,imu,32.17
1783376778.5,1337.2,left,0,25.51
1783376778.5,1337.2,left,1,27.90
1783376778.5,1337.2,left,2,29.56
1783376778.5,1337.2,left,3,31.43
1783376778.5,1337.2,left,4,31.30
1783376778.5,1337.2,left,5,31.87
1783376778.5,1337.2,left,6,33.10
1783376778.5,1337.2,left,7,29.03
1783376778.5,1337.2,right,imu,31.97
1783376778.5,1337.2,right,0,26.67
1783376778.5,1337.2,right,1,27.09
1783376778.5,1337.2,right,2,29.54
1783376778.5,1337.2,right,3,31.36
1783376778.5,1337.2,right,4,30.75
1783376778.5,1337.2,right,5,31.44
1783376778.5,1337.2,right,6,31.52
1783376778.5,1337.2,right,7,29.03
1783376783.6,1342.3,left,imu,32.17
1783376783.6,1342.3,left,0,25.51
1783376783.6,1342.3,left,1,27.90
1783376783.6,1342.3,left,2,29.63
1783376783.6,1342.3,left,3,31.43
1783376783.6,1342.3,left,4,31.22
1783376783.6,1342.3,left,5,31.87
1783376783.6,1342.3,left,6,33.10
1783376783.6,1342.3,left,7,29.03
1783376783.6,1342.3,right,imu,31.83
1783376783.6,1342.3,right,0,26.67
1783376783.6,1342.3,right,1,27.17
1783376783.6,1342.3,right,2,29.54
1783376783.6,1342.3,right,3,31.44
1783376783.6,1342.3,right,4,30.75
1783376783.6,1342.3,right,5,31.44
1783376783.6,1342.3,right,6,31.52
1783376783.6,1342.3,right,7,29.03
1783376788.6,1347.4,left,imu,32.07
1783376788.6,1347.4,left,0,25.51
1783376788.6,1347.4,left,1,27.90
1783376788.6,1347.4,left,2,29.63
1783376788.6,1347.4,left,3,31.43
1783376788.6,1347.4,left,4,31.30
1783376788.6,1347.4,left,5,31.87
1783376788.6,1347.4,left,6,33.10
1783376788.6,1347.4,left,7,29.03
1783376788.6,1347.4,right,imu,31.83
1783376788.6,1347.4,right,0,26.67
1783376788.6,1347.4,right,1,27.09
1783376788.6,1347.4,right,2,29.54
1783376788.6,1347.4,right,3,31.44
1783376788.6,1347.4,right,4,30.82
1783376788.6,1347.4,right,5,31.44
1783376788.6,1347.4,right,6,31.52
1783376788.6,1347.4,right,7,29.03
1783376793.7,1352.4,left,imu,32.26
1783376793.7,1352.4,left,0,25.51
1783376793.7,1352.4,left,1,27.90
1783376793.7,1352.4,left,2,29.63
1783376793.7,1352.4,left,3,31.43
1783376793.7,1352.4,left,4,31.22
1783376793.7,1352.4,left,5,31.87
1783376793.7,1352.4,left,6,33.10
1783376793.7,1352.4,left,7,29.03
1783376793.7,1352.4,right,imu,32.17
1783376793.7,1352.4,right,0,26.67
1783376793.7,1352.4,right,1,27.17
1783376793.7,1352.4,right,2,29.54
1783376793.7,1352.4,right,3,31.44
1783376793.7,1352.4,right,4,30.75
1783376793.7,1352.4,right,5,31.44
1783376793.7,1352.4,right,6,31.52
1783376793.7,1352.4,right,7,29.03
1783376798.8,1357.5,left,imu,31.97
1783376798.8,1357.5,left,0,25.51
1783376798.8,1357.5,left,1,27.90
1783376798.8,1357.5,left,2,29.63
1783376798.8,1357.5,left,3,31.43
1783376798.8,1357.5,left,4,31.22
1783376798.8,1357.5,left,5,31.87
1783376798.8,1357.5,left,6,33.02
1783376798.8,1357.5,left,7,29.03
1783376798.8,1357.5,right,imu,31.83
1783376798.8,1357.5,right,0,26.67
1783376798.8,1357.5,right,1,27.17
1783376798.8,1357.5,right,2,29.47
1783376798.8,1357.5,right,3,31.44
1783376798.8,1357.5,right,4,30.75
1783376798.8,1357.5,right,5,31.37
1783376798.8,1357.5,right,6,31.52
1783376798.8,1357.5,right,7,29.03
1783376803.8,1362.6,left,imu,31.97
1783376803.8,1362.6,left,0,25.51
1783376803.8,1362.6,left,1,27.90
1783376803.8,1362.6,left,2,29.63
1783376803.8,1362.6,left,3,31.43
1783376803.8,1362.6,left,4,31.22
1783376803.8,1362.6,left,5,31.79
1783376803.8,1362.6,left,6,33.10
1783376803.8,1362.6,left,7,29.03
1783376803.8,1362.6,right,imu,31.83
1783376803.8,1362.6,right,0,26.59
1783376803.8,1362.6,right,1,27.17
1783376803.8,1362.6,right,2,29.47
1783376803.8,1362.6,right,3,31.44
1783376803.8,1362.6,right,4,30.75
1783376803.8,1362.6,right,5,31.37
1783376803.8,1362.6,right,6,31.52
1783376803.8,1362.6,right,7,29.03
1783376808.9,1367.6,left,imu,32.17
1783376808.9,1367.6,left,0,25.51
1783376808.9,1367.6,left,1,27.90
1783376808.9,1367.6,left,2,29.63
1783376808.9,1367.6,left,3,31.43
1783376808.9,1367.6,left,4,31.22
1783376808.9,1367.6,left,5,31.79
1783376808.9,1367.6,left,6,33.02
1783376808.9,1367.6,left,7,28.95
1783376808.9,1367.6,right,imu,31.78
1783376808.9,1367.6,right,0,26.59
1783376808.9,1367.6,right,1,27.09
1783376808.9,1367.6,right,2,29.47
1783376808.9,1367.6,right,3,31.44
1783376808.9,1367.6,right,4,30.75
1783376808.9,1367.6,right,5,31.37
1783376808.9,1367.6,right,6,31.52
1783376808.9,1367.6,right,7,29.03
1783376813.9,1372.7,left,imu,31.97
1783376813.9,1372.7,left,0,25.51
1783376813.9,1372.7,left,1,27.90
1783376813.9,1372.7,left,2,29.63
1783376813.9,1372.7,left,3,31.43
1783376813.9,1372.7,left,4,31.22
1783376813.9,1372.7,left,5,31.79
1783376813.9,1372.7,left,6,33.02
1783376813.9,1372.7,left,7,29.03
1783376813.9,1372.7,right,imu,32.26
1783376813.9,1372.7,right,0,26.59
1783376813.9,1372.7,right,1,27.17
1783376813.9,1372.7,right,2,29.47
1783376813.9,1372.7,right,3,31.44
1783376813.9,1372.7,right,4,30.68
1783376813.9,1372.7,right,5,31.44
1783376813.9,1372.7,right,6,31.52
1783376813.9,1372.7,right,7,29.03
1783376819.0,1377.8,left,imu,32.07
1783376819.0,1377.8,left,0,25.51
1783376819.0,1377.8,left,1,27.90
1783376819.0,1377.8,left,2,29.63
1783376819.0,1377.8,left,3,31.43
1783376819.0,1377.8,left,4,31.22
1783376819.0,1377.8,left,5,31.79
1783376819.0,1377.8,left,6,33.10
1783376819.0,1377.8,left,7,29.03
1783376819.0,1377.8,right,imu,32.07
1783376819.0,1377.8,right,0,26.59
1783376819.0,1377.8,right,1,27.17
1783376819.0,1377.8,right,2,29.47
1783376819.0,1377.8,right,3,31.44
1783376819.0,1377.8,right,4,30.68
1783376819.0,1377.8,right,5,31.37
1783376819.0,1377.8,right,6,31.52
1783376819.0,1377.8,right,7,29.03
1783376824.1,1382.8,left,imu,32.12
1783376824.1,1382.8,left,0,25.51
1783376824.1,1382.8,left,1,27.90
1783376824.1,1382.8,left,2,29.63
1783376824.1,1382.8,left,3,31.43
1783376824.1,1382.8,left,4,31.15
1783376824.1,1382.8,left,5,31.79
1783376824.1,1382.8,left,6,33.02
1783376824.1,1382.8,left,7,29.03
1783376824.1,1382.8,right,imu,31.97
1783376824.1,1382.8,right,0,26.59
1783376824.1,1382.8,right,1,27.09
1783376824.1,1382.8,right,2,29.47
1783376824.1,1382.8,right,3,31.36
1783376824.1,1382.8,right,4,30.68
1783376824.1,1382.8,right,5,31.37
1783376824.1,1382.8,right,6,31.52
1783376824.1,1382.8,right,7,29.03
1783376829.1,1387.9,left,imu,32.17
1783376829.1,1387.9,left,0,25.51
1783376829.1,1387.9,left,1,27.90
1783376829.1,1387.9,left,2,29.63
1783376829.1,1387.9,left,3,31.43
1783376829.1,1387.9,left,4,31.22
1783376829.1,1387.9,left,5,31.79
1783376829.1,1387.9,left,6,33.02
1783376829.1,1387.9,left,7,29.03
1783376829.1,1387.9,right,imu,32.07
1783376829.1,1387.9,right,0,26.59
1783376829.1,1387.9,right,1,27.17
1783376829.1,1387.9,right,2,29.54
1783376829.1,1387.9,right,3,31.44
1783376829.1,1387.9,right,4,30.68
1783376829.1,1387.9,right,5,31.37
1783376829.1,1387.9,right,6,31.52
1783376829.1,1387.9,right,7,29.03
1783376834.2,1393.0,left,imu,31.97
1783376834.2,1393.0,left,0,25.51
1783376834.2,1393.0,left,1,27.90
1783376834.2,1393.0,left,2,29.63
1783376834.2,1393.0,left,3,31.43
1783376834.2,1393.0,left,4,31.15
1783376834.2,1393.0,left,5,31.79
1783376834.2,1393.0,left,6,33.02
1783376834.2,1393.0,left,7,29.03
1783376834.2,1393.0,right,imu,31.83
1783376834.2,1393.0,right,0,26.67
1783376834.2,1393.0,right,1,27.17
1783376834.2,1393.0,right,2,29.47
1783376834.2,1393.0,right,3,31.44
1783376834.2,1393.0,right,4,30.60
1783376834.2,1393.0,right,5,31.37
1783376834.2,1393.0,right,6,31.52
1783376834.2,1393.0,right,7,29.03
1783376839.3,1398.0,left,imu,32.17
1783376839.3,1398.0,left,0,25.51
1783376839.3,1398.0,left,1,27.90
1783376839.3,1398.0,left,2,29.63
1783376839.3,1398.0,left,3,31.43
1783376839.3,1398.0,left,4,31.15
1783376839.3,1398.0,left,5,31.79
1783376839.3,1398.0,left,6,33.10
1783376839.3,1398.0,left,7,29.03
1783376839.3,1398.0,right,imu,31.97
1783376839.3,1398.0,right,0,26.59
1783376839.3,1398.0,right,1,27.17
1783376839.3,1398.0,right,2,29.54
1783376839.3,1398.0,right,3,31.44
1783376839.3,1398.0,right,4,30.68
1783376839.3,1398.0,right,5,31.37
1783376839.3,1398.0,right,6,31.52
1783376839.3,1398.0,right,7,29.03
1783376844.3,1403.1,left,imu,32.17
1783376844.3,1403.1,left,0,25.51
1783376844.3,1403.1,left,1,27.90
1783376844.3,1403.1,left,2,29.63
1783376844.3,1403.1,left,3,31.43
1783376844.3,1403.1,left,4,31.15
1783376844.3,1403.1,left,5,31.71
1783376844.3,1403.1,left,6,33.02
1783376844.3,1403.1,left,7,29.03
1783376844.3,1403.1,right,imu,32.17
1783376844.3,1403.1,right,0,26.59
1783376844.3,1403.1,right,1,27.09
1783376844.3,1403.1,right,2,29.47
1783376844.3,1403.1,right,3,31.36
1783376844.3,1403.1,right,4,30.60
1783376844.3,1403.1,right,5,31.37
1783376844.3,1403.1,right,6,31.52
1783376844.3,1403.1,right,7,29.03
1783376849.4,1408.2,left,imu,32.26
1783376849.4,1408.2,left,0,25.51
1783376849.4,1408.2,left,1,27.90
1783376849.4,1408.2,left,2,29.63
1783376849.4,1408.2,left,3,31.43
1783376849.4,1408.2,left,4,31.15
1783376849.4,1408.2,left,5,31.79
1783376849.4,1408.2,left,6,33.02
1783376849.4,1408.2,left,7,29.03
1783376849.4,1408.2,right,imu,31.93
1783376849.4,1408.2,right,0,26.59
1783376849.4,1408.2,right,1,27.17
1783376849.4,1408.2,right,2,29.47
1783376849.4,1408.2,right,3,31.44
1783376849.4,1408.2,right,4,30.60
1783376849.4,1408.2,right,5,31.37
1783376849.4,1408.2,right,6,31.52
1783376849.4,1408.2,right,7,29.03
1783376854.5,1413.2,left,imu,31.78
1783376854.5,1413.2,left,0,25.43
1783376854.5,1413.2,left,1,27.90
1783376854.5,1413.2,left,2,29.63
1783376854.5,1413.2,left,3,31.43
1783376854.5,1413.2,left,4,31.15
1783376854.5,1413.2,left,5,31.71
1783376854.5,1413.2,left,6,32.95
1783376854.5,1413.2,left,7,28.95
1783376854.5,1413.2,right,imu,31.97
1783376854.5,1413.2,right,0,26.52
1783376854.5,1413.2,right,1,27.09
1783376854.5,1413.2,right,2,29.47
1783376854.5,1413.2,right,3,31.36
1783376854.5,1413.2,right,4,30.60
1783376854.5,1413.2,right,5,31.37
1783376854.5,1413.2,right,6,31.52
1783376854.5,1413.2,right,7,29.03
1783376859.5,1418.3,left,imu,32.12
1783376859.5,1418.3,left,0,25.43
1783376859.5,1418.3,left,1,27.90
1783376859.5,1418.3,left,2,29.63
1783376859.5,1418.3,left,3,31.43
1783376859.5,1418.3,left,4,31.15
1783376859.5,1418.3,left,5,31.71
1783376859.5,1418.3,left,6,32.95
1783376859.5,1418.3,left,7,29.03
1783376859.5,1418.3,right,imu,31.93
1783376859.5,1418.3,right,0,26.52
1783376859.5,1418.3,right,1,27.17
1783376859.5,1418.3,right,2,29.54
1783376859.5,1418.3,right,3,31.36
1783376859.5,1418.3,right,4,30.60
1783376859.5,1418.3,right,5,31.37
1783376859.5,1418.3,right,6,31.52
1783376859.5,1418.3,right,7,29.03
1783376864.6,1423.4,left,imu,32.12
1783376864.6,1423.4,left,0,25.43
1783376864.6,1423.4,left,1,27.83
1783376864.6,1423.4,left,2,29.63
1783376864.6,1423.4,left,3,31.43
1783376864.6,1423.4,left,4,31.15
1783376864.6,1423.4,left,5,31.71
1783376864.6,1423.4,left,6,33.02
1783376864.6,1423.4,left,7,29.03
1783376864.6,1423.4,right,imu,31.93
1783376864.6,1423.4,right,0,26.44
1783376864.6,1423.4,right,1,27.09
1783376864.6,1423.4,right,2,29.47
1783376864.6,1423.4,right,3,31.36
1783376864.6,1423.4,right,4,30.60
1783376864.6,1423.4,right,5,31.37
1783376864.6,1423.4,right,6,31.52
1783376864.6,1423.4,right,7,29.03
1783376869.7,1428.4,left,imu,32.07
1783376869.7,1428.4,left,0,25.43
1783376869.7,1428.4,left,1,27.83
1783376869.7,1428.4,left,2,29.63
1783376869.7,1428.4,left,3,31.43
1783376869.7,1428.4,left,4,31.15
1783376869.7,1428.4,left,5,31.71
1783376869.7,1428.4,left,6,32.95
1783376869.7,1428.4,left,7,29.03
1783376869.7,1428.4,right,imu,32.07
1783376869.7,1428.4,right,0,26.44
1783376869.7,1428.4,right,1,27.09
1783376869.7,1428.4,right,2,29.47
1783376869.7,1428.4,right,3,31.36
1783376869.7,1428.4,right,4,30.60
1783376869.7,1428.4,right,5,31.37
1783376869.7,1428.4,right,6,31.52
1783376869.7,1428.4,right,7,29.03
1783376874.7,1433.5,left,imu,32.07
1783376874.7,1433.5,left,0,25.43
1783376874.7,1433.5,left,1,27.83
1783376874.7,1433.5,left,2,29.63
1783376874.7,1433.5,left,3,31.43
1783376874.7,1433.5,left,4,31.15
1783376874.7,1433.5,left,5,31.71
1783376874.7,1433.5,left,6,32.95
1783376874.7,1433.5,left,7,28.95
1783376874.7,1433.5,right,imu,31.97
1783376874.7,1433.5,right,0,26.44
1783376874.7,1433.5,right,1,27.09
1783376874.7,1433.5,right,2,29.47
1783376874.7,1433.5,right,3,31.28
1783376874.7,1433.5,right,4,30.60
1783376874.7,1433.5,right,5,31.37
1783376874.7,1433.5,right,6,31.52
1783376874.7,1433.5,right,7,29.03
1783376879.8,1438.6,left,imu,32.07
1783376879.8,1438.6,left,0,25.43
1783376879.8,1438.6,left,1,27.83
1783376879.8,1438.6,left,2,29.63
1783376879.8,1438.6,left,3,31.43
1783376879.8,1438.6,left,4,31.15
1783376879.8,1438.6,left,5,31.71
1783376879.8,1438.6,left,6,32.95
1783376879.8,1438.6,left,7,29.03
1783376879.8,1438.6,right,imu,32.17
1783376879.8,1438.6,right,0,26.44
1783376879.8,1438.6,right,1,27.09
1783376879.8,1438.6,right,2,29.47
1783376879.8,1438.6,right,3,31.28
1783376879.8,1438.6,right,4,30.60
1783376879.8,1438.6,right,5,31.37
1783376879.8,1438.6,right,6,31.52
1783376879.8,1438.6,right,7,29.03
1783376884.9,1443.6,left,imu,31.83
1783376884.9,1443.6,left,0,25.43
1783376884.9,1443.6,left,1,27.83
1783376884.9,1443.6,left,2,29.63
1783376884.9,1443.6,left,3,31.43
1783376884.9,1443.6,left,4,31.15
1783376884.9,1443.6,left,5,31.71
1783376884.9,1443.6,left,6,32.95
1783376884.9,1443.6,left,7,29.03
1783376884.9,1443.6,right,imu,31.78
1783376884.9,1443.6,right,0,26.44
1783376884.9,1443.6,right,1,27.09
1783376884.9,1443.6,right,2,29.47
1783376884.9,1443.6,right,3,31.28
1783376884.9,1443.6,right,4,30.60
1783376884.9,1443.6,right,5,31.37
1783376884.9,1443.6,right,6,31.52
1783376884.9,1443.6,right,7,29.03
1783376889.9,1448.7,left,imu,32.12
1783376889.9,1448.7,left,0,25.36
1783376889.9,1448.7,left,1,27.90
1783376889.9,1448.7,left,2,29.63
1783376889.9,1448.7,left,3,31.43
1783376889.9,1448.7,left,4,31.15
1783376889.9,1448.7,left,5,31.64
1783376889.9,1448.7,left,6,32.95
1783376889.9,1448.7,left,7,29.03
1783376889.9,1448.7,right,imu,31.93
1783376889.9,1448.7,right,0,26.44
1783376889.9,1448.7,right,1,27.09
1783376889.9,1448.7,right,2,29.39
1783376889.9,1448.7,right,3,31.28
1783376889.9,1448.7,right,4,30.60
1783376889.9,1448.7,right,5,31.37
1783376889.9,1448.7,right,6,31.52
1783376889.9,1448.7,right,7,29.03
1783376895.0,1453.8,left,imu,31.73
1783376895.0,1453.8,left,0,25.43
1783376895.0,1453.8,left,1,27.83
1783376895.0,1453.8,left,2,29.63
1783376895.0,1453.8,left,3,31.36
1783376895.0,1453.8,left,4,31.15
1783376895.0,1453.8,left,5,31.64
1783376895.0,1453.8,left,6,32.87
1783376895.0,1453.8,left,7,28.95
1783376895.0,1453.8,right,imu,31.93
1783376895.0,1453.8,right,0,26.44
1783376895.0,1453.8,right,1,27.09
1783376895.0,1453.8,right,2,29.47
1783376895.0,1453.8,right,3,31.28
1783376895.0,1453.8,right,4,30.60
1783376895.0,1453.8,right,5,31.37
1783376895.0,1453.8,right,6,31.52
1783376895.0,1453.8,right,7,29.03
1783376900.1,1458.8,left,imu,31.97
1783376900.1,1458.8,left,0,25.43
1783376900.1,1458.8,left,1,27.83
1783376900.1,1458.8,left,2,29.63
1783376900.1,1458.8,left,3,31.36
1783376900.1,1458.8,left,4,31.15
1783376900.1,1458.8,left,5,31.71
1783376900.1,1458.8,left,6,32.95
1783376900.1,1458.8,left,7,28.95
1783376900.1,1458.8,right,imu,32.17
1783376900.1,1458.8,right,0,26.44
1783376900.1,1458.8,right,1,27.09
1783376900.1,1458.8,right,2,29.39
1783376900.1,1458.8,right,3,31.28
1783376900.1,1458.8,right,4,30.52
1783376900.1,1458.8,right,5,31.37
1783376900.1,1458.8,right,6,31.52
1783376900.1,1458.8,right,7,29.03
1783376905.1,1463.9,left,imu,32.07
1783376905.1,1463.9,left,0,25.28
1783376905.1,1463.9,left,1,27.83
1783376905.1,1463.9,left,2,29.63
1783376905.1,1463.9,left,3,31.36
1783376905.1,1463.9,left,4,31.15
1783376905.1,1463.9,left,5,31.64
1783376905.1,1463.9,left,6,32.87
1783376905.1,1463.9,left,7,29.03
1783376905.1,1463.9,right,imu,31.97
1783376905.1,1463.9,right,0,26.44
1783376905.1,1463.9,right,1,27.09
1783376905.1,1463.9,right,2,29.47
1783376905.1,1463.9,right,3,31.28
1783376905.1,1463.9,right,4,30.60
1783376905.1,1463.9,right,5,31.37
1783376905.1,1463.9,right,6,31.52
1783376905.1,1463.9,right,7,29.03
1783376910.2,1469.0,left,imu,31.97
1783376910.2,1469.0,left,0,25.36
1783376910.2,1469.0,left,1,27.83
1783376910.2,1469.0,left,2,29.63
1783376910.2,1469.0,left,3,31.36
1783376910.2,1469.0,left,4,31.15
1783376910.2,1469.0,left,5,31.64
1783376910.2,1469.0,left,6,32.87
1783376910.2,1469.0,left,7,29.03
1783376910.2,1469.0,right,imu,31.97
1783376910.2,1469.0,right,0,26.44
1783376910.2,1469.0,right,1,27.02
1783376910.2,1469.0,right,2,29.47
1783376910.2,1469.0,right,3,31.28
1783376910.2,1469.0,right,4,30.60
1783376910.2,1469.0,right,5,31.37
1783376910.2,1469.0,right,6,31.52
1783376910.2,1469.0,right,7,29.03
1783376915.3,1474.0,left,imu,32.12
1783376915.3,1474.0,left,0,25.36
1783376915.3,1474.0,left,1,27.83
1783376915.3,1474.0,left,2,29.63
1783376915.3,1474.0,left,3,31.36
1783376915.3,1474.0,left,4,31.15
1783376915.3,1474.0,left,5,31.64
1783376915.3,1474.0,left,6,32.87
1783376915.3,1474.0,left,7,29.03
1783376915.3,1474.0,right,imu,32.07
1783376915.3,1474.0,right,0,26.44
1783376915.3,1474.0,right,1,27.02
1783376915.3,1474.0,right,2,29.47
1783376915.3,1474.0,right,3,31.28
1783376915.3,1474.0,right,4,30.52
1783376915.3,1474.0,right,5,31.37
1783376915.3,1474.0,right,6,31.52
1783376915.3,1474.0,right,7,29.03
1783376920.3,1479.1,left,imu,32.07
1783376920.3,1479.1,left,0,25.36
1783376920.3,1479.1,left,1,27.83
1783376920.3,1479.1,left,2,29.63
1783376920.3,1479.1,left,3,31.36
1783376920.3,1479.1,left,4,31.15
1783376920.3,1479.1,left,5,31.71
1783376920.3,1479.1,left,6,32.87
1783376920.3,1479.1,left,7,28.95
1783376920.3,1479.1,right,imu,31.97
1783376920.3,1479.1,right,0,26.44
1783376920.3,1479.1,right,1,27.09
1783376920.3,1479.1,right,2,29.47
1783376920.3,1479.1,right,3,31.21
1783376920.3,1479.1,right,4,30.60
1783376920.3,1479.1,right,5,31.37
1783376920.3,1479.1,right,6,31.52
1783376920.3,1479.1,right,7,29.03
1783376925.4,1484.1,left,imu,31.97
1783376925.4,1484.1,left,0,25.36
1783376925.4,1484.1,left,1,27.90
1783376925.4,1484.1,left,2,29.63
1783376925.4,1484.1,left,3,31.36
1783376925.4,1484.1,left,4,31.15
1783376925.4,1484.1,left,5,31.64
1783376925.4,1484.1,left,6,32.87
1783376925.4,1484.1,left,7,29.03
1783376925.4,1484.1,right,imu,31.97
1783376925.4,1484.1,right,0,26.44
1783376925.4,1484.1,right,1,27.09
1783376925.4,1484.1,right,2,29.47
1783376925.4,1484.1,right,3,31.21
1783376925.4,1484.1,right,4,30.52
1783376925.4,1484.1,right,5,31.37
1783376925.4,1484.1,right,6,31.52
1783376925.4,1484.1,right,7,29.03
1783376930.5,1489.2,left,imu,31.78
1783376930.5,1489.2,left,0,25.43
1783376930.5,1489.2,left,1,27.83
1783376930.5,1489.2,left,2,29.63
1783376930.5,1489.2,left,3,31.36
1783376930.5,1489.2,left,4,31.15
1783376930.5,1489.2,left,5,31.64
1783376930.5,1489.2,left,6,32.87
1783376930.5,1489.2,left,7,29.03
1783376930.5,1489.2,right,imu,31.64
1783376930.5,1489.2,right,0,26.44
1783376930.5,1489.2,right,1,27.09
1783376930.5,1489.2,right,2,29.39
1783376930.5,1489.2,right,3,31.28
1783376930.5,1489.2,right,4,30.52
1783376930.5,1489.2,right,5,31.37
1783376930.5,1489.2,right,6,31.52
1783376930.5,1489.2,right,7,28.95
1783376935.5,1494.3,left,imu,31.97
1783376935.5,1494.3,left,0,25.43
1783376935.5,1494.3,left,1,27.83
1783376935.5,1494.3,left,2,29.63
1783376935.5,1494.3,left,3,31.36
1783376935.5,1494.3,left,4,31.15
1783376935.5,1494.3,left,5,31.64
1783376935.5,1494.3,left,6,32.87
1783376935.5,1494.3,left,7,29.03
1783376935.5,1494.3,right,imu,31.93
1783376935.5,1494.3,right,0,26.44
1783376935.5,1494.3,right,1,27.09
1783376935.5,1494.3,right,2,29.47
1783376935.5,1494.3,right,3,31.28
1783376935.5,1494.3,right,4,30.52
1783376935.5,1494.3,right,5,31.29
1783376935.5,1494.3,right,6,31.52
1783376935.5,1494.3,right,7,28.95
1783376940.6,1499.3,left,imu,31.83
1783376940.6,1499.3,left,0,25.43
1783376940.6,1499.3,left,1,27.83
1783376940.6,1499.3,left,2,29.63
1783376940.6,1499.3,left,3,31.36
1783376940.6,1499.3,left,4,31.15
1783376940.6,1499.3,left,5,31.64
1783376940.6,1499.3,left,6,32.87
1783376940.6,1499.3,left,7,29.03
1783376940.6,1499.3,right,imu,31.97
1783376940.6,1499.3,right,0,26.44
1783376940.6,1499.3,right,1,27.09
1783376940.6,1499.3,right,2,29.39
1783376940.6,1499.3,right,3,31.21
1783376940.6,1499.3,right,4,30.52
1783376940.6,1499.3,right,5,31.29
1783376940.6,1499.3,right,6,31.52
1783376940.6,1499.3,right,7,28.95
1783376945.7,1504.4,left,imu,32.07
1783376945.7,1504.4,left,0,25.51
1783376945.7,1504.4,left,1,27.83
1783376945.7,1504.4,left,2,29.63
1783376945.7,1504.4,left,3,31.36
1783376945.7,1504.4,left,4,31.15
1783376945.7,1504.4,left,5,31.64
1783376945.7,1504.4,left,6,32.87
1783376945.7,1504.4,left,7,29.03
1783376945.7,1504.4,right,imu,31.73
1783376945.7,1504.4,right,0,26.52
1783376945.7,1504.4,right,1,27.09
1783376945.7,1504.4,right,2,29.47
1783376945.7,1504.4,right,3,31.28
1783376945.7,1504.4,right,4,30.52
1783376945.7,1504.4,right,5,31.37
1783376945.7,1504.4,right,6,31.52
1783376945.7,1504.4,right,7,28.95
1783376950.7,1509.5,left,imu,31.83
1783376950.7,1509.5,left,0,25.51
1783376950.7,1509.5,left,1,27.83
1783376950.7,1509.5,left,2,29.63
1783376950.7,1509.5,left,3,31.36
1783376950.7,1509.5,left,4,31.15
1783376950.7,1509.5,left,5,31.64
1783376950.7,1509.5,left,6,32.87
1783376950.7,1509.5,left,7,29.03
1783376950.7,1509.5,right,imu,31.93
1783376950.7,1509.5,right,0,26.52
1783376950.7,1509.5,right,1,27.09
1783376950.7,1509.5,right,2,29.47
1783376950.7,1509.5,right,3,31.28
1783376950.7,1509.5,right,4,30.52
1783376950.7,1509.5,right,5,31.29
1783376950.7,1509.5,right,6,31.45
1783376950.7,1509.5,right,7,29.03
1783376955.8,1514.5,left,imu,32.07
1783376955.8,1514.5,left,0,25.51
1783376955.8,1514.5,left,1,27.83
1783376955.8,1514.5,left,2,29.63
1783376955.8,1514.5,left,3,31.36
1783376955.8,1514.5,left,4,31.15
1783376955.8,1514.5,left,5,31.64
1783376955.8,1514.5,left,6,32.87
1783376955.8,1514.5,left,7,28.95
1783376955.8,1514.5,right,imu,32.07
1783376955.8,1514.5,right,0,26.52
1783376955.8,1514.5,right,1,27.09
1783376955.8,1514.5,right,2,29.39
1783376955.8,1514.5,right,3,31.28
1783376955.8,1514.5,right,4,30.52
1783376955.8,1514.5,right,5,31.29
1783376955.8,1514.5,right,6,31.45
1783376955.8,1514.5,right,7,29.03
1783376960.8,1519.6,left,imu,31.97
1783376960.8,1519.6,left,0,25.51
1783376960.8,1519.6,left,1,27.83
1783376960.8,1519.6,left,2,29.63
1783376960.8,1519.6,left,3,31.36
1783376960.8,1519.6,left,4,31.15
1783376960.8,1519.6,left,5,31.64
1783376960.8,1519.6,left,6,32.79
1783376960.8,1519.6,left,7,29.03
1783376960.8,1519.6,right,imu,31.97
1783376960.8,1519.6,right,0,26.59
1783376960.8,1519.6,right,1,27.09
1783376960.8,1519.6,right,2,29.39
1783376960.8,1519.6,right,3,31.28
1783376960.8,1519.6,right,4,30.52
1783376960.8,1519.6,right,5,31.29
1783376960.8,1519.6,right,6,31.52
1783376960.8,1519.6,right,7,28.95
1783376965.9,1524.7,left,imu,32.17
1783376965.9,1524.7,left,0,25.43
1783376965.9,1524.7,left,1,27.90
1783376965.9,1524.7,left,2,29.63
1783376965.9,1524.7,left,3,31.36
1783376965.9,1524.7,left,4,31.15
1783376965.9,1524.7,left,5,31.56
1783376965.9,1524.7,left,6,32.87
1783376965.9,1524.7,left,7,28.95
1783376965.9,1524.7,right,imu,31.78
1783376965.9,1524.7,right,0,26.52
1783376965.9,1524.7,right,1,27.09
1783376965.9,1524.7,right,2,29.39
1783376965.9,1524.7,right,3,31.21
1783376965.9,1524.7,right,4,30.52
1783376965.9,1524.7,right,5,31.37
1783376965.9,1524.7,right,6,31.52
1783376965.9,1524.7,right,7,28.95
1783376971.0,1529.7,left,imu,31.93
1783376971.0,1529.7,left,0,25.43
1783376971.0,1529.7,left,1,27.83
1783376971.0,1529.7,left,2,29.63
1783376971.0,1529.7,left,3,31.36
1783376971.0,1529.7,left,4,31.15
1783376971.0,1529.7,left,5,31.64
1783376971.0,1529.7,left,6,32.79
1783376971.0,1529.7,left,7,29.03
1783376971.0,1529.7,right,imu,31.97
1783376971.0,1529.7,right,0,26.59
1783376971.0,1529.7,right,1,27.17
1783376971.0,1529.7,right,2,29.47
1783376971.0,1529.7,right,3,31.28
1783376971.0,1529.7,right,4,30.52
1783376971.0,1529.7,right,5,31.29
1783376971.0,1529.7,right,6,31.52
1783376971.0,1529.7,right,7,28.95
1783376976.0,1534.8,left,imu,31.78
1783376976.0,1534.8,left,0,25.51
1783376976.0,1534.8,left,1,27.83
1783376976.0,1534.8,left,2,29.63
1783376976.0,1534.8,left,3,31.36
1783376976.0,1534.8,left,4,31.15
1783376976.0,1534.8,left,5,31.64
1783376976.0,1534.8,left,6,32.79
1783376976.0,1534.8,left,7,29.03
1783376976.0,1534.8,right,imu,31.78
1783376976.0,1534.8,right,0,26.59
1783376976.0,1534.8,right,1,27.09
1783376976.0,1534.8,right,2,29.47
1783376976.0,1534.8,right,3,31.28
1783376976.0,1534.8,right,4,30.52
1783376976.0,1534.8,right,5,31.29
1783376976.0,1534.8,right,6,31.52
1783376976.0,1534.8,right,7,28.88
1783376981.1,1539.8,left,imu,31.97
1783376981.1,1539.8,left,0,25.51
1783376981.1,1539.8,left,1,27.83
1783376981.1,1539.8,left,2,29.63
1783376981.1,1539.8,left,3,31.36
1783376981.1,1539.8,left,4,31.15
1783376981.1,1539.8,left,5,31.64
1783376981.1,1539.8,left,6,32.87
1783376981.1,1539.8,left,7,29.03
1783376981.1,1539.8,right,imu,31.93
1783376981.1,1539.8,right,0,26.59
1783376981.1,1539.8,right,1,27.17
1783376981.1,1539.8,right,2,29.47
1783376981.1,1539.8,right,3,31.21
1783376981.1,1539.8,right,4,30.45
1783376981.1,1539.8,right,5,31.29
1783376981.1,1539.8,right,6,31.45
1783376981.1,1539.8,right,7,28.95
1783376986.2,1544.9,left,imu,32.07
1783376986.2,1544.9,left,0,25.43
1783376986.2,1544.9,left,1,27.83
1783376986.2,1544.9,left,2,29.63
1783376986.2,1544.9,left,3,31.36
1783376986.2,1544.9,left,4,31.07
1783376986.2,1544.9,left,5,31.56
1783376986.2,1544.9,left,6,32.87
1783376986.2,1544.9,left,7,29.03
1783376986.2,1544.9,right,imu,32.07
1783376986.2,1544.9,right,0,26.59
1783376986.2,1544.9,right,1,27.09
1783376986.2,1544.9,right,2,29.39
1783376986.2,1544.9,right,3,31.21
1783376986.2,1544.9,right,4,30.45
1783376986.2,1544.9,right,5,31.29
1783376986.2,1544.9,right,6,31.52
1783376986.2,1544.9,right,7,28.88
1783376991.2,1550.0,left,imu,32.12
1783376991.2,1550.0,left,0,25.43
1783376991.2,1550.0,left,1,27.83
1783376991.2,1550.0,left,2,29.63
1783376991.2,1550.0,left,3,31.36
1783376991.2,1550.0,left,4,31.15
1783376991.2,1550.0,left,5,31.56
1783376991.2,1550.0,left,6,32.79
1783376991.2,1550.0,left,7,29.03
1783376991.2,1550.0,right,imu,31.97
1783376991.2,1550.0,right,0,26.52
1783376991.2,1550.0,right,1,27.09
1783376991.2,1550.0,right,2,29.47
1783376991.2,1550.0,right,3,31.21
1783376991.2,1550.0,right,4,30.45
1783376991.2,1550.0,right,5,31.29
1783376991.2,1550.0,right,6,31.52
1783376991.2,1550.0,right,7,28.88
1783376996.3,1555.0,left,imu,31.93
1783376996.3,1555.0,left,0,25.43
1783376996.3,1555.0,left,1,27.90
1783376996.3,1555.0,left,2,29.63
1783376996.3,1555.0,left,3,31.36
1783376996.3,1555.0,left,4,31.07
1783376996.3,1555.0,left,5,31.56
1783376996.3,1555.0,left,6,32.79
1783376996.3,1555.0,left,7,28.95
1783376996.3,1555.0,right,imu,31.78
1783376996.3,1555.0,right,0,26.59
1783376996.3,1555.0,right,1,27.09
1783376996.3,1555.0,right,2,29.47
1783376996.3,1555.0,right,3,31.21
1783376996.3,1555.0,right,4,30.45
1783376996.3,1555.0,right,5,31.29
1783376996.3,1555.0,right,6,31.52
1783376996.3,1555.0,right,7,28.88
1783377001.4,1560.1,left,imu,31.97
1783377001.4,1560.1,left,0,25.43
1783377001.4,1560.1,left,1,27.83
1783377001.4,1560.1,left,2,29.63
1783377001.4,1560.1,left,3,31.36
1783377001.4,1560.1,left,4,31.07
1783377001.4,1560.1,left,5,31.56
1783377001.4,1560.1,left,6,32.79
1783377001.4,1560.1,left,7,29.03
1783377001.4,1560.1,right,imu,31.93
1783377001.4,1560.1,right,0,26.59
1783377001.4,1560.1,right,1,27.09
1783377001.4,1560.1,right,2,29.47
1783377001.4,1560.1,right,3,31.21
1783377001.4,1560.1,right,4,30.45
1783377001.4,1560.1,right,5,31.29
1783377001.4,1560.1,right,6,31.52
1783377001.4,1560.1,right,7,28.88
1783377006.4,1565.2,left,imu,31.78
1783377006.4,1565.2,left,0,25.43
1783377006.4,1565.2,left,1,27.83
1783377006.4,1565.2,left,2,29.63
1783377006.4,1565.2,left,3,31.36
1783377006.4,1565.2,left,4,31.07
1783377006.4,1565.2,left,5,31.56
1783377006.4,1565.2,left,6,32.79
1783377006.4,1565.2,left,7,29.03
1783377006.4,1565.2,right,imu,31.93
1783377006.4,1565.2,right,0,26.44
1783377006.4,1565.2,right,1,27.09
1783377006.4,1565.2,right,2,29.39
1783377006.4,1565.2,right,3,31.13
1783377006.4,1565.2,right,4,30.52
1783377006.4,1565.2,right,5,31.29
1783377006.4,1565.2,right,6,31.45
1783377006.4,1565.2,right,7,28.88
1783377011.5,1570.2,left,imu,32.07
1783377011.5,1570.2,left,0,25.36
1783377011.5,1570.2,left,1,27.83
1783377011.5,1570.2,left,2,29.63
1783377011.5,1570.2,left,3,31.28
1783377011.5,1570.2,left,4,31.07
1783377011.5,1570.2,left,5,31.48
1783377011.5,1570.2,left,6,32.79
1783377011.5,1570.2,left,7,29.03
1783377011.5,1570.2,right,imu,32.12
1783377011.5,1570.2,right,0,26.44
1783377011.5,1570.2,right,1,27.09
1783377011.5,1570.2,right,2,29.47
1783377011.5,1570.2,right,3,31.13
1783377011.5,1570.2,right,4,30.45
1783377011.5,1570.2,right,5,31.29
1783377011.5,1570.2,right,6,31.45
1783377011.5,1570.2,right,7,28.88
1783377016.6,1575.3,left,imu,31.97
1783377016.6,1575.3,left,0,25.36
1783377016.6,1575.3,left,1,27.90
1783377016.6,1575.3,left,2,29.63
1783377016.6,1575.3,left,3,31.36
1783377016.6,1575.3,left,4,30.99
1783377016.6,1575.3,left,5,31.48
1783377016.6,1575.3,left,6,32.79
1783377016.6,1575.3,left,7,29.03
1783377016.6,1575.3,right,imu,31.97
1783377016.6,1575.3,right,0,26.52
1783377016.6,1575.3,right,1,27.09
1783377016.6,1575.3,right,2,29.47
1783377016.6,1575.3,right,3,31.13
1783377016.6,1575.3,right,4,30.45
1783377016.6,1575.3,right,5,31.29
1783377016.6,1575.3,right,6,31.45
1783377016.6,1575.3,right,7,28.88
1783377021.6,1580.4,left,imu,32.17
1783377021.6,1580.4,left,0,25.36
1783377021.6,1580.4,left,1,27.83
1783377021.6,1580.4,left,2,29.63
1783377021.6,1580.4,left,3,31.28
1783377021.6,1580.4,left,4,31.07
1783377021.6,1580.4,left,5,31.48
1783377021.6,1580.4,left,6,32.79
1783377021.6,1580.4,left,7,29.03
1783377021.6,1580.4,right,imu,31.78
1783377021.6,1580.4,right,0,26.52
1783377021.6,1580.4,right,1,27.09
1783377021.6,1580.4,right,2,29.47
1783377021.6,1580.4,right,3,31.21
1783377021.6,1580.4,right,4,30.45
1783377021.6,1580.4,right,5,31.29
1783377021.6,1580.4,right,6,31.45
1783377021.6,1580.4,right,7,28.88
1783377026.7,1585.4,left,imu,32.07
1783377026.7,1585.4,left,0,25.43
1783377026.7,1585.4,left,1,27.83
1783377026.7,1585.4,left,2,29.63
1783377026.7,1585.4,left,3,31.28
1783377026.7,1585.4,left,4,30.99
1783377026.7,1585.4,left,5,31.56
1783377026.7,1585.4,left,6,32.79
1783377026.7,1585.4,left,7,29.03
1783377026.7,1585.4,right,imu,31.73
1783377026.7,1585.4,right,0,26.52
1783377026.7,1585.4,right,1,27.09
1783377026.7,1585.4,right,2,29.47
1783377026.7,1585.4,right,3,31.13
1783377026.7,1585.4,right,4,30.45
1783377026.7,1585.4,right,5,31.29
1783377026.7,1585.4,right,6,31.37
1783377026.7,1585.4,right,7,28.88
1783377031.7,1590.5,left,imu,31.97
1783377031.7,1590.5,left,0,25.43
1783377031.7,1590.5,left,1,27.90
1783377031.7,1590.5,left,2,29.63
1783377031.7,1590.5,left,3,31.28
1783377031.7,1590.5,left,4,31.07
1783377031.7,1590.5,left,5,31.56
1783377031.7,1590.5,left,6,32.87
1783377031.7,1590.5,left,7,28.95
1783377031.7,1590.5,right,imu,31.97
1783377031.7,1590.5,right,0,26.44
1783377031.7,1590.5,right,1,27.09
1783377031.7,1590.5,right,2,29.47
1783377031.7,1590.5,right,3,31.13
1783377031.7,1590.5,right,4,30.45
1783377031.7,1590.5,right,5,31.29
1783377031.7,1590.5,right,6,31.45
1783377031.7,1590.5,right,7,28.88
1783377036.8,1595.6,left,imu,32.17
1783377036.8,1595.6,left,0,25.36
1783377036.8,1595.6,left,1,27.83
1783377036.8,1595.6,left,2,29.63
1783377036.8,1595.6,left,3,31.28
1783377036.8,1595.6,left,4,30.99
1783377036.8,1595.6,left,5,31.48
1783377036.8,1595.6,left,6,32.79
1783377036.8,1595.6,left,7,28.95
1783377036.8,1595.6,right,imu,32.26
1783377036.8,1595.6,right,0,26.44
1783377036.8,1595.6,right,1,27.09
1783377036.8,1595.6,right,2,29.47
1783377036.8,1595.6,right,3,31.21
1783377036.8,1595.6,right,4,30.45
1783377036.8,1595.6,right,5,31.29
1783377036.8,1595.6,right,6,31.45
1783377036.8,1595.6,right,7,28.88
1783377041.9,1600.6,left,imu,31.93
1783377041.9,1600.6,left,0,25.28
1783377041.9,1600.6,left,1,27.83
1783377041.9,1600.6,left,2,29.63
1783377041.9,1600.6,left,3,31.28
1783377041.9,1600.6,left,4,31.07
1783377041.9,1600.6,left,5,31.48
1783377041.9,1600.6,left,6,32.79
1783377041.9,1600.6,left,7,28.95
1783377041.9,1600.6,right,imu,32.12
1783377041.9,1600.6,right,0,26.44
1783377041.9,1600.6,right,1,27.09
1783377041.9,1600.6,right,2,29.39
1783377041.9,1600.6,right,3,31.13
1783377041.9,1600.6,right,4,30.45
1783377041.9,1600.6,right,5,31.29
1783377041.9,1600.6,right,6,31.45
1783377041.9,1600.6,right,7,28.88
1783377046.9,1605.7,left,imu,31.97
1783377046.9,1605.7,left,0,25.28
1783377046.9,1605.7,left,1,27.83
1783377046.9,1605.7,left,2,29.63
1783377046.9,1605.7,left,3,31.28
1783377046.9,1605.7,left,4,30.99
1783377046.9,1605.7,left,5,31.48
1783377046.9,1605.7,left,6,32.79
1783377046.9,1605.7,left,7,29.03
1783377046.9,1605.7,right,imu,31.97
1783377046.9,1605.7,right,0,26.44
1783377046.9,1605.7,right,1,27.09
1783377046.9,1605.7,right,2,29.39
1783377046.9,1605.7,right,3,31.13
1783377046.9,1605.7,right,4,30.37
1783377046.9,1605.7,right,5,31.29
1783377046.9,1605.7,right,6,31.37
1783377046.9,1605.7,right,7,28.88
1783377052.0,1610.8,left,imu,31.97
1783377052.0,1610.8,left,0,25.28
1783377052.0,1610.8,left,1,27.83
1783377052.0,1610.8,left,2,29.63
1783377052.0,1610.8,left,3,31.20
1783377052.0,1610.8,left,4,30.99
1783377052.0,1610.8,left,5,31.48
1783377052.0,1610.8,left,6,32.79
1783377052.0,1610.8,left,7,29.03
1783377052.0,1610.8,right,imu,31.93
1783377052.0,1610.8,right,0,26.52
1783377052.0,1610.8,right,1,27.09
1783377052.0,1610.8,right,2,29.39
1783377052.0,1610.8,right,3,31.13
1783377052.0,1610.8,right,4,30.45
1783377052.0,1610.8,right,5,31.29
1783377052.0,1610.8,right,6,31.37
1783377052.0,1610.8,right,7,28.88
1783377057.1,1615.8,left,imu,32.07
1783377057.1,1615.8,left,0,25.36
1783377057.1,1615.8,left,1,27.83
1783377057.1,1615.8,left,2,29.63
1783377057.1,1615.8,left,3,31.13
1783377057.1,1615.8,left,4,30.99
1783377057.1,1615.8,left,5,31.48
1783377057.1,1615.8,left,6,32.79
1783377057.1,1615.8,left,7,29.03
1783377057.1,1615.8,right,imu,31.97
1783377057.1,1615.8,right,0,26.44
1783377057.1,1615.8,right,1,27.09
1783377057.1,1615.8,right,2,29.32
1783377057.1,1615.8,right,3,31.13
1783377057.1,1615.8,right,4,30.45
1783377057.1,1615.8,right,5,31.29
1783377057.1,1615.8,right,6,31.37
1783377057.1,1615.8,right,7,28.88
1783377062.1,1620.9,left,imu,32.17
1783377062.1,1620.9,left,0,25.36
1783377062.1,1620.9,left,1,27.83
1783377062.1,1620.9,left,2,29.63
1783377062.1,1620.9,left,3,31.20
1783377062.1,1620.9,left,4,30.99
1783377062.1,1620.9,left,5,31.48
1783377062.1,1620.9,left,6,32.79
1783377062.1,1620.9,left,7,29.03
1783377062.1,1620.9,right,imu,31.83
1783377062.1,1620.9,right,0,26.44
1783377062.1,1620.9,right,1,27.09
1783377062.1,1620.9,right,2,29.32
1783377062.1,1620.9,right,3,31.05
1783377062.1,1620.9,right,4,30.37
1783377062.1,1620.9,right,5,31.29
1783377062.1,1620.9,right,6,31.37
1783377062.1,1620.9,right,7,28.88
1783377067.2,1626.0,left,imu,31.93
1783377067.2,1626.0,left,0,25.28
1783377067.2,1626.0,left,1,27.90
1783377067.2,1626.0,left,2,29.63
1783377067.2,1626.0,left,3,31.20
1783377067.2,1626.0,left,4,30.99
1783377067.2,1626.0,left,5,31.48
1783377067.2,1626.0,left,6,32.79
1783377067.2,1626.0,left,7,29.03
1783377067.2,1626.0,right,imu,31.78
1783377067.2,1626.0,right,0,26.44
1783377067.2,1626.0,right,1,27.02
1783377067.2,1626.0,right,2,29.32
1783377067.2,1626.0,right,3,31.13
1783377067.2,1626.0,right,4,30.37
1783377067.2,1626.0,right,5,31.29
1783377067.2,1626.0,right,6,31.29
1783377067.2,1626.0,right,7,28.88
1783377072.3,1631.0,left,imu,31.83
1783377072.3,1631.0,left,0,25.28
1783377072.3,1631.0,left,1,27.83
1783377072.3,1631.0,left,2,29.63
1783377072.3,1631.0,left,3,31.13
1783377072.3,1631.0,left,4,30.99
1783377072.3,1631.0,left,5,31.48
1783377072.3,1631.0,left,6,32.79
1783377072.3,1631.0,left,7,29.03
1783377072.3,1631.0,right,imu,32.07
1783377072.3,1631.0,right,0,26.44
1783377072.3,1631.0,right,1,27.02
1783377072.3,1631.0,right,2,29.24
1783377072.3,1631.0,right,3,31.13
1783377072.3,1631.0,right,4,30.37
1783377072.3,1631.0,right,5,31.29
1783377072.3,1631.0,right,6,31.29
1783377072.3,1631.0,right,7,28.88
1783377077.3,1636.1,left,imu,31.97
1783377077.3,1636.1,left,0,25.28
1783377077.3,1636.1,left,1,27.83
1783377077.3,1636.1,left,2,29.63
1783377077.3,1636.1,left,3,31.13
1783377077.3,1636.1,left,4,30.99
1783377077.3,1636.1,left,5,31.48
1783377077.3,1636.1,left,6,32.79
1783377077.3,1636.1,left,7,28.95
1783377077.3,1636.1,right,imu,31.83
1783377077.3,1636.1,right,0,26.44
1783377077.3,1636.1,right,1,27.02
1783377077.3,1636.1,right,2,29.39
1783377077.3,1636.1,right,3,31.13
1783377077.3,1636.1,right,4,30.37
1783377077.3,1636.1,right,5,31.29
1783377077.3,1636.1,right,6,31.21
1783377077.3,1636.1,right,7,28.88
1783377082.4,1641.1,left,imu,31.83
1783377082.4,1641.1,left,0,25.28
1783377082.4,1641.1,left,1,27.90
1783377082.4,1641.1,left,2,29.63
1783377082.4,1641.1,left,3,31.13
1783377082.4,1641.1,left,4,30.99
1783377082.4,1641.1,left,5,31.48
1783377082.4,1641.1,left,6,32.79
1783377082.4,1641.1,left,7,29.03
1783377082.4,1641.1,right,imu,31.78
1783377082.4,1641.1,right,0,26.52
1783377082.4,1641.1,right,1,27.02
1783377082.4,1641.1,right,2,29.32
1783377082.4,1641.1,right,3,31.05
1783377082.4,1641.1,right,4,30.30
1783377082.4,1641.1,right,5,31.29
1783377082.4,1641.1,right,6,31.29
1783377082.4,1641.1,right,7,28.88
1783377087.5,1646.2,left,imu,31.83
1783377087.5,1646.2,left,0,25.28
1783377087.5,1646.2,left,1,27.75
1783377087.5,1646.2,left,2,29.63
1783377087.5,1646.2,left,3,31.13
1783377087.5,1646.2,left,4,30.99
1783377087.5,1646.2,left,5,31.48
1783377087.5,1646.2,left,6,32.71
1783377087.5,1646.2,left,7,28.95
1783377087.5,1646.2,right,imu,31.93
1783377087.5,1646.2,right,0,26.44
1783377087.5,1646.2,right,1,27.02
1783377087.5,1646.2,right,2,29.32
1783377087.5,1646.2,right,3,31.05
1783377087.5,1646.2,right,4,30.37
1783377087.5,1646.2,right,5,31.29
1783377087.5,1646.2,right,6,31.29
1783377087.5,1646.2,right,7,28.88
1783377092.5,1651.3,left,imu,31.97
1783377092.5,1651.3,left,0,25.28
1783377092.5,1651.3,left,1,27.83
1783377092.5,1651.3,left,2,29.63
1783377092.5,1651.3,left,3,31.13
1783377092.5,1651.3,left,4,30.99
1783377092.5,1651.3,left,5,31.41
1783377092.5,1651.3,left,6,32.79
1783377092.5,1651.3,left,7,29.03
1783377092.5,1651.3,right,imu,31.83
1783377092.5,1651.3,right,0,26.44
1783377092.5,1651.3,right,1,27.09
1783377092.5,1651.3,right,2,29.39
1783377092.5,1651.3,right,3,31.13
1783377092.5,1651.3,right,4,30.37
1783377092.5,1651.3,right,5,31.29
1783377092.5,1651.3,right,6,31.29
1783377092.5,1651.3,right,7,28.95
1783377097.6,1656.3,left,imu,31.97
1783377097.6,1656.3,left,0,25.43
1783377097.6,1656.3,left,1,27.83
1783377097.6,1656.3,left,2,29.63
1783377097.6,1656.3,left,3,31.13
1783377097.6,1656.3,left,4,30.99
1783377097.6,1656.3,left,5,31.48
1783377097.6,1656.3,left,6,32.79
1783377097.6,1656.3,left,7,28.95
1783377097.6,1656.3,right,imu,32.07
1783377097.6,1656.3,right,0,26.44
1783377097.6,1656.3,right,1,27.02
1783377097.6,1656.3,right,2,29.32
1783377097.6,1656.3,right,3,31.05
1783377097.6,1656.3,right,4,30.30
1783377097.6,1656.3,right,5,31.21
1783377097.6,1656.3,right,6,31.21
1783377097.6,1656.3,right,7,28.88
1783377102.7,1661.4,left,imu,31.73
1783377102.7,1661.4,left,0,25.36
1783377102.7,1661.4,left,1,27.83
1783377102.7,1661.4,left,2,29.63
1783377102.7,1661.4,left,3,31.13
1783377102.7,1661.4,left,4,30.99
1783377102.7,1661.4,left,5,31.48
1783377102.7,1661.4,left,6,32.71
1783377102.7,1661.4,left,7,28.95
1783377102.7,1661.4,right,imu,31.93
1783377102.7,1661.4,right,0,26.44
1783377102.7,1661.4,right,1,27.09
1783377102.7,1661.4,right,2,29.39
1783377102.7,1661.4,right,3,31.13
1783377102.7,1661.4,right,4,30.30
1783377102.7,1661.4,right,5,31.29
1783377102.7,1661.4,right,6,31.29
1783377102.7,1661.4,right,7,28.88
1783377107.7,1666.5,left,imu,31.93
1783377107.7,1666.5,left,0,25.43
1783377107.7,1666.5,left,1,27.90
1783377107.7,1666.5,left,2,29.63
1783377107.7,1666.5,left,3,31.13
1783377107.7,1666.5,left,4,30.99
1783377107.7,1666.5,left,5,31.48
1783377107.7,1666.5,left,6,32.71
1783377107.7,1666.5,left,7,29.03
1783377107.7,1666.5,right,imu,31.78
1783377107.7,1666.5,right,0,26.52
1783377107.7,1666.5,right,1,27.09
1783377107.7,1666.5,right,2,29.32
1783377107.7,1666.5,right,3,31.13
1783377107.7,1666.5,right,4,30.30
1783377107.7,1666.5,right,5,31.29
1783377107.7,1666.5,right,6,31.29
1783377107.7,1666.5,right,7,28.88
1783377112.8,1671.5,left,imu,31.97
1783377112.8,1671.5,left,0,25.36
1783377112.8,1671.5,left,1,27.83
1783377112.8,1671.5,left,2,29.63
1783377112.8,1671.5,left,3,31.13
1783377112.8,1671.5,left,4,30.99
1783377112.8,1671.5,left,5,31.48
1783377112.8,1671.5,left,6,32.79
1783377112.8,1671.5,left,7,28.95
1783377112.8,1671.5,right,imu,31.73
1783377112.8,1671.5,right,0,26.44
1783377112.8,1671.5,right,1,27.09
1783377112.8,1671.5,right,2,29.24
1783377112.8,1671.5,right,3,31.05
1783377112.8,1671.5,right,4,30.37
1783377112.8,1671.5,right,5,31.21
1783377112.8,1671.5,right,6,31.29
1783377112.8,1671.5,right,7,28.88
1783377117.9,1676.6,left,imu,32.07
1783377117.9,1676.6,left,0,25.36
1783377117.9,1676.6,left,1,27.83
1783377117.9,1676.6,left,2,29.63
1783377117.9,1676.6,left,3,31.13
1783377117.9,1676.6,left,4,30.99
1783377117.9,1676.6,left,5,31.48
1783377117.9,1676.6,left,6,32.79
1783377117.9,1676.6,left,7,28.95
1783377117.9,1676.6,right,imu,31.97
1783377117.9,1676.6,right,0,26.44
1783377117.9,1676.6,right,1,27.09
1783377117.9,1676.6,right,2,29.24
1783377117.9,1676.6,right,3,31.05
1783377117.9,1676.6,right,4,30.37
1783377117.9,1676.6,right,5,31.29
1783377117.9,1676.6,right,6,31.29
1783377117.9,1676.6,right,7,28.88
1783377122.9,1681.7,left,imu,31.93
1783377122.9,1681.7,left,0,25.28
1783377122.9,1681.7,left,1,27.83
1783377122.9,1681.7,left,2,29.63
1783377122.9,1681.7,left,3,31.13
1783377122.9,1681.7,left,4,30.99
1783377122.9,1681.7,left,5,31.48
1783377122.9,1681.7,left,6,32.71
1783377122.9,1681.7,left,7,28.95
1783377122.9,1681.7,right,imu,31.78
1783377122.9,1681.7,right,0,26.44
1783377122.9,1681.7,right,1,27.09
1783377122.9,1681.7,right,2,29.24
1783377122.9,1681.7,right,3,31.05
1783377122.9,1681.7,right,4,30.37
1783377122.9,1681.7,right,5,31.29
1783377122.9,1681.7,right,6,31.21
1783377122.9,1681.7,right,7,28.88
1783377128.0,1686.7,left,imu,32.17
1783377128.0,1686.7,left,0,25.28
1783377128.0,1686.7,left,1,27.83
1783377128.0,1686.7,left,2,29.63
1783377128.0,1686.7,left,3,31.13
1783377128.0,1686.7,left,4,30.99
1783377128.0,1686.7,left,5,31.48
1783377128.0,1686.7,left,6,32.71
1783377128.0,1686.7,left,7,28.95
1783377128.0,1686.7,right,imu,31.97
1783377128.0,1686.7,right,0,26.44
1783377128.0,1686.7,right,1,27.09
1783377128.0,1686.7,right,2,29.24
1783377128.0,1686.7,right,3,31.05
1783377128.0,1686.7,right,4,30.37
1783377128.0,1686.7,right,5,31.29
1783377128.0,1686.7,right,6,31.21
1783377128.0,1686.7,right,7,28.88
1783377133.1,1691.8,left,imu,31.93
1783377133.1,1691.8,left,0,25.28
1783377133.1,1691.8,left,1,27.83
1783377133.1,1691.8,left,2,29.63
1783377133.1,1691.8,left,3,31.13
1783377133.1,1691.8,left,4,30.99
1783377133.1,1691.8,left,5,31.41
1783377133.1,1691.8,left,6,32.79
1783377133.1,1691.8,left,7,28.95
1783377133.1,1691.8,right,imu,31.73
1783377133.1,1691.8,right,0,26.44
1783377133.1,1691.8,right,1,27.09
1783377133.1,1691.8,right,2,29.24
1783377133.1,1691.8,right,3,31.05
1783377133.1,1691.8,right,4,30.37
1783377133.1,1691.8,right,5,31.21
1783377133.1,1691.8,right,6,31.29
1783377133.1,1691.8,right,7,28.88
1783377138.1,1696.9,left,imu,31.83
1783377138.1,1696.9,left,0,25.36
1783377138.1,1696.9,left,1,27.83
1783377138.1,1696.9,left,2,29.63
1783377138.1,1696.9,left,3,31.13
1783377138.1,1696.9,left,4,30.99
1783377138.1,1696.9,left,5,31.48
1783377138.1,1696.9,left,6,32.71
1783377138.1,1696.9,left,7,28.95
1783377138.1,1696.9,right,imu,31.97
1783377138.1,1696.9,right,0,26.44
1783377138.1,1696.9,right,1,27.09
1783377138.1,1696.9,right,2,29.24
1783377138.1,1696.9,right,3,31.05
1783377138.1,1696.9,right,4,30.37
1783377138.1,1696.9,right,5,31.21
1783377138.1,1696.9,right,6,31.29
1783377138.1,1696.9,right,7,28.88
1783377143.2,1701.9,left,imu,32.17
1783377143.2,1701.9,left,0,25.36
1783377143.2,1701.9,left,1,27.83
1783377143.2,1701.9,left,2,29.63
1783377143.2,1701.9,left,3,31.13
1783377143.2,1701.9,left,4,30.99
1783377143.2,1701.9,left,5,31.41
1783377143.2,1701.9,left,6,32.71
1783377143.2,1701.9,left,7,28.95
1783377143.2,1701.9,right,imu,31.78
1783377143.2,1701.9,right,0,26.44
1783377143.2,1701.9,right,1,27.09
1783377143.2,1701.9,right,2,29.16
1783377143.2,1701.9,right,3,31.05
1783377143.2,1701.9,right,4,30.30
1783377143.2,1701.9,right,5,31.21
1783377143.2,1701.9,right,6,31.21
1783377143.2,1701.9,right,7,28.88
1783377148.2,1707.0,left,imu,31.78
1783377148.2,1707.0,left,0,25.36
1783377148.2,1707.0,left,1,27.83
1783377148.2,1707.0,left,2,29.63
1783377148.2,1707.0,left,3,31.13
1783377148.2,1707.0,left,4,30.99
1783377148.2,1707.0,left,5,31.41
1783377148.2,1707.0,left,6,32.79
1783377148.2,1707.0,left,7,28.95
1783377148.2,1707.0,right,imu,32.31
1783377148.2,1707.0,right,0,26.44
1783377148.2,1707.0,right,1,27.02
1783377148.2,1707.0,right,2,29.16
1783377148.2,1707.0,right,3,31.05
1783377148.2,1707.0,right,4,30.30
1783377148.2,1707.0,right,5,31.21
1783377148.2,1707.0,right,6,31.21
1783377148.2,1707.0,right,7,28.88
1783377153.3,1712.1,left,imu,32.17
1783377153.3,1712.1,left,0,25.28
1783377153.3,1712.1,left,1,27.83
1783377153.3,1712.1,left,2,29.63
1783377153.3,1712.1,left,3,31.13
1783377153.3,1712.1,left,4,30.99
1783377153.3,1712.1,left,5,31.41
1783377153.3,1712.1,left,6,32.79
1783377153.3,1712.1,left,7,28.95
1783377153.3,1712.1,right,imu,31.78
1783377153.3,1712.1,right,0,26.44
1783377153.3,1712.1,right,1,26.94
1783377153.3,1712.1,right,2,29.16
1783377153.3,1712.1,right,3,31.05
1783377153.3,1712.1,right,4,30.30
1783377153.3,1712.1,right,5,31.21
1783377153.3,1712.1,right,6,31.29
1783377153.3,1712.1,right,7,28.88
1783377158.4,1717.1,left,imu,31.59
1783377158.4,1717.1,left,0,25.36
1783377158.4,1717.1,left,1,27.90
1783377158.4,1717.1,left,2,29.63
1783377158.4,1717.1,left,3,31.13
1783377158.4,1717.1,left,4,30.99
1783377158.4,1717.1,left,5,31.48
1783377158.4,1717.1,left,6,32.79
1783377158.4,1717.1,left,7,28.95
1783377158.4,1717.1,right,imu,31.78
1783377158.4,1717.1,right,0,26.44
1783377158.4,1717.1,right,1,26.94
1783377158.4,1717.1,right,2,29.16
1783377158.4,1717.1,right,3,31.05
1783377158.4,1717.1,right,4,30.37
1783377158.4,1717.1,right,5,31.21
1783377158.4,1717.1,right,6,31.29
1783377158.4,1717.1,right,7,28.88
1783377163.4,1722.2,left,imu,31.64
1783377163.4,1722.2,left,0,25.28
1783377163.4,1722.2,left,1,27.83
1783377163.4,1722.2,left,2,29.63
1783377163.4,1722.2,left,3,31.13
1783377163.4,1722.2,left,4,30.99
1783377163.4,1722.2,left,5,31.41
1783377163.4,1722.2,left,6,32.79
1783377163.4,1722.2,left,7,28.95
1783377163.4,1722.2,right,imu,31.97
1783377163.4,1722.2,right,0,26.37
1783377163.4,1722.2,right,1,26.94
1783377163.4,1722.2,right,2,29.16
1783377163.4,1722.2,right,3,31.05
1783377163.4,1722.2,right,4,30.30
1783377163.4,1722.2,right,5,31.21
1783377163.4,1722.2,right,6,31.21
1783377163.4,1722.2,right,7,28.88
1783377168.5,1727.3,left,imu,31.78
1783377168.5,1727.3,left,0,25.28
1783377168.5,1727.3,left,1,27.83
1783377168.5,1727.3,left,2,29.63
1783377168.5,1727.3,left,3,31.13
1783377168.5,1727.3,left,4,30.99
1783377168.5,1727.3,left,5,31.41
1783377168.5,1727.3,left,6,32.71
1783377168.5,1727.3,left,7,28.95
1783377168.5,1727.3,right,imu,31.93
1783377168.5,1727.3,right,0,26.44
1783377168.5,1727.3,right,1,27.02
1783377168.5,1727.3,right,2,29.16
1783377168.5,1727.3,right,3,31.05
1783377168.5,1727.3,right,4,30.30
1783377168.5,1727.3,right,5,31.21
1783377168.5,1727.3,right,6,31.29
1783377168.5,1727.3,right,7,28.88
1783377173.6,1732.3,left,imu,31.83
1783377173.6,1732.3,left,0,25.28
1783377173.6,1732.3,left,1,27.75
1783377173.6,1732.3,left,2,29.63
1783377173.6,1732.3,left,3,31.13
1783377173.6,1732.3,left,4,30.99
1783377173.6,1732.3,left,5,31.41
1783377173.6,1732.3,left,6,32.71
1783377173.6,1732.3,left,7,28.95
1783377173.6,1732.3,right,imu,31.93
1783377173.6,1732.3,right,0,26.44
1783377173.6,1732.3,right,1,27.02
1783377173.6,1732.3,right,2,29.16
1783377173.6,1732.3,right,3,31.05
1783377173.6,1732.3,right,4,30.30
1783377173.6,1732.3,right,5,31.21
1783377173.6,1732.3,right,6,31.29
1783377173.6,1732.3,right,7,28.95
1783377178.6,1737.4,left,imu,31.97
1783377178.6,1737.4,left,0,25.36
1783377178.6,1737.4,left,1,27.83
1783377178.6,1737.4,left,2,29.63
1783377178.6,1737.4,left,3,31.13
1783377178.6,1737.4,left,4,30.99
1783377178.6,1737.4,left,5,31.41
1783377178.6,1737.4,left,6,32.71
1783377178.6,1737.4,left,7,29.03
1783377178.6,1737.4,right,imu,32.17
1783377178.6,1737.4,right,0,26.44
1783377178.6,1737.4,right,1,27.02
1783377178.6,1737.4,right,2,29.16
1783377178.6,1737.4,right,3,31.05
1783377178.6,1737.4,right,4,30.30
1783377178.6,1737.4,right,5,31.21
1783377178.6,1737.4,right,6,31.21
1783377178.6,1737.4,right,7,28.88
1783377183.7,1742.5,left,imu,32.07
1783377183.7,1742.5,left,0,25.43
1783377183.7,1742.5,left,1,27.83
1783377183.7,1742.5,left,2,29.63
1783377183.7,1742.5,left,3,31.13
1783377183.7,1742.5,left,4,30.99
1783377183.7,1742.5,left,5,31.41
1783377183.7,1742.5,left,6,32.71
1783377183.7,1742.5,left,7,28.95
1783377183.7,1742.5,right,imu,31.59
1783377183.7,1742.5,right,0,26.44
1783377183.7,1742.5,right,1,27.02
1783377183.7,1742.5,right,2,29.16
1783377183.7,1742.5,right,3,31.05
1783377183.7,1742.5,right,4,30.22
1783377183.7,1742.5,right,5,31.21
1783377183.7,1742.5,right,6,31.29
1783377183.7,1742.5,right,7,28.88
1783377188.8,1747.5,left,imu,32.07
1783377188.8,1747.5,left,0,25.28
1783377188.8,1747.5,left,1,27.75
1783377188.8,1747.5,left,2,29.63
1783377188.8,1747.5,left,3,31.13
1783377188.8,1747.5,left,4,30.99
1783377188.8,1747.5,left,5,31.41
1783377188.8,1747.5,left,6,32.71
1783377188.8,1747.5,left,7,28.95
1783377188.8,1747.5,right,imu,31.93
1783377188.8,1747.5,right,0,26.44
1783377188.8,1747.5,right,1,27.02
1783377188.8,1747.5,right,2,29.16
1783377188.8,1747.5,right,3,31.05
1783377188.8,1747.5,right,4,30.22
1783377188.8,1747.5,right,5,31.21
1783377188.8,1747.5,right,6,31.21
1783377188.8,1747.5,right,7,28.88
1783377193.8,1752.6,left,imu,32.07
1783377193.8,1752.6,left,0,25.28
1783377193.8,1752.6,left,1,27.75
1783377193.8,1752.6,left,2,29.63
1783377193.8,1752.6,left,3,31.13
1783377193.8,1752.6,left,4,30.99
1783377193.8,1752.6,left,5,31.41
1783377193.8,1752.6,left,6,32.79
1783377193.8,1752.6,left,7,28.95
1783377193.8,1752.6,right,imu,31.97
1783377193.8,1752.6,right,0,26.44
1783377193.8,1752.6,right,1,27.02
1783377193.8,1752.6,right,2,29.16
1783377193.8,1752.6,right,3,31.05
1783377193.8,1752.6,right,4,30.22
1783377193.8,1752.6,right,5,31.21
1783377193.8,1752.6,right,6,31.29
1783377193.8,1752.6,right,7,28.88
1783377198.9,1757.7,left,imu,31.83
1783377198.9,1757.7,left,0,25.28
1783377198.9,1757.7,left,1,27.68
1783377198.9,1757.7,left,2,29.63
1783377198.9,1757.7,left,3,31.13
1783377198.9,1757.7,left,4,30.99
1783377198.9,1757.7,left,5,31.41
1783377198.9,1757.7,left,6,32.71
1783377198.9,1757.7,left,7,28.95
1783377198.9,1757.7,right,imu,31.78
1783377198.9,1757.7,right,0,26.44
1783377198.9,1757.7,right,1,27.02
1783377198.9,1757.7,right,2,29.16
1783377198.9,1757.7,right,3,31.05
1783377198.9,1757.7,right,4,30.30
1783377198.9,1757.7,right,5,31.21
1783377198.9,1757.7,right,6,31.29
1783377198.9,1757.7,right,7,28.88
1783377204.0,1762.7,left,imu,31.78
1783377204.0,1762.7,left,0,25.20
1783377204.0,1762.7,left,1,27.75
1783377204.0,1762.7,left,2,29.63
1783377204.0,1762.7,left,3,31.13
1783377204.0,1762.7,left,4,30.99
1783377204.0,1762.7,left,5,31.33
1783377204.0,1762.7,left,6,32.71
1783377204.0,1762.7,left,7,29.03
1783377204.0,1762.7,right,imu,31.78
1783377204.0,1762.7,right,0,26.44
1783377204.0,1762.7,right,1,27.02
1783377204.0,1762.7,right,2,29.16
1783377204.0,1762.7,right,3,31.05
1783377204.0,1762.7,right,4,30.22
1783377204.0,1762.7,right,5,31.21
1783377204.0,1762.7,right,6,31.29
1783377204.0,1762.7,right,7,28.88
1783377209.0,1767.8,left,imu,31.78
1783377209.0,1767.8,left,0,25.20
1783377209.0,1767.8,left,1,27.68
1783377209.0,1767.8,left,2,29.63
1783377209.0,1767.8,left,3,31.13
1783377209.0,1767.8,left,4,30.91
1783377209.0,1767.8,left,5,31.33
1783377209.0,1767.8,left,6,32.71
1783377209.0,1767.8,left,7,28.95
1783377209.0,1767.8,right,imu,31.73
1783377209.0,1767.8,right,0,26.37
1783377209.0,1767.8,right,1,26.86
1783377209.0,1767.8,right,2,29.16
1783377209.0,1767.8,right,3,31.05
1783377209.0,1767.8,right,4,30.22
1783377209.0,1767.8,right,5,31.21
1783377209.0,1767.8,right,6,31.29
1783377209.0,1767.8,right,7,28.88
1783377214.1,1772.9,left,imu,31.93
1783377214.1,1772.9,left,0,25.20
1783377214.1,1772.9,left,1,27.68
1783377214.1,1772.9,left,2,29.63
1783377214.1,1772.9,left,3,31.13
1783377214.1,1772.9,left,4,30.99
1783377214.1,1772.9,left,5,31.41
1783377214.1,1772.9,left,6,32.71
1783377214.1,1772.9,left,7,28.95
1783377214.1,1772.9,right,imu,32.12
1783377214.1,1772.9,right,0,26.44
1783377214.1,1772.9,right,1,26.94
1783377214.1,1772.9,right,2,29.16
1783377214.1,1772.9,right,3,31.05
1783377214.1,1772.9,right,4,30.22
1783377214.1,1772.9,right,5,31.21
1783377214.1,1772.9,right,6,31.29
1783377214.1,1772.9,right,7,28.88
1783377219.2,1777.9,left,imu,32.07
1783377219.2,1777.9,left,0,25.28
1783377219.2,1777.9,left,1,27.68
1783377219.2,1777.9,left,2,29.63
1783377219.2,1777.9,left,3,31.13
1783377219.2,1777.9,left,4,30.99
1783377219.2,1777.9,left,5,31.41
1783377219.2,1777.9,left,6,32.71
1783377219.2,1777.9,left,7,28.95
1783377219.2,1777.9,right,imu,31.97
1783377219.2,1777.9,right,0,26.44
1783377219.2,1777.9,right,1,26.86
1783377219.2,1777.9,right,2,29.16
1783377219.2,1777.9,right,3,31.05
1783377219.2,1777.9,right,4,30.22
1783377219.2,1777.9,right,5,31.21
1783377219.2,1777.9,right,6,31.29
1783377219.2,1777.9,right,7,28.88
1783377224.2,1783.0,left,imu,32.07
1783377224.2,1783.0,left,0,25.28
1783377224.2,1783.0,left,1,27.75
1783377224.2,1783.0,left,2,29.63
1783377224.2,1783.0,left,3,31.13
1783377224.2,1783.0,left,4,30.91
1783377224.2,1783.0,left,5,31.33
1783377224.2,1783.0,left,6,32.71
1783377224.2,1783.0,left,7,28.88
1783377224.2,1783.0,right,imu,32.07
1783377224.2,1783.0,right,0,26.44
1783377224.2,1783.0,right,1,26.86
1783377224.2,1783.0,right,2,29.16
1783377224.2,1783.0,right,3,31.13
1783377224.2,1783.0,right,4,30.22
1783377224.2,1783.0,right,5,31.21
1783377224.2,1783.0,right,6,31.21
1783377224.2,1783.0,right,7,28.80
1783377229.3,1788.0,left,imu,31.97
1783377229.3,1788.0,left,0,25.28
1783377229.3,1788.0,left,1,27.68
1783377229.3,1788.0,left,2,29.63
1783377229.3,1788.0,left,3,31.13
1783377229.3,1788.0,left,4,30.84
1783377229.3,1788.0,left,5,31.41
1783377229.3,1788.0,left,6,32.71
1783377229.3,1788.0,left,7,28.95
1783377229.3,1788.0,right,imu,31.97
1783377229.3,1788.0,right,0,26.44
1783377229.3,1788.0,right,1,27.02
1783377229.3,1788.0,right,2,29.16
1783377229.3,1788.0,right,3,31.05
1783377229.3,1788.0,right,4,30.15
1783377229.3,1788.0,right,5,31.21
1783377229.3,1788.0,right,6,31.29
1783377229.3,1788.0,right,7,28.88
1783377234.4,1793.1,left,imu,31.83
1783377234.4,1793.1,left,0,25.28
1783377234.4,1793.1,left,1,27.75
1783377234.4,1793.1,left,2,29.63
1783377234.4,1793.1,left,3,31.13
1783377234.4,1793.1,left,4,30.91
1783377234.4,1793.1,left,5,31.33
1783377234.4,1793.1,left,6,32.71
1783377234.4,1793.1,left,7,28.95
1783377234.4,1793.1,right,imu,31.97
1783377234.4,1793.1,right,0,26.44
1783377234.4,1793.1,right,1,26.94
1783377234.4,1793.1,right,2,29.16
1783377234.4,1793.1,right,3,31.05
1783377234.4,1793.1,right,4,30.15
1783377234.4,1793.1,right,5,31.21
1783377234.4,1793.1,right,6,31.29
1783377234.4,1793.1,right,7,28.88
1783377239.4,1798.2,left,imu,32.07
1783377239.4,1798.2,left,0,25.20
1783377239.4,1798.2,left,1,27.75
1783377239.4,1798.2,left,2,29.63
1783377239.4,1798.2,left,3,31.13
1783377239.4,1798.2,left,4,30.84
1783377239.4,1798.2,left,5,31.41
1783377239.4,1798.2,left,6,32.64
1783377239.4,1798.2,left,7,28.95
1783377239.4,1798.2,right,imu,31.93
1783377239.4,1798.2,right,0,26.44
1783377239.4,1798.2,right,1,27.02
1783377239.4,1798.2,right,2,29.16
1783377239.4,1798.2,right,3,31.05
1783377239.4,1798.2,right,4,30.22
1783377239.4,1798.2,right,5,31.21
1783377239.4,1798.2,right,6,31.29
1783377239.4,1798.2,right,7,28.80
1783377244.5,1803.2,left,imu,31.97
1783377244.5,1803.2,left,0,25.28
1783377244.5,1803.2,left,1,27.75
1783377244.5,1803.2,left,2,29.63
1783377244.5,1803.2,left,3,31.13
1783377244.5,1803.2,left,4,30.84
1783377244.5,1803.2,left,5,31.41
1783377244.5,1803.2,left,6,32.71
1783377244.5,1803.2,left,7,28.95
1783377244.5,1803.2,right,imu,31.78
1783377244.5,1803.2,right,0,26.44
1783377244.5,1803.2,right,1,27.02
1783377244.5,1803.2,right,2,29.16
1783377244.5,1803.2,right,3,31.05
1783377244.5,1803.2,right,4,30.15
1783377244.5,1803.2,right,5,31.21
1783377244.5,1803.2,right,6,31.29
1783377244.5,1803.2,right,7,28.80
1783377249.5,1808.3,left,imu,31.93
1783377249.5,1808.3,left,0,25.28
1783377249.5,1808.3,left,1,27.75
1783377249.5,1808.3,left,2,29.63
1783377249.5,1808.3,left,3,31.13
1783377249.5,1808.3,left,4,30.76
1783377249.5,1808.3,left,5,31.41
1783377249.5,1808.3,left,6,32.71
1783377249.5,1808.3,left,7,28.95
1783377249.5,1808.3,right,imu,31.78
1783377249.5,1808.3,right,0,26.44
1783377249.5,1808.3,right,1,26.94
1783377249.5,1808.3,right,2,29.16
1783377249.5,1808.3,right,3,31.05
1783377249.5,1808.3,right,4,30.22
1783377249.5,1808.3,right,5,31.21
1783377249.5,1808.3,right,6,31.29
1783377249.5,1808.3,right,7,28.88
1783377254.6,1813.4,left,imu,32.07
1783377254.6,1813.4,left,0,25.28
1783377254.6,1813.4,left,1,27.75
1783377254.6,1813.4,left,2,29.63
1783377254.6,1813.4,left,3,31.13
1783377254.6,1813.4,left,4,30.84
1783377254.6,1813.4,left,5,31.41
1783377254.6,1813.4,left,6,32.71
1783377254.6,1813.4,left,7,28.95
1783377254.6,1813.4,right,imu,31.78
1783377254.6,1813.4,right,0,26.44
1783377254.6,1813.4,right,1,27.02
1783377254.6,1813.4,right,2,29.16
1783377254.6,1813.4,right,3,31.05
1783377254.6,1813.4,right,4,30.15
1783377254.6,1813.4,right,5,31.21
1783377254.6,1813.4,right,6,31.29
1783377254.6,1813.4,right,7,28.80
1783377259.7,1818.4,left,imu,32.17
1783377259.7,1818.4,left,0,25.28
1783377259.7,1818.4,left,1,27.75
1783377259.7,1818.4,left,2,29.63
1783377259.7,1818.4,left,3,31.13
1783377259.7,1818.4,left,4,30.84
1783377259.7,1818.4,left,5,31.33
1783377259.7,1818.4,left,6,32.71
1783377259.7,1818.4,left,7,28.95
1783377259.7,1818.4,right,imu,32.07
1783377259.7,1818.4,right,0,26.44
1783377259.7,1818.4,right,1,27.02
1783377259.7,1818.4,right,2,29.16
1783377259.7,1818.4,right,3,31.05
1783377259.7,1818.4,right,4,30.15
1783377259.7,1818.4,right,5,31.21
1783377259.7,1818.4,right,6,31.29
1783377259.7,1818.4,right,7,28.80
1783377264.7,1823.5,left,imu,31.93
1783377264.7,1823.5,left,0,25.20
1783377264.7,1823.5,left,1,27.75
1783377264.7,1823.5,left,2,29.63
1783377264.7,1823.5,left,3,31.13
1783377264.7,1823.5,left,4,30.76
1783377264.7,1823.5,left,5,31.41
1783377264.7,1823.5,left,6,32.71
1783377264.7,1823.5,left,7,28.95
1783377264.7,1823.5,right,imu,31.78
1783377264.7,1823.5,right,0,26.44
1783377264.7,1823.5,right,1,26.86
1783377264.7,1823.5,right,2,29.16
1783377264.7,1823.5,right,3,31.05
1783377264.7,1823.5,right,4,30.15
1783377264.7,1823.5,right,5,31.21
1783377264.7,1823.5,right,6,31.21
1783377264.7,1823.5,right,7,28.88
1783377269.8,1828.6,left,imu,32.17
1783377269.8,1828.6,left,0,25.28
1783377269.8,1828.6,left,1,27.75
1783377269.8,1828.6,left,2,29.63
1783377269.8,1828.6,left,3,31.13
1783377269.8,1828.6,left,4,30.76
1783377269.8,1828.6,left,5,31.41
1783377269.8,1828.6,left,6,32.71
1783377269.8,1828.6,left,7,28.95
1783377269.8,1828.6,right,imu,31.97
1783377269.8,1828.6,right,0,26.44
1783377269.8,1828.6,right,1,26.94
1783377269.8,1828.6,right,2,29.16
1783377269.8,1828.6,right,3,31.05
1783377269.8,1828.6,right,4,30.15
1783377269.8,1828.6,right,5,31.21
1783377269.8,1828.6,right,6,31.29
1783377269.8,1828.6,right,7,28.80
1783377274.9,1833.6,left,imu,31.73
1783377274.9,1833.6,left,0,25.28
1783377274.9,1833.6,left,1,27.75
1783377274.9,1833.6,left,2,29.63
1783377274.9,1833.6,left,3,31.13
1783377274.9,1833.6,left,4,30.76
1783377274.9,1833.6,left,5,31.33
1783377274.9,1833.6,left,6,32.71
1783377274.9,1833.6,left,7,28.95
1783377274.9,1833.6,right,imu,31.83
1783377274.9,1833.6,right,0,26.37
1783377274.9,1833.6,right,1,26.94
1783377274.9,1833.6,right,2,29.16
1783377274.9,1833.6,right,3,31.05
1783377274.9,1833.6,right,4,30.15
1783377274.9,1833.6,right,5,31.21
1783377274.9,1833.6,right,6,31.29
1783377274.9,1833.6,right,7,28.88
1783377279.9,1838.7,left,imu,31.97
1783377279.9,1838.7,left,0,25.28
1783377279.9,1838.7,left,1,27.75
1783377279.9,1838.7,left,2,29.56
1783377279.9,1838.7,left,3,31.13
1783377279.9,1838.7,left,4,30.76
1783377279.9,1838.7,left,5,31.41
1783377279.9,1838.7,left,6,32.71
1783377279.9,1838.7,left,7,28.88
1783377279.9,1838.7,right,imu,31.83
1783377279.9,1838.7,right,0,26.44
1783377279.9,1838.7,right,1,26.86
1783377279.9,1838.7,right,2,29.16
1783377279.9,1838.7,right,3,30.98
1783377279.9,1838.7,right,4,30.15
1783377279.9,1838.7,right,5,31.21
1783377279.9,1838.7,right,6,31.29
1783377279.9,1838.7,right,7,28.80
1783377285.0,1843.8,left,imu,31.78
1783377285.0,1843.8,left,0,25.28
1783377285.0,1843.8,left,1,27.68
1783377285.0,1843.8,left,2,29.63
1783377285.0,1843.8,left,3,31.13
1783377285.0,1843.8,left,4,30.84
1783377285.0,1843.8,left,5,31.33
1783377285.0,1843.8,left,6,32.71
1783377285.0,1843.8,left,7,28.88
1783377285.0,1843.8,right,imu,31.64
1783377285.0,1843.8,right,0,26.37
1783377285.0,1843.8,right,1,26.79
1783377285.0,1843.8,right,2,29.16
1783377285.0,1843.8,right,3,30.98
1783377285.0,1843.8,right,4,30.15
1783377285.0,1843.8,right,5,31.21
1783377285.0,1843.8,right,6,31.29
1783377285.0,1843.8,right,7,28.73
1783377290.1,1848.8,left,imu,32.12
1783377290.1,1848.8,left,0,25.20
1783377290.1,1848.8,left,1,27.68
1783377290.1,1848.8,left,2,29.63
1783377290.1,1848.8,left,3,31.13
1783377290.1,1848.8,left,4,30.84
1783377290.1,1848.8,left,5,31.33
1783377290.1,1848.8,left,6,32.71
1783377290.1,1848.8,left,7,29.03
1783377290.1,1848.8,right,imu,31.64
1783377290.1,1848.8,right,0,26.29
1783377290.1,1848.8,right,1,26.79
1783377290.1,1848.8,right,2,29.16
1783377290.1,1848.8,right,3,31.05
1783377290.1,1848.8,right,4,30.15
1783377290.1,1848.8,right,5,31.21
1783377290.1,1848.8,right,6,31.29
1783377290.1,1848.8,right,7,28.80
1783377295.1,1853.9,left,imu,31.78
1783377295.1,1853.9,left,0,25.20
1783377295.1,1853.9,left,1,27.68
1783377295.1,1853.9,left,2,29.63
1783377295.1,1853.9,left,3,31.13
1783377295.1,1853.9,left,4,30.76
1783377295.1,1853.9,left,5,31.33
1783377295.1,1853.9,left,6,32.71
1783377295.1,1853.9,left,7,28.95
1783377295.1,1853.9,right,imu,31.97
1783377295.1,1853.9,right,0,26.37
1783377295.1,1853.9,right,1,26.86
1783377295.1,1853.9,right,2,29.16
1783377295.1,1853.9,right,3,30.98
1783377295.1,1853.9,right,4,30.15
1783377295.1,1853.9,right,5,31.21
1783377295.1,1853.9,right,6,31.29
1783377295.1,1853.9,right,7,28.80
1783377300.2,1859.0,left,imu,32.12
1783377300.2,1859.0,left,0,25.28
1783377300.2,1859.0,left,1,27.68
1783377300.2,1859.0,left,2,29.63
1783377300.2,1859.0,left,3,31.13
1783377300.2,1859.0,left,4,30.84
1783377300.2,1859.0,left,5,31.33
1783377300.2,1859.0,left,6,32.71
1783377300.2,1859.0,left,7,28.88
1783377300.2,1859.0,right,imu,31.93
1783377300.2,1859.0,right,0,26.44
1783377300.2,1859.0,right,1,26.86
1783377300.2,1859.0,right,2,29.16
1783377300.2,1859.0,right,3,30.98
1783377300.2,1859.0,right,4,30.07
1783377300.2,1859.0,right,5,31.21
1783377300.2,1859.0,right,6,31.29
1783377300.2,1859.0,right,7,28.80
1783377305.3,1864.0,left,imu,32.07
1783377305.3,1864.0,left,0,25.28
1783377305.3,1864.0,left,1,27.68
1783377305.3,1864.0,left,2,29.63
1783377305.3,1864.0,left,3,31.13
1783377305.3,1864.0,left,4,30.76
1783377305.3,1864.0,left,5,31.33
1783377305.3,1864.0,left,6,32.71
1783377305.3,1864.0,left,7,28.88
1783377305.3,1864.0,right,imu,31.78
1783377305.3,1864.0,right,0,26.44
1783377305.3,1864.0,right,1,26.94
1783377305.3,1864.0,right,2,29.16
1783377305.3,1864.0,right,3,30.98
1783377305.3,1864.0,right,4,30.22
1783377305.3,1864.0,right,5,31.21
1783377305.3,1864.0,right,6,31.29
1783377305.3,1864.0,right,7,28.80
1783377310.3,1869.1,left,imu,32.07
1783377310.3,1869.1,left,0,25.28
1783377310.3,1869.1,left,1,27.68
1783377310.3,1869.1,left,2,29.63
1783377310.3,1869.1,left,3,31.13
1783377310.3,1869.1,left,4,30.76
1783377310.3,1869.1,left,5,31.41
1783377310.3,1869.1,left,6,32.71
1783377310.3,1869.1,left,7,28.88
1783377310.3,1869.1,right,imu,31.78
1783377310.3,1869.1,right,0,26.44
1783377310.3,1869.1,right,1,27.02
1783377310.3,1869.1,right,2,29.16
1783377310.3,1869.1,right,3,30.98
1783377310.3,1869.1,right,4,30.07
1783377310.3,1869.1,right,5,31.21
1783377310.3,1869.1,right,6,31.29
1783377310.3,1869.1,right,7,28.80
1783377315.4,1874.1,left,imu,31.73
1783377315.4,1874.1,left,0,25.28
1783377315.4,1874.1,left,1,27.75
1783377315.4,1874.1,left,2,29.63
1783377315.4,1874.1,left,3,31.13
1783377315.4,1874.1,left,4,30.76
1783377315.4,1874.1,left,5,31.33
1783377315.4,1874.1,left,6,32.64
1783377315.4,1874.1,left,7,28.95
1783377315.4,1874.1,right,imu,31.78
1783377315.4,1874.1,right,0,26.44
1783377315.4,1874.1,right,1,27.02
1783377315.4,1874.1,right,2,29.16
1783377315.4,1874.1,right,3,31.05
1783377315.4,1874.1,right,4,30.07
1783377315.4,1874.1,right,5,31.21
1783377315.4,1874.1,right,6,31.29
1783377315.4,1874.1,right,7,28.88
1783377320.5,1879.2,left,imu,31.78
1783377320.5,1879.2,left,0,25.28
1783377320.5,1879.2,left,1,27.68
1783377320.5,1879.2,left,2,29.63
1783377320.5,1879.2,left,3,31.13
1783377320.5,1879.2,left,4,30.76
1783377320.5,1879.2,left,5,31.33
1783377320.5,1879.2,left,6,32.71
1783377320.5,1879.2,left,7,28.95
1783377320.5,1879.2,right,imu,31.83
1783377320.5,1879.2,right,0,26.44
1783377320.5,1879.2,right,1,27.02
1783377320.5,1879.2,right,2,29.16
1783377320.5,1879.2,right,3,30.98
1783377320.5,1879.2,right,4,30.15
1783377320.5,1879.2,right,5,31.21
1783377320.5,1879.2,right,6,31.29
1783377320.5,1879.2,right,7,28.73
1783377325.5,1884.3,left,imu,31.93
1783377325.5,1884.3,left,0,25.28
1783377325.5,1884.3,left,1,27.68
1783377325.5,1884.3,left,2,29.63
1783377325.5,1884.3,left,3,31.13
1783377325.5,1884.3,left,4,30.76
1783377325.5,1884.3,left,5,31.33
1783377325.5,1884.3,left,6,32.71
1783377325.5,1884.3,left,7,28.95
1783377325.5,1884.3,right,imu,31.97
1783377325.5,1884.3,right,0,26.44
1783377325.5,1884.3,right,1,27.02
1783377325.5,1884.3,right,2,29.16
1783377325.5,1884.3,right,3,30.98
1783377325.5,1884.3,right,4,30.15
1783377325.5,1884.3,right,5,31.14
1783377325.5,1884.3,right,6,31.29
1783377325.5,1884.3,right,7,28.80
1783377330.6,1889.3,left,imu,31.93
1783377330.6,1889.3,left,0,25.28
1783377330.6,1889.3,left,1,27.68
1783377330.6,1889.3,left,2,29.63
1783377330.6,1889.3,left,3,31.05
1783377330.6,1889.3,left,4,30.76
1783377330.6,1889.3,left,5,31.33
1783377330.6,1889.3,left,6,32.64
1783377330.6,1889.3,left,7,28.88
1783377330.6,1889.3,right,imu,31.93
1783377330.6,1889.3,right,0,26.44
1783377330.6,1889.3,right,1,27.02
1783377330.6,1889.3,right,2,29.16
1783377330.6,1889.3,right,3,31.05
1783377330.6,1889.3,right,4,30.07
1783377330.6,1889.3,right,5,31.14
1783377330.6,1889.3,right,6,31.29
1783377330.6,1889.3,right,7,28.73
1783377335.7,1894.4,left,imu,31.97
1783377335.7,1894.4,left,0,25.28
1783377335.7,1894.4,left,1,27.68
1783377335.7,1894.4,left,2,29.63
1783377335.7,1894.4,left,3,31.13
1783377335.7,1894.4,left,4,30.76
1783377335.7,1894.4,left,5,31.33
1783377335.7,1894.4,left,6,32.71
1783377335.7,1894.4,left,7,28.88
1783377335.7,1894.4,right,imu,32.12
1783377335.7,1894.4,right,0,26.44
1783377335.7,1894.4,right,1,27.02
1783377335.7,1894.4,right,2,29.16
1783377335.7,1894.4,right,3,30.98
1783377335.7,1894.4,right,4,30.15
1783377335.7,1894.4,right,5,31.14
1783377335.7,1894.4,right,6,31.29
1783377335.7,1894.4,right,7,28.80
1783377340.7,1899.5,left,imu,31.83
1783377340.7,1899.5,left,0,25.20
1783377340.7,1899.5,left,1,27.68
1783377340.7,1899.5,left,2,29.63
1783377340.7,1899.5,left,3,31.13
1783377340.7,1899.5,left,4,30.76
1783377340.7,1899.5,left,5,31.33
1783377340.7,1899.5,left,6,32.64
1783377340.7,1899.5,left,7,28.80
1783377340.7,1899.5,right,imu,31.83
1783377340.7,1899.5,right,0,26.44
1783377340.7,1899.5,right,1,26.86
1783377340.7,1899.5,right,2,29.16
1783377340.7,1899.5,right,3,30.98
1783377340.7,1899.5,right,4,30.07
1783377340.7,1899.5,right,5,31.21
1783377340.7,1899.5,right,6,31.29
1783377340.7,1899.5,right,7,28.73
1783377345.8,1904.5,left,imu,31.97
1783377345.8,1904.5,left,0,25.20
1783377345.8,1904.5,left,1,27.68
1783377345.8,1904.5,left,2,29.63
1783377345.8,1904.5,left,3,31.13
1783377345.8,1904.5,left,4,30.76
1783377345.8,1904.5,left,5,31.33
1783377345.8,1904.5,left,6,32.71
1783377345.8,1904.5,left,7,28.80
1783377345.8,1904.5,right,imu,31.97
1783377345.8,1904.5,right,0,26.37
1783377345.8,1904.5,right,1,26.79
1783377345.8,1904.5,right,2,29.16
1783377345.8,1904.5,right,3,30.98
1783377345.8,1904.5,right,4,30.15
1783377345.8,1904.5,right,5,31.21
1783377345.8,1904.5,right,6,31.21
1783377345.8,1904.5,right,7,28.73
1783377350.9,1909.6,left,imu,32.07
1783377350.9,1909.6,left,0,25.20
1783377350.9,1909.6,left,1,27.68
1783377350.9,1909.6,left,2,29.63
1783377350.9,1909.6,left,3,31.05
1783377350.9,1909.6,left,4,30.68
1783377350.9,1909.6,left,5,31.25
1783377350.9,1909.6,left,6,32.71
1783377350.9,1909.6,left,7,28.88
1783377350.9,1909.6,right,imu,31.78
1783377350.9,1909.6,right,0,26.37
1783377350.9,1909.6,right,1,26.86
1783377350.9,1909.6,right,2,29.16
1783377350.9,1909.6,right,3,30.98
1783377350.9,1909.6,right,4,30.07
1783377350.9,1909.6,right,5,31.14
1783377350.9,1909.6,right,6,31.29
1783377350.9,1909.6,right,7,28.73
1783377355.9,1914.7,left,imu,31.97
1783377355.9,1914.7,left,0,25.20
1783377355.9,1914.7,left,1,27.68
1783377355.9,1914.7,left,2,29.63
1783377355.9,1914.7,left,3,31.05
1783377355.9,1914.7,left,4,30.76
1783377355.9,1914.7,left,5,31.33
1783377355.9,1914.7,left,6,32.64
1783377355.9,1914.7,left,7,28.88
1783377355.9,1914.7,right,imu,31.97
1783377355.9,1914.7,right,0,26.29
1783377355.9,1914.7,right,1,26.86
1783377355.9,1914.7,right,2,29.16
1783377355.9,1914.7,right,3,30.98
1783377355.9,1914.7,right,4,30.07
1783377355.9,1914.7,right,5,31.14
1783377355.9,1914.7,right,6,31.21
1783377355.9,1914.7,right,7,28.80
1783377361.0,1919.7,left,imu,31.97
1783377361.0,1919.7,left,0,25.20
1783377361.0,1919.7,left,1,27.68
1783377361.0,1919.7,left,2,29.63
1783377361.0,1919.7,left,3,31.13
1783377361.0,1919.7,left,4,30.76
1783377361.0,1919.7,left,5,31.33
1783377361.0,1919.7,left,6,32.64
1783377361.0,1919.7,left,7,28.80
1783377361.0,1919.7,right,imu,31.93
1783377361.0,1919.7,right,0,26.44
1783377361.0,1919.7,right,1,26.79
1783377361.0,1919.7,right,2,29.16
1783377361.0,1919.7,right,3,30.98
1783377361.0,1919.7,right,4,30.07
1783377361.0,1919.7,right,5,31.14
1783377361.0,1919.7,right,6,31.29
1783377361.0,1919.7,right,7,28.80
1783377366.0,1924.8,left,imu,31.97
1783377366.0,1924.8,left,0,25.20
1783377366.0,1924.8,left,1,27.68
1783377366.0,1924.8,left,2,29.56
1783377366.0,1924.8,left,3,31.13
1783377366.0,1924.8,left,4,30.68
1783377366.0,1924.8,left,5,31.33
1783377366.0,1924.8,left,6,32.64
1783377366.0,1924.8,left,7,28.80
1783377366.0,1924.8,right,imu,31.78
1783377366.0,1924.8,right,0,26.37
1783377366.0,1924.8,right,1,26.86
1783377366.0,1924.8,right,2,29.16
1783377366.0,1924.8,right,3,30.90
1783377366.0,1924.8,right,4,30.07
1783377366.0,1924.8,right,5,31.14
1783377366.0,1924.8,right,6,31.21
1783377366.0,1924.8,right,7,28.73
1783377371.1,1929.9,left,imu,32.12
1783377371.1,1929.9,left,0,25.20
1783377371.1,1929.9,left,1,27.68
1783377371.1,1929.9,left,2,29.63
1783377371.1,1929.9,left,3,31.05
1783377371.1,1929.9,left,4,30.68
1783377371.1,1929.9,left,5,31.25
1783377371.1,1929.9,left,6,32.64
1783377371.1,1929.9,left,7,28.88
1783377371.1,1929.9,right,imu,31.78
1783377371.1,1929.9,right,0,26.29
1783377371.1,1929.9,right,1,26.79
1783377371.1,1929.9,right,2,29.16
1783377371.1,1929.9,right,3,30.98
1783377371.1,1929.9,right,4,30.00
1783377371.1,1929.9,right,5,31.14
1783377371.1,1929.9,right,6,31.29
1783377371.1,1929.9,right,7,28.73
1783377376.2,1934.9,left,imu,31.97
1783377376.2,1934.9,left,0,25.28
1783377376.2,1934.9,left,1,27.68
1783377376.2,1934.9,left,2,29.63
1783377376.2,1934.9,left,3,31.13
1783377376.2,1934.9,left,4,30.68
1783377376.2,1934.9,left,5,31.33
1783377376.2,1934.9,left,6,32.64
1783377376.2,1934.9,left,7,28.88
1783377376.2,1934.9,right,imu,32.17
1783377376.2,1934.9,right,0,26.29
1783377376.2,1934.9,right,1,26.79
1783377376.2,1934.9,right,2,29.16
1783377376.2,1934.9,right,3,30.90
1783377376.2,1934.9,right,4,30.07
1783377376.2,1934.9,right,5,31.14
1783377376.2,1934.9,right,6,31.21
1783377376.2,1934.9,right,7,28.73
1783377381.2,1940.0,left,imu,31.97
1783377381.2,1940.0,left,0,25.28
1783377381.2,1940.0,left,1,27.68
1783377381.2,1940.0,left,2,29.63
1783377381.2,1940.0,left,3,31.05
1783377381.2,1940.0,left,4,30.68
1783377381.2,1940.0,left,5,31.25
1783377381.2,1940.0,left,6,32.64
1783377381.2,1940.0,left,7,28.80
1783377381.2,1940.0,right,imu,31.78
1783377381.2,1940.0,right,0,26.29
1783377381.2,1940.0,right,1,26.79
1783377381.2,1940.0,right,2,29.16
1783377381.2,1940.0,right,3,30.98
1783377381.2,1940.0,right,4,30.07
1783377381.2,1940.0,right,5,31.14
1783377381.2,1940.0,right,6,31.29
1783377381.2,1940.0,right,7,28.80
1783377386.3,1945.0,left,imu,31.97
1783377386.3,1945.0,left,0,25.28
1783377386.3,1945.0,left,1,27.68
1783377386.3,1945.0,left,2,29.63
1783377386.3,1945.0,left,3,31.05
1783377386.3,1945.0,left,4,30.68
1783377386.3,1945.0,left,5,31.25
1783377386.3,1945.0,left,6,32.64
1783377386.3,1945.0,left,7,28.88
1783377386.3,1945.0,right,imu,31.83
1783377386.3,1945.0,right,0,26.29
1783377386.3,1945.0,right,1,26.79
1783377386.3,1945.0,right,2,29.16
1783377386.3,1945.0,right,3,30.90
1783377386.3,1945.0,right,4,30.07
1783377386.3,1945.0,right,5,31.14
1783377386.3,1945.0,right,6,31.21
1783377386.3,1945.0,right,7,28.73
1783377391.4,1950.1,left,imu,31.93
1783377391.4,1950.1,left,0,25.20
1783377391.4,1950.1,left,1,27.68
1783377391.4,1950.1,left,2,29.63
1783377391.4,1950.1,left,3,31.05
1783377391.4,1950.1,left,4,30.68
1783377391.4,1950.1,left,5,31.25
1783377391.4,1950.1,left,6,32.64
1783377391.4,1950.1,left,7,28.80
1783377391.4,1950.1,right,imu,31.97
1783377391.4,1950.1,right,0,26.29
1783377391.4,1950.1,right,1,26.79
1783377391.4,1950.1,right,2,29.16
1783377391.4,1950.1,right,3,30.90
1783377391.4,1950.1,right,4,30.00
1783377391.4,1950.1,right,5,31.14
1783377391.4,1950.1,right,6,31.21
1783377391.4,1950.1,right,7,28.73
1783377396.4,1955.2,left,imu,31.83
1783377396.4,1955.2,left,0,25.20
1783377396.4,1955.2,left,1,27.68
1783377396.4,1955.2,left,2,29.63
1783377396.4,1955.2,left,3,31.05
1783377396.4,1955.2,left,4,30.68
1783377396.4,1955.2,left,5,31.25
1783377396.4,1955.2,left,6,32.64
1783377396.4,1955.2,left,7,28.80
1783377396.4,1955.2,right,imu,31.93
1783377396.4,1955.2,right,0,26.29
1783377396.4,1955.2,right,1,26.79
1783377396.4,1955.2,right,2,29.16
1783377396.4,1955.2,right,3,30.82
1783377396.4,1955.2,right,4,30.07
1783377396.4,1955.2,right,5,31.14
1783377396.4,1955.2,right,6,31.21
1783377396.4,1955.2,right,7,28.73
1783377401.5,1960.2,left,imu,31.97
1783377401.5,1960.2,left,0,25.20
1783377401.5,1960.2,left,1,27.68
1783377401.5,1960.2,left,2,29.63
1783377401.5,1960.2,left,3,31.05
1783377401.5,1960.2,left,4,30.68
1783377401.5,1960.2,left,5,31.25
1783377401.5,1960.2,left,6,32.64
1783377401.5,1960.2,left,7,28.80
1783377401.5,1960.2,right,imu,31.93
1783377401.5,1960.2,right,0,26.29
1783377401.5,1960.2,right,1,26.79
1783377401.5,1960.2,right,2,29.09
1783377401.5,1960.2,right,3,30.90
1783377401.5,1960.2,right,4,30.00
1783377401.5,1960.2,right,5,31.14
1783377401.5,1960.2,right,6,31.29
1783377401.5,1960.2,right,7,28.73
1783377406.5,1965.3,left,imu,31.78
1783377406.5,1965.3,left,0,25.20
1783377406.5,1965.3,left,1,27.68
1783377406.5,1965.3,left,2,29.63
1783377406.5,1965.3,left,3,31.05
1783377406.5,1965.3,left,4,30.68
1783377406.5,1965.3,left,5,31.18
1783377406.5,1965.3,left,6,32.64
1783377406.5,1965.3,left,7,28.80
1783377406.5,1965.3,right,imu,31.73
1783377406.5,1965.3,right,0,26.29
1783377406.5,1965.3,right,1,26.79
1783377406.5,1965.3,right,2,29.16
1783377406.5,1965.3,right,3,30.82
1783377406.5,1965.3,right,4,30.07
1783377406.5,1965.3,right,5,31.14
1783377406.5,1965.3,right,6,31.21
1783377406.5,1965.3,right,7,28.73
1783377411.6,1970.4,left,imu,32.31
1783377411.6,1970.4,left,0,25.20
1783377411.6,1970.4,left,1,27.68
1783377411.6,1970.4,left,2,29.56
1783377411.6,1970.4,left,3,31.05
1783377411.6,1970.4,left,4,30.68
1783377411.6,1970.4,left,5,31.18
1783377411.6,1970.4,left,6,32.56
1783377411.6,1970.4,left,7,28.80
1783377411.6,1970.4,right,imu,31.97
1783377411.6,1970.4,right,0,26.29
1783377411.6,1970.4,right,1,26.79
1783377411.6,1970.4,right,2,29.09
1783377411.6,1970.4,right,3,30.90
1783377411.6,1970.4,right,4,30.00
1783377411.6,1970.4,right,5,31.14
1783377411.6,1970.4,right,6,31.21
1783377411.6,1970.4,right,7,28.73
1783377416.7,1975.4,left,imu,31.93
1783377416.7,1975.4,left,0,25.20
1783377416.7,1975.4,left,1,27.68
1783377416.7,1975.4,left,2,29.56
1783377416.7,1975.4,left,3,31.05
1783377416.7,1975.4,left,4,30.68
1783377416.7,1975.4,left,5,31.18
1783377416.7,1975.4,left,6,32.49
1783377416.7,1975.4,left,7,28.80
1783377416.7,1975.4,right,imu,31.93
1783377416.7,1975.4,right,0,26.29
1783377416.7,1975.4,right,1,26.79
1783377416.7,1975.4,right,2,29.16
1783377416.7,1975.4,right,3,30.82
1783377416.7,1975.4,right,4,30.07
1783377416.7,1975.4,right,5,31.14
1783377416.7,1975.4,right,6,31.21
1783377416.7,1975.4,right,7,28.73
1783377421.7,1980.5,left,imu,31.73
1783377421.7,1980.5,left,0,25.20
1783377421.7,1980.5,left,1,27.68
1783377421.7,1980.5,left,2,29.63
1783377421.7,1980.5,left,3,30.98
1783377421.7,1980.5,left,4,30.68
1783377421.7,1980.5,left,5,31.18
1783377421.7,1980.5,left,6,32.49
1783377421.7,1980.5,left,7,28.80
1783377421.7,1980.5,right,imu,31.78
1783377421.7,1980.5,right,0,26.29
1783377421.7,1980.5,right,1,26.79
1783377421.7,1980.5,right,2,29.09
1783377421.7,1980.5,right,3,30.82
1783377421.7,1980.5,right,4,30.00
1783377421.7,1980.5,right,5,31.14
1783377421.7,1980.5,right,6,31.21
1783377421.7,1980.5,right,7,28.73
1783377426.8,1985.5,left,imu,31.97
1783377426.8,1985.5,left,0,25.20
1783377426.8,1985.5,left,1,27.68
1783377426.8,1985.5,left,2,29.63
1783377426.8,1985.5,left,3,31.05
1783377426.8,1985.5,left,4,30.68
1783377426.8,1985.5,left,5,31.25
1783377426.8,1985.5,left,6,32.56
1783377426.8,1985.5,left,7,28.80
1783377426.8,1985.5,right,imu,31.78
1783377426.8,1985.5,right,0,26.29
1783377426.8,1985.5,right,1,26.71
1783377426.8,1985.5,right,2,29.09
1783377426.8,1985.5,right,3,30.82
1783377426.8,1985.5,right,4,30.00
1783377426.8,1985.5,right,5,31.14
1783377426.8,1985.5,right,6,31.21
1783377426.8,1985.5,right,7,28.73
1783377431.9,1990.6,left,imu,31.93
1783377431.9,1990.6,left,0,25.20
1783377431.9,1990.6,left,1,27.68
1783377431.9,1990.6,left,2,29.63
1783377431.9,1990.6,left,3,31.05
1783377431.9,1990.6,left,4,30.68
1783377431.9,1990.6,left,5,31.18
1783377431.9,1990.6,left,6,32.49
1783377431.9,1990.6,left,7,28.80
1783377431.9,1990.6,right,imu,31.73
1783377431.9,1990.6,right,0,26.29
1783377431.9,1990.6,right,1,26.79
1783377431.9,1990.6,right,2,29.09
1783377431.9,1990.6,right,3,30.82
1783377431.9,1990.6,right,4,30.00
1783377431.9,1990.6,right,5,31.14
1783377431.9,1990.6,right,6,31.21
1783377431.9,1990.6,right,7,28.73
1783377436.9,1995.7,left,imu,31.83
1783377436.9,1995.7,left,0,25.20
1783377436.9,1995.7,left,1,27.68
1783377436.9,1995.7,left,2,29.56
1783377436.9,1995.7,left,3,30.98
1783377436.9,1995.7,left,4,30.68
1783377436.9,1995.7,left,5,31.18
1783377436.9,1995.7,left,6,32.49
1783377436.9,1995.7,left,7,28.80
1783377436.9,1995.7,right,imu,31.64
1783377436.9,1995.7,right,0,26.29
1783377436.9,1995.7,right,1,26.79
1783377436.9,1995.7,right,2,29.09
1783377436.9,1995.7,right,3,30.82
1783377436.9,1995.7,right,4,30.00
1783377436.9,1995.7,right,5,31.14
1783377436.9,1995.7,right,6,31.14
1783377436.9,1995.7,right,7,28.73
1783377442.0,2000.7,left,imu,31.64
1783377442.0,2000.7,left,0,25.20
1783377442.0,2000.7,left,1,27.68
1783377442.0,2000.7,left,2,29.56
1783377442.0,2000.7,left,3,31.05
1783377442.0,2000.7,left,4,30.68
1783377442.0,2000.7,left,5,31.18
1783377442.0,2000.7,left,6,32.49
1783377442.0,2000.7,left,7,28.80
1783377442.0,2000.7,right,imu,31.78
1783377442.0,2000.7,right,0,26.29
1783377442.0,2000.7,right,1,26.71
1783377442.0,2000.7,right,2,29.09
1783377442.0,2000.7,right,3,30.82
1783377442.0,2000.7,right,4,30.00
1783377442.0,2000.7,right,5,31.14
1783377442.0,2000.7,right,6,31.14
1783377442.0,2000.7,right,7,28.73
1783377447.1,2005.8,left,imu,31.78
1783377447.1,2005.8,left,0,25.20
1783377447.1,2005.8,left,1,27.68
1783377447.1,2005.8,left,2,29.56
1783377447.1,2005.8,left,3,31.05
1783377447.1,2005.8,left,4,30.68
1783377447.1,2005.8,left,5,31.18
1783377447.1,2005.8,left,6,32.49
1783377447.1,2005.8,left,7,28.80
1783377447.1,2005.8,right,imu,31.83
1783377447.1,2005.8,right,0,26.29
1783377447.1,2005.8,right,1,26.71
1783377447.1,2005.8,right,2,29.09
1783377447.1,2005.8,right,3,30.82
1783377447.1,2005.8,right,4,30.00
1783377447.1,2005.8,right,5,31.14
1783377447.1,2005.8,right,6,31.21
1783377447.1,2005.8,right,7,28.73
1783377452.1,2010.9,left,imu,31.97
1783377452.1,2010.9,left,0,25.20
1783377452.1,2010.9,left,1,27.68
1783377452.1,2010.9,left,2,29.56
1783377452.1,2010.9,left,3,31.05
1783377452.1,2010.9,left,4,30.68
1783377452.1,2010.9,left,5,31.18
1783377452.1,2010.9,left,6,32.49
1783377452.1,2010.9,left,7,28.80
1783377452.1,2010.9,right,imu,31.59
1783377452.1,2010.9,right,0,26.29
1783377452.1,2010.9,right,1,26.71
1783377452.1,2010.9,right,2,29.09
1783377452.1,2010.9,right,3,30.75
1783377452.1,2010.9,right,4,30.00
1783377452.1,2010.9,right,5,31.14
1783377452.1,2010.9,right,6,31.21
1783377452.1,2010.9,right,7,28.65
1783377457.2,2015.9,left,imu,31.97
1783377457.2,2015.9,left,0,25.20
1783377457.2,2015.9,left,1,27.68
1783377457.2,2015.9,left,2,29.56
1783377457.2,2015.9,left,3,30.98
1783377457.2,2015.9,left,4,30.68
1783377457.2,2015.9,left,5,31.18
1783377457.2,2015.9,left,6,32.49
1783377457.2,2015.9,left,7,28.80
1783377457.2,2015.9,right,imu,31.78
1783377457.2,2015.9,right,0,26.29
1783377457.2,2015.9,right,1,26.71
1783377457.2,2015.9,right,2,29.09
1783377457.2,2015.9,right,3,30.82
1783377457.2,2015.9,right,4,30.00
1783377457.2,2015.9,right,5,31.14
1783377457.2,2015.9,right,6,31.21
1783377457.2,2015.9,right,7,28.73
1783377462.3,2021.0,left,imu,31.78
1783377462.3,2021.0,left,0,25.20
1783377462.3,2021.0,left,1,27.68
1783377462.3,2021.0,left,2,29.56
1783377462.3,2021.0,left,3,30.98
1783377462.3,2021.0,left,4,30.68
1783377462.3,2021.0,left,5,31.18
1783377462.3,2021.0,left,6,32.49
1783377462.3,2021.0,left,7,28.80
1783377462.3,2021.0,right,imu,31.78
1783377462.3,2021.0,right,0,26.29
1783377462.3,2021.0,right,1,26.71
1783377462.3,2021.0,right,2,29.09
1783377462.3,2021.0,right,3,30.75
1783377462.3,2021.0,right,4,30.00
1783377462.3,2021.0,right,5,31.21
1783377462.3,2021.0,right,6,31.14
1783377462.3,2021.0,right,7,28.73
1783377467.3,2026.1,left,imu,31.97
1783377467.3,2026.1,left,0,25.20
1783377467.3,2026.1,left,1,27.68
1783377467.3,2026.1,left,2,29.56
1783377467.3,2026.1,left,3,30.98
1783377467.3,2026.1,left,4,30.68
1783377467.3,2026.1,left,5,31.10
1783377467.3,2026.1,left,6,32.49
1783377467.3,2026.1,left,7,28.80
1783377467.3,2026.1,right,imu,31.83
1783377467.3,2026.1,right,0,26.29
1783377467.3,2026.1,right,1,26.79
1783377467.3,2026.1,right,2,29.09
1783377467.3,2026.1,right,3,30.82
1783377467.3,2026.1,right,4,30.00
1783377467.3,2026.1,right,5,31.14
1783377467.3,2026.1,right,6,31.14
1783377467.3,2026.1,right,7,28.73
1783377472.4,2031.1,left,imu,31.73
1783377472.4,2031.1,left,0,25.20
1783377472.4,2031.1,left,1,27.68
1783377472.4,2031.1,left,2,29.56
1783377472.4,2031.1,left,3,30.98
1783377472.4,2031.1,left,4,30.68
1783377472.4,2031.1,left,5,31.18
1783377472.4,2031.1,left,6,32.49
1783377472.4,2031.1,left,7,28.80
1783377472.4,2031.1,right,imu,31.83
1783377472.4,2031.1,right,0,26.29
1783377472.4,2031.1,right,1,26.71
1783377472.4,2031.1,right,2,29.09
1783377472.4,2031.1,right,3,30.75
1783377472.4,2031.1,right,4,30.00
1783377472.4,2031.1,right,5,31.14
1783377472.4,2031.1,right,6,31.21
1783377472.4,2031.1,right,7,28.73
1783377477.5,2036.2,left,imu,31.59
1783377477.5,2036.2,left,0,25.20
1783377477.5,2036.2,left,1,27.68
1783377477.5,2036.2,left,2,29.48
1783377477.5,2036.2,left,3,30.98
1783377477.5,2036.2,left,4,30.68
1783377477.5,2036.2,left,5,31.10
1783377477.5,2036.2,left,6,32.49
1783377477.5,2036.2,left,7,28.80
1783377477.5,2036.2,right,imu,31.93
1783377477.5,2036.2,right,0,26.29
1783377477.5,2036.2,right,1,26.71
1783377477.5,2036.2,right,2,29.09
1783377477.5,2036.2,right,3,30.75
1783377477.5,2036.2,right,4,30.00
1783377477.5,2036.2,right,5,31.14
1783377477.5,2036.2,right,6,31.14
1783377477.5,2036.2,right,7,28.73
1783377482.5,2041.3,left,imu,31.93
1783377482.5,2041.3,left,0,25.20
1783377482.5,2041.3,left,1,27.60
1783377482.5,2041.3,left,2,29.48
1783377482.5,2041.3,left,3,30.90
1783377482.5,2041.3,left,4,30.68
1783377482.5,2041.3,left,5,31.10
1783377482.5,2041.3,left,6,32.49
1783377482.5,2041.3,left,7,28.80
1783377482.5,2041.3,right,imu,31.78
1783377482.5,2041.3,right,0,26.29
1783377482.5,2041.3,right,1,26.71
1783377482.5,2041.3,right,2,29.09
1783377482.5,2041.3,right,3,30.75
1783377482.5,2041.3,right,4,30.00
1783377482.5,2041.3,right,5,31.14
1783377482.5,2041.3,right,6,31.06
1783377482.5,2041.3,right,7,28.65
1783377487.6,2046.3,left,imu,31.78
1783377487.6,2046.3,left,0,25.20
1783377487.6,2046.3,left,1,27.68
1783377487.6,2046.3,left,2,29.56
1783377487.6,2046.3,left,3,30.98
1783377487.6,2046.3,left,4,30.68
1783377487.6,2046.3,left,5,31.18
1783377487.6,2046.3,left,6,32.41
1783377487.6,2046.3,left,7,28.80
1783377487.6,2046.3,right,imu,31.78
1783377487.6,2046.3,right,0,26.29
1783377487.6,2046.3,right,1,26.71
1783377487.6,2046.3,right,2,29.09
1783377487.6,2046.3,right,3,30.75
1783377487.6,2046.3,right,4,30.00
1783377487.6,2046.3,right,5,31.14
1783377487.6,2046.3,right,6,31.14
1783377487.6,2046.3,right,7,28.65
1783377492.6,2051.4,left,imu,31.93
1783377492.6,2051.4,left,0,25.12
1783377492.6,2051.4,left,1,27.68
1783377492.6,2051.4,left,2,29.41
1783377492.6,2051.4,left,3,30.90
1783377492.6,2051.4,left,4,30.68
1783377492.6,2051.4,left,5,31.18
1783377492.6,2051.4,left,6,32.49
1783377492.6,2051.4,left,7,28.80
1783377492.6,2051.4,right,imu,31.78
1783377492.6,2051.4,right,0,26.29
1783377492.6,2051.4,right,1,26.71
1783377492.6,2051.4,right,2,29.09
1783377492.6,2051.4,right,3,30.75
1783377492.6,2051.4,right,4,30.00
1783377492.6,2051.4,right,5,31.14
1783377492.6,2051.4,right,6,31.14
1783377492.6,2051.4,right,7,28.65
1783377497.7,2056.5,left,imu,31.59
1783377497.7,2056.5,left,0,25.12
1783377497.7,2056.5,left,1,27.60
1783377497.7,2056.5,left,2,29.41
1783377497.7,2056.5,left,3,30.90
1783377497.7,2056.5,left,4,30.68
1783377497.7,2056.5,left,5,31.10
1783377497.7,2056.5,left,6,32.41
1783377497.7,2056.5,left,7,28.80
1783377497.7,2056.5,right,imu,31.78
1783377497.7,2056.5,right,0,26.29
1783377497.7,2056.5,right,1,26.71
1783377497.7,2056.5,right,2,29.09
1783377497.7,2056.5,right,3,30.75
1783377497.7,2056.5,right,4,30.00
1783377497.7,2056.5,right,5,31.14
1783377497.7,2056.5,right,6,31.14
1783377497.7,2056.5,right,7,28.65
1783377502.8,2061.5,left,imu,31.83
1783377502.8,2061.5,left,0,25.20
1783377502.8,2061.5,left,1,27.60
1783377502.8,2061.5,left,2,29.33
1783377502.8,2061.5,left,3,30.90
1783377502.8,2061.5,left,4,30.68
1783377502.8,2061.5,left,5,31.18
1783377502.8,2061.5,left,6,32.49
1783377502.8,2061.5,left,7,28.80
1783377502.8,2061.5,right,imu,31.73
1783377502.8,2061.5,right,0,26.29
1783377502.8,2061.5,right,1,26.71
1783377502.8,2061.5,right,2,29.09
1783377502.8,2061.5,right,3,30.75
1783377502.8,2061.5,right,4,30.00
1783377502.8,2061.5,right,5,31.06
1783377502.8,2061.5,right,6,31.14
1783377502.8,2061.5,right,7,28.65
1783377507.8,2066.6,left,imu,31.83
1783377507.8,2066.6,left,0,25.20
1783377507.8,2066.6,left,1,27.68
1783377507.8,2066.6,left,2,29.41
1783377507.8,2066.6,left,3,30.90
1783377507.8,2066.6,left,4,30.68
1783377507.8,2066.6,left,5,31.18
1783377507.8,2066.6,left,6,32.41
1783377507.8,2066.6,left,7,28.80
1783377507.8,2066.6,right,imu,31.54
1783377507.8,2066.6,right,0,26.29
1783377507.8,2066.6,right,1,26.71
1783377507.8,2066.6,right,2,29.09
1783377507.8,2066.6,right,3,30.75
1783377507.8,2066.6,right,4,30.00
1783377507.8,2066.6,right,5,31.06
1783377507.8,2066.6,right,6,31.14
1783377507.8,2066.6,right,7,28.65
1783377512.9,2071.7,left,imu,31.78
1783377512.9,2071.7,left,0,25.20
1783377512.9,2071.7,left,1,27.60
1783377512.9,2071.7,left,2,29.33
1783377512.9,2071.7,left,3,30.83
1783377512.9,2071.7,left,4,30.68
1783377512.9,2071.7,left,5,31.10
1783377512.9,2071.7,left,6,32.41
1783377512.9,2071.7,left,7,28.80
1783377512.9,2071.7,right,imu,31.83
1783377512.9,2071.7,right,0,26.29
1783377512.9,2071.7,right,1,26.71
1783377512.9,2071.7,right,2,29.09
1783377512.9,2071.7,right,3,30.75
1783377512.9,2071.7,right,4,30.00
1783377512.9,2071.7,right,5,31.06
1783377512.9,2071.7,right,6,31.06
1783377512.9,2071.7,right,7,28.65
1783377518.0,2076.7,left,imu,31.93
1783377518.0,2076.7,left,0,25.20
1783377518.0,2076.7,left,1,27.68
1783377518.0,2076.7,left,2,29.41
1783377518.0,2076.7,left,3,30.90
1783377518.0,2076.7,left,4,30.68
1783377518.0,2076.7,left,5,31.10
1783377518.0,2076.7,left,6,32.49
1783377518.0,2076.7,left,7,28.80
1783377518.0,2076.7,right,imu,31.78
1783377518.0,2076.7,right,0,26.29
1783377518.0,2076.7,right,1,26.71
1783377518.0,2076.7,right,2,29.09
1783377518.0,2076.7,right,3,30.75
1783377518.0,2076.7,right,4,29.92
1783377518.0,2076.7,right,5,31.06
1783377518.0,2076.7,right,6,31.14
1783377518.0,2076.7,right,7,28.58
1783377523.0,2081.8,left,imu,31.97
1783377523.0,2081.8,left,0,25.20
1783377523.0,2081.8,left,1,27.60
1783377523.0,2081.8,left,2,29.41
1783377523.0,2081.8,left,3,30.98
1783377523.0,2081.8,left,4,30.68
1783377523.0,2081.8,left,5,31.10
1783377523.0,2081.8,left,6,32.41
1783377523.0,2081.8,left,7,28.80
1783377523.0,2081.8,right,imu,31.78
1783377523.0,2081.8,right,0,26.29
1783377523.0,2081.8,right,1,26.71
1783377523.0,2081.8,right,2,29.09
1783377523.0,2081.8,right,3,30.75
1783377523.0,2081.8,right,4,30.00
1783377523.0,2081.8,right,5,31.06
1783377523.0,2081.8,right,6,31.06
1783377523.0,2081.8,right,7,28.58
1783377528.1,2086.9,left,imu,31.78
1783377528.1,2086.9,left,0,25.20
1783377528.1,2086.9,left,1,27.68
1783377528.1,2086.9,left,2,29.33
1783377528.1,2086.9,left,3,30.90
1783377528.1,2086.9,left,4,30.68
1783377528.1,2086.9,left,5,31.18
1783377528.1,2086.9,left,6,32.49
1783377528.1,2086.9,left,7,28.80
1783377528.1,2086.9,right,imu,31.54
1783377528.1,2086.9,right,0,26.29
1783377528.1,2086.9,right,1,26.71
1783377528.1,2086.9,right,2,29.09
1783377528.1,2086.9,right,3,30.75
1783377528.1,2086.9,right,4,30.00
1783377528.1,2086.9,right,5,31.06
1783377528.1,2086.9,right,6,31.06
1783377528.1,2086.9,right,7,28.58
1783377533.2,2091.9,left,imu,31.78
1783377533.2,2091.9,left,0,25.20
1783377533.2,2091.9,left,1,27.60
1783377533.2,2091.9,left,2,29.33
1783377533.2,2091.9,left,3,30.90
1783377533.2,2091.9,left,4,30.68
1783377533.2,2091.9,left,5,31.10
1783377533.2,2091.9,left,6,32.49
1783377533.2,2091.9,left,7,28.80
1783377533.2,2091.9,right,imu,31.40
1783377533.2,2091.9,right,0,26.29
1783377533.2,2091.9,right,1,26.71
1783377533.2,2091.9,right,2,29.09
1783377533.2,2091.9,right,3,30.75
1783377533.2,2091.9,right,4,30.00
1783377533.2,2091.9,right,5,31.06
1783377533.2,2091.9,right,6,31.14
1783377533.2,2091.9,right,7,28.58
1783377538.2,2097.0,left,imu,31.78
1783377538.2,2097.0,left,0,25.20
1783377538.2,2097.0,left,1,27.60
1783377538.2,2097.0,left,2,29.33
1783377538.2,2097.0,left,3,30.83
1783377538.2,2097.0,left,4,30.68
1783377538.2,2097.0,left,5,31.10
1783377538.2,2097.0,left,6,32.41
1783377538.2,2097.0,left,7,28.80
1783377538.2,2097.0,right,imu,31.73
1783377538.2,2097.0,right,0,26.29
1783377538.2,2097.0,right,1,26.71
1783377538.2,2097.0,right,2,29.09
1783377538.2,2097.0,right,3,30.75
1783377538.2,2097.0,right,4,29.92
1783377538.2,2097.0,right,5,30.99
1783377538.2,2097.0,right,6,31.06
1783377538.2,2097.0,right,7,28.58
1783377543.3,2102.0,left,imu,31.97
1783377543.3,2102.0,left,0,25.20
1783377543.3,2102.0,left,1,27.60
1783377543.3,2102.0,left,2,29.33
1783377543.3,2102.0,left,3,30.90
1783377543.3,2102.0,left,4,30.68
1783377543.3,2102.0,left,5,31.18
1783377543.3,2102.0,left,6,32.41
1783377543.3,2102.0,left,7,28.80
1783377543.3,2102.0,right,imu,31.78
1783377543.3,2102.0,right,0,26.29
1783377543.3,2102.0,right,1,26.71
1783377543.3,2102.0,right,2,29.09
1783377543.3,2102.0,right,3,30.75
1783377543.3,2102.0,right,4,30.00
1783377543.3,2102.0,right,5,31.06
1783377543.3,2102.0,right,6,31.06
1783377543.3,2102.0,right,7,28.58
1783377548.4,2107.1,left,imu,31.73
1783377548.4,2107.1,left,0,25.20
1783377548.4,2107.1,left,1,27.60
1783377548.4,2107.1,left,2,29.25
1783377548.4,2107.1,left,3,30.83
1783377548.4,2107.1,left,4,30.68
1783377548.4,2107.1,left,5,31.10
1783377548.4,2107.1,left,6,32.49
1783377548.4,2107.1,left,7,28.80
1783377548.4,2107.1,right,imu,31.83
1783377548.4,2107.1,right,0,26.29
1783377548.4,2107.1,right,1,26.71
1783377548.4,2107.1,right,2,29.09
1783377548.4,2107.1,right,3,30.75
1783377548.4,2107.1,right,4,30.00
1783377548.4,2107.1,right,5,30.99
1783377548.4,2107.1,right,6,31.06
1783377548.4,2107.1,right,7,28.58
1783377553.4,2112.2,left,imu,31.83
1783377553.4,2112.2,left,0,25.20
1783377553.4,2112.2,left,1,27.60
1783377553.4,2112.2,left,2,29.25
1783377553.4,2112.2,left,3,30.83
1783377553.4,2112.2,left,4,30.68
1783377553.4,2112.2,left,5,31.10
1783377553.4,2112.2,left,6,32.49
1783377553.4,2112.2,left,7,28.80
1783377553.4,2112.2,right,imu,31.93
1783377553.4,2112.2,right,0,26.29
1783377553.4,2112.2,right,1,26.71
1783377553.4,2112.2,right,2,29.09
1783377553.4,2112.2,right,3,30.75
1783377553.4,2112.2,right,4,29.92
1783377553.4,2112.2,right,5,31.06
1783377553.4,2112.2,right,6,31.06
1783377553.4,2112.2,right,7,28.58
1783377558.5,2117.2,left,imu,32.07
1783377558.5,2117.2,left,0,25.20
1783377558.5,2117.2,left,1,27.68
1783377558.5,2117.2,left,2,29.25
1783377558.5,2117.2,left,3,30.83
1783377558.5,2117.2,left,4,30.68
1783377558.5,2117.2,left,5,31.10
1783377558.5,2117.2,left,6,32.41
1783377558.5,2117.2,left,7,28.80
1783377558.5,2117.2,right,imu,31.64
1783377558.5,2117.2,right,0,26.29
1783377558.5,2117.2,right,1,26.71
1783377558.5,2117.2,right,2,29.09
1783377558.5,2117.2,right,3,30.75
1783377558.5,2117.2,right,4,29.92
1783377558.5,2117.2,right,5,31.06
1783377558.5,2117.2,right,6,31.14
1783377558.5,2117.2,right,7,28.58
1783377563.6,2122.3,left,imu,31.97
1783377563.6,2122.3,left,0,25.20
1783377563.6,2122.3,left,1,27.68
1783377563.6,2122.3,left,2,29.25
1783377563.6,2122.3,left,3,30.83
1783377563.6,2122.3,left,4,30.68
1783377563.6,2122.3,left,5,31.10
1783377563.6,2122.3,left,6,32.41
1783377563.6,2122.3,left,7,28.80
1783377563.6,2122.3,right,imu,31.64
1783377563.6,2122.3,right,0,26.29
1783377563.6,2122.3,right,1,26.71
1783377563.6,2122.3,right,2,29.09
1783377563.6,2122.3,right,3,30.75
1783377563.6,2122.3,right,4,29.92
1783377563.6,2122.3,right,5,31.06
1783377563.6,2122.3,right,6,31.14
1783377563.6,2122.3,right,7,28.58
1783377568.6,2127.4,left,imu,31.73
1783377568.6,2127.4,left,0,25.20
1783377568.6,2127.4,left,1,27.68
1783377568.6,2127.4,left,2,29.25
1783377568.6,2127.4,left,3,30.90
1783377568.6,2127.4,left,4,30.68
1783377568.6,2127.4,left,5,31.10
1783377568.6,2127.4,left,6,32.41
1783377568.6,2127.4,left,7,28.80
1783377568.6,2127.4,right,imu,31.97
1783377568.6,2127.4,right,0,26.29
1783377568.6,2127.4,right,1,26.71
1783377568.6,2127.4,right,2,29.09
1783377568.6,2127.4,right,3,30.75
1783377568.6,2127.4,right,4,29.92
1783377568.6,2127.4,right,5,30.99
1783377568.6,2127.4,right,6,31.14
1783377568.6,2127.4,right,7,28.58
1783377573.7,2132.4,left,imu,31.83
1783377573.7,2132.4,left,0,25.20
1783377573.7,2132.4,left,1,27.60
1783377573.7,2132.4,left,2,29.25
1783377573.7,2132.4,left,3,30.83
1783377573.7,2132.4,left,4,30.68
1783377573.7,2132.4,left,5,31.10
1783377573.7,2132.4,left,6,32.41
1783377573.7,2132.4,left,7,28.80
1783377573.7,2132.4,right,imu,31.73
1783377573.7,2132.4,right,0,26.29
1783377573.7,2132.4,right,1,26.71
1783377573.7,2132.4,right,2,29.09
1783377573.7,2132.4,right,3,30.75
1783377573.7,2132.4,right,4,29.92
1783377573.7,2132.4,right,5,30.99
1783377573.7,2132.4,right,6,31.14
1783377573.7,2132.4,right,7,28.50
1783377578.8,2137.5,left,imu,31.83
1783377578.8,2137.5,left,0,25.20
1783377578.8,2137.5,left,1,27.68
1783377578.8,2137.5,left,2,29.25
1783377578.8,2137.5,left,3,30.83
1783377578.8,2137.5,left,4,30.68
1783377578.8,2137.5,left,5,31.02
1783377578.8,2137.5,left,6,32.41
1783377578.8,2137.5,left,7,28.80
1783377578.8,2137.5,right,imu,31.54
1783377578.8,2137.5,right,0,26.29
1783377578.8,2137.5,right,1,26.71
1783377578.8,2137.5,right,2,29.09
1783377578.8,2137.5,right,3,30.75
1783377578.8,2137.5,right,4,29.92
1783377578.8,2137.5,right,5,31.06
1783377578.8,2137.5,right,6,31.06
1783377578.8,2137.5,right,7,28.50
1783377583.8,2142.6,left,imu,31.97
1783377583.8,2142.6,left,0,25.20
1783377583.8,2142.6,left,1,27.68
1783377583.8,2142.6,left,2,29.33
1783377583.8,2142.6,left,3,30.83
1783377583.8,2142.6,left,4,30.68
1783377583.8,2142.6,left,5,31.10
1783377583.8,2142.6,left,6,32.41
1783377583.8,2142.6,left,7,28.80
1783377583.8,2142.6,right,imu,31.93
1783377583.8,2142.6,right,0,26.29
1783377583.8,2142.6,right,1,26.71
1783377583.8,2142.6,right,2,29.09
1783377583.8,2142.6,right,3,30.75
1783377583.8,2142.6,right,4,29.92
1783377583.8,2142.6,right,5,30.99
1783377583.8,2142.6,right,6,31.06
1783377583.8,2142.6,right,7,28.50
1783377588.9,2147.6,left,imu,31.78
1783377588.9,2147.6,left,0,25.20
1783377588.9,2147.6,left,1,27.60
1783377588.9,2147.6,left,2,29.25
1783377588.9,2147.6,left,3,30.83
1783377588.9,2147.6,left,4,30.68
1783377588.9,2147.6,left,5,31.10
1783377588.9,2147.6,left,6,32.41
1783377588.9,2147.6,left,7,28.80
1783377588.9,2147.6,right,imu,31.83
1783377588.9,2147.6,right,0,26.29
1783377588.9,2147.6,right,1,26.71
1783377588.9,2147.6,right,2,29.09
1783377588.9,2147.6,right,3,30.75
1783377588.9,2147.6,right,4,29.92
1783377588.9,2147.6,right,5,30.99
1783377588.9,2147.6,right,6,31.06
1783377588.9,2147.6,right,7,28.50
1783377593.9,2152.7,left,imu,31.93
1783377593.9,2152.7,left,0,25.20
1783377593.9,2152.7,left,1,27.68
1783377593.9,2152.7,left,2,29.33
1783377593.9,2152.7,left,3,30.83
1783377593.9,2152.7,left,4,30.68
1783377593.9,2152.7,left,5,31.10
1783377593.9,2152.7,left,6,32.41
1783377593.9,2152.7,left,7,28.80
1783377593.9,2152.7,right,imu,31.78
1783377593.9,2152.7,right,0,26.29
1783377593.9,2152.7,right,1,26.71
1783377593.9,2152.7,right,2,29.09
1783377593.9,2152.7,right,3,30.75
1783377593.9,2152.7,right,4,29.92
1783377593.9,2152.7,right,5,30.91
1783377593.9,2152.7,right,6,31.06
1783377593.9,2152.7,right,7,28.50
1783377599.0,2157.8,left,imu,31.83
1783377599.0,2157.8,left,0,25.20
1783377599.0,2157.8,left,1,27.60
1783377599.0,2157.8,left,2,29.25
1783377599.0,2157.8,left,3,30.83
1783377599.0,2157.8,left,4,30.68
1783377599.0,2157.8,left,5,31.02
1783377599.0,2157.8,left,6,32.41
1783377599.0,2157.8,left,7,28.80
1783377599.0,2157.8,right,imu,31.45
1783377599.0,2157.8,right,0,26.29
1783377599.0,2157.8,right,1,26.71
1783377599.0,2157.8,right,2,29.09
1783377599.0,2157.8,right,3,30.75
1783377599.0,2157.8,right,4,29.92
1783377599.0,2157.8,right,5,30.99
1783377599.0,2157.8,right,6,31.14
1783377599.0,2157.8,right,7,28.50
1783377604.1,2162.8,left,imu,31.78
1783377604.1,2162.8,left,0,25.12
1783377604.1,2162.8,left,1,27.60
1783377604.1,2162.8,left,2,29.25
1783377604.1,2162.8,left,3,30.83
1783377604.1,2162.8,left,4,30.76
1783377604.1,2162.8,left,5,31.02
1783377604.1,2162.8,left,6,32.41
1783377604.1,2162.8,left,7,28.88
1783377604.1,2162.8,right,imu,31.59
1783377604.1,2162.8,right,0,26.29
1783377604.1,2162.8,right,1,26.71
1783377604.1,2162.8,right,2,29.09
1783377604.1,2162.8,right,3,30.75
1783377604.1,2162.8,right,4,29.92
1783377604.1,2162.8,right,5,30.99
1783377604.1,2162.8,right,6,31.14
1783377604.1,2162.8,right,7,28.43
1783377609.1,2167.9,left,imu,31.78
1783377609.1,2167.9,left,0,25.20
1783377609.1,2167.9,left,1,27.60
1783377609.1,2167.9,left,2,29.33
1783377609.1,2167.9,left,3,30.83
1783377609.1,2167.9,left,4,30.76
1783377609.1,2167.9,left,5,31.02
1783377609.1,2167.9,left,6,32.41
1783377609.1,2167.9,left,7,28.73
1783377609.1,2167.9,right,imu,31.78
1783377609.1,2167.9,right,0,26.29
1783377609.1,2167.9,right,1,26.71
1783377609.1,2167.9,right,2,29.09
1783377609.1,2167.9,right,3,30.75
1783377609.1,2167.9,right,4,29.92
1783377609.1,2167.9,right,5,30.91
1783377609.1,2167.9,right,6,31.14
1783377609.1,2167.9,right,7,28.43
1783377614.2,2172.9,left,imu,31.83
1783377614.2,2172.9,left,0,25.20
1783377614.2,2172.9,left,1,27.68
1783377614.2,2172.9,left,2,29.33
1783377614.2,2172.9,left,3,30.83
1783377614.2,2172.9,left,4,30.68
1783377614.2,2172.9,left,5,31.02
1783377614.2,2172.9,left,6,32.34
1783377614.2,2172.9,left,7,28.80
1783377614.2,2172.9,right,imu,31.73
1783377614.2,2172.9,right,0,26.29
1783377614.2,2172.9,right,1,26.71
1783377614.2,2172.9,right,2,29.09
1783377614.2,2172.9,right,3,30.75
1783377614.2,2172.9,right,4,29.92
1783377614.2,2172.9,right,5,30.91
1783377614.2,2172.9,right,6,31.14
1783377614.2,2172.9,right,7,28.50
1783377619.3,2178.0,left,imu,31.45
1783377619.3,2178.0,left,0,25.20
1783377619.3,2178.0,left,1,27.68
1783377619.3,2178.0,left,2,29.25
1783377619.3,2178.0,left,3,30.83
1783377619.3,2178.0,left,4,30.68
1783377619.3,2178.0,left,5,31.02
1783377619.3,2178.0,left,6,32.34
1783377619.3,2178.0,left,7,28.80
1783377619.3,2178.0,right,imu,31.73
1783377619.3,2178.0,right,0,26.29
1783377619.3,2178.0,right,1,26.71
1783377619.3,2178.0,right,2,29.09
1783377619.3,2178.0,right,3,30.75
1783377619.3,2178.0,right,4,29.92
1783377619.3,2178.0,right,5,30.91
1783377619.3,2178.0,right,6,31.14
1783377619.3,2178.0,right,7,28.43
1783377624.3,2183.1,left,imu,31.64
1783377624.3,2183.1,left,0,25.20
1783377624.3,2183.1,left,1,27.68
1783377624.3,2183.1,left,2,29.25
1783377624.3,2183.1,left,3,30.83
1783377624.3,2183.1,left,4,30.76
1783377624.3,2183.1,left,5,31.02
1783377624.3,2183.1,left,6,32.41
1783377624.3,2183.1,left,7,28.80
1783377624.3,2183.1,right,imu,31.64
1783377624.3,2183.1,right,0,26.29
1783377624.3,2183.1,right,1,26.71
1783377624.3,2183.1,right,2,29.09
1783377624.3,2183.1,right,3,30.75
1783377624.3,2183.1,right,4,29.92
1783377624.3,2183.1,right,5,30.99
1783377624.3,2183.1,right,6,31.14
1783377624.3,2183.1,right,7,28.43
1783377629.4,2188.1,left,imu,31.64
1783377629.4,2188.1,left,0,25.20
1783377629.4,2188.1,left,1,27.52
1783377629.4,2188.1,left,2,29.25
1783377629.4,2188.1,left,3,30.83
1783377629.4,2188.1,left,4,30.76
1783377629.4,2188.1,left,5,31.02
1783377629.4,2188.1,left,6,32.34
1783377629.4,2188.1,left,7,28.80
1783377629.4,2188.1,right,imu,31.78
1783377629.4,2188.1,right,0,26.29
1783377629.4,2188.1,right,1,26.71
1783377629.4,2188.1,right,2,29.09
1783377629.4,2188.1,right,3,30.75
1783377629.4,2188.1,right,4,29.92
1783377629.4,2188.1,right,5,30.99
1783377629.4,2188.1,right,6,31.14
1783377629.4,2188.1,right,7,28.50
1783377634.4,2193.2,left,imu,31.73
1783377634.4,2193.2,left,0,25.20
1783377634.4,2193.2,left,1,27.60
1783377634.4,2193.2,left,2,29.33
1783377634.4,2193.2,left,3,30.83
1783377634.4,2193.2,left,4,30.61
1783377634.4,2193.2,left,5,31.02
1783377634.4,2193.2,left,6,32.41
1783377634.4,2193.2,left,7,28.88
1783377634.4,2193.2,right,imu,31.93
1783377634.4,2193.2,right,0,26.29
1783377634.4,2193.2,right,1,26.71
1783377634.4,2193.2,right,2,29.09
1783377634.4,2193.2,right,3,30.75
1783377634.4,2193.2,right,4,29.92
1783377634.4,2193.2,right,5,30.91
1783377634.4,2193.2,right,6,31.14
1783377634.4,2193.2,right,7,28.43
1783377639.5,2198.3,left,imu,31.97
1783377639.5,2198.3,left,0,25.20
1783377639.5,2198.3,left,1,27.60
1783377639.5,2198.3,left,2,29.33
1783377639.5,2198.3,left,3,30.83
1783377639.5,2198.3,left,4,30.68
1783377639.5,2198.3,left,5,31.02
1783377639.5,2198.3,left,6,32.34
1783377639.5,2198.3,left,7,28.80
1783377639.5,2198.3,right,imu,31.64
1783377639.5,2198.3,right,0,26.29
1783377639.5,2198.3,right,1,26.71
1783377639.5,2198.3,right,2,29.09
1783377639.5,2198.3,right,3,30.75
1783377639.5,2198.3,right,4,29.92
1783377639.5,2198.3,right,5,30.99
1783377639.5,2198.3,right,6,31.14
1783377639.5,2198.3,right,7,28.50
1783377644.6,2203.3,left,imu,31.93
1783377644.6,2203.3,left,0,25.20
1783377644.6,2203.3,left,1,27.60
1783377644.6,2203.3,left,2,29.33
1783377644.6,2203.3,left,3,30.83
1783377644.6,2203.3,left,4,30.68
1783377644.6,2203.3,left,5,31.02
1783377644.6,2203.3,left,6,32.34
1783377644.6,2203.3,left,7,28.80
1783377644.6,2203.3,right,imu,31.54
1783377644.6,2203.3,right,0,26.29
1783377644.6,2203.3,right,1,26.71
1783377644.6,2203.3,right,2,29.09
1783377644.6,2203.3,right,3,30.75
1783377644.6,2203.3,right,4,29.92
1783377644.6,2203.3,right,5,30.91
1783377644.6,2203.3,right,6,31.14
1783377644.6,2203.3,right,7,28.43
1783377649.6,2208.4,left,imu,31.54
1783377649.6,2208.4,left,0,25.12
1783377649.6,2208.4,left,1,27.60
1783377649.6,2208.4,left,2,29.33
1783377649.6,2208.4,left,3,30.83
1783377649.6,2208.4,left,4,30.61
1783377649.6,2208.4,left,5,31.02
1783377649.6,2208.4,left,6,32.34
1783377649.6,2208.4,left,7,28.80
1783377649.6,2208.4,right,imu,31.93
1783377649.6,2208.4,right,0,26.29
1783377649.6,2208.4,right,1,26.71
1783377649.6,2208.4,right,2,29.09
1783377649.6,2208.4,right,3,30.75
1783377649.6,2208.4,right,4,29.92
1783377649.6,2208.4,right,5,30.91
1783377649.6,2208.4,right,6,31.14
1783377649.6,2208.4,right,7,28.50
1783377654.7,2213.5,left,imu,32.07
1783377654.7,2213.5,left,0,25.20
1783377654.7,2213.5,left,1,27.68
1783377654.7,2213.5,left,2,29.25
1783377654.7,2213.5,left,3,30.83
1783377654.7,2213.5,left,4,30.61
1783377654.7,2213.5,left,5,31.02
1783377654.7,2213.5,left,6,32.41
1783377654.7,2213.5,left,7,28.73
1783377654.7,2213.5,right,imu,31.78
1783377654.7,2213.5,right,0,26.29
1783377654.7,2213.5,right,1,26.71
1783377654.7,2213.5,right,2,29.09
1783377654.7,2213.5,right,3,30.75
1783377654.7,2213.5,right,4,29.92
1783377654.7,2213.5,right,5,30.99
1783377654.7,2213.5,right,6,31.06
1783377654.7,2213.5,right,7,28.50
1783377659.8,2218.5,left,imu,31.78
1783377659.8,2218.5,left,0,25.12
1783377659.8,2218.5,left,1,27.60
1783377659.8,2218.5,left,2,29.33
1783377659.8,2218.5,left,3,30.83
1783377659.8,2218.5,left,4,30.61
1783377659.8,2218.5,left,5,31.02
1783377659.8,2218.5,left,6,32.34
1783377659.8,2218.5,left,7,28.80
1783377659.8,2218.5,right,imu,31.93
1783377659.8,2218.5,right,0,26.29
1783377659.8,2218.5,right,1,26.71
1783377659.8,2218.5,right,2,29.09
1783377659.8,2218.5,right,3,30.67
1783377659.8,2218.5,right,4,29.92
1783377659.8,2218.5,right,5,30.91
1783377659.8,2218.5,right,6,31.14
1783377659.8,2218.5,right,7,28.50
1783377664.8,2223.6,left,imu,31.97
1783377664.8,2223.6,left,0,25.20
1783377664.8,2223.6,left,1,27.60
1783377664.8,2223.6,left,2,29.33
1783377664.8,2223.6,left,3,30.83
1783377664.8,2223.6,left,4,30.61
1783377664.8,2223.6,left,5,31.02
1783377664.8,2223.6,left,6,32.34
1783377664.8,2223.6,left,7,28.73
1783377664.8,2223.6,right,imu,31.78
1783377664.8,2223.6,right,0,26.29
1783377664.8,2223.6,right,1,26.71
1783377664.8,2223.6,right,2,29.09
1783377664.8,2223.6,right,3,30.67
1783377664.8,2223.6,right,4,29.92
1783377664.8,2223.6,right,5,30.99
1783377664.8,2223.6,right,6,31.14
1783377664.8,2223.6,right,7,28.43
1783377669.9,2228.6,left,imu,31.93
1783377669.9,2228.6,left,0,25.12
1783377669.9,2228.6,left,1,27.60
1783377669.9,2228.6,left,2,29.33
1783377669.9,2228.6,left,3,30.83
1783377669.9,2228.6,left,4,30.61
1783377669.9,2228.6,left,5,31.02
1783377669.9,2228.6,left,6,32.34
1783377669.9,2228.6,left,7,28.73
1783377669.9,2228.6,right,imu,31.73
1783377669.9,2228.6,right,0,26.29
1783377669.9,2228.6,right,1,26.71
1783377669.9,2228.6,right,2,29.09
1783377669.9,2228.6,right,3,30.75
1783377669.9,2228.6,right,4,29.92
1783377669.9,2228.6,right,5,30.91
1783377669.9,2228.6,right,6,31.14
1783377669.9,2228.6,right,7,28.43
1783377675.0,2233.7,left,imu,31.97
1783377675.0,2233.7,left,0,25.12
1783377675.0,2233.7,left,1,27.52
1783377675.0,2233.7,left,2,29.33
1783377675.0,2233.7,left,3,30.83
1783377675.0,2233.7,left,4,30.61
1783377675.0,2233.7,left,5,31.10
1783377675.0,2233.7,left,6,32.34
1783377675.0,2233.7,left,7,28.80
1783377675.0,2233.7,right,imu,31.78
1783377675.0,2233.7,right,0,26.29
1783377675.0,2233.7,right,1,26.71
1783377675.0,2233.7,right,2,29.09
1783377675.0,2233.7,right,3,30.75
1783377675.0,2233.7,right,4,29.92
1783377675.0,2233.7,right,5,30.91
1783377675.0,2233.7,right,6,31.14
1783377675.0,2233.7,right,7,28.43
1783377680.0,2238.8,left,imu,31.78
1783377680.0,2238.8,left,0,25.20
1783377680.0,2238.8,left,1,27.60
1783377680.0,2238.8,left,2,29.33
1783377680.0,2238.8,left,3,30.83
1783377680.0,2238.8,left,4,30.68
1783377680.0,2238.8,left,5,31.02
1783377680.0,2238.8,left,6,32.41
1783377680.0,2238.8,left,7,28.80
1783377680.0,2238.8,right,imu,31.45
1783377680.0,2238.8,right,0,26.29
1783377680.0,2238.8,right,1,26.71
1783377680.0,2238.8,right,2,29.09
1783377680.0,2238.8,right,3,30.67
1783377680.0,2238.8,right,4,29.92
1783377680.0,2238.8,right,5,30.91
1783377680.0,2238.8,right,6,31.14
1783377680.0,2238.8,right,7,28.43
1783377685.1,2243.8,left,imu,31.78
1783377685.1,2243.8,left,0,25.12
1783377685.1,2243.8,left,1,27.52
1783377685.1,2243.8,left,2,29.33
1783377685.1,2243.8,left,3,30.83
1783377685.1,2243.8,left,4,30.61
1783377685.1,2243.8,left,5,31.02
1783377685.1,2243.8,left,6,32.34
1783377685.1,2243.8,left,7,28.73
1783377685.1,2243.8,right,imu,31.73
1783377685.1,2243.8,right,0,26.29
1783377685.1,2243.8,right,1,26.71
1783377685.1,2243.8,right,2,29.09
1783377685.1,2243.8,right,3,30.75
1783377685.1,2243.8,right,4,29.92
1783377685.1,2243.8,right,5,30.91
1783377685.1,2243.8,right,6,31.06
1783377685.1,2243.8,right,7,28.50
1783377690.2,2248.9,left,imu,31.78
1783377690.2,2248.9,left,0,25.12
1783377690.2,2248.9,left,1,27.45
1783377690.2,2248.9,left,2,29.33
1783377690.2,2248.9,left,3,30.83
1783377690.2,2248.9,left,4,30.68
1783377690.2,2248.9,left,5,31.02
1783377690.2,2248.9,left,6,32.41
1783377690.2,2248.9,left,7,28.73
1783377690.2,2248.9,right,imu,31.45
1783377690.2,2248.9,right,0,26.29
1783377690.2,2248.9,right,1,26.63
1783377690.2,2248.9,right,2,29.09
1783377690.2,2248.9,right,3,30.67
1783377690.2,2248.9,right,4,29.92
1783377690.2,2248.9,right,5,30.91
1783377690.2,2248.9,right,6,31.14
1783377690.2,2248.9,right,7,28.43
1783377695.2,2254.0,left,imu,31.78
1783377695.2,2254.0,left,0,25.12
1783377695.2,2254.0,left,1,27.45
1783377695.2,2254.0,left,2,29.33
1783377695.2,2254.0,left,3,30.83
1783377695.2,2254.0,left,4,30.61
1783377695.2,2254.0,left,5,31.02
1783377695.2,2254.0,left,6,32.34
1783377695.2,2254.0,left,7,28.73
1783377695.2,2254.0,right,imu,31.93
1783377695.2,2254.0,right,0,26.29
1783377695.2,2254.0,right,1,26.71
1783377695.2,2254.0,right,2,29.09
1783377695.2,2254.0,right,3,30.67
1783377695.2,2254.0,right,4,29.92
1783377695.2,2254.0,right,5,30.91
1783377695.2,2254.0,right,6,31.14
1783377695.2,2254.0,right,7,28.43
1783377700.3,2259.0,left,imu,31.97
1783377700.3,2259.0,left,0,25.12
1783377700.3,2259.0,left,1,27.52
1783377700.3,2259.0,left,2,29.33
1783377700.3,2259.0,left,3,30.83
1783377700.3,2259.0,left,4,30.61
1783377700.3,2259.0,left,5,31.02
1783377700.3,2259.0,left,6,32.34
1783377700.3,2259.0,left,7,28.73
1783377700.3,2259.0,right,imu,31.78
1783377700.3,2259.0,right,0,26.29
1783377700.3,2259.0,right,1,26.71
1783377700.3,2259.0,right,2,29.09
1783377700.3,2259.0,right,3,30.67
1783377700.3,2259.0,right,4,29.92
1783377700.3,2259.0,right,5,30.91
1783377700.3,2259.0,right,6,31.06
1783377700.3,2259.0,right,7,28.43
1783377705.4,2264.1,left,imu,31.78
1783377705.4,2264.1,left,0,25.12
1783377705.4,2264.1,left,1,27.52
1783377705.4,2264.1,left,2,29.33
1783377705.4,2264.1,left,3,30.83
1783377705.4,2264.1,left,4,30.68
1783377705.4,2264.1,left,5,31.02
1783377705.4,2264.1,left,6,32.34
1783377705.4,2264.1,left,7,28.73
1783377705.4,2264.1,right,imu,31.54
1783377705.4,2264.1,right,0,26.29
1783377705.4,2264.1,right,1,26.71
1783377705.4,2264.1,right,2,29.09
1783377705.4,2264.1,right,3,30.67
1783377705.4,2264.1,right,4,29.92
1783377705.4,2264.1,right,5,30.91
1783377705.4,2264.1,right,6,31.06
1783377705.4,2264.1,right,7,28.43
1783377710.4,2269.2,left,imu,31.64
1783377710.4,2269.2,left,0,25.12
1783377710.4,2269.2,left,1,27.45
1783377710.4,2269.2,left,2,29.33
1783377710.4,2269.2,left,3,30.83
1783377710.4,2269.2,left,4,30.61
1783377710.4,2269.2,left,5,31.02
1783377710.4,2269.2,left,6,32.34
1783377710.4,2269.2,left,7,28.80
1783377710.4,2269.2,right,imu,31.78
1783377710.4,2269.2,right,0,26.29
1783377710.4,2269.2,right,1,26.63
1783377710.4,2269.2,right,2,29.09
1783377710.4,2269.2,right,3,30.67
1783377710.4,2269.2,right,4,29.92
1783377710.4,2269.2,right,5,30.91
1783377710.4,2269.2,right,6,31.06
1783377710.4,2269.2,right,7,28.43
1783377715.5,2274.2,left,imu,31.97
1783377715.5,2274.2,left,0,25.12
1783377715.5,2274.2,left,1,27.45
1783377715.5,2274.2,left,2,29.33
1783377715.5,2274.2,left,3,30.83
1783377715.5,2274.2,left,4,30.61
1783377715.5,2274.2,left,5,31.02
1783377715.5,2274.2,left,6,32.34
1783377715.5,2274.2,left,7,28.73
1783377715.5,2274.2,right,imu,31.78
1783377715.5,2274.2,right,0,26.29
1783377715.5,2274.2,right,1,26.71
1783377715.5,2274.2,right,2,29.09
1783377715.5,2274.2,right,3,30.67
1783377715.5,2274.2,right,4,29.92
1783377715.5,2274.2,right,5,30.91
1783377715.5,2274.2,right,6,31.06
1783377715.5,2274.2,right,7,28.43
1783377720.5,2279.3,left,imu,31.73
1783377720.5,2279.3,left,0,25.12
1783377720.5,2279.3,left,1,27.37
1783377720.5,2279.3,left,2,29.33
1783377720.5,2279.3,left,3,30.83
1783377720.5,2279.3,left,4,30.68
1783377720.5,2279.3,left,5,31.02
1783377720.5,2279.3,left,6,32.34
1783377720.5,2279.3,left,7,28.73
1783377720.5,2279.3,right,imu,31.83
1783377720.5,2279.3,right,0,26.29
1783377720.5,2279.3,right,1,26.71
1783377720.5,2279.3,right,2,29.09
1783377720.5,2279.3,right,3,30.67
1783377720.5,2279.3,right,4,29.92
1783377720.5,2279.3,right,5,30.91
1783377720.5,2279.3,right,6,31.06
1783377720.5,2279.3,right,7,28.43
1783377725.6,2284.4,left,imu,31.64
1783377725.6,2284.4,left,0,25.12
1783377725.6,2284.4,left,1,27.45
1783377725.6,2284.4,left,2,29.33
1783377725.6,2284.4,left,3,30.83
1783377725.6,2284.4,left,4,30.53
1783377725.6,2284.4,left,5,31.02
1783377725.6,2284.4,left,6,32.34
1783377725.6,2284.4,left,7,28.73
1783377725.6,2284.4,right,imu,31.78
1783377725.6,2284.4,right,0,26.29
1783377725.6,2284.4,right,1,26.71
1783377725.6,2284.4,right,2,29.09
1783377725.6,2284.4,right,3,30.67
1783377725.6,2284.4,right,4,29.92
1783377725.6,2284.4,right,5,30.84
1783377725.6,2284.4,right,6,31.06
1783377725.6,2284.4,right,7,28.43
1783377730.7,2289.4,left,imu,31.78
1783377730.7,2289.4,left,0,25.12
1783377730.7,2289.4,left,1,27.37
1783377730.7,2289.4,left,2,29.33
1783377730.7,2289.4,left,3,30.83
1783377730.7,2289.4,left,4,30.61
1783377730.7,2289.4,left,5,31.02
1783377730.7,2289.4,left,6,32.41
1783377730.7,2289.4,left,7,28.80
1783377730.7,2289.4,right,imu,31.78
1783377730.7,2289.4,right,0,26.29
1783377730.7,2289.4,right,1,26.71
1783377730.7,2289.4,right,2,29.09
1783377730.7,2289.4,right,3,30.67
1783377730.7,2289.4,right,4,29.92
1783377730.7,2289.4,right,5,30.91
1783377730.7,2289.4,right,6,31.06
1783377730.7,2289.4,right,7,28.43
1783377735.7,2294.5,left,imu,32.07
1783377735.7,2294.5,left,0,25.12
1783377735.7,2294.5,left,1,27.45
1783377735.7,2294.5,left,2,29.33
1783377735.7,2294.5,left,3,30.83
1783377735.7,2294.5,left,4,30.61
1783377735.7,2294.5,left,5,31.02
1783377735.7,2294.5,left,6,32.34
1783377735.7,2294.5,left,7,28.73
1783377735.7,2294.5,right,imu,31.73
1783377735.7,2294.5,right,0,26.29
1783377735.7,2294.5,right,1,26.71
1783377735.7,2294.5,right,2,29.09
1783377735.7,2294.5,right,3,30.67
1783377735.7,2294.5,right,4,29.92
1783377735.7,2294.5,right,5,30.84
1783377735.7,2294.5,right,6,31.06
1783377735.7,2294.5,right,7,28.43
1783377740.8,2299.5,left,imu,31.78
1783377740.8,2299.5,left,0,25.12
1783377740.8,2299.5,left,1,27.52
1783377740.8,2299.5,left,2,29.33
1783377740.8,2299.5,left,3,30.83
1783377740.8,2299.5,left,4,30.53
1783377740.8,2299.5,left,5,31.02
1783377740.8,2299.5,left,6,32.41
1783377740.8,2299.5,left,7,28.65
1783377740.8,2299.5,right,imu,31.73
1783377740.8,2299.5,right,0,26.29
1783377740.8,2299.5,right,1,26.71
1783377740.8,2299.5,right,2,29.09
1783377740.8,2299.5,right,3,30.67
1783377740.8,2299.5,right,4,29.92
1783377740.8,2299.5,right,5,30.84
1783377740.8,2299.5,right,6,31.06
1783377740.8,2299.5,right,7,28.43
1783377745.9,2304.6,left,imu,31.59
1783377745.9,2304.6,left,0,25.12
1783377745.9,2304.6,left,1,27.45
1783377745.9,2304.6,left,2,29.33
1783377745.9,2304.6,left,3,30.83
1783377745.9,2304.6,left,4,30.61
1783377745.9,2304.6,left,5,31.02
1783377745.9,2304.6,left,6,32.34
1783377745.9,2304.6,left,7,28.73
1783377745.9,2304.6,right,imu,31.78
1783377745.9,2304.6,right,0,26.29
1783377745.9,2304.6,right,1,26.71
1783377745.9,2304.6,right,2,29.09
1783377745.9,2304.6,right,3,30.67
1783377745.9,2304.6,right,4,29.92
1783377745.9,2304.6,right,5,30.84
1783377745.9,2304.6,right,6,31.14
1783377745.9,2304.6,right,7,28.50
1783377750.9,2309.7,left,imu,31.83
1783377750.9,2309.7,left,0,25.12
1783377750.9,2309.7,left,1,27.45
1783377750.9,2309.7,left,2,29.33
1783377750.9,2309.7,left,3,30.83
1783377750.9,2309.7,left,4,30.61
1783377750.9,2309.7,left,5,31.02
1783377750.9,2309.7,left,6,32.34
1783377750.9,2309.7,left,7,28.73
1783377750.9,2309.7,right,imu,31.64
1783377750.9,2309.7,right,0,26.29
1783377750.9,2309.7,right,1,26.63
1783377750.9,2309.7,right,2,29.09
1783377750.9,2309.7,right,3,30.60
1783377750.9,2309.7,right,4,29.92
1783377750.9,2309.7,right,5,30.84
1783377750.9,2309.7,right,6,31.06
1783377750.9,2309.7,right,7,28.43
1783377756.0,2314.7,left,imu,31.83
1783377756.0,2314.7,left,0,25.12
1783377756.0,2314.7,left,1,27.45
1783377756.0,2314.7,left,2,29.33
1783377756.0,2314.7,left,3,30.75
1783377756.0,2314.7,left,4,30.61
1783377756.0,2314.7,left,5,31.02
1783377756.0,2314.7,left,6,32.41
1783377756.0,2314.7,left,7,28.73
1783377756.0,2314.7,right,imu,31.93
1783377756.0,2314.7,right,0,26.29
1783377756.0,2314.7,right,1,26.71
1783377756.0,2314.7,right,2,29.09
1783377756.0,2314.7,right,3,30.60
1783377756.0,2314.7,right,4,29.92
1783377756.0,2314.7,right,5,30.84
1783377756.0,2314.7,right,6,31.06
1783377756.0,2314.7,right,7,28.43
1783377761.1,2319.8,left,imu,31.30
1783377761.1,2319.8,left,0,25.12
1783377761.1,2319.8,left,1,27.45
1783377761.1,2319.8,left,2,29.25
1783377761.1,2319.8,left,3,30.75
1783377761.1,2319.8,left,4,30.53
1783377761.1,2319.8,left,5,31.02
1783377761.1,2319.8,left,6,32.41
1783377761.1,2319.8,left,7,28.73
1783377761.1,2319.8,right,imu,31.78
1783377761.1,2319.8,right,0,26.29
1783377761.1,2319.8,right,1,26.71
1783377761.1,2319.8,right,2,29.09
1783377761.1,2319.8,right,3,30.60
1783377761.1,2319.8,right,4,29.92
1783377761.1,2319.8,right,5,30.91
1783377761.1,2319.8,right,6,31.06
1783377761.1,2319.8,right,7,28.43
1783377766.1,2324.9,left,imu,32.07
1783377766.1,2324.9,left,0,25.12
1783377766.1,2324.9,left,1,27.45
1783377766.1,2324.9,left,2,29.25
1783377766.1,2324.9,left,3,30.83
1783377766.1,2324.9,left,4,30.53
1783377766.1,2324.9,left,5,31.02
1783377766.1,2324.9,left,6,32.34
1783377766.1,2324.9,left,7,28.73
1783377766.1,2324.9,right,imu,31.78
1783377766.1,2324.9,right,0,26.29
1783377766.1,2324.9,right,1,26.71
1783377766.1,2324.9,right,2,29.01
1783377766.1,2324.9,right,3,30.67
1783377766.1,2324.9,right,4,29.92
1783377766.1,2324.9,right,5,30.84
1783377766.1,2324.9,right,6,31.14
1783377766.1,2324.9,right,7,28.50
1783377771.2,2329.9,left,imu,31.78
1783377771.2,2329.9,left,0,25.12
1783377771.2,2329.9,left,1,27.45
1783377771.2,2329.9,left,2,29.33
1783377771.2,2329.9,left,3,30.75
1783377771.2,2329.9,left,4,30.61
1783377771.2,2329.9,left,5,30.95
1783377771.2,2329.9,left,6,32.41
1783377771.2,2329.9,left,7,28.73
1783377771.2,2329.9,right,imu,31.64
1783377771.2,2329.9,right,0,26.29
1783377771.2,2329.9,right,1,26.71
1783377771.2,2329.9,right,2,29.09
1783377771.2,2329.9,right,3,30.67
1783377771.2,2329.9,right,4,29.92
1783377771.2,2329.9,right,5,30.84
1783377771.2,2329.9,right,6,31.14
1783377771.2,2329.9,right,7,28.43
1783377776.2,2335.0,left,imu,31.78
1783377776.2,2335.0,left,0,25.12
1783377776.2,2335.0,left,1,27.37
1783377776.2,2335.0,left,2,29.25
1783377776.2,2335.0,left,3,30.83
1783377776.2,2335.0,left,4,30.61
1783377776.2,2335.0,left,5,31.02
1783377776.2,2335.0,left,6,32.34
1783377776.2,2335.0,left,7,28.73
1783377776.2,2335.0,right,imu,31.59
1783377776.2,2335.0,right,0,26.29
1783377776.2,2335.0,right,1,26.71
1783377776.2,2335.0,right,2,29.09
1783377776.2,2335.0,right,3,30.60
1783377776.2,2335.0,right,4,29.92
1783377776.2,2335.0,right,5,30.91
1783377776.2,2335.0,right,6,31.06
1783377776.2,2335.0,right,7,28.50
1783377781.3,2340.1,left,imu,31.59
1783377781.3,2340.1,left,0,25.12
1783377781.3,2340.1,left,1,27.45
1783377781.3,2340.1,left,2,29.33
1783377781.3,2340.1,left,3,30.75
1783377781.3,2340.1,left,4,30.61
1783377781.3,2340.1,left,5,30.95
1783377781.3,2340.1,left,6,32.34
1783377781.3,2340.1,left,7,28.65
1783377781.3,2340.1,right,imu,31.73
1783377781.3,2340.1,right,0,26.29
1783377781.3,2340.1,right,1,26.71
1783377781.3,2340.1,right,2,29.09
1783377781.3,2340.1,right,3,30.60
1783377781.3,2340.1,right,4,29.92
1783377781.3,2340.1,right,5,30.84
1783377781.3,2340.1,right,6,31.06
1783377781.3,2340.1,right,7,28.43
1783377786.4,2345.1,left,imu,31.78
1783377786.4,2345.1,left,0,25.12
1783377786.4,2345.1,left,1,27.37
1783377786.4,2345.1,left,2,29.33
1783377786.4,2345.1,left,3,30.83
1783377786.4,2345.1,left,4,30.61
1783377786.4,2345.1,left,5,31.02
1783377786.4,2345.1,left,6,32.41
1783377786.4,2345.1,left,7,28.73
1783377786.4,2345.1,right,imu,31.73
1783377786.4,2345.1,right,0,26.29
1783377786.4,2345.1,right,1,26.71
1783377786.4,2345.1,right,2,29.09
1783377786.4,2345.1,right,3,30.60
1783377786.4,2345.1,right,4,29.92
1783377786.4,2345.1,right,5,30.84
1783377786.4,2345.1,right,6,31.06
1783377786.4,2345.1,right,7,28.43
1783377791.4,2350.2,left,imu,31.93
1783377791.4,2350.2,left,0,25.12
1783377791.4,2350.2,left,1,27.45
1783377791.4,2350.2,left,2,29.33
1783377791.4,2350.2,left,3,30.83
1783377791.4,2350.2,left,4,30.53
1783377791.4,2350.2,left,5,30.95
1783377791.4,2350.2,left,6,32.41
1783377791.4,2350.2,left,7,28.73
1783377791.4,2350.2,right,imu,31.54
1783377791.4,2350.2,right,0,26.29
1783377791.4,2350.2,right,1,26.71
1783377791.4,2350.2,right,2,29.09
1783377791.4,2350.2,right,3,30.67
1783377791.4,2350.2,right,4,29.92
1783377791.4,2350.2,right,5,30.84
1783377791.4,2350.2,right,6,31.06
1783377791.4,2350.2,right,7,28.43
1783377796.5,2355.3,left,imu,31.64
1783377796.5,2355.3,left,0,25.12
1783377796.5,2355.3,left,1,27.37
1783377796.5,2355.3,left,2,29.25
1783377796.5,2355.3,left,3,30.75
1783377796.5,2355.3,left,4,30.61
1783377796.5,2355.3,left,5,31.02
1783377796.5,2355.3,left,6,32.34
1783377796.5,2355.3,left,7,28.73
1783377796.5,2355.3,right,imu,31.73
1783377796.5,2355.3,right,0,26.29
1783377796.5,2355.3,right,1,26.63
1783377796.5,2355.3,right,2,29.09
1783377796.5,2355.3,right,3,30.60
1783377796.5,2355.3,right,4,29.92
1783377796.5,2355.3,right,5,30.84
1783377796.5,2355.3,right,6,31.14
1783377796.5,2355.3,right,7,28.43
1783377801.6,2360.3,left,imu,31.78
1783377801.6,2360.3,left,0,25.12
1783377801.6,2360.3,left,1,27.45
1783377801.6,2360.3,left,2,29.33
1783377801.6,2360.3,left,3,30.75
1783377801.6,2360.3,left,4,30.61
1783377801.6,2360.3,left,5,31.02
1783377801.6,2360.3,left,6,32.34
1783377801.6,2360.3,left,7,28.65
1783377801.6,2360.3,right,imu,31.64
1783377801.6,2360.3,right,0,26.29
1783377801.6,2360.3,right,1,26.71
1783377801.6,2360.3,right,2,29.01
1783377801.6,2360.3,right,3,30.60
1783377801.6,2360.3,right,4,29.92
1783377801.6,2360.3,right,5,30.76
1783377801.6,2360.3,right,6,31.14
1783377801.6,2360.3,right,7,28.43
1783377806.6,2365.4,left,imu,31.45
1783377806.6,2365.4,left,0,25.12
1783377806.6,2365.4,left,1,27.45
1783377806.6,2365.4,left,2,29.33
1783377806.6,2365.4,left,3,30.75
1783377806.6,2365.4,left,4,30.53
1783377806.6,2365.4,left,5,31.02
1783377806.6,2365.4,left,6,32.34
1783377806.6,2365.4,left,7,28.73
1783377806.6,2365.4,right,imu,31.93
1783377806.6,2365.4,right,0,26.29
1783377806.6,2365.4,right,1,26.71
1783377806.6,2365.4,right,2,29.09
1783377806.6,2365.4,right,3,30.60
1783377806.6,2365.4,right,4,29.92
1783377806.6,2365.4,right,5,30.84
1783377806.6,2365.4,right,6,31.06
1783377806.6,2365.4,right,7,28.43
1783377811.7,2370.5,left,imu,31.64
1783377811.7,2370.5,left,0,25.12
1783377811.7,2370.5,left,1,27.45
1783377811.7,2370.5,left,2,29.25
1783377811.7,2370.5,left,3,30.75
1783377811.7,2370.5,left,4,30.61
1783377811.7,2370.5,left,5,31.02
1783377811.7,2370.5,left,6,32.41
1783377811.7,2370.5,left,7,28.73
1783377811.7,2370.5,right,imu,31.93
1783377811.7,2370.5,right,0,26.29
1783377811.7,2370.5,right,1,26.71
1783377811.7,2370.5,right,2,29.09
1783377811.7,2370.5,right,3,30.60
1783377811.7,2370.5,right,4,29.84
1783377811.7,2370.5,right,5,30.76
1783377811.7,2370.5,right,6,31.06
1783377811.7,2370.5,right,7,28.43
1783377816.8,2375.5,left,imu,31.93
1783377816.8,2375.5,left,0,25.20
1783377816.8,2375.5,left,1,27.37
1783377816.8,2375.5,left,2,29.25
1783377816.8,2375.5,left,3,30.75
1783377816.8,2375.5,left,4,30.53
1783377816.8,2375.5,left,5,31.02
1783377816.8,2375.5,left,6,32.41
1783377816.8,2375.5,left,7,28.73
1783377816.8,2375.5,right,imu,31.54
1783377816.8,2375.5,right,0,26.29
1783377816.8,2375.5,right,1,26.63
1783377816.8,2375.5,right,2,29.01
1783377816.8,2375.5,right,3,30.60
1783377816.8,2375.5,right,4,29.92
1783377816.8,2375.5,right,5,30.76
1783377816.8,2375.5,right,6,31.06
1783377816.8,2375.5,right,7,28.43
1783377821.8,2380.6,left,imu,31.78
1783377821.8,2380.6,left,0,25.20
1783377821.8,2380.6,left,1,27.37
1783377821.8,2380.6,left,2,29.33
1783377821.8,2380.6,left,3,30.75
1783377821.8,2380.6,left,4,30.53
1783377821.8,2380.6,left,5,30.95
1783377821.8,2380.6,left,6,32.34
1783377821.8,2380.6,left,7,28.73
1783377821.8,2380.6,right,imu,31.54
1783377821.8,2380.6,right,0,26.29
1783377821.8,2380.6,right,1,26.71
1783377821.8,2380.6,right,2,29.09
1783377821.8,2380.6,right,3,30.60
1783377821.8,2380.6,right,4,29.92
1783377821.8,2380.6,right,5,30.76
1783377821.8,2380.6,right,6,31.06
1783377821.8,2380.6,right,7,28.43
1783377826.9,2385.6,left,imu,31.93
1783377826.9,2385.6,left,0,25.12
1783377826.9,2385.6,left,1,27.45
1783377826.9,2385.6,left,2,29.25
1783377826.9,2385.6,left,3,30.75
1783377826.9,2385.6,left,4,30.53
1783377826.9,2385.6,left,5,31.02
1783377826.9,2385.6,left,6,32.41
1783377826.9,2385.6,left,7,28.65
1783377826.9,2385.6,right,imu,31.78
1783377826.9,2385.6,right,0,26.29
1783377826.9,2385.6,right,1,26.71
1783377826.9,2385.6,right,2,29.09
1783377826.9,2385.6,right,3,30.60
1783377826.9,2385.6,right,4,29.92
1783377826.9,2385.6,right,5,30.76
1783377826.9,2385.6,right,6,31.06
1783377826.9,2385.6,right,7,28.50
1783377832.0,2390.7,left,imu,31.97
1783377832.0,2390.7,left,0,25.12
1783377832.0,2390.7,left,1,27.52
1783377832.0,2390.7,left,2,29.25
1783377832.0,2390.7,left,3,30.75
1783377832.0,2390.7,left,4,30.61
1783377832.0,2390.7,left,5,30.95
1783377832.0,2390.7,left,6,32.41
1783377832.0,2390.7,left,7,28.73
1783377832.0,2390.7,right,imu,31.83
1783377832.0,2390.7,right,0,26.29
1783377832.0,2390.7,right,1,26.71
1783377832.0,2390.7,right,2,29.01
1783377832.0,2390.7,right,3,30.60
1783377832.0,2390.7,right,4,29.92
1783377832.0,2390.7,right,5,30.68
1783377832.0,2390.7,right,6,30.99
1783377832.0,2390.7,right,7,28.43
1783377837.0,2395.8,left,imu,31.83
1783377837.0,2395.8,left,0,25.20
1783377837.0,2395.8,left,1,27.52
1783377837.0,2395.8,left,2,29.33
1783377837.0,2395.8,left,3,30.75
1783377837.0,2395.8,left,4,30.61
1783377837.0,2395.8,left,5,31.02
1783377837.0,2395.8,left,6,32.34
1783377837.0,2395.8,left,7,28.73
1783377837.0,2395.8,right,imu,31.73
1783377837.0,2395.8,right,0,26.29
1783377837.0,2395.8,right,1,26.63
1783377837.0,2395.8,right,2,29.09
1783377837.0,2395.8,right,3,30.60
1783377837.0,2395.8,right,4,29.92
1783377837.0,2395.8,right,5,30.76
1783377837.0,2395.8,right,6,31.06
1783377837.0,2395.8,right,7,28.43
1783377842.1,2400.8,left,imu,31.78
1783377842.1,2400.8,left,0,25.12
1783377842.1,2400.8,left,1,27.52
1783377842.1,2400.8,left,2,29.33
1783377842.1,2400.8,left,3,30.75
1783377842.1,2400.8,left,4,30.53
1783377842.1,2400.8,left,5,30.95
1783377842.1,2400.8,left,6,32.34
1783377842.1,2400.8,left,7,28.73
1783377842.1,2400.8,right,imu,31.54
1783377842.1,2400.8,right,0,26.29
1783377842.1,2400.8,right,1,26.63
1783377842.1,2400.8,right,2,29.09
1783377842.1,2400.8,right,3,30.60
1783377842.1,2400.8,right,4,29.92
1783377842.1,2400.8,right,5,30.76
1783377842.1,2400.8,right,6,31.06
1783377842.1,2400.8,right,7,28.43
1783377847.1,2405.9,left,imu,31.78
1783377847.1,2405.9,left,0,25.12
1783377847.1,2405.9,left,1,27.52
1783377847.1,2405.9,left,2,29.33
1783377847.1,2405.9,left,3,30.75
1783377847.1,2405.9,left,4,30.53
1783377847.1,2405.9,left,5,30.95
1783377847.1,2405.9,left,6,32.34
1783377847.1,2405.9,left,7,28.73
1783377847.1,2405.9,right,imu,31.54
1783377847.1,2405.9,right,0,26.29
1783377847.1,2405.9,right,1,26.71
1783377847.1,2405.9,right,2,29.09
1783377847.1,2405.9,right,3,30.60
1783377847.1,2405.9,right,4,29.84
1783377847.1,2405.9,right,5,30.76
1783377847.1,2405.9,right,6,31.14
1783377847.1,2405.9,right,7,28.43
1783377852.2,2411.0,left,imu,31.78
1783377852.2,2411.0,left,0,25.12
1783377852.2,2411.0,left,1,27.52
1783377852.2,2411.0,left,2,29.25
1783377852.2,2411.0,left,3,30.75
1783377852.2,2411.0,left,4,30.53
1783377852.2,2411.0,left,5,30.95
1783377852.2,2411.0,left,6,32.41
1783377852.2,2411.0,left,7,28.73
1783377852.2,2411.0,right,imu,31.78
1783377852.2,2411.0,right,0,26.29
1783377852.2,2411.0,right,1,26.71
1783377852.2,2411.0,right,2,29.09
1783377852.2,2411.0,right,3,30.60
1783377852.2,2411.0,right,4,29.92
1783377852.2,2411.0,right,5,30.68
1783377852.2,2411.0,right,6,31.06
1783377852.2,2411.0,right,7,28.35
1783377857.3,2416.0,left,imu,31.83
1783377857.3,2416.0,left,0,25.20
1783377857.3,2416.0,left,1,27.52
1783377857.3,2416.0,left,2,29.25
1783377857.3,2416.0,left,3,30.75
1783377857.3,2416.0,left,4,30.61
1783377857.3,2416.0,left,5,30.95
1783377857.3,2416.0,left,6,32.34
1783377857.3,2416.0,left,7,28.65
1783377857.3,2416.0,right,imu,31.45
1783377857.3,2416.0,right,0,26.29
1783377857.3,2416.0,right,1,26.71
1783377857.3,2416.0,right,2,29.01
1783377857.3,2416.0,right,3,30.60
1783377857.3,2416.0,right,4,29.84
1783377857.3,2416.0,right,5,30.68
1783377857.3,2416.0,right,6,31.06
1783377857.3,2416.0,right,7,28.35
1783377862.3,2421.1,left,imu,31.83
1783377862.3,2421.1,left,0,25.12
1783377862.3,2421.1,left,1,27.52
1783377862.3,2421.1,left,2,29.25
1783377862.3,2421.1,left,3,30.75
1783377862.3,2421.1,left,4,30.53
1783377862.3,2421.1,left,5,30.95
1783377862.3,2421.1,left,6,32.34
1783377862.3,2421.1,left,7,28.73
1783377862.3,2421.1,right,imu,31.73
1783377862.3,2421.1,right,0,26.29
1783377862.3,2421.1,right,1,26.63
1783377862.3,2421.1,right,2,29.09
1783377862.3,2421.1,right,3,30.60
1783377862.3,2421.1,right,4,29.92
1783377862.3,2421.1,right,5,30.68
1783377862.3,2421.1,right,6,30.99
1783377862.3,2421.1,right,7,28.35
1783377867.4,2426.2,left,imu,32.07
1783377867.4,2426.2,left,0,25.12
1783377867.4,2426.2,left,1,27.45
1783377867.4,2426.2,left,2,29.25
1783377867.4,2426.2,left,3,30.75
1783377867.4,2426.2,left,4,30.53
1783377867.4,2426.2,left,5,30.95
1783377867.4,2426.2,left,6,32.34
1783377867.4,2426.2,left,7,28.73
1783377867.4,2426.2,right,imu,31.78
1783377867.4,2426.2,right,0,26.29
1783377867.4,2426.2,right,1,26.71
1783377867.4,2426.2,right,2,29.09
1783377867.4,2426.2,right,3,30.60
1783377867.4,2426.2,right,4,29.84
1783377867.4,2426.2,right,5,30.68
1783377867.4,2426.2,right,6,30.99
1783377867.4,2426.2,right,7,28.43
1783377872.5,2431.2,left,imu,31.64
1783377872.5,2431.2,left,0,25.12
1783377872.5,2431.2,left,1,27.45
1783377872.5,2431.2,left,2,29.25
1783377872.5,2431.2,left,3,30.75
1783377872.5,2431.2,left,4,30.61
1783377872.5,2431.2,left,5,30.95
1783377872.5,2431.2,left,6,32.34
1783377872.5,2431.2,left,7,28.73
1783377872.5,2431.2,right,imu,31.78
1783377872.5,2431.2,right,0,26.29
1783377872.5,2431.2,right,1,26.71
1783377872.5,2431.2,right,2,29.01
1783377872.5,2431.2,right,3,30.60
1783377872.5,2431.2,right,4,29.84
1783377872.5,2431.2,right,5,30.76
1783377872.5,2431.2,right,6,30.99
1783377872.5,2431.2,right,7,28.35
1783377877.5,2436.3,left,imu,31.73
1783377877.5,2436.3,left,0,25.12
1783377877.5,2436.3,left,1,27.45
1783377877.5,2436.3,left,2,29.33
1783377877.5,2436.3,left,3,30.83
1783377877.5,2436.3,left,4,30.61
1783377877.5,2436.3,left,5,30.95
1783377877.5,2436.3,left,6,32.41
1783377877.5,2436.3,left,7,28.73
1783377877.5,2436.3,right,imu,31.59
1783377877.5,2436.3,right,0,26.29
1783377877.5,2436.3,right,1,26.71
1783377877.5,2436.3,right,2,29.09
1783377877.5,2436.3,right,3,30.60
1783377877.5,2436.3,right,4,29.84
1783377877.5,2436.3,right,5,30.68
1783377877.5,2436.3,right,6,30.99
1783377877.5,2436.3,right,7,28.35
1783377882.6,2441.4,left,imu,31.73
1783377882.6,2441.4,left,0,25.12
1783377882.6,2441.4,left,1,27.45
1783377882.6,2441.4,left,2,29.33
1783377882.6,2441.4,left,3,30.83
1783377882.6,2441.4,left,4,30.53
1783377882.6,2441.4,left,5,30.95
1783377882.6,2441.4,left,6,32.41
1783377882.6,2441.4,left,7,28.73
1783377882.6,2441.4,right,imu,31.73
1783377882.6,2441.4,right,0,26.29
1783377882.6,2441.4,right,1,26.71
1783377882.6,2441.4,right,2,29.01
1783377882.6,2441.4,right,3,30.60
1783377882.6,2441.4,right,4,29.84
1783377882.6,2441.4,right,5,30.68
1783377882.6,2441.4,right,6,31.06
1783377882.6,2441.4,right,7,28.35
1783377887.7,2446.4,left,imu,31.83
1783377887.7,2446.4,left,0,25.12
1783377887.7,2446.4,left,1,27.45
1783377887.7,2446.4,left,2,29.33
1783377887.7,2446.4,left,3,30.83
1783377887.7,2446.4,left,4,30.53
1783377887.7,2446.4,left,5,30.95
1783377887.7,2446.4,left,6,32.34
1783377887.7,2446.4,left,7,28.73
1783377887.7,2446.4,right,imu,31.83
1783377887.7,2446.4,right,0,26.29
1783377887.7,2446.4,right,1,26.63
1783377887.7,2446.4,right,2,29.01
1783377887.7,2446.4,right,3,30.60
1783377887.7,2446.4,right,4,29.84
1783377887.7,2446.4,right,5,30.68
1783377887.7,2446.4,right,6,31.06
1783377887.7,2446.4,right,7,28.28
1783377892.7,2451.5,left,imu,31.45
1783377892.7,2451.5,left,0,25.20
1783377892.7,2451.5,left,1,27.52
1783377892.7,2451.5,left,2,29.33
1783377892.7,2451.5,left,3,30.83
1783377892.7,2451.5,left,4,30.53
1783377892.7,2451.5,left,5,30.95
1783377892.7,2451.5,left,6,32.34
1783377892.7,2451.5,left,7,28.65
1783377892.7,2451.5,right,imu,31.64
1783377892.7,2451.5,right,0,26.29
1783377892.7,2451.5,right,1,26.63
1783377892.7,2451.5,right,2,29.01
1783377892.7,2451.5,right,3,30.60
1783377892.7,2451.5,right,4,29.84
1783377892.7,2451.5,right,5,30.68
1783377892.7,2451.5,right,6,30.99
1783377892.7,2451.5,right,7,28.35
1783377897.8,2456.5,left,imu,31.73
1783377897.8,2456.5,left,0,25.20
1783377897.8,2456.5,left,1,27.45
1783377897.8,2456.5,left,2,29.33
1783377897.8,2456.5,left,3,30.83
1783377897.8,2456.5,left,4,30.53
1783377897.8,2456.5,left,5,30.95
1783377897.8,2456.5,left,6,32.34
1783377897.8,2456.5,left,7,28.73
1783377897.8,2456.5,right,imu,31.64
1783377897.8,2456.5,right,0,26.29
1783377897.8,2456.5,right,1,26.63
1783377897.8,2456.5,right,2,29.01
1783377897.8,2456.5,right,3,30.60
1783377897.8,2456.5,right,4,29.84
1783377897.8,2456.5,right,5,30.68
1783377897.8,2456.5,right,6,31.06
1783377897.8,2456.5,right,7,28.35
1783377902.9,2461.6,left,imu,31.78
1783377902.9,2461.6,left,0,25.12
1783377902.9,2461.6,left,1,27.45
1783377902.9,2461.6,left,2,29.33
1783377902.9,2461.6,left,3,30.83
1783377902.9,2461.6,left,4,30.53
1783377902.9,2461.6,left,5,30.95
1783377902.9,2461.6,left,6,32.34
1783377902.9,2461.6,left,7,28.73
1783377902.9,2461.6,right,imu,31.73
1783377902.9,2461.6,right,0,26.29
1783377902.9,2461.6,right,1,26.63
1783377902.9,2461.6,right,2,28.94
1783377902.9,2461.6,right,3,30.60
1783377902.9,2461.6,right,4,29.84
1783377902.9,2461.6,right,5,30.68
1783377902.9,2461.6,right,6,30.99
1783377902.9,2461.6,right,7,28.35
1783377907.9,2466.7,left,imu,31.78
1783377907.9,2466.7,left,0,25.20
1783377907.9,2466.7,left,1,27.60
1783377907.9,2466.7,left,2,29.33
1783377907.9,2466.7,left,3,30.83
1783377907.9,2466.7,left,4,30.53
1783377907.9,2466.7,left,5,30.95
1783377907.9,2466.7,left,6,32.34
1783377907.9,2466.7,left,7,28.65
1783377907.9,2466.7,right,imu,31.78
1783377907.9,2466.7,right,0,26.29
1783377907.9,2466.7,right,1,26.63
1783377907.9,2466.7,right,2,28.94
1783377907.9,2466.7,right,3,30.60
1783377907.9,2466.7,right,4,29.84
1783377907.9,2466.7,right,5,30.68
1783377907.9,2466.7,right,6,31.06
1783377907.9,2466.7,right,7,28.35
1783377913.0,2471.7,left,imu,31.54
1783377913.0,2471.7,left,0,25.12
1783377913.0,2471.7,left,1,27.60
1783377913.0,2471.7,left,2,29.33
1783377913.0,2471.7,left,3,30.83
1783377913.0,2471.7,left,4,30.61
1783377913.0,2471.7,left,5,30.95
1783377913.0,2471.7,left,6,32.34
1783377913.0,2471.7,left,7,28.65
1783377913.0,2471.7,right,imu,31.83
1783377913.0,2471.7,right,0,26.29
1783377913.0,2471.7,right,1,26.63
1783377913.0,2471.7,right,2,28.94
1783377913.0,2471.7,right,3,30.60
1783377913.0,2471.7,right,4,29.84
1783377913.0,2471.7,right,5,30.68
1783377913.0,2471.7,right,6,30.99
1783377913.0,2471.7,right,7,28.35
1783377918.1,2476.8,left,imu,32.07
1783377918.1,2476.8,left,0,25.20
1783377918.1,2476.8,left,1,27.52
1783377918.1,2476.8,left,2,29.33
1783377918.1,2476.8,left,3,30.75
1783377918.1,2476.8,left,4,30.61
1783377918.1,2476.8,left,5,30.95
1783377918.1,2476.8,left,6,32.34
1783377918.1,2476.8,left,7,28.65
1783377918.1,2476.8,right,imu,31.45
1783377918.1,2476.8,right,0,26.29
1783377918.1,2476.8,right,1,26.63
1783377918.1,2476.8,right,2,28.94
1783377918.1,2476.8,right,3,30.60
1783377918.1,2476.8,right,4,29.77
1783377918.1,2476.8,right,5,30.76
1783377918.1,2476.8,right,6,31.06
1783377918.1,2476.8,right,7,28.35
1783377923.1,2481.9,left,imu,31.78
1783377923.1,2481.9,left,0,25.12
1783377923.1,2481.9,left,1,27.60
1783377923.1,2481.9,left,2,29.33
1783377923.1,2481.9,left,3,30.75
1783377923.1,2481.9,left,4,30.61
1783377923.1,2481.9,left,5,30.95
1783377923.1,2481.9,left,6,32.34
1783377923.1,2481.9,left,7,28.73
1783377923.1,2481.9,right,imu,31.64
1783377923.1,2481.9,right,0,26.37
1783377923.1,2481.9,right,1,26.71
1783377923.1,2481.9,right,2,29.01
1783377923.1,2481.9,right,3,30.60
1783377923.1,2481.9,right,4,29.70
1783377923.1,2481.9,right,5,30.68
1783377923.1,2481.9,right,6,30.99
1783377923.1,2481.9,right,7,28.35
1783377928.2,2486.9,left,imu,31.78
1783377928.2,2486.9,left,0,25.12
1783377928.2,2486.9,left,1,27.60
1783377928.2,2486.9,left,2,29.33
1783377928.2,2486.9,left,3,30.75
1783377928.2,2486.9,left,4,30.61
1783377928.2,2486.9,left,5,30.95
1783377928.2,2486.9,left,6,32.34
1783377928.2,2486.9,left,7,28.73
1783377928.2,2486.9,right,imu,31.59
1783377928.2,2486.9,right,0,26.29
1783377928.2,2486.9,right,1,26.71
1783377928.2,2486.9,right,2,29.01
1783377928.2,2486.9,right,3,30.52
1783377928.2,2486.9,right,4,29.70
1783377928.2,2486.9,right,5,30.68
1783377928.2,2486.9,right,6,30.99
1783377928.2,2486.9,right,7,28.35
1783377933.3,2492.0,left,imu,31.73
1783377933.3,2492.0,left,0,25.12
1783377933.3,2492.0,left,1,27.52
1783377933.3,2492.0,left,2,29.33
1783377933.3,2492.0,left,3,30.75
1783377933.3,2492.0,left,4,30.53
1783377933.3,2492.0,left,5,30.95
1783377933.3,2492.0,left,6,32.34
1783377933.3,2492.0,left,7,28.65
1783377933.3,2492.0,right,imu,31.59
1783377933.3,2492.0,right,0,26.29
1783377933.3,2492.0,right,1,26.63
1783377933.3,2492.0,right,2,29.01
1783377933.3,2492.0,right,3,30.52
1783377933.3,2492.0,right,4,29.70
1783377933.3,2492.0,right,5,30.68
1783377933.3,2492.0,right,6,30.91
1783377933.3,2492.0,right,7,28.28
1783377938.3,2497.1,left,imu,31.93
1783377938.3,2497.1,left,0,25.12
1783377938.3,2497.1,left,1,27.45
1783377938.3,2497.1,left,2,29.33
1783377938.3,2497.1,left,3,30.83
1783377938.3,2497.1,left,4,30.53
1783377938.3,2497.1,left,5,30.87
1783377938.3,2497.1,left,6,32.34
1783377938.3,2497.1,left,7,28.65
1783377938.3,2497.1,right,imu,31.73
1783377938.3,2497.1,right,0,26.29
1783377938.3,2497.1,right,1,26.63
1783377938.3,2497.1,right,2,28.94
1783377938.3,2497.1,right,3,30.52
1783377938.3,2497.1,right,4,29.77
1783377938.3,2497.1,right,5,30.68
1783377938.3,2497.1,right,6,30.91
1783377938.3,2497.1,right,7,28.28
1783377943.4,2502.1,left,imu,31.97
1783377943.4,2502.1,left,0,25.12
1783377943.4,2502.1,left,1,27.52
1783377943.4,2502.1,left,2,29.33
1783377943.4,2502.1,left,3,30.75
1783377943.4,2502.1,left,4,30.61
1783377943.4,2502.1,left,5,30.87
1783377943.4,2502.1,left,6,32.34
1783377943.4,2502.1,left,7,28.65
1783377943.4,2502.1,right,imu,31.54
1783377943.4,2502.1,right,0,26.29
1783377943.4,2502.1,right,1,26.71
1783377943.4,2502.1,right,2,29.01
1783377943.4,2502.1,right,3,30.52
1783377943.4,2502.1,right,4,29.77
1783377943.4,2502.1,right,5,30.68
1783377943.4,2502.1,right,6,30.99
1783377943.4,2502.1,right,7,28.35
1783377948.4,2507.2,left,imu,31.97
1783377948.4,2507.2,left,0,25.12
1783377948.4,2507.2,left,1,27.52
1783377948.4,2507.2,left,2,29.33
1783377948.4,2507.2,left,3,30.75
1783377948.4,2507.2,left,4,30.53
1783377948.4,2507.2,left,5,30.95
1783377948.4,2507.2,left,6,32.34
1783377948.4,2507.2,left,7,28.73
1783377948.4,2507.2,right,imu,31.73
1783377948.4,2507.2,right,0,26.29
1783377948.4,2507.2,right,1,26.63
1783377948.4,2507.2,right,2,28.94
1783377948.4,2507.2,right,3,30.52
1783377948.4,2507.2,right,4,29.77
1783377948.4,2507.2,right,5,30.68
1783377948.4,2507.2,right,6,30.91
1783377948.4,2507.2,right,7,28.35
1783377953.5,2512.2,left,imu,31.78
1783377953.5,2512.2,left,0,25.12
1783377953.5,2512.2,left,1,27.52
1783377953.5,2512.2,left,2,29.33
1783377953.5,2512.2,left,3,30.75
1783377953.5,2512.2,left,4,30.53
1783377953.5,2512.2,left,5,30.95
1783377953.5,2512.2,left,6,32.34
1783377953.5,2512.2,left,7,28.65
1783377953.5,2512.2,right,imu,31.93
1783377953.5,2512.2,right,0,26.29
1783377953.5,2512.2,right,1,26.63
1783377953.5,2512.2,right,2,28.94
1783377953.5,2512.2,right,3,30.52
1783377953.5,2512.2,right,4,29.70
1783377953.5,2512.2,right,5,30.68
1783377953.5,2512.2,right,6,30.99
1783377953.5,2512.2,right,7,28.28
1783377958.6,2517.3,left,imu,31.93
1783377958.6,2517.3,left,0,25.12
1783377958.6,2517.3,left,1,27.52
1783377958.6,2517.3,left,2,29.25
1783377958.6,2517.3,left,3,30.75
1783377958.6,2517.3,left,4,30.53
1783377958.6,2517.3,left,5,30.95
1783377958.6,2517.3,left,6,32.34
1783377958.6,2517.3,left,7,28.73
1783377958.6,2517.3,right,imu,31.73
1783377958.6,2517.3,right,0,26.29
1783377958.6,2517.3,right,1,26.71
1783377958.6,2517.3,right,2,28.86
1783377958.6,2517.3,right,3,30.52
1783377958.6,2517.3,right,4,29.70
1783377958.6,2517.3,right,5,30.68
1783377958.6,2517.3,right,6,30.91
1783377958.6,2517.3,right,7,28.35
1783377963.6,2522.4,left,imu,31.73
1783377963.6,2522.4,left,0,25.12
1783377963.6,2522.4,left,1,27.37
1783377963.6,2522.4,left,2,29.25
1783377963.6,2522.4,left,3,30.75
1783377963.6,2522.4,left,4,30.53
1783377963.6,2522.4,left,5,30.87
1783377963.6,2522.4,left,6,32.34
1783377963.6,2522.4,left,7,28.65
1783377963.6,2522.4,right,imu,31.54
1783377963.6,2522.4,right,0,26.37
1783377963.6,2522.4,right,1,26.63
1783377963.6,2522.4,right,2,29.01
1783377963.6,2522.4,right,3,30.52
1783377963.6,2522.4,right,4,29.70
1783377963.6,2522.4,right,5,30.68
1783377963.6,2522.4,right,6,30.84
1783377963.6,2522.4,right,7,28.35
1783377968.7,2527.4,left,imu,31.78
1783377968.7,2527.4,left,0,25.12
1783377968.7,2527.4,left,1,27.37
1783377968.7,2527.4,left,2,29.33
1783377968.7,2527.4,left,3,30.75
1783377968.7,2527.4,left,4,30.61
1783377968.7,2527.4,left,5,30.95
1783377968.7,2527.4,left,6,32.34
1783377968.7,2527.4,left,7,28.73
1783377968.7,2527.4,right,imu,31.83
1783377968.7,2527.4,right,0,26.29
1783377968.7,2527.4,right,1,26.63
1783377968.7,2527.4,right,2,28.86
1783377968.7,2527.4,right,3,30.52
1783377968.7,2527.4,right,4,29.70
1783377968.7,2527.4,right,5,30.68
1783377968.7,2527.4,right,6,30.84
1783377968.7,2527.4,right,7,28.35
1783377973.8,2532.5,left,imu,31.64
1783377973.8,2532.5,left,0,25.12
1783377973.8,2532.5,left,1,27.45
1783377973.8,2532.5,left,2,29.25
1783377973.8,2532.5,left,3,30.75
1783377973.8,2532.5,left,4,30.53
1783377973.8,2532.5,left,5,30.95
1783377973.8,2532.5,left,6,32.34
1783377973.8,2532.5,left,7,28.65
1783377973.8,2532.5,right,imu,31.83
1783377973.8,2532.5,right,0,26.29
1783377973.8,2532.5,right,1,26.63
1783377973.8,2532.5,right,2,28.94
1783377973.8,2532.5,right,3,30.52
1783377973.8,2532.5,right,4,29.77
1783377973.8,2532.5,right,5,30.68
1783377973.8,2532.5,right,6,30.91
1783377973.8,2532.5,right,7,28.28
1783377978.8,2537.6,left,imu,31.78
1783377978.8,2537.6,left,0,25.12
1783377978.8,2537.6,left,1,27.45
1783377978.8,2537.6,left,2,29.25
1783377978.8,2537.6,left,3,30.75
1783377978.8,2537.6,left,4,30.61
1783377978.8,2537.6,left,5,30.95
1783377978.8,2537.6,left,6,32.34
1783377978.8,2537.6,left,7,28.65
1783377978.8,2537.6,right,imu,31.54
1783377978.8,2537.6,right,0,26.29
1783377978.8,2537.6,right,1,26.63
1783377978.8,2537.6,right,2,28.94
1783377978.8,2537.6,right,3,30.45
1783377978.8,2537.6,right,4,29.70
1783377978.8,2537.6,right,5,30.68
1783377978.8,2537.6,right,6,30.84
1783377978.8,2537.6,right,7,28.28
1783377983.9,2542.6,left,imu,31.78
1783377983.9,2542.6,left,0,25.12
1783377983.9,2542.6,left,1,27.45
1783377983.9,2542.6,left,2,29.33
1783377983.9,2542.6,left,3,30.75
1783377983.9,2542.6,left,4,30.61
1783377983.9,2542.6,left,5,30.95
1783377983.9,2542.6,left,6,32.34
1783377983.9,2542.6,left,7,28.73
1783377983.9,2542.6,right,imu,31.78
1783377983.9,2542.6,right,0,26.21
1783377983.9,2542.6,right,1,26.63
1783377983.9,2542.6,right,2,28.86
1783377983.9,2542.6,right,3,30.52
1783377983.9,2542.6,right,4,29.70
1783377983.9,2542.6,right,5,30.68
1783377983.9,2542.6,right,6,30.91
1783377983.9,2542.6,right,7,28.35
1783377989.0,2547.7,left,imu,31.78
1783377989.0,2547.7,left,0,25.20
1783377989.0,2547.7,left,1,27.52
1783377989.0,2547.7,left,2,29.33
1783377989.0,2547.7,left,3,30.75
1783377989.0,2547.7,left,4,30.61
1783377989.0,2547.7,left,5,30.95
1783377989.0,2547.7,left,6,32.34
1783377989.0,2547.7,left,7,28.65
1783377989.0,2547.7,right,imu,31.45
1783377989.0,2547.7,right,0,26.29
1783377989.0,2547.7,right,1,26.63
1783377989.0,2547.7,right,2,28.86
1783377989.0,2547.7,right,3,30.52
1783377989.0,2547.7,right,4,29.70
1783377989.0,2547.7,right,5,30.68
1783377989.0,2547.7,right,6,30.84
1783377989.0,2547.7,right,7,28.28
1783377994.0,2552.8,left,imu,31.73
1783377994.0,2552.8,left,0,25.12
1783377994.0,2552.8,left,1,27.52
1783377994.0,2552.8,left,2,29.33
1783377994.0,2552.8,left,3,30.75
1783377994.0,2552.8,left,4,30.53
1783377994.0,2552.8,left,5,30.95
1783377994.0,2552.8,left,6,32.34
1783377994.0,2552.8,left,7,28.73
1783377994.0,2552.8,right,imu,31.64
1783377994.0,2552.8,right,0,26.29
1783377994.0,2552.8,right,1,26.63
1783377994.0,2552.8,right,2,28.86
1783377994.0,2552.8,right,3,30.52
1783377994.0,2552.8,right,4,29.70
1783377994.0,2552.8,right,5,30.68
1783377994.0,2552.8,right,6,30.91
1783377994.0,2552.8,right,7,28.35
1783377999.1,2557.8,left,imu,31.93
1783377999.1,2557.8,left,0,25.12
1783377999.1,2557.8,left,1,27.45
1783377999.1,2557.8,left,2,29.25
1783377999.1,2557.8,left,3,30.75
1783377999.1,2557.8,left,4,30.61
1783377999.1,2557.8,left,5,30.95
1783377999.1,2557.8,left,6,32.34
1783377999.1,2557.8,left,7,28.73
1783377999.1,2557.8,right,imu,31.78
1783377999.1,2557.8,right,0,26.29
1783377999.1,2557.8,right,1,26.63
1783377999.1,2557.8,right,2,28.86
1783377999.1,2557.8,right,3,30.45
1783377999.1,2557.8,right,4,29.70
1783377999.1,2557.8,right,5,30.68
1783377999.1,2557.8,right,6,30.84
1783377999.1,2557.8,right,7,28.35
1783378004.1,2562.9,left,imu,31.59
1783378004.1,2562.9,left,0,25.12
1783378004.1,2562.9,left,1,27.45
1783378004.1,2562.9,left,2,29.33
1783378004.1,2562.9,left,3,30.68
1783378004.1,2562.9,left,4,30.53
1783378004.1,2562.9,left,5,30.95
1783378004.1,2562.9,left,6,32.41
1783378004.1,2562.9,left,7,28.73
1783378004.1,2562.9,right,imu,31.54
1783378004.1,2562.9,right,0,26.21
1783378004.1,2562.9,right,1,26.63
1783378004.1,2562.9,right,2,28.94
1783378004.1,2562.9,right,3,30.52
1783378004.1,2562.9,right,4,29.70
1783378004.1,2562.9,right,5,30.68
1783378004.1,2562.9,right,6,30.91
1783378004.1,2562.9,right,7,28.35
1783378009.2,2568.0,left,imu,31.73
1783378009.2,2568.0,left,0,25.12
1783378009.2,2568.0,left,1,27.37
1783378009.2,2568.0,left,2,29.18
1783378009.2,2568.0,left,3,30.68
1783378009.2,2568.0,left,4,30.53
1783378009.2,2568.0,left,5,30.95
1783378009.2,2568.0,left,6,32.34
1783378009.2,2568.0,left,7,28.65
1783378009.2,2568.0,right,imu,31.59
1783378009.2,2568.0,right,0,26.29
1783378009.2,2568.0,right,1,26.63
1783378009.2,2568.0,right,2,28.86
1783378009.2,2568.0,right,3,30.52
1783378009.2,2568.0,right,4,29.70
1783378009.2,2568.0,right,5,30.68
1783378009.2,2568.0,right,6,30.84
1783378009.2,2568.0,right,7,28.35
1783378014.3,2573.0,left,imu,31.83
1783378014.3,2573.0,left,0,25.12
1783378014.3,2573.0,left,1,27.37
1783378014.3,2573.0,left,2,29.25
1783378014.3,2573.0,left,3,30.68
1783378014.3,2573.0,left,4,30.53
1783378014.3,2573.0,left,5,30.87
1783378014.3,2573.0,left,6,32.34
1783378014.3,2573.0,left,7,28.73
1783378014.3,2573.0,right,imu,31.64
1783378014.3,2573.0,right,0,26.29
1783378014.3,2573.0,right,1,26.63
1783378014.3,2573.0,right,2,28.79
1783378014.3,2573.0,right,3,30.52
1783378014.3,2573.0,right,4,29.70
1783378014.3,2573.0,right,5,30.68
1783378014.3,2573.0,right,6,30.91
1783378014.3,2573.0,right,7,28.35
1783378019.3,2578.1,left,imu,31.64
1783378019.3,2578.1,left,0,25.12
1783378019.3,2578.1,left,1,27.37
1783378019.3,2578.1,left,2,29.25
1783378019.3,2578.1,left,3,30.68
1783378019.3,2578.1,left,4,30.53
1783378019.3,2578.1,left,5,30.87
1783378019.3,2578.1,left,6,32.34
1783378019.3,2578.1,left,7,28.73
1783378019.3,2578.1,right,imu,31.78
1783378019.3,2578.1,right,0,26.29
1783378019.3,2578.1,right,1,26.63
1783378019.3,2578.1,right,2,28.86
1783378019.3,2578.1,right,3,30.45
1783378019.3,2578.1,right,4,29.70
1783378019.3,2578.1,right,5,30.68
1783378019.3,2578.1,right,6,30.84
1783378019.3,2578.1,right,7,28.35
1783378024.4,2583.1,left,imu,31.83
1783378024.4,2583.1,left,0,25.12
1783378024.4,2583.1,left,1,27.45
1783378024.4,2583.1,left,2,29.25
1783378024.4,2583.1,left,3,30.68
1783378024.4,2583.1,left,4,30.53
1783378024.4,2583.1,left,5,30.87
1783378024.4,2583.1,left,6,32.34
1783378024.4,2583.1,left,7,28.73
1783378024.4,2583.1,right,imu,31.59
1783378024.4,2583.1,right,0,26.21
1783378024.4,2583.1,right,1,26.63
1783378024.4,2583.1,right,2,28.86
1783378024.4,2583.1,right,3,30.45
1783378024.4,2583.1,right,4,29.70
1783378024.4,2583.1,right,5,30.68
1783378024.4,2583.1,right,6,30.84
1783378024.4,2583.1,right,7,28.35
1783378029.5,2588.2,left,imu,31.54
1783378029.5,2588.2,left,0,25.12
1783378029.5,2588.2,left,1,27.37
1783378029.5,2588.2,left,2,29.18
1783378029.5,2588.2,left,3,30.68
1783378029.5,2588.2,left,4,30.61
1783378029.5,2588.2,left,5,30.95
1783378029.5,2588.2,left,6,32.34
1783378029.5,2588.2,left,7,28.73
1783378029.5,2588.2,right,imu,31.64
1783378029.5,2588.2,right,0,26.21
1783378029.5,2588.2,right,1,26.63
1783378029.5,2588.2,right,2,28.86
1783378029.5,2588.2,right,3,30.45
1783378029.5,2588.2,right,4,29.62
1783378029.5,2588.2,right,5,30.68
1783378029.5,2588.2,right,6,30.91
1783378029.5,2588.2,right,7,28.35
1783378034.5,2593.3,left,imu,31.78
1783378034.5,2593.3,left,0,25.12
1783378034.5,2593.3,left,1,27.37
1783378034.5,2593.3,left,2,29.25
1783378034.5,2593.3,left,3,30.68
1783378034.5,2593.3,left,4,30.61
1783378034.5,2593.3,left,5,30.95
1783378034.5,2593.3,left,6,32.34
1783378034.5,2593.3,left,7,28.73
1783378034.5,2593.3,right,imu,31.54
1783378034.5,2593.3,right,0,26.29
1783378034.5,2593.3,right,1,26.63
1783378034.5,2593.3,right,2,28.86
1783378034.5,2593.3,right,3,30.45
1783378034.5,2593.3,right,4,29.70
1783378034.5,2593.3,right,5,30.68
1783378034.5,2593.3,right,6,30.91
1783378034.5,2593.3,right,7,28.35
1783378039.6,2598.3,left,imu,31.73
1783378039.6,2598.3,left,0,25.12
1783378039.6,2598.3,left,1,27.37
1783378039.6,2598.3,left,2,29.25
1783378039.6,2598.3,left,3,30.60
1783378039.6,2598.3,left,4,30.61
1783378039.6,2598.3,left,5,30.87
1783378039.6,2598.3,left,6,32.34
1783378039.6,2598.3,left,7,28.65
1783378039.6,2598.3,right,imu,31.78
1783378039.6,2598.3,right,0,26.29
1783378039.6,2598.3,right,1,26.63
1783378039.6,2598.3,right,2,28.86
1783378039.6,2598.3,right,3,30.45
1783378039.6,2598.3,right,4,29.70
1783378039.6,2598.3,right,5,30.68
1783378039.6,2598.3,right,6,30.84
1783378039.6,2598.3,right,7,28.28
1783378044.7,2603.4,left,imu,31.54
1783378044.7,2603.4,left,0,25.12
1783378044.7,2603.4,left,1,27.45
1783378044.7,2603.4,left,2,29.11
1783378044.7,2603.4,left,3,30.68
1783378044.7,2603.4,left,4,30.61
1783378044.7,2603.4,left,5,30.87
1783378044.7,2603.4,left,6,32.34
1783378044.7,2603.4,left,7,28.73
1783378044.7,2603.4,right,imu,31.73
1783378044.7,2603.4,right,0,26.21
1783378044.7,2603.4,right,1,26.63
1783378044.7,2603.4,right,2,28.86
1783378044.7,2603.4,right,3,30.45
1783378044.7,2603.4,right,4,29.70
1783378044.7,2603.4,right,5,30.68
1783378044.7,2603.4,right,6,30.84
1783378044.7,2603.4,right,7,28.28
1783378049.7,2608.5,left,imu,31.83
1783378049.7,2608.5,left,0,25.12
1783378049.7,2608.5,left,1,27.37
1783378049.7,2608.5,left,2,29.18
1783378049.7,2608.5,left,3,30.68
1783378049.7,2608.5,left,4,30.53
1783378049.7,2608.5,left,5,30.95
1783378049.7,2608.5,left,6,32.34
1783378049.7,2608.5,left,7,28.73
1783378049.7,2608.5,right,imu,31.73
1783378049.7,2608.5,right,0,26.29
1783378049.7,2608.5,right,1,26.63
1783378049.7,2608.5,right,2,28.86
1783378049.7,2608.5,right,3,30.45
1783378049.7,2608.5,right,4,29.70
1783378049.7,2608.5,right,5,30.68
1783378049.7,2608.5,right,6,30.91
1783378049.7,2608.5,right,7,28.35
1783378054.8,2613.5,left,imu,31.97
1783378054.8,2613.5,left,0,25.12
1783378054.8,2613.5,left,1,27.37
1783378054.8,2613.5,left,2,29.18
1783378054.8,2613.5,left,3,30.68
1783378054.8,2613.5,left,4,30.53
1783378054.8,2613.5,left,5,30.87
1783378054.8,2613.5,left,6,32.34
1783378054.8,2613.5,left,7,28.73
1783378054.8,2613.5,right,imu,31.83
1783378054.8,2613.5,right,0,26.29
1783378054.8,2613.5,right,1,26.63
1783378054.8,2613.5,right,2,28.86
1783378054.8,2613.5,right,3,30.45
1783378054.8,2613.5,right,4,29.70
1783378054.8,2613.5,right,5,30.68
1783378054.8,2613.5,right,6,30.84
1783378054.8,2613.5,right,7,28.35
1783378059.9,2618.6,left,imu,31.78
1783378059.9,2618.6,left,0,25.05
1783378059.9,2618.6,left,1,27.37
1783378059.9,2618.6,left,2,29.18
1783378059.9,2618.6,left,3,30.60
1783378059.9,2618.6,left,4,30.45
1783378059.9,2618.6,left,5,30.87
1783378059.9,2618.6,left,6,32.34
1783378059.9,2618.6,left,7,28.73
1783378059.9,2618.6,right,imu,31.45
1783378059.9,2618.6,right,0,26.29
1783378059.9,2618.6,right,1,26.63
1783378059.9,2618.6,right,2,28.86
1783378059.9,2618.6,right,3,30.45
1783378059.9,2618.6,right,4,29.70
1783378059.9,2618.6,right,5,30.68
1783378059.9,2618.6,right,6,30.84
1783378059.9,2618.6,right,7,28.28
1783378064.9,2623.7,left,imu,31.59
1783378064.9,2623.7,left,0,25.12
1783378064.9,2623.7,left,1,27.37
1783378064.9,2623.7,left,2,29.18
1783378064.9,2623.7,left,3,30.68
1783378064.9,2623.7,left,4,30.53
1783378064.9,2623.7,left,5,30.87
1783378064.9,2623.7,left,6,32.34
1783378064.9,2623.7,left,7,28.73
1783378064.9,2623.7,right,imu,31.78
1783378064.9,2623.7,right,0,26.21
1783378064.9,2623.7,right,1,26.63
1783378064.9,2623.7,right,2,28.86
1783378064.9,2623.7,right,3,30.45
1783378064.9,2623.7,right,4,29.62
1783378064.9,2623.7,right,5,30.68
1783378064.9,2623.7,right,6,30.91
1783378064.9,2623.7,right,7,28.35
1783378070.0,2628.7,left,imu,31.73
1783378070.0,2628.7,left,0,25.12
1783378070.0,2628.7,left,1,27.45
1783378070.0,2628.7,left,2,29.11
1783378070.0,2628.7,left,3,30.68
1783378070.0,2628.7,left,4,30.53
1783378070.0,2628.7,left,5,30.87
1783378070.0,2628.7,left,6,32.34
1783378070.0,2628.7,left,7,28.73
1783378070.0,2628.7,right,imu,31.45
1783378070.0,2628.7,right,0,26.21
1783378070.0,2628.7,right,1,26.63
1783378070.0,2628.7,right,2,28.86
1783378070.0,2628.7,right,3,30.45
1783378070.0,2628.7,right,4,29.62
1783378070.0,2628.7,right,5,30.68
1783378070.0,2628.7,right,6,30.91
1783378070.0,2628.7,right,7,28.35
1783378075.1,2633.8,left,imu,31.64
1783378075.1,2633.8,left,0,25.12
1783378075.1,2633.8,left,1,27.37
1783378075.1,2633.8,left,2,29.18
1783378075.1,2633.8,left,3,30.60
1783378075.1,2633.8,left,4,30.45
1783378075.1,2633.8,left,5,30.87
1783378075.1,2633.8,left,6,32.34
1783378075.1,2633.8,left,7,28.73
1783378075.1,2633.8,right,imu,31.73
1783378075.1,2633.8,right,0,26.21
1783378075.1,2633.8,right,1,26.63
1783378075.1,2633.8,right,2,28.86
1783378075.1,2633.8,right,3,30.52
1783378075.1,2633.8,right,4,29.70
1783378075.1,2633.8,right,5,30.68
1783378075.1,2633.8,right,6,30.91
1783378075.1,2633.8,right,7,28.35
1783378080.1,2638.9,left,imu,31.30
1783378080.1,2638.9,left,0,25.12
1783378080.1,2638.9,left,1,27.45
1783378080.1,2638.9,left,2,29.18
1783378080.1,2638.9,left,3,30.60
1783378080.1,2638.9,left,4,30.53
1783378080.1,2638.9,left,5,30.87
1783378080.1,2638.9,left,6,32.34
1783378080.1,2638.9,left,7,28.73
1783378080.1,2638.9,right,imu,31.78
1783378080.1,2638.9,right,0,26.21
1783378080.1,2638.9,right,1,26.63
1783378080.1,2638.9,right,2,28.86
1783378080.1,2638.9,right,3,30.45
1783378080.1,2638.9,right,4,29.70
1783378080.1,2638.9,right,5,30.68
1783378080.1,2638.9,right,6,30.91
1783378080.1,2638.9,right,7,28.35
1783378085.2,2643.9,left,imu,31.73
1783378085.2,2643.9,left,0,25.12
1783378085.2,2643.9,left,1,27.37
1783378085.2,2643.9,left,2,29.11
1783378085.2,2643.9,left,3,30.60
1783378085.2,2643.9,left,4,30.45
1783378085.2,2643.9,left,5,30.87
1783378085.2,2643.9,left,6,32.34
1783378085.2,2643.9,left,7,28.73
1783378085.2,2643.9,right,imu,31.54
1783378085.2,2643.9,right,0,26.29
1783378085.2,2643.9,right,1,26.63
1783378085.2,2643.9,right,2,28.86
1783378085.2,2643.9,right,3,30.45
1783378085.2,2643.9,right,4,29.62
1783378085.2,2643.9,right,5,30.61
1783378085.2,2643.9,right,6,30.84
1783378085.2,2643.9,right,7,28.35
1783378090.3,2649.0,left,imu,31.73
1783378090.3,2649.0,left,0,25.12
1783378090.3,2649.0,left,1,27.37
1783378090.3,2649.0,left,2,29.11
1783378090.3,2649.0,left,3,30.60
1783378090.3,2649.0,left,4,30.53
1783378090.3,2649.0,left,5,30.87
1783378090.3,2649.0,left,6,32.34
1783378090.3,2649.0,left,7,28.73
1783378090.3,2649.0,right,imu,31.54
1783378090.3,2649.0,right,0,26.21
1783378090.3,2649.0,right,1,26.63
1783378090.3,2649.0,right,2,28.86
1783378090.3,2649.0,right,3,30.45
1783378090.3,2649.0,right,4,29.62
1783378090.3,2649.0,right,5,30.61
1783378090.3,2649.0,right,6,30.91
1783378090.3,2649.0,right,7,28.35
1783378095.3,2654.1,left,imu,31.54
1783378095.3,2654.1,left,0,25.12
1783378095.3,2654.1,left,1,27.37
1783378095.3,2654.1,left,2,29.11
1783378095.3,2654.1,left,3,30.68
1783378095.3,2654.1,left,4,30.53
1783378095.3,2654.1,left,5,30.87
1783378095.3,2654.1,left,6,32.34
1783378095.3,2654.1,left,7,28.73
1783378095.3,2654.1,right,imu,31.59
1783378095.3,2654.1,right,0,26.21
1783378095.3,2654.1,right,1,26.63
1783378095.3,2654.1,right,2,28.86
1783378095.3,2654.1,right,3,30.45
1783378095.3,2654.1,right,4,29.70
1783378095.3,2654.1,right,5,30.61
1783378095.3,2654.1,right,6,30.91
1783378095.3,2654.1,right,7,28.28
1783378100.4,2659.1,left,imu,31.83
1783378100.4,2659.1,left,0,25.12
1783378100.4,2659.1,left,1,27.45
1783378100.4,2659.1,left,2,29.18
1783378100.4,2659.1,left,3,30.52
1783378100.4,2659.1,left,4,30.45
1783378100.4,2659.1,left,5,30.87
1783378100.4,2659.1,left,6,32.34
1783378100.4,2659.1,left,7,28.65
1783378100.4,2659.1,right,imu,31.73
1783378100.4,2659.1,right,0,26.21
1783378100.4,2659.1,right,1,26.63
1783378100.4,2659.1,right,2,28.86
1783378100.4,2659.1,right,3,30.45
1783378100.4,2659.1,right,4,29.70
1783378100.4,2659.1,right,5,30.68
1783378100.4,2659.1,right,6,30.91
1783378100.4,2659.1,right,7,28.35
1783378105.4,2664.2,left,imu,31.83
1783378105.4,2664.2,left,0,25.12
1783378105.4,2664.2,left,1,27.37
1783378105.4,2664.2,left,2,29.18
1783378105.4,2664.2,left,3,30.60
1783378105.4,2664.2,left,4,30.53
1783378105.4,2664.2,left,5,30.87
1783378105.4,2664.2,left,6,32.34
1783378105.4,2664.2,left,7,28.65
1783378105.4,2664.2,right,imu,31.73
1783378105.4,2664.2,right,0,26.21
1783378105.4,2664.2,right,1,26.63
1783378105.4,2664.2,right,2,28.86
1783378105.4,2664.2,right,3,30.45
1783378105.4,2664.2,right,4,29.62
1783378105.4,2664.2,right,5,30.61
1783378105.4,2664.2,right,6,30.91
1783378105.4,2664.2,right,7,28.35
1783378110.5,2669.3,left,imu,31.78
1783378110.5,2669.3,left,0,25.12
1783378110.5,2669.3,left,1,27.37
1783378110.5,2669.3,left,2,29.11
1783378110.5,2669.3,left,3,30.60
1783378110.5,2669.3,left,4,30.53
1783378110.5,2669.3,left,5,30.87
1783378110.5,2669.3,left,6,32.34
1783378110.5,2669.3,left,7,28.73
1783378110.5,2669.3,right,imu,31.73
1783378110.5,2669.3,right,0,26.21
1783378110.5,2669.3,right,1,26.63
1783378110.5,2669.3,right,2,28.86
1783378110.5,2669.3,right,3,30.45
1783378110.5,2669.3,right,4,29.70
1783378110.5,2669.3,right,5,30.68
1783378110.5,2669.3,right,6,30.91
1783378110.5,2669.3,right,7,28.35
1783378115.6,2674.3,left,imu,31.73
1783378115.6,2674.3,left,0,25.12
1783378115.6,2674.3,left,1,27.37
1783378115.6,2674.3,left,2,29.18
1783378115.6,2674.3,left,3,30.60
1783378115.6,2674.3,left,4,30.53
1783378115.6,2674.3,left,5,30.87
1783378115.6,2674.3,left,6,32.34
1783378115.6,2674.3,left,7,28.73
1783378115.6,2674.3,right,imu,31.54
1783378115.6,2674.3,right,0,26.21
1783378115.6,2674.3,right,1,26.63
1783378115.6,2674.3,right,2,28.79
1783378115.6,2674.3,right,3,30.45
1783378115.6,2674.3,right,4,29.62
1783378115.6,2674.3,right,5,30.68
1783378115.6,2674.3,right,6,30.84
1783378115.6,2674.3,right,7,28.35
1783378120.6,2679.4,left,imu,31.78
1783378120.6,2679.4,left,0,25.12
1783378120.6,2679.4,left,1,27.37
1783378120.6,2679.4,left,2,29.18
1783378120.6,2679.4,left,3,30.60
1783378120.6,2679.4,left,4,30.45
1783378120.6,2679.4,left,5,30.87
1783378120.6,2679.4,left,6,32.34
1783378120.6,2679.4,left,7,28.73
1783378120.6,2679.4,right,imu,31.73
1783378120.6,2679.4,right,0,26.21
1783378120.6,2679.4,right,1,26.63
1783378120.6,2679.4,right,2,28.79
1783378120.6,2679.4,right,3,30.45
1783378120.6,2679.4,right,4,29.62
1783378120.6,2679.4,right,5,30.68
1783378120.6,2679.4,right,6,30.84
1783378120.6,2679.4,right,7,28.35
1783378125.7,2684.4,left,imu,31.59
1783378125.7,2684.4,left,0,25.12
1783378125.7,2684.4,left,1,27.37
1783378125.7,2684.4,left,2,29.11
1783378125.7,2684.4,left,3,30.60
1783378125.7,2684.4,left,4,30.45
1783378125.7,2684.4,left,5,30.87
1783378125.7,2684.4,left,6,32.26
1783378125.7,2684.4,left,7,28.73
1783378125.7,2684.4,right,imu,31.64
1783378125.7,2684.4,right,0,26.21
1783378125.7,2684.4,right,1,26.63
1783378125.7,2684.4,right,2,28.79
1783378125.7,2684.4,right,3,30.52
1783378125.7,2684.4,right,4,29.70
1783378125.7,2684.4,right,5,30.61
1783378125.7,2684.4,right,6,30.91
1783378125.7,2684.4,right,7,28.35
1783378130.8,2689.5,left,imu,31.78
1783378130.8,2689.5,left,0,25.05
1783378130.8,2689.5,left,1,27.37
1783378130.8,2689.5,left,2,29.18
1783378130.8,2689.5,left,3,30.60
1783378130.8,2689.5,left,4,30.45
1783378130.8,2689.5,left,5,30.87
1783378130.8,2689.5,left,6,32.34
1783378130.8,2689.5,left,7,28.73
1783378130.8,2689.5,right,imu,31.54
1783378130.8,2689.5,right,0,26.21
1783378130.8,2689.5,right,1,26.63
1783378130.8,2689.5,right,2,28.79
1783378130.8,2689.5,right,3,30.45
1783378130.8,2689.5,right,4,29.70
1783378130.8,2689.5,right,5,30.68
1783378130.8,2689.5,right,6,30.91
1783378130.8,2689.5,right,7,28.28
1783378135.8,2694.6,left,imu,31.59
1783378135.8,2694.6,left,0,25.12
1783378135.8,2694.6,left,1,27.37
1783378135.8,2694.6,left,2,29.18
1783378135.8,2694.6,left,3,30.60
1783378135.8,2694.6,left,4,30.45
1783378135.8,2694.6,left,5,30.79
1783378135.8,2694.6,left,6,32.34
1783378135.8,2694.6,left,7,28.73
1783378135.8,2694.6,right,imu,31.78
1783378135.8,2694.6,right,0,26.21
1783378135.8,2694.6,right,1,26.63
1783378135.8,2694.6,right,2,28.86
1783378135.8,2694.6,right,3,30.52
1783378135.8,2694.6,right,4,29.70
1783378135.8,2694.6,right,5,30.68
1783378135.8,2694.6,right,6,30.84
1783378135.8,2694.6,right,7,28.35
1783378140.9,2699.6,left,imu,31.73
1783378140.9,2699.6,left,0,25.05
1783378140.9,2699.6,left,1,27.45
1783378140.9,2699.6,left,2,29.18
1783378140.9,2699.6,left,3,30.60
1783378140.9,2699.6,left,4,30.53
1783378140.9,2699.6,left,5,30.79
1783378140.9,2699.6,left,6,32.34
1783378140.9,2699.6,left,7,28.73
1783378140.9,2699.6,right,imu,31.59
1783378140.9,2699.6,right,0,26.29
1783378140.9,2699.6,right,1,26.63
1783378140.9,2699.6,right,2,28.79
1783378140.9,2699.6,right,3,30.45
1783378140.9,2699.6,right,4,29.70
1783378140.9,2699.6,right,5,30.53
1783378140.9,2699.6,right,6,30.91
1783378140.9,2699.6,right,7,28.28
1783378146.0,2704.7,left,imu,31.78
1783378146.0,2704.7,left,0,25.12
1783378146.0,2704.7,left,1,27.37
1783378146.0,2704.7,left,2,29.18
1783378146.0,2704.7,left,3,30.60
1783378146.0,2704.7,left,4,30.45
1783378146.0,2704.7,left,5,30.87
1783378146.0,2704.7,left,6,32.34
1783378146.0,2704.7,left,7,28.73
1783378146.0,2704.7,right,imu,31.78
1783378146.0,2704.7,right,0,26.29
1783378146.0,2704.7,right,1,26.63
1783378146.0,2704.7,right,2,28.86
1783378146.0,2704.7,right,3,30.45
1783378146.0,2704.7,right,4,29.62
1783378146.0,2704.7,right,5,30.61
1783378146.0,2704.7,right,6,30.84
1783378146.0,2704.7,right,7,28.28
