camera,side,time_s,BFI,BVI
0,left,0.0,5.19105,7.53699
0,left,0.025,4.66971,7.65295
0,left,0.05,4.91555,7.80574
0,left,0.075,5.54551,7.95975
0,left,0.1,5.61289,7.97479
0,left,0.125,6.14868,7.89098
0,left,0.15,5.97356,8.08094
0,left,0.175,6.03968,7.99292
0,left,0.2,5.84495,8.10209
0,left,0.225,5.54548,7.98104
0,left,0.25,5.41264,7.88632
0,left,0.275,5.37061,7.96026
0,left,0.3,5.46231,7.75925
0,left,0.325,4.74492,7.67695
0,left,0.35,4.97115,7.68978
0,left,0.375,5.36986,7.5387
0,left,0.4,5.05589,7.43771
0,left,0.425,5.05479,7.36699
0,left,0.45,4.85463,7.28488
0,left,0.475,4.51867,7.28484
0,left,0.5,4.73575,7.21791
0,left,0.525,4.74191,7.31205
0,left,0.55,4.98996,7.47948
0,left,0.575,4.83267,7.40916
0,left,0.6,4.92083,7.10858
0,left,0.625,4.75792,7.48084
0,left,0.65,5.10086,7.39753
0,left,0.675,4.80025,7.31794
0,left,0.7,4.6682,7.68226
0,left,0.725,5.02016,7.73461
0,left,0.75,5.23136,7.71026
0,left,0.775,5.72246,7.66393
0,left,0.8,5.71265,7.84954
0,left,0.825,5.92124,8.07298
0,left,0.85,6.07506,8.03881
0,left,0.875,6.04948,8.1025
0,left,0.9,5.81532,7.93925
0,left,0.925,5.5303,8.05527
0,left,0.95,5.45146,7.96921
0,left,0.975,5.09653,7.79618
0,left,1.0,5.43033,7.7464
0,left,1.025,5.60254,7.65991
0,left,1.05,5.08547,7.71446
0,left,1.075,5.19419,7.66128
0,left,1.1,5.17773,7.42388
0,left,1.125,4.6395,7.30423
0,left,1.15,5.02002,7.31402
0,left,1.175,5.56243,7.36971
0,left,1.2,4.61504,7.40875
0,left,1.225,4.56703,7.26124
0,left,1.25,4.80544,7.25244
0,left,1.275,4.56575,7.25596
0,left,1.3,4.62084,7.25527
0,left,1.325,4.71266,7.39402
0,left,1.35,4.65789,7.44721
0,left,1.375,4.90527,7.6602
0,left,1.4,4.63581,7.62048
0,left,1.425,4.73416,7.78405
0,left,1.45,4.99268,7.93406
0,left,1.475,5.0162,7.67725
0,left,1.5,5.34374,7.88291
0,left,1.525,6.33399,7.99584
0,left,1.55,5.69888,7.88085
0,left,1.575,6.14979,7.89666
0,left,1.6,6.25001,7.92079
0,left,1.625,6.10755,7.99436
0,left,1.65,5.79285,7.93982
0,left,1.675,5.17649,7.90353
0,left,1.7,5.38609,7.92866
0,left,1.725,5.5137,7.84529
0,left,1.75,5.09768,7.72751
0,left,1.775,4.92157,7.59886
0,left,1.8,4.80442,7.41044
0,left,1.825,5.27176,7.46152
0,left,1.85,4.80995,7.3762
0,left,1.875,4.81209,7.22189
0,left,1.9,4.91702,7.21528
0,left,1.925,4.85257,7.21651
0,left,1.95,5.15773,7.2537
0,left,1.975,4.74748,7.09175
0,left,2.0,4.54301,7.35191
0,left,2.025,5.07417,7.22288
0,left,2.05,5.09204,7.48131
0,left,2.075,4.55378,7.55909
0,left,2.1,4.45311,7.60689
0,left,2.125,4.82576,7.66728
0,left,2.15,5.09709,7.81202
0,left,2.175,4.98956,7.6883
0,left,2.2,5.56326,7.90472
0,left,2.225,5.59391,8.08216
0,left,2.25,6.49072,7.97395
0,left,2.275,6.32049,8.11561
0,left,2.3,6.05286,8.01171
0,left,2.325,5.74394,8.10249
0,left,2.35,5.92699,7.99299
0,left,2.375,5.26473,7.95426
0,left,2.4,5.54704,7.83188
0,left,2.425,5.43466,7.67375
0,left,2.45,5.47233,7.64398
0,left,2.475,4.75933,7.5039
0,left,2.5,5.15692,7.53322
0,left,2.525,5.33665,7.38531
0,left,2.55,5.05287,7.48603
0,left,2.575,4.80478,7.38654
0,left,2.6,5.0123,7.06725
0,left,2.625,4.99604,7.13611
0,left,2.65,4.6862,7.12761
0,left,2.675,4.6492,7.10764
0,left,2.7,4.60047,7.29381
0,left,2.725,4.75059,7.32672
0,left,2.75,4.94909,7.35856
0,left,2.775,4.58905,7.43147
0,left,2.8,4.89141,7.40839
0,left,2.825,4.81786,7.76793
0,left,2.85,5.0009,7.71242
0,left,2.875,5.23076,7.72123
0,left,2.9,5.08602,7.78288
0,left,2.925,5.87814,7.96895
0,left,2.95,6.3494,7.998
0,left,2.975,6.18331,7.82691
0,left,3.0,5.87951,8.00983
0,left,3.025,6.41758,7.94221
0,left,3.05,5.46012,7.99588
0,left,3.075,5.27273,7.86816
0,left,3.1,5.2492,7.74733
0,left,3.125,5.31465,7.86617
0,left,3.15,4.96791,7.70612
0,left,3.175,5.19367,7.71085
0,left,3.2,4.99445,7.34979
0,left,3.225,4.98852,7.4649
0,left,3.25,4.79188,7.21277
0,left,3.275,4.59557,7.36366
0,left,3.3,5.22537,7.04156
0,left,3.325,4.72759,7.18936
0,left,3.35,4.98172,7.20276
0,left,3.375,4.64712,7.1827
0,left,3.4,4.53641,7.35187
0,left,3.425,4.64,7.2821
0,left,3.45,4.70871,7.38963
0,left,3.475,4.87373,7.42579
0,left,3.5,4.9488,7.55796
0,left,3.525,4.53149,7.51209
0,left,3.55,4.64802,7.75164
0,left,3.575,5.2544,7.85722
0,left,3.6,5.15347,7.87346
0,left,3.625,5.14973,7.90574
0,left,3.65,5.8409,7.8819
0,left,3.675,6.14995,8.001
0,left,3.7,5.97963,8.03069
0,left,3.725,6.15419,7.91709
0,left,3.75,5.75854,7.9127
0,left,3.775,5.04092,8.07235
0,left,3.8,5.18248,7.84108
0,left,3.825,4.72464,7.75723
0,left,3.85,5.19137,7.7777
0,left,3.875,4.87984,7.7109
0,left,3.9,5.35929,7.48453
0,left,3.925,4.87431,7.45462
0,left,3.95,5.08345,7.43883
0,left,3.975,5.17472,7.2465
0,left,4.0,5.25885,7.25021
0,left,4.025,4.95172,6.95834
0,left,4.05,4.61645,7.1642
0,left,4.075,4.58722,7.03578
0,left,4.1,4.56597,7.07119
0,left,4.125,4.44997,7.30779
0,left,4.15,4.82648,7.23429
0,left,4.175,4.62803,7.40857
0,left,4.2,4.52665,7.52877
0,left,4.225,4.79751,7.51707
0,left,4.25,3.93129,7.84106
0,left,4.275,4.69197,7.66868
0,left,4.3,4.70941,7.83847
0,left,4.325,5.68124,7.93641
0,left,4.35,5.75348,8.0076
0,left,4.375,5.85666,7.93225
0,left,4.4,6.02377,8.09855
0,left,4.425,6.25743,8.04985
0,left,4.45,5.79005,7.87155
0,left,4.475,5.64988,7.91065
0,left,4.5,5.47879,7.82849
0,left,4.525,5.0983,7.77187
0,left,4.55,5.18499,7.59793
0,left,4.575,5.0294,7.49164
0,left,4.6,5.2637,7.41916
0,left,4.625,4.86964,7.50524
0,left,4.65,4.92667,7.19404
0,left,4.675,5.05283,7.33823
0,left,4.7,4.51482,7.29579
0,left,4.725,4.6121,7.24563
0,left,4.75,4.68741,7.17024
0,left,4.775,4.6236,7.23656
0,left,4.8,4.68484,7.2286
0,left,4.825,4.60113,7.31789
0,left,4.85,4.61583,7.41131
0,left,4.875,4.60791,7.31511
0,left,4.9,4.49178,7.28167
0,left,4.925,4.47438,7.40995
0,left,4.95,4.62272,7.42961
0,left,4.975,4.55237,7.69043
0,left,5.0,4.96081,7.93257
0,left,5.025,5.33037,7.95503
0,left,5.05,5.2966,7.9577
0,left,5.075,5.49759,8.12318
0,left,5.1,6.12532,7.93183
0,left,5.125,5.69393,8.0043
0,left,5.15,5.49337,8.03064
0,left,5.175,5.70327,7.82168
0,left,5.2,5.29684,7.70522
0,left,5.225,5.18764,7.86221
0,left,5.25,4.92595,7.65764
0,left,5.275,4.89365,7.65638
0,left,5.3,5.04685,7.61792
0,left,5.325,4.89429,7.51345
0,left,5.35,4.9383,7.55969
0,left,5.375,4.55269,7.3902
0,left,5.4,4.84769,7.28542
0,left,5.425,4.65975,7.29133
0,left,5.45,4.80564,7.19554
0,left,5.475,4.89752,7.21856
0,left,5.5,4.36502,7.03144
0,left,5.525,4.99708,7.23118
0,left,5.55,4.36871,7.44465
0,left,5.575,4.2295,7.47329
0,left,5.6,4.50078,7.38816
0,left,5.625,4.41074,7.47992
0,left,5.65,4.66757,7.77302
0,left,5.675,4.58268,7.66794
0,left,5.7,4.99433,7.85228
0,left,5.725,5.31328,7.65795
0,left,5.75,5.3281,7.846
0,left,5.775,5.49419,7.92212
0,left,5.8,6.1426,8.04723
0,left,5.825,5.65996,8.09585
0,left,5.85,5.87102,7.94434
0,left,5.875,5.6572,8.08683
0,left,5.9,5.28486,7.78827
0,left,5.925,4.98519,7.93901
0,left,5.95,5.47978,7.81152
0,left,5.975,5.00099,7.76666
0,left,6.0,4.66076,7.49863
0,left,6.025,4.9091,7.58261
0,left,6.05,4.62274,7.45665
0,left,6.075,4.66441,7.38803
0,left,6.1,4.50287,7.18794
0,left,6.125,4.95398,7.18195
0,left,6.15,4.57048,7.33735
0,left,6.175,4.4174,7.38087
0,left,6.2,4.19249,7.17147
0,left,6.225,4.06216,7.25436
0,left,6.25,4.97039,7.18422
0,left,6.275,4.43961,7.50656
0,left,6.3,4.39441,7.37386
0,left,6.325,4.76035,7.40698
0,left,6.35,4.34687,7.56502
0,left,6.375,3.98555,7.81896
0,left,6.4,4.62173,8.01324
0,left,6.425,5.16455,8.03076
0,left,6.45,5.07477,7.88758
0,left,6.475,5.09283,7.84514
0,left,6.5,5.75353,7.96954
0,left,6.525,5.4723,8.00744
0,left,6.55,5.86529,7.94275
0,left,6.575,5.59618,7.8192
0,left,6.6,5.53733,7.79236
0,left,6.625,5.04924,7.86923
0,left,6.65,4.82017,7.69761
0,left,6.675,4.95371,7.6576
0,left,6.7,5.26379,7.56216
0,left,6.725,5.21795,7.41805
0,left,6.75,5.01695,7.39916
0,left,6.775,4.79474,7.47592
0,left,6.8,4.81874,7.14487
0,left,6.825,4.84929,7.34293
0,left,6.85,4.81604,7.44667
0,left,6.875,4.55551,7.04243
0,left,6.9,4.26035,7.32215
0,left,6.925,4.44092,7.28523
0,left,6.95,4.13477,7.20241
0,left,6.975,4.53866,7.25071
0,left,7.0,4.33288,7.45857
0,left,7.025,4.94828,7.33161
0,left,7.05,4.32312,7.53487
0,left,7.075,4.56059,7.56931
0,left,7.1,4.20363,7.80499
0,left,7.125,4.35397,7.73914
0,left,7.15,4.97568,7.84019
0,left,7.175,5.0681,7.92216
0,left,7.2,5.50134,8.06033
0,left,7.225,5.56864,8.03306
0,left,7.25,5.72206,8.01358
0,left,7.275,5.80444,7.9185
0,left,7.3,5.41281,7.89711
0,left,7.325,5.25536,7.80959
0,left,7.35,5.26341,7.87785
0,left,7.375,4.5069,7.87546
0,left,7.4,4.68525,7.69343
0,left,7.425,5.04258,7.61413
0,left,7.45,4.6973,7.34292
0,left,7.475,4.60588,7.34319
0,left,7.5,4.83325,7.35832
0,left,7.525,4.71326,7.44394
0,left,7.55,4.638,7.23597
0,left,7.575,4.82337,7.2312
0,left,7.6,4.46932,7.11881
0,left,7.625,4.74935,7.34764
0,left,7.65,4.50892,7.23147
0,left,7.675,4.67601,7.29647
0,left,7.7,4.37618,7.40979
0,left,7.725,4.42071,7.4663
0,left,7.75,4.30739,7.50785
0,left,7.775,4.52701,7.58559
0,left,7.8,4.50106,7.76475
0,left,7.825,4.54846,7.86349
0,left,7.85,5.12557,7.80099
0,left,7.875,4.66537,7.79984
0,left,7.9,5.35495,7.89303
0,left,7.925,5.6384,8.02968
0,left,7.95,5.83449,8.08163
0,left,7.975,6.06892,7.90731
0,left,8.0,5.79491,7.99473
0,left,8.025,5.57253,8.03972
0,left,8.05,5.35241,7.80137
0,left,8.075,5.4756,7.89842
0,left,8.1,5.30726,7.66711
0,left,8.125,4.87296,7.58737
0,left,8.15,4.94862,7.47611
0,left,8.175,4.90952,7.413
0,left,8.2,4.56603,7.26578
0,left,8.225,5.07149,7.22696
0,left,8.25,4.7871,7.33245
0,left,8.275,4.70866,7.25079
0,left,8.3,4.64347,7.2285
0,left,8.325,4.42547,7.25755
0,left,8.35,4.18155,7.18119
0,left,8.375,4.68001,7.19925
0,left,8.4,4.47271,7.34981
0,left,8.425,4.64799,7.57224
0,left,8.45,4.52631,7.62787
0,left,8.475,4.73326,7.4035
0,left,8.5,4.46019,7.823
0,left,8.525,4.53298,7.82244
0,left,8.55,4.7148,7.80668
0,left,8.575,4.95826,7.88039
0,left,8.6,5.42652,7.92271
0,left,8.625,5.66363,8.04642
0,left,8.65,6.16487,7.98941
0,left,8.675,6.18784,8.10146
0,left,8.7,5.37749,7.85513
0,left,8.725,5.35136,7.8935
0,left,8.75,5.64565,7.77503
0,left,8.775,4.79267,7.72644
0,left,8.8,5.36589,7.71681
0,left,8.825,5.23839,7.35091
0,left,8.85,4.90094,7.30897
0,left,8.875,4.6309,7.58851
0,left,8.9,4.94616,7.34162
0,left,8.925,4.75325,7.41257
0,left,8.95,4.71539,7.3243
0,left,8.975,4.71501,7.15579
0,left,9.0,4.92376,7.18094
0,left,9.025,4.70736,7.24681
0,left,9.05,4.64632,7.12096
0,left,9.075,4.35068,7.45433
0,left,9.1,4.6867,7.28057
0,left,9.125,4.63241,7.48649
0,left,9.15,4.52593,7.50818
0,left,9.175,4.63453,7.50406
0,left,9.2,4.64854,7.79132
0,left,9.225,4.78327,7.90122
0,left,9.25,5.00915,7.88557
0,left,9.275,4.97657,7.95357
0,left,9.3,5.07051,7.88284
0,left,9.325,6.22368,8.16685
0,left,9.35,6.13425,8.10269
0,left,9.375,5.83093,7.95465
0,left,9.4,6.06195,8.04638
0,left,9.425,5.50304,7.94638
0,left,9.45,4.98059,7.83867
0,left,9.475,5.48075,7.81309
0,left,9.5,4.98916,7.8788
0,left,9.525,4.94797,7.72734
0,left,9.55,5.16129,7.68464
0,left,9.575,5.39459,7.42951
0,left,9.6,5.10128,7.36222
0,left,9.625,5.07684,7.43577
0,left,9.65,4.65656,7.15179
0,left,9.675,4.329,7.34215
0,left,9.7,4.77408,7.16467
0,left,9.725,4.63939,7.08948
0,left,9.75,4.33538,7.46708
0,left,9.775,4.47141,7.19166
0,left,9.8,4.75011,7.45057
0,left,9.825,4.4934,7.42829
0,left,9.85,4.53024,7.54352
0,left,9.875,4.97336,7.65539
0,left,9.9,4.77609,7.66848
0,left,9.925,4.526,7.65967
0,left,9.95,4.76089,7.64888
0,left,9.975,5.00021,7.78772
0,left,10.0,5.35455,7.77183
0,left,10.025,5.65667,8.01624
0,left,10.05,5.9398,8.12394
0,left,10.075,5.87888,7.90391
0,left,10.1,5.90668,8.10389
0,left,10.125,5.56943,7.80777
0,left,10.15,5.44633,7.78431
0,left,10.175,5.60407,7.84233
0,left,10.2,5.01478,7.73843
0,left,10.225,5.06248,7.7508
0,left,10.25,5.01896,7.47366
0,left,10.275,4.68911,7.45778
0,left,10.3,4.79697,7.50161
0,left,10.325,4.75524,7.26173
0,left,10.35,5.04525,7.23772
0,left,10.375,4.60902,7.24447
0,left,10.4,4.62873,7.282
0,left,10.425,4.31946,7.5473
0,left,10.45,4.89589,7.20502
0,left,10.475,4.90071,7.31345
0,left,10.5,5.12861,7.3542
0,left,10.525,5.03572,7.44125
0,left,10.55,4.73043,7.3262
0,left,10.575,4.49191,7.61288
0,left,10.6,4.56959,7.62035
0,left,10.625,4.86467,7.78672
0,left,10.65,4.84708,7.85451
0,left,10.675,5.18069,7.82974
0,left,10.7,5.53597,7.93548
0,left,10.725,5.9629,8.08713
0,left,10.75,6.08873,7.90473
0,left,10.775,6.07224,8.01477
0,left,10.8,5.97171,8.0914
0,left,10.825,5.60833,7.92717
0,left,10.85,5.83016,7.82175
0,left,10.875,5.34734,7.75717
0,left,10.9,5.47855,7.71083
0,left,10.925,5.65771,7.48122
0,left,10.95,5.19348,7.43429
0,left,10.975,4.92368,7.60417
0,left,11.0,4.91071,7.36976
0,left,11.025,5.10093,7.35193
0,left,11.05,5.06454,7.48943
0,left,11.075,4.90027,7.09054
0,left,11.1,4.82105,7.20758
0,left,11.125,4.65148,7.10198
0,left,11.15,4.77995,7.2193
0,left,11.175,4.66113,7.21899
0,left,11.2,4.28869,7.13095
0,left,11.225,5.09787,7.33664
0,left,11.25,4.50816,7.44013
0,left,11.275,5.00659,7.28852
0,left,11.3,4.58293,7.6233
0,left,11.325,5.14498,7.72072
0,left,11.35,4.7092,7.8533
0,left,11.375,4.86799,7.71059
0,left,11.4,5.20843,7.91952
0,left,11.425,5.1882,8.07536
0,left,11.45,6.0422,7.97426
0,left,11.475,6.19055,7.98801
0,left,11.5,6.30007,7.84794
0,left,11.525,6.16558,8.06188
0,left,11.55,5.66963,7.84188
0,left,11.575,5.42877,7.68873
0,left,11.6,5.1104,7.70657
0,left,11.625,5.29986,7.71833
0,left,11.65,4.91549,7.55075
0,left,11.675,4.97979,7.49108
0,left,11.7,5.35223,7.38388
0,left,11.725,5.15722,7.23476
0,left,11.75,4.90529,7.36812
0,left,11.775,4.95639,7.17286
0,left,11.8,5.14297,7.22861
0,left,11.825,4.72437,7.12862
0,left,11.85,4.69516,7.07791
0,left,11.875,4.62063,7.23265
0,left,11.9,4.7088,7.47284
0,left,11.925,4.83317,7.31672
0,left,11.95,4.83802,7.33497
0,left,11.975,4.70128,7.68167
0,left,12.0,5.03775,7.54876
0,left,12.025,4.33138,7.84145
0,left,12.05,5.1085,7.7749
0,left,12.075,5.02966,7.8462
0,left,12.1,5.32394,7.96957
0,left,12.125,5.77098,7.89622
0,left,12.15,6.11288,7.86534
0,left,12.175,5.84823,7.92769
0,left,12.2,6.16202,8.07889
0,left,12.225,6.03479,8.00551
0,left,12.25,6.01281,7.9307
0,left,12.275,5.53977,7.94802
0,left,12.3,5.59618,7.72272
0,left,12.325,5.08603,7.50582
0,left,12.35,5.53429,7.51545
0,left,12.375,5.31798,7.5643
0,left,12.4,5.00536,7.55045
0,left,12.425,5.17806,7.45561
0,left,12.45,5.20707,7.25456
0,left,12.475,4.89055,7.19771
0,left,12.5,4.99339,7.16936
0,left,12.525,4.99105,7.02717
0,left,12.55,4.68149,7.24714
0,left,12.575,4.47089,7.29281
0,left,12.6,5.00098,7.36139
0,left,12.625,4.49874,7.31508
0,left,12.65,5.02226,7.56109
0,left,12.675,4.49709,7.48468
0,left,12.7,4.6053,7.61404
0,left,12.725,4.82893,7.57006
0,left,12.75,4.59917,7.77927
0,left,12.775,4.88686,7.90463
0,left,12.8,5.15815,7.77755
0,left,12.825,5.84767,7.90485
0,left,12.85,6.23022,8.11886
0,left,12.875,6.25646,7.91654
0,left,12.9,6.13357,8.00863
0,left,12.925,6.07029,7.94597
0,left,12.95,5.84374,7.88914
0,left,12.975,5.2404,8.03078
0,left,13.0,5.53358,7.75497
0,left,13.025,4.96164,7.7356
0,left,13.05,5.77182,7.60577
0,left,13.075,5.25201,7.4647
0,left,13.1,5.05913,7.45219
0,left,13.125,5.38863,7.32583
0,left,13.15,5.11852,7.30358
0,left,13.175,4.825,7.28292
0,left,13.2,4.81032,7.2102
0,left,13.225,4.96386,7.08921
0,left,13.25,4.70571,7.11669
0,left,13.275,4.76367,7.36006
0,left,13.3,4.72453,7.38007
0,left,13.325,5.0723,7.24947
0,left,13.35,4.93883,7.32692
0,left,13.375,4.85525,7.49921
0,left,13.4,4.57119,7.57829
0,left,13.425,4.49619,7.67363
0,left,13.45,5.06866,7.61471
0,left,13.475,5.49822,7.92948
0,left,13.5,5.41169,7.85133
0,left,13.525,5.97528,7.8895
0,left,13.55,5.9009,7.8723
0,left,13.575,6.09372,7.9358
0,left,13.6,6.0981,7.75029
0,left,13.625,5.64579,8.04212
0,left,13.65,5.34725,7.7906
0,left,13.675,5.81988,8.01079
0,left,13.7,5.36547,7.66381
0,left,13.725,4.88652,7.7563
0,left,13.75,5.35706,7.66515
0,left,13.775,5.38165,7.58
0,left,13.8,5.05138,7.40189
0,left,13.825,4.67755,7.40416
0,left,13.85,4.97821,7.32074
0,left,13.875,4.983,7.25523
0,left,13.9,4.95203,7.26219
0,left,13.925,4.63963,7.12123
0,left,13.95,4.62075,7.26429
0,left,13.975,4.99542,7.1466
0,left,14.0,4.61467,7.27279
0,left,14.025,4.49676,7.25869
0,left,14.05,4.89585,7.59942
0,left,14.075,4.64577,7.2909
0,left,14.1,4.10037,7.54681
0,left,14.125,4.58787,7.86442
0,left,14.15,4.82667,7.77396
0,left,14.175,4.88842,7.81031
0,left,14.2,5.54047,7.85639
0,left,14.225,5.8671,7.94176
0,left,14.25,6.09861,8.05477
0,left,14.275,5.81223,7.92778
0,left,14.3,6.03952,7.86319
0,left,14.325,5.74583,7.82819
0,left,14.35,5.82745,7.96069
0,left,14.375,5.40366,7.88194
0,left,14.4,5.29618,7.67519
0,left,14.425,5.12132,7.84375
0,left,14.45,5.0959,7.64485
0,left,14.475,5.19047,7.58949
0,left,14.5,5.00959,7.53765
0,left,14.525,4.97335,7.43933
0,left,14.55,4.95731,7.33334
0,left,14.575,4.74776,7.26157
0,left,14.6,4.6671,7.31016
0,left,14.625,4.47387,7.10403
0,left,14.65,4.65824,7.09082
0,left,14.675,4.94339,7.36121
0,left,14.7,4.51421,7.20045
0,left,14.725,4.61553,7.20957
0,left,14.75,4.62898,7.45843
0,left,14.775,4.51786,7.39951
0,left,14.8,4.60249,7.55982
0,left,14.825,4.94192,7.6032
0,left,14.85,4.732,7.71415
0,left,14.875,4.94593,7.7345
0,left,14.9,5.40357,7.83466
0,left,14.925,5.74347,7.92703
0,left,14.95,5.99447,7.9448
0,left,14.975,5.81529,8.07762
0,right,0.0,4.67821,7.64893
0,right,0.025,4.92735,7.59172
0,right,0.05,5.36841,7.9508
0,right,0.075,5.47836,7.79316
0,right,0.1,5.63682,7.93829
0,right,0.125,6.02236,7.97194
0,right,0.15,5.85733,7.81078
0,right,0.175,5.5346,8.03575
0,right,0.2,5.69043,8.05444
0,right,0.225,5.35667,7.9838
0,right,0.25,5.149,8.09686
0,right,0.275,5.1633,7.89558
0,right,0.3,5.0032,7.64977
0,right,0.325,4.74738,7.65511
0,right,0.35,5.0612,7.51349
0,right,0.375,4.85548,7.75655
0,right,0.4,4.72418,7.30432
0,right,0.425,4.69843,7.34705
0,right,0.45,4.8712,7.53769
0,right,0.475,4.59004,7.26902
0,right,0.5,4.56604,6.9987
0,right,0.525,4.5914,7.4362
0,right,0.55,4.66617,7.16162
0,right,0.575,4.5761,7.16314
0,right,0.6,4.67771,7.17779
0,right,0.625,4.41078,7.51592
0,right,0.65,4.69506,7.43228
0,right,0.675,4.63836,7.31134
0,right,0.7,4.52575,7.48903
0,right,0.725,5.05301,7.67923
0,right,0.75,5.34348,7.6737
0,right,0.775,5.28126,7.81909
0,right,0.8,5.86538,7.83105
0,right,0.825,6.0421,7.84818
0,right,0.85,6.11179,7.946
0,right,0.875,5.74952,8.03748
0,right,0.9,5.58681,8.08656
0,right,0.925,5.42407,8.09945
0,right,0.95,5.20799,7.82947
0,right,0.975,5.20938,7.85253
0,right,1.0,5.18182,7.76975
0,right,1.025,5.16808,7.61271
0,right,1.05,4.89427,7.58826
0,right,1.075,4.83742,7.71577
0,right,1.1,4.79655,7.39551
0,right,1.125,4.96089,7.54465
0,right,1.15,4.79874,7.28424
0,right,1.175,4.79845,7.27729
0,right,1.2,4.75076,7.14919
0,right,1.225,4.87066,7.22253
0,right,1.25,4.60512,7.25046
0,right,1.275,4.86185,7.3361
0,right,1.3,4.72333,7.22955
0,right,1.325,4.80587,7.33886
0,right,1.35,4.73509,7.42294
0,right,1.375,4.78049,7.51916
0,right,1.4,4.76062,7.47259
0,right,1.425,4.86721,7.59828
0,right,1.45,5.24792,7.55801
0,right,1.475,5.51982,7.70376
0,right,1.5,5.94448,7.9182
0,right,1.525,5.89189,7.83406
0,right,1.55,5.99151,8.16253
0,right,1.575,5.80747,7.78091
0,right,1.6,5.3504,8.15834
0,right,1.625,5.50344,8.24915
0,right,1.65,5.18009,8.00431
0,right,1.675,5.23221,8.05959
0,right,1.7,5.37101,7.68657
0,right,1.725,5.24702,7.62161
0,right,1.75,4.9688,7.65541
0,right,1.775,5.05998,7.56283
0,right,1.8,4.87583,7.68667
0,right,1.825,4.82343,7.51854
0,right,1.85,4.71357,7.18096
0,right,1.875,4.67226,7.2166
0,right,1.9,4.58008,7.15629
0,right,1.925,4.51666,7.1687
0,right,1.95,4.57954,7.21932
0,right,1.975,4.69596,7.28806
0,right,2.0,4.82113,7.33973
0,right,2.025,4.75037,7.2789
0,right,2.05,4.68202,7.42482
0,right,2.075,4.67598,7.46084
0,right,2.1,4.86402,7.50438
0,right,2.125,5.19194,7.74718
0,right,2.15,5.47445,7.71573
0,right,2.175,5.79415,7.88464
0,right,2.2,6.03731,7.84758
0,right,2.225,6.00016,7.94164
0,right,2.25,5.58454,8.01869
0,right,2.275,5.71268,8.01222
0,right,2.3,5.29155,8.09678
0,right,2.325,5.26631,7.88809
0,right,2.35,5.27608,8.04818
0,right,2.375,5.17483,7.88753
0,right,2.4,5.06032,7.86846
0,right,2.425,4.93588,7.83396
0,right,2.45,5.04594,7.68706
0,right,2.475,4.91732,7.6361
0,right,2.5,5.0019,7.32523
0,right,2.525,4.8032,7.41622
0,right,2.55,4.72472,7.27485
0,right,2.575,4.78616,7.31247
0,right,2.6,4.51219,7.25785
0,right,2.625,4.76151,7.27259
0,right,2.65,4.71503,7.27665
0,right,2.675,4.58142,7.35709
0,right,2.7,4.6928,7.15678
0,right,2.725,4.66346,7.18449
0,right,2.75,4.89187,7.51295
0,right,2.775,5.5575,7.28098
0,right,2.8,5.5668,7.62938
0,right,2.825,5.76317,7.52966
0,right,2.85,5.97518,7.7036
0,right,2.875,6.00406,7.75244
0,right,2.9,5.93129,8.06201
0,right,2.925,5.64852,7.92462
0,right,2.95,5.66696,7.85168
0,right,2.975,5.32282,7.93558
0,right,3.0,5.34225,8.12982
0,right,3.025,5.27654,7.98896
0,right,3.05,5.19196,8.0933
0,right,3.075,5.23213,7.97174
0,right,3.1,5.07415,7.72142
0,right,3.125,5.03084,7.65831
0,right,3.15,5.10133,7.72212
0,right,3.175,4.80335,7.57704
0,right,3.2,5.04199,7.68967
0,right,3.225,4.78951,7.46638
0,right,3.25,4.64191,7.38461
0,right,3.275,4.71242,7.40154
0,right,3.3,5.02207,7.38608
0,right,3.325,4.83357,7.20276
0,right,3.35,4.69343,7.28617
0,right,3.375,4.84815,7.25637
0,right,3.4,4.59552,7.31085
0,right,3.425,4.56493,7.28578
0,right,3.45,4.70511,7.3358
0,right,3.475,4.6089,7.22014
0,right,3.5,5.092,7.4581
0,right,3.525,5.26616,7.55326
0,right,3.55,5.39133,7.44547
0,right,3.575,5.5541,7.85612
0,right,3.6,5.92073,7.73255
0,right,3.625,6.06061,7.93112
0,right,3.65,6.19775,8.08083
0,right,3.675,5.61734,7.92851
0,right,3.7,5.43993,7.95185
0,right,3.725,5.48997,7.86183
0,right,3.75,5.35172,8.02018
0,right,3.775,5.07047,8.11415
0,right,3.8,5.08715,7.875
0,right,3.825,4.87432,7.8976
0,right,3.85,4.97654,7.71688
0,right,3.875,4.96565,7.56075
0,right,3.9,4.98644,7.46334
0,right,3.925,4.74087,7.48222
0,right,3.95,4.65368,7.3728
0,right,3.975,4.82727,7.24954
0,right,4.0,4.72893,7.38011
0,right,4.025,4.7003,7.22523
0,right,4.05,4.72003,7.10044
0,right,4.075,4.72941,7.08567
0,right,4.1,4.50791,7.08153
0,right,4.125,4.79854,7.10584
0,right,4.15,4.71758,7.11603
0,right,4.175,4.60778,7.4811
0,right,4.2,4.6361,7.45042
0,right,4.225,4.61677,7.56521
0,right,4.25,5.00665,7.72404
0,right,4.275,5.26451,7.68166
0,right,4.3,5.65418,7.81489
0,right,4.325,5.9139,7.9378
0,right,4.35,5.96358,7.95039
0,right,4.375,6.04031,7.97115
0,right,4.4,5.80663,8.01855
0,right,4.425,5.57893,7.99119
0,right,4.45,5.295,8.0615
0,right,4.475,5.24614,7.87496
0,right,4.5,5.16768,7.87659
0,right,4.525,5.04132,7.86004
0,right,4.55,5.05418,7.78629
0,right,4.575,4.8194,7.64845
0,right,4.6,4.90529,7.5198
0,right,4.625,4.67839,7.59045
0,right,4.65,4.74408,7.59914
0,right,4.675,4.54359,7.14858
0,right,4.7,4.58472,7.32821
0,right,4.725,4.43202,7.17192
0,right,4.75,4.67547,7.16408
0,right,4.775,4.44837,7.30174
0,right,4.8,4.51401,7.02512
0,right,4.825,4.60206,7.35375
0,right,4.85,4.73697,7.32837
0,right,4.875,4.62797,7.17289
0,right,4.9,4.36642,7.53035
0,right,4.925,4.79329,7.45005
0,right,4.95,5.02724,7.62101
0,right,4.975,5.10954,7.73801
0,right,5.0,5.26663,7.92945
0,right,5.025,5.76701,7.87775
0,right,5.05,6.07815,8.01585
0,right,5.075,5.83086,7.93344
0,right,5.1,5.80108,7.87242
0,right,5.125,5.40836,7.85684
0,right,5.15,5.39788,8.20018
0,right,5.175,4.9108,7.86159
0,right,5.2,5.20627,7.95884
0,right,5.225,5.18699,7.75242
0,right,5.25,4.99607,7.72471
0,right,5.275,4.75944,7.49194
0,right,5.3,5.08569,7.55377
0,right,5.325,4.78652,7.55126
0,right,5.35,4.45559,7.43891
0,right,5.375,4.46709,7.44118
0,right,5.4,4.60271,7.227
0,right,5.425,4.46181,7.31343
0,right,5.45,4.62895,7.18125
0,right,5.475,4.6125,7.24961
0,right,5.5,4.37312,7.10062
0,right,5.525,4.56778,7.37378
0,right,5.55,4.60983,7.23392
0,right,5.575,4.38083,7.38404
0,right,5.6,4.48057,7.52276
0,right,5.625,4.41662,7.39825
0,right,5.65,4.48199,7.60334
0,right,5.675,4.98562,7.60851
0,right,5.7,5.28965,7.79429
0,right,5.725,5.21056,7.88566
0,right,5.75,5.585,7.87465
0,right,5.775,5.97496,7.9628
0,right,5.8,5.76217,7.93086
0,right,5.825,5.63745,7.97531
0,right,5.85,5.41362,7.85561
0,right,5.875,5.06479,7.80406
0,right,5.9,5.04429,7.72823
0,right,5.925,4.94422,7.68258
0,right,5.95,4.9884,7.76807
0,right,5.975,4.93278,7.74751
0,right,6.0,4.7043,7.53945
0,right,6.025,4.73511,7.54656
0,right,6.05,4.60007,7.41629
0,right,6.075,4.49803,7.36532
0,right,6.1,4.5495,7.19594
0,right,6.125,4.40882,7.19277
0,right,6.15,4.47411,7.23833
0,right,6.175,4.37314,7.06943
0,right,6.2,4.47382,7.18802
0,right,6.225,4.44339,7.2214
0,right,6.25,4.48833,7.50428
0,right,6.275,4.48245,7.23824
0,right,6.3,4.51255,7.39719
0,right,6.325,4.51139,7.47855
0,right,6.35,4.31732,7.7084
0,right,6.375,4.76473,7.75444
0,right,6.4,4.88407,7.85575
0,right,6.425,5.0128,7.81255
0,right,6.45,5.56117,8.04243
0,right,6.475,5.74916,7.93631
0,right,6.5,5.6945,7.81789
0,right,6.525,5.5716,8.07507
0,right,6.55,5.56704,7.98632
0,right,6.575,5.08661,8.1289
0,right,6.6,5.19044,7.96102
0,right,6.625,5.07721,7.71793
0,right,6.65,4.86334,7.6635
0,right,6.675,4.9883,7.728
0,right,6.7,4.86374,7.64277
0,right,6.725,4.68201,7.5086
0,right,6.75,4.67122,7.42492
0,right,6.775,4.80103,7.32389
0,right,6.8,4.54267,7.30622
0,right,6.825,4.3698,7.20393
0,right,6.85,4.42255,7.31021
0,right,6.875,4.40846,7.09344
0,right,6.9,4.41789,7.2904
0,right,6.925,4.38913,7.21902
0,right,6.95,4.33773,7.20935
0,right,6.975,4.45267,7.44662
0,right,7.0,4.24628,7.32717
0,right,7.025,4.4553,7.39075
0,right,7.05,4.40859,7.58073
0,right,7.075,4.55412,7.57159
0,right,7.1,4.91112,7.87851
0,right,7.125,5.23565,7.82463
0,right,7.15,5.51325,7.97146
0,right,7.175,5.76532,7.96292
0,right,7.2,5.81852,7.97435
0,right,7.225,5.71927,7.93152
0,right,7.25,5.63744,8.05874
0,right,7.275,5.26768,8.07237
0,right,7.3,5.05643,8.01375
0,right,7.325,4.98519,7.84097
0,right,7.35,4.67209,7.75935
0,right,7.375,4.9516,7.856
0,right,7.4,4.89602,7.77742
0,right,7.425,4.69853,7.5623
0,right,7.45,4.81136,7.49172
0,right,7.475,4.72345,7.33504
0,right,7.5,4.66706,7.30728
0,right,7.525,4.43344,7.29252
0,right,7.55,4.28161,7.16164
0,right,7.575,4.61839,7.30648
0,right,7.6,4.47816,7.16638
0,right,7.625,4.45795,7.31605
0,right,7.65,4.42558,7.33056
0,right,7.675,4.45001,7.24953
0,right,7.7,4.34025,7.20262
0,right,7.725,4.55821,7.30958
0,right,7.75,4.34652,7.54372
0,right,7.775,4.34103,7.67114
0,right,7.8,4.7372,7.7571
0,right,7.825,4.80457,7.80069
0,right,7.85,5.10226,7.82983
0,right,7.875,5.46251,7.81423
0,right,7.9,5.6951,8.05895
0,right,7.925,5.96889,8.05992
0,right,7.95,5.82414,8.04987
0,right,7.975,5.46161,7.74554
0,right,8.0,5.42007,7.80149
0,right,8.025,4.92076,7.8265
0,right,8.05,4.67117,7.70797
0,right,8.075,4.83469,7.73077
0,right,8.1,4.78666,7.62301
0,right,8.125,4.75574,7.63576
0,right,8.15,4.69709,7.39278
0,right,8.175,4.60681,7.43886
0,right,8.2,4.69637,7.34604
0,right,8.225,4.58608,7.16941
0,right,8.25,4.3645,7.21798
0,right,8.275,4.74025,7.25118
0,right,8.3,4.50571,7.37064
0,right,8.325,4.50171,7.13616
0,right,8.35,4.42632,7.09178
0,right,8.375,4.45756,7.16487
0,right,8.4,4.51299,7.22851
0,right,8.425,4.31141,7.51952
0,right,8.45,4.62633,7.51408
0,right,8.475,4.49391,7.54181
0,right,8.5,4.64825,7.59998
0,right,8.525,5.0325,7.77427
0,right,8.55,5.31425,7.95646
0,right,8.575,5.50703,7.75484
0,right,8.6,5.90055,8.07313
0,right,8.625,5.67388,8.08183
0,right,8.65,5.50549,8.08872
0,right,8.675,5.30712,8.10322
0,right,8.7,5.16032,8.14643
0,right,8.725,5.18104,7.84619
0,right,8.75,4.93251,7.87109
0,right,8.775,5.04035,7.72561
0,right,8.8,4.9544,7.75259
0,right,8.825,4.93425,7.64122
0,right,8.85,4.93663,7.36332
0,right,8.875,4.89458,7.44615
0,right,8.9,4.59466,7.4935
0,right,8.925,4.61648,7.44722
0,right,8.95,4.63656,7.15485
0,right,8.975,4.72441,7.22533
0,right,9.0,4.61881,7.23052
0,right,9.025,4.5528,7.1752
0,right,9.05,4.66108,7.20404
0,right,9.075,4.40744,7.16124
0,right,9.1,4.3988,7.32566
0,right,9.125,4.61185,7.37369
0,right,9.15,4.54903,7.67267
0,right,9.175,4.46827,7.58355
0,right,9.2,4.80077,7.75088
0,right,9.225,5.25214,7.80195
0,right,9.25,5.25298,7.84992
0,right,9.275,5.57667,7.93218
0,right,9.3,5.69698,7.95698
0,right,9.325,5.74568,7.98257
0,right,9.35,5.60893,8.02049
0,right,9.375,5.65176,7.77934
0,right,9.4,5.45532,8.04649
0,right,9.425,5.05983,7.84919
0,right,9.45,5.10543,7.82466
0,right,9.475,4.79617,7.69682
0,right,9.5,4.73756,7.38599
0,right,9.525,4.92583,7.6388
0,right,9.55,4.73963,7.67518
0,right,9.575,4.86319,7.51839
0,right,9.6,4.48725,7.39025
0,right,9.625,4.62713,7.10736
0,right,9.65,4.58304,7.45548
0,right,9.675,4.36044,7.10102
0,right,9.7,4.65499,7.25586
0,right,9.725,4.51367,7.08963
0,right,9.75,4.53562,7.30497
0,right,9.775,4.50763,7.46511
0,right,9.8,4.52586,7.49067
0,right,9.825,4.32567,7.53236
0,right,9.85,4.53165,7.37724
0,right,9.875,4.67092,7.52036
0,right,9.9,4.96794,7.72768
0,right,9.925,5.22246,7.51737
0,right,9.95,5.61456,7.7794
0,right,9.975,5.82109,7.80723
0,right,10.0,5.79117,7.85966
0,right,10.025,5.74473,7.96396
0,right,10.05,5.63877,7.81544
0,right,10.075,5.29209,7.90409
0,right,10.1,5.07519,8.09651
0,right,10.125,4.99134,7.72283
0,right,10.15,5.20938,8.05635
0,right,10.175,4.89878,7.72283
0,right,10.2,4.97352,7.62409
0,right,10.225,4.96238,7.65687
0,right,10.25,4.86578,7.47221
0,right,10.275,4.80146,7.53781
0,right,10.3,4.81812,7.28246
0,right,10.325,4.91827,7.23731
0,right,10.35,4.81923,7.21922
0,right,10.375,4.66336,7.2506
0,right,10.4,4.60198,7.36421
0,right,10.425,4.67522,7.37097
0,right,10.45,4.81317,7.18703
0,right,10.475,4.53831,7.44784
0,right,10.5,4.53898,7.3452
0,right,10.525,4.27606,7.49484
0,right,10.55,4.69844,7.29288
0,right,10.575,4.5976,7.45424
0,right,10.6,4.67792,7.67845
0,right,10.625,5.06176,7.76293
0,right,10.65,5.42427,7.67199
0,right,10.675,5.86499,7.94344
0,right,10.7,6.0489,7.941
0,right,10.725,5.93414,7.99304
0,right,10.75,5.92421,7.96207
0,right,10.775,5.45639,8.14219
0,right,10.8,5.20434,7.97433
0,right,10.825,5.1881,7.9219
0,right,10.85,5.0772,7.89683
0,right,10.875,5.30121,7.76078
0,right,10.9,4.93989,7.77352
0,right,10.925,5.01403,7.57442
0,right,10.95,4.95771,7.57459
0,right,10.975,5.03411,7.54533
0,right,11.0,4.98119,7.3377
0,right,11.025,4.83051,7.2718
0,right,11.05,4.72448,7.22125
0,right,11.075,4.78677,7.22148
0,right,11.1,4.75077,7.22407
0,right,11.125,4.5493,7.20145
0,right,11.15,4.68252,7.24816
0,right,11.175,4.9062,7.32656
0,right,11.2,4.66877,7.29495
0,right,11.225,4.75032,7.37811
0,right,11.25,4.43169,7.3831
0,right,11.275,4.74087,7.55483
0,right,11.3,4.85548,7.79489
0,right,11.325,5.08249,7.58883
0,right,11.35,5.59445,7.81239
0,right,11.375,5.52739,7.80815
0,right,11.4,5.77846,7.85439
0,right,11.425,5.96211,8.00148
0,right,11.45,6.02474,8.04387
0,right,11.475,5.82397,7.90278
0,right,11.5,5.76011,7.90595
0,right,11.525,5.39077,7.95983
0,right,11.55,5.179,7.85715
0,right,11.575,5.08836,7.93622
0,right,11.6,4.99266,7.57705
0,right,11.625,4.94203,7.65933
0,right,11.65,5.00147,7.49028
0,right,11.675,5.16998,7.37955
0,right,11.7,4.83537,7.348
0,right,11.725,4.62462,7.40896
0,right,11.75,4.82383,7.21731
0,right,11.775,4.83015,7.11485
0,right,11.8,4.78104,7.24975
0,right,11.825,4.83742,7.15466
0,right,11.85,4.54098,7.15328
0,right,11.875,4.39841,7.41292
0,right,11.9,4.61473,7.21067
0,right,11.925,4.64737,7.4372
0,right,11.95,4.69137,7.40237
0,right,11.975,4.59854,7.39017
0,right,12.0,4.71975,7.62616
0,right,12.025,5.15889,7.69763
0,right,12.05,5.1642,7.81626
0,right,12.075,5.59028,7.98226
0,right,12.1,5.86342,7.87951
0,right,12.125,6.1252,7.9162
0,right,12.15,6.02592,7.98454
0,right,12.175,5.942,8.11186
0,right,12.2,5.77934,8.02529
0,right,12.225,5.41599,8.10708
0,right,12.25,5.36338,7.96109
0,right,12.275,5.06327,7.81142
0,right,12.3,5.04825,7.81531
0,right,12.325,5.00865,7.57926
0,right,12.35,5.24932,7.68841
0,right,12.375,5.11005,7.47524
0,right,12.4,4.97525,7.5338
0,right,12.425,4.76506,7.37417
0,right,12.45,4.94202,7.37886
0,right,12.475,4.77082,7.27755
0,right,12.5,4.70552,7.41233
0,right,12.525,4.46581,7.30876
0,right,12.55,4.74985,7.31168
0,right,12.575,4.55591,7.25172
0,right,12.6,4.56263,7.32071
0,right,12.625,4.63296,7.20933
0,right,12.65,4.77945,7.6015
0,right,12.675,4.73568,7.49119
0,right,12.7,4.91006,7.56122
0,right,12.725,5.05529,7.69932
0,right,12.75,5.47609,7.89449
0,right,12.775,5.65374,7.6741
0,right,12.8,5.99689,7.84707
0,right,12.825,6.1687,7.9601
0,right,12.85,5.98002,7.98169
0,right,12.875,5.96351,7.87848
0,right,12.9,5.74876,7.81286
0,right,12.925,5.4769,7.90832
0,right,12.95,5.19841,7.85318
0,right,12.975,5.35321,7.76691
0,right,13.0,5.18324,7.56673
0,right,13.025,5.10901,7.72175
0,right,13.05,5.0092,7.61511
0,right,13.075,4.91317,7.70383
0,right,13.1,4.8614,7.52014
0,right,13.125,4.83572,7.34455
0,right,13.15,4.65064,7.36432
0,right,13.175,4.723,7.20544
0,right,13.2,4.70545,7.13679
0,right,13.225,4.6619,7.09817
0,right,13.25,4.77734,7.27489
0,right,13.275,4.76107,7.2985
0,right,13.3,4.83331,7.19022
0,right,13.325,4.66013,7.40021
0,right,13.35,4.53967,7.23635
0,right,13.375,4.73441,7.54095
0,right,13.4,4.76249,7.74573
0,right,13.425,5.01667,7.54328
0,right,13.45,5.21305,7.55043
0,right,13.475,5.37315,8.02709
0,right,13.5,5.7698,7.80135
0,right,13.525,6.11,7.76691
0,right,13.55,6.16754,7.9381
0,right,13.575,5.76149,8.11645
0,right,13.6,5.48724,8.05031
0,right,13.625,5.45143,7.99712
0,right,13.65,5.2452,7.96474
0,right,13.675,5.18974,7.84408
0,right,13.7,5.1941,7.75602
0,right,13.725,5.17181,7.78406
0,right,13.75,4.95373,7.74936
0,right,13.775,4.98686,7.59618
0,right,13.8,4.63368,7.46494
0,right,13.825,4.76859,7.34511
0,right,13.85,4.83187,7.30524
0,right,13.875,4.69771,7.27522
0,right,13.9,4.58939,7.06312
0,right,13.925,4.55417,7.07117
0,right,13.95,4.68646,7.28546
0,right,13.975,4.60736,7.21368
0,right,14.0,4.47588,7.32776
0,right,14.025,4.75211,7.34969
0,right,14.05,4.69938,7.55174
0,right,14.075,4.563,7.52512
0,right,14.1,4.82062,7.66648
0,right,14.125,5.27811,7.593
0,right,14.15,5.33232,7.85049
0,right,14.175,5.50571,7.82404
0,right,14.2,5.83918,7.85771
0,right,14.225,5.94488,7.99511
0,right,14.25,5.9032,7.9501
0,right,14.275,5.62981,7.93749
0,right,14.3,5.54414,7.76728
0,right,14.325,5.30706,7.94342
0,right,14.35,5.24536,7.76244
0,right,14.375,5.21796,7.96986
0,right,14.4,5.02433,7.76254
0,right,14.425,5.05614,7.73769
0,right,14.45,5.07421,7.63587
0,right,14.475,4.84097,7.4916
0,right,14.5,4.91508,7.60556
0,right,14.525,4.92258,7.41499
0,right,14.55,4.72914,7.4304
0,right,14.575,4.57585,7.29885
0,right,14.6,4.62589,7.23954
0,right,14.625,4.64592,7.28622
0,right,14.65,4.70435,7.36099
0,right,14.675,4.58357,6.85875
0,right,14.7,4.59533,7.31992
0,right,14.725,4.40182,7.35869
0,right,14.75,4.66164,7.50921
0,right,14.775,4.61426,7.57072
0,right,14.8,4.6482,7.52312
0,right,14.825,4.6494,7.56393
0,right,14.85,4.91562,7.63977
0,right,14.875,5.22847,7.86938
0,right,14.9,5.59648,7.78153
0,right,14.925,5.83874,7.90804
0,right,14.95,5.64323,8.0306
0,right,14.975,6.152,8.03617
1,left,0.0,4.77923,7.84124
1,left,0.025,4.61918,7.84533
1,left,0.05,5.10068,7.88485
1,left,0.075,5.50454,8.09832
1,left,0.1,5.60938,7.91804
1,left,0.125,5.65568,7.93757
1,left,0.15,5.44227,7.93388
1,left,0.175,5.77149,7.8446
1,left,0.2,5.27407,7.81082
1,left,0.225,5.20502,7.6242
1,left,0.25,5.29672,7.55039
1,left,0.275,5.20582,7.52421
1,left,0.3,4.8993,7.45318
1,left,0.325,4.789,7.34045
1,left,0.35,5.06477,7.40288
1,left,0.375,5.00787,7.20289
1,left,0.4,4.76478,7.0731
1,left,0.425,4.70309,7.17452
1,left,0.45,4.83461,7.09855
1,left,0.475,4.71213,7.25675
1,left,0.5,4.50935,7.39105
1,left,0.525,4.63765,7.48547
1,left,0.55,4.60035,7.5125
1,left,0.575,4.61886,7.59152
1,left,0.6,4.69849,7.65148
1,left,0.625,4.52017,7.70953
1,left,0.65,4.54081,7.85722
1,left,0.675,4.11701,7.84983
1,left,0.7,4.23345,8.01025
1,left,0.725,5.16983,7.82329
1,left,0.75,4.5733,7.92157
1,left,0.775,5.68515,7.99507
1,left,0.8,5.75706,8.14301
1,left,0.825,5.74409,7.79249
1,left,0.85,5.99306,7.96231
1,left,0.875,5.41347,7.81156
1,left,0.9,5.92637,7.90577
1,left,0.925,5.544,7.84536
1,left,0.95,5.02573,7.48228
1,left,0.975,5.15881,7.28144
1,left,1.0,4.92696,7.48095
1,left,1.025,5.02663,7.27178
1,left,1.05,4.79504,7.17985
1,left,1.075,5.09512,7.23985
1,left,1.1,4.77557,6.99956
1,left,1.125,5.07342,7.15092
1,left,1.15,4.92809,7.324
1,left,1.175,4.57476,7.25642
1,left,1.2,4.51896,7.36721
1,left,1.225,4.57597,7.47087
1,left,1.25,4.68515,7.3223
1,left,1.275,4.64393,7.40581
1,left,1.3,4.53817,7.86508
1,left,1.325,4.48545,7.67137
1,left,1.35,4.42689,7.6008
1,left,1.375,4.51882,7.76817
1,left,1.4,4.61693,7.99631
1,left,1.425,4.72019,7.96042
1,left,1.45,5.01378,7.78405
1,left,1.475,5.1578,7.93788
1,left,1.5,4.94061,8.17123
1,left,1.525,5.70126,7.95419
1,left,1.55,6.09065,7.80424
1,left,1.575,5.61482,7.92255
1,left,1.6,6.14755,7.63773
1,left,1.625,5.65864,7.6831
1,left,1.65,5.55162,7.53557
1,left,1.675,5.31709,7.50955
1,left,1.7,5.08711,7.49574
1,left,1.725,5.21598,7.3754
1,left,1.75,5.0443,7.29518
1,left,1.775,4.85015,7.15833
1,left,1.8,4.62422,7.02063
1,left,1.825,5.04584,7.25947
1,left,1.85,4.78087,7.15424
1,left,1.875,4.48419,7.34476
1,left,1.9,4.66072,7.44937
1,left,1.925,4.7793,7.39057
1,left,1.95,4.90289,7.37657
1,left,1.975,4.63397,7.44607
1,left,2.0,4.53747,7.6454
1,left,2.025,4.79686,7.59119
1,left,2.05,4.69731,7.90113
1,left,2.075,4.56322,7.71545
1,left,2.1,4.68967,7.84628
1,left,2.125,4.68827,8.01743
1,left,2.15,4.76535,7.90004
1,left,2.175,5.37256,7.95144
1,left,2.2,5.00012,8.01236
1,left,2.225,5.17005,8.04224
1,left,2.25,6.06845,7.91725
1,left,2.275,6.13549,7.92272
1,left,2.3,6.14597,7.88226
1,left,2.325,5.6586,7.86915
1,left,2.35,5.69801,7.50603
1,left,2.375,5.43901,7.52834
1,left,2.4,4.88754,7.52695
1,left,2.425,5.55176,7.48682
1,left,2.45,5.0506,7.35347
1,left,2.475,4.73141,7.21944
1,left,2.5,5.29594,7.28412
1,left,2.525,5.04888,7.31146
1,left,2.55,4.72673,7.25298
1,left,2.575,4.56489,7.31195
1,left,2.6,4.81974,7.13038
1,left,2.625,4.70512,7.12436
1,left,2.65,4.95315,7.28455
1,left,2.675,4.44854,7.38504
1,left,2.7,4.14852,7.71362
1,left,2.725,4.78994,7.58593
1,left,2.75,4.90661,7.55202
1,left,2.775,4.65735,7.7225
1,left,2.8,4.56012,7.94314
1,left,2.825,4.50757,8.12513
1,left,2.85,4.59986,8.01442
1,left,2.875,5.15667,8.0669
1,left,2.9,5.36159,8.06632
1,left,2.925,5.96323,8.06883
1,left,2.95,6.19469,7.97883
1,left,2.975,5.96975,7.94557
1,left,3.0,6.16238,7.75033
1,left,3.025,6.20292,7.75229
1,left,3.05,5.11065,7.45488
1,left,3.075,5.56946,7.55676
1,left,3.1,5.10085,7.45853
1,left,3.125,5.29817,7.3473
1,left,3.15,5.03196,7.18984
1,left,3.175,5.11277,7.42982
1,left,3.2,4.88194,7.41489
1,left,3.225,4.70344,7.30784
1,left,3.25,4.64503,7.21719
1,left,3.275,5.06364,7.20375
1,left,3.3,5.08458,7.26733
1,left,3.325,4.80533,7.44105
1,left,3.35,4.8312,7.45147
1,left,3.375,4.49684,7.40459
1,left,3.4,4.28167,7.69893
1,left,3.425,4.87648,7.73062
1,left,3.45,4.54091,7.80053
1,left,3.475,4.44014,7.79748
1,left,3.5,4.51991,7.89839
1,left,3.525,4.62101,8.02158
1,left,3.55,4.97943,7.95234
1,left,3.575,5.34752,7.97054
1,left,3.6,5.1202,8.13164
1,left,3.625,5.50715,7.94941
1,left,3.65,5.47712,8.10766
1,left,3.675,6.24557,7.84986
1,left,3.7,6.47659,7.73303
1,left,3.725,5.81354,7.77637
1,left,3.75,5.54124,7.68116
1,left,3.775,5.23662,7.61976
1,left,3.8,5.39951,7.68071
1,left,3.825,4.91922,7.34961
1,left,3.85,4.84513,7.4185
1,left,3.875,5.04315,7.29736
1,left,3.9,5.08036,7.02476
1,left,3.925,4.79837,7.38111
1,left,3.95,5.43451,7.26093
1,left,3.975,4.47436,7.35437
1,left,4.0,5.03224,7.22241
1,left,4.025,4.66684,7.30588
1,left,4.05,4.71438,7.56124
1,left,4.075,4.4383,7.42089
1,left,4.1,4.60883,7.57841
1,left,4.125,4.43007,7.34691
1,left,4.15,4.91433,7.71089
1,left,4.175,4.66875,7.89664
1,left,4.2,4.98371,7.7589
1,left,4.225,4.92423,8.01047
1,left,4.25,4.32876,7.97361
1,left,4.275,4.44964,8.03323
1,left,4.3,4.97215,7.93979
1,left,4.325,5.13967,8.02773
1,left,4.35,5.45271,7.85601
1,left,4.375,5.84223,8.09288
1,left,4.4,5.8051,7.83534
1,left,4.425,6.11957,7.73532
1,left,4.45,5.88221,7.5928
1,left,4.475,4.95801,7.63938
1,left,4.5,5.37299,7.42209
1,left,4.525,5.17221,7.494
1,left,4.55,4.8775,7.38377
1,left,4.575,4.94674,7.22335
1,left,4.6,5.08292,7.2816
1,left,4.625,4.87898,7.176
1,left,4.65,5.00111,7.18939
1,left,4.675,4.83274,7.12986
1,left,4.7,4.80817,7.21028
1,left,4.725,4.90282,7.18779
1,left,4.75,4.87402,7.19712
1,left,4.775,4.76835,7.41597
1,left,4.8,4.53334,7.47455
1,left,4.825,4.5596,7.64148
1,left,4.85,4.35482,7.65882
1,left,4.875,4.64111,7.8274
1,left,4.9,4.58892,7.91092
1,left,4.925,4.50724,7.76322
1,left,4.95,4.44798,8.00071
1,left,4.975,4.93331,8.02648
1,left,5.0,4.86126,7.91361
1,left,5.025,4.90853,7.98977
1,left,5.05,5.6194,8.04695
1,left,5.075,5.91335,7.84456
1,left,5.1,5.64909,7.755
1,left,5.125,5.53878,7.60886
1,left,5.15,5.28333,7.66031
1,left,5.175,5.92101,7.77382
1,left,5.2,5.27399,7.46834
1,left,5.225,4.82506,7.38736
1,left,5.25,4.78016,7.2449
1,left,5.275,5.11901,7.37004
1,left,5.3,4.90435,7.33106
1,left,5.325,4.53433,7.29297
1,left,5.35,4.8896,7.10321
1,left,5.375,4.8237,7.03894
1,left,5.4,4.40954,7.32674
1,left,5.425,4.64541,7.3105
1,left,5.45,4.71736,7.44888
1,left,5.475,4.25638,7.44919
1,left,5.5,4.48815,7.38664
1,left,5.525,4.94737,7.54805
1,left,5.55,4.27537,7.72101
1,left,5.575,4.5625,7.92311
1,left,5.6,4.42096,7.83621
1,left,5.625,4.08197,7.89904
1,left,5.65,4.41385,7.96549
1,left,5.675,4.40402,7.93537
1,left,5.7,4.99759,7.96509
1,left,5.725,4.87227,8.09887
1,left,5.75,5.07242,7.94613
1,left,5.775,5.44064,8.03961
1,left,5.8,5.61301,7.87678
1,left,5.825,5.52925,7.72285
1,left,5.85,5.61556,7.71405
1,left,5.875,5.6713,7.75513
1,left,5.9,5.10688,7.40849
1,left,5.925,5.06268,7.46038
1,left,5.95,5.49155,7.36563
1,left,5.975,4.61132,7.31688
1,left,6.0,4.74607,7.37112
1,left,6.025,5.07055,7.14935
1,left,6.05,4.79241,7.41961
1,left,6.075,4.69023,7.0241
1,left,6.1,4.42286,7.1775
1,left,6.125,4.42603,7.35579
1,left,6.15,4.57565,7.25244
1,left,6.175,4.47084,7.38881
1,left,6.2,4.70664,7.55661
1,left,6.225,4.39375,7.45992
1,left,6.25,4.43655,7.67492
1,left,6.275,4.49754,7.77166
1,left,6.3,4.36935,7.94707
1,left,6.325,4.62672,7.80661
1,left,6.35,4.22066,8.18187
1,left,6.375,4.52471,8.05412
1,left,6.4,4.65916,7.8297
1,left,6.425,4.75513,7.97103
1,left,6.45,4.63878,7.97647
1,left,6.475,5.29118,7.89566
1,left,6.5,5.63702,8.12433
1,left,6.525,5.59129,7.88029
1,left,6.55,6.23934,7.83585
1,left,6.575,5.68211,7.63068
1,left,6.6,5.35962,7.5844
1,left,6.625,5.26104,7.53771
1,left,6.65,4.92403,7.1906
1,left,6.675,4.89282,7.36629
1,left,6.7,4.75466,7.45153
1,left,6.725,4.66401,7.1051
1,left,6.75,4.55725,7.17432
1,left,6.775,4.62823,7.09308
1,left,6.8,4.60799,7.11119
1,left,6.825,4.81587,7.41875
1,left,6.85,4.63567,7.33537
1,left,6.875,4.71775,7.29963
1,left,6.9,4.50946,7.5197
1,left,6.925,4.33317,7.53486
1,left,6.95,4.03987,7.64524
1,left,6.975,4.30042,7.74686
1,left,7.0,4.37247,7.53175
1,left,7.025,4.17296,7.9223
1,left,7.05,4.67726,7.96089
1,left,7.075,4.11225,7.87689
1,left,7.1,4.25149,7.99939
1,left,7.125,4.68118,7.98425
1,left,7.15,4.83787,7.96407
1,left,7.175,4.81985,8.03624
1,left,7.2,5.20347,7.98895
1,left,7.225,5.52735,7.78773
1,left,7.25,5.44854,7.68562
1,left,7.275,5.86887,7.50841
1,left,7.3,5.33153,7.66213
1,left,7.325,5.16492,7.41832
1,left,7.35,4.93988,7.22287
1,left,7.375,4.85032,7.2875
1,left,7.4,4.97977,7.26862
1,left,7.425,4.66653,7.4319
1,left,7.45,4.63484,7.2604
1,left,7.475,4.67497,7.31396
1,left,7.5,4.87367,7.28723
1,left,7.525,4.74716,7.06122
1,left,7.55,4.5117,7.37112
1,left,7.575,4.61084,7.35717
1,left,7.6,4.64899,7.36518
1,left,7.625,4.41295,7.48806
1,left,7.65,4.75919,7.63373
1,left,7.675,4.767,7.73079
1,left,7.7,4.33639,7.84166
1,left,7.725,4.25061,7.94334
1,left,7.75,4.22348,7.85522
1,left,7.775,4.6216,7.85181
1,left,7.8,4.37388,7.88673
1,left,7.825,4.61253,8.01381
1,left,7.85,4.96677,8.07773
1,left,7.875,4.72903,8.11676
1,left,7.9,5.17363,7.86566
1,left,7.925,5.45138,7.82598
1,left,7.95,5.87405,7.77021
1,left,7.975,5.79689,7.78504
1,left,8.0,5.48347,7.46465
1,left,8.025,5.51839,7.55614
1,left,8.05,4.99031,7.48156
1,left,8.075,5.22171,7.5106
1,left,8.1,4.9552,7.34172
1,left,8.125,4.91626,7.20401
1,left,8.15,4.95175,7.24767
1,left,8.175,5.00391,7.30149
1,left,8.2,4.71287,7.17271
1,left,8.225,5.05448,7.16986
1,left,8.25,4.66593,7.33915
1,left,8.275,4.5836,7.07624
1,left,8.3,4.10846,7.33898
1,left,8.325,4.86134,7.36798
1,left,8.35,4.28996,7.76697
1,left,8.375,4.41261,7.78297
1,left,8.4,4.5665,7.73855
1,left,8.425,4.28913,7.9398
1,left,8.45,4.72457,7.84793
1,left,8.475,4.48841,8.04266
1,left,8.5,4.05061,8.03891
1,left,8.525,4.44277,7.97519
1,left,8.55,4.72137,8.13371
1,left,8.575,4.80459,7.99962
1,left,8.6,4.99292,7.91305
1,left,8.625,5.66306,8.04075
1,left,8.65,5.77037,7.86239
1,left,8.675,5.88641,7.87919
1,left,8.7,5.54053,7.68876
1,left,8.725,5.54197,7.53633
1,left,8.75,5.47638,7.65815
1,left,8.775,4.9097,7.53641
1,left,8.8,4.93055,7.43426
1,left,8.825,4.88076,7.32673
1,left,8.85,4.87004,7.15012
1,left,8.875,4.65473,7.1229
1,left,8.9,4.81144,7.08019
1,left,8.925,4.54063,7.41866
1,left,8.95,4.90379,7.28608
1,left,8.975,4.40452,7.37107
1,left,9.0,4.54858,7.40661
1,left,9.025,4.7025,7.42863
1,left,9.05,4.59787,7.45616
1,left,9.075,4.51981,7.73409
1,left,9.1,4.46489,7.82363
1,left,9.125,4.68376,7.80351
1,left,9.15,4.63038,7.84828
1,left,9.175,4.38965,7.8829
1,left,9.2,4.63545,7.9492
1,left,9.225,4.22371,8.30171
1,left,9.25,5.02741,7.8
1,left,9.275,4.90912,8.0338
1,left,9.3,5.1198,7.96131
1,left,9.325,5.68092,7.92612
1,left,9.35,5.77181,7.91691
1,left,9.375,5.8589,7.77862
1,left,9.4,5.5467,7.66333
1,left,9.425,5.13875,7.6469
1,left,9.45,5.17593,7.52478
1,left,9.475,4.9186,7.50643
1,left,9.5,5.37491,7.14975
1,left,9.525,4.85277,7.07861
1,left,9.55,5.36707,7.24568
1,left,9.575,4.89237,7.2941
1,left,9.6,5.01221,7.16511
1,left,9.625,4.94266,7.13609
1,left,9.65,4.46953,7.21441
1,left,9.675,4.44202,7.25465
1,left,9.7,4.71251,7.2738
1,left,9.725,4.4858,7.29905
1,left,9.75,4.33246,7.43746
1,left,9.775,4.51198,7.65917
1,left,9.8,4.75031,7.82846
1,left,9.825,4.62499,7.76903
1,left,9.85,4.47025,7.90225
1,left,9.875,4.49018,7.93655
1,left,9.9,4.64521,8.073
1,left,9.925,4.44331,8.00344
1,left,9.95,5.09913,7.88833
1,left,9.975,5.01114,8.03657
1,left,10.0,5.33492,8.0726
1,left,10.025,5.63327,7.70396
1,left,10.05,5.57287,7.76252
1,left,10.075,5.94168,7.82314
1,left,10.1,5.6522,7.6215
1,left,10.125,5.25337,7.58886
1,left,10.15,5.11533,7.51435
1,left,10.175,5.32105,7.44672
1,left,10.2,4.97054,7.28473
1,left,10.225,5.18638,7.31008
1,left,10.25,4.97872,7.20675
1,left,10.275,4.93393,7.20947
1,left,10.3,4.75889,7.17295
1,left,10.325,4.92417,7.19602
1,left,10.35,4.54327,7.23263
1,left,10.375,4.50832,7.16702
1,left,10.4,4.35558,7.45423
1,left,10.425,4.34259,7.46511
1,left,10.45,4.51257,7.54535
1,left,10.475,4.53472,7.73603
1,left,10.5,4.56947,7.55751
1,left,10.525,4.63737,7.64878
1,left,10.55,4.78427,7.72062
1,left,10.575,4.71084,7.93915
1,left,10.6,4.35622,7.94491
1,left,10.625,4.40083,7.97188
1,left,10.65,5.03314,7.97407
1,left,10.675,5.09038,8.0102
1,left,10.7,5.51023,8.22837
1,left,10.725,5.64142,7.86059
1,left,10.75,5.93763,7.71589
1,left,10.775,5.8448,7.61035
1,left,10.8,5.60141,7.80761
1,left,10.825,5.67914,7.50731
1,left,10.85,5.62113,7.53196
1,left,10.875,5.37403,7.43523
1,left,10.9,5.36705,7.63482
1,left,10.925,5.36433,7.34644
1,left,10.95,5.17154,7.22158
1,left,10.975,5.13368,7.20963
1,left,11.0,4.80532,7.09711
1,left,11.025,4.91807,7.14309
1,left,11.05,4.23521,7.20915
1,left,11.075,4.49621,7.21617
1,left,11.1,4.70121,7.45436
1,left,11.125,4.94556,7.44911
1,left,11.15,4.67714,7.46772
1,left,11.175,4.74573,7.6265
1,left,11.2,4.32579,7.6899
1,left,11.225,4.66868,7.59867
1,left,11.25,4.35885,7.87378
1,left,11.275,4.58562,8.03589
1,left,11.3,4.75996,7.98679
1,left,11.325,4.29642,7.89408
1,left,11.35,4.91187,7.9026
1,left,11.375,4.9606,8.14425
1,left,11.4,5.16659,8.04794
1,left,11.425,5.7101,7.96311
1,left,11.45,5.97311,7.85042
1,left,11.475,5.98113,7.91266
1,left,11.5,5.80209,7.73573
1,left,11.525,6.00432,7.74384
1,left,11.55,5.63808,7.54188
1,left,11.575,5.59185,7.41396
1,left,11.6,5.71759,7.53747
1,left,11.625,5.30641,7.33255
1,left,11.65,5.14119,7.27285
1,left,11.675,4.92003,7.2072
1,left,11.7,5.19336,7.21423
1,left,11.725,5.44381,7.25362
1,left,11.75,4.89689,7.26896
1,left,11.775,4.87085,7.29413
1,left,11.8,4.41469,7.28892
1,left,11.825,4.81122,7.27696
1,left,11.85,4.55775,7.27126
1,left,11.875,4.6926,7.62337
1,left,11.9,4.60268,7.67068
1,left,11.925,4.83347,7.83459
1,left,11.95,5.2046,7.81686
1,left,11.975,4.67914,7.84639
1,left,12.0,4.70952,7.85268
1,left,12.025,4.68898,8.12681
1,left,12.05,5.11175,7.94501
1,left,12.075,5.04597,7.8186
1,left,12.1,5.2363,8.02229
1,left,12.125,5.45643,7.99054
1,left,12.15,5.65266,7.84286
1,left,12.175,5.83665,7.77728
1,left,12.2,5.8946,7.91831
1,left,12.225,5.96494,7.7053
1,left,12.25,5.46203,7.41097
1,left,12.275,5.47526,7.64624
1,left,12.3,5.30354,7.20533
1,left,12.325,5.48273,7.38635
1,left,12.35,5.2627,7.44547
1,left,12.375,5.1015,7.46954
1,left,12.4,4.84769,7.00886
1,left,12.425,4.90649,7.0256
1,left,12.45,4.96237,7.20588
1,left,12.475,4.79314,7.23608
1,left,12.5,4.89034,7.05304
1,left,12.525,5.01335,7.45454
1,left,12.55,4.27611,7.39719
1,left,12.575,4.83304,7.46823
1,left,12.6,4.84506,7.56937
1,left,12.625,4.65072,7.57962
1,left,12.65,4.47102,7.66426
1,left,12.675,4.69023,7.8527
1,left,12.7,4.41558,7.79558
1,left,12.725,4.7083,7.93018
1,left,12.75,4.56057,8.11614
1,left,12.775,5.18998,8.13806
1,left,12.8,5.07926,7.99213
1,left,12.825,5.22942,7.787
1,left,12.85,6.14406,7.95928
1,left,12.875,6.03633,7.77639
1,left,12.9,6.22146,7.83509
1,left,12.925,5.73859,7.58701
1,left,12.95,5.41959,7.68623
1,left,12.975,5.33583,7.58282
1,left,13.0,5.19448,7.50642
1,left,13.025,5.04935,7.27414
1,left,13.05,5.07021,7.24892
1,left,13.075,5.26574,7.24626
1,left,13.1,5.04514,7.29036
1,left,13.125,4.9506,6.97821
1,left,13.15,4.80287,7.23441
1,left,13.175,4.56299,7.25108
1,left,13.2,4.82893,7.38841
1,left,13.225,4.47363,7.23395
1,left,13.25,4.89058,7.30817
1,left,13.275,4.91941,7.35675
1,left,13.3,4.64727,7.56148
1,left,13.325,4.52191,7.64133
1,left,13.35,4.66648,7.82965
1,left,13.375,4.71221,7.74051
1,left,13.4,4.73148,7.8661
1,left,13.425,4.47757,7.69064
1,left,13.45,4.85294,8.04652
1,left,13.475,5.22206,7.97936
1,left,13.5,5.42649,8.02581
1,left,13.525,5.66741,8.13114
1,left,13.55,5.94925,7.92928
1,left,13.575,5.80569,7.78243
1,left,13.6,5.94368,7.67367
1,left,13.625,5.64079,7.54944
1,left,13.65,5.10238,7.67231
1,left,13.675,5.27869,7.60451
1,left,13.7,5.63321,7.48745
1,left,13.725,5.30192,7.13372
1,left,13.75,5.12507,7.32488
1,left,13.775,5.22341,7.25957
1,left,13.8,4.91438,6.98768
1,left,13.825,4.6538,7.03439
1,left,13.85,4.53372,7.2885
1,left,13.875,4.74577,7.28321
1,left,13.9,4.99221,7.14154
1,left,13.925,4.52969,7.41189
1,left,13.95,4.47461,7.38757
1,left,13.975,4.63356,7.65996
1,left,14.0,4.55594,7.47163
1,left,14.025,4.52196,7.7614
1,left,14.05,4.63702,7.67909
1,left,14.075,4.4637,7.83731
1,left,14.1,4.49191,7.68884
1,left,14.125,4.92761,7.93819
1,left,14.15,4.86689,7.77354
1,left,14.175,4.94809,8.05377
1,left,14.2,5.24568,7.97423
1,left,14.225,5.66678,8.08644
1,left,14.25,5.81606,7.88738
1,left,14.275,5.91143,7.85551
1,left,14.3,5.96319,7.86651
1,left,14.325,5.37353,7.6422
1,left,14.35,5.81902,7.71483
1,left,14.375,5.33732,7.33442
1,left,14.4,4.97984,7.46248
1,left,14.425,4.77194,7.43949
1,left,14.45,5.12705,7.30252
1,left,14.475,4.92622,7.22866
1,left,14.5,4.75304,7.0987
1,left,14.525,5.32694,7.34419
1,left,14.55,5.20395,7.21517
1,left,14.575,4.89871,7.23864
1,left,14.6,4.8447,7.24898
1,left,14.625,4.26318,7.14943
1,left,14.65,4.49661,7.30593
1,left,14.675,5.06114,7.523
1,left,14.7,4.4447,7.46999
1,left,14.725,4.66383,7.63818
1,left,14.75,4.54107,7.69815
1,left,14.775,4.75533,7.87902
1,left,14.8,4.74152,8.0145
1,left,14.825,4.65042,7.92133
1,left,14.85,5.04477,8.1576
1,left,14.875,5.24647,8.1368
1,left,14.9,5.23688,7.98874
1,left,14.925,5.62107,7.86768
1,left,14.95,5.70388,7.93249
1,left,14.975,6.01041,7.89636
1,right,0.0,4.92122,7.92061
1,right,0.025,5.25309,8.04309
1,right,0.05,5.65516,8.10017
1,right,0.075,5.81403,8.1703
1,right,0.1,5.94631,7.81638
1,right,0.125,6.1999,7.92013
1,right,0.15,6.07923,7.91317
1,right,0.175,6.09741,7.63944
1,right,0.2,5.77422,7.67165
1,right,0.225,5.65233,7.78033
1,right,0.25,5.48183,7.69595
1,right,0.275,5.36637,7.44065
1,right,0.3,5.36569,7.34755
1,right,0.325,5.36645,7.2738
1,right,0.35,5.45039,7.27911
1,right,0.375,5.1361,7.27463
1,right,0.4,5.11284,7.20348
1,right,0.425,4.85292,7.26758
1,right,0.45,4.97104,7.17882
1,right,0.475,4.89335,7.33797
1,right,0.5,4.68609,7.47692
1,right,0.525,5.00062,7.39169
1,right,0.55,5.14776,7.34591
1,right,0.575,4.89586,7.5256
1,right,0.6,5.04547,7.64405
1,right,0.625,4.89068,7.67258
1,right,0.65,5.16023,7.87566
1,right,0.675,4.7249,7.90256
1,right,0.7,4.66605,8.01634
1,right,0.725,5.27313,8.10666
1,right,0.75,5.41773,8.03863
1,right,0.775,5.68728,7.99831
1,right,0.8,6.10835,8.01239
1,right,0.825,6.38337,7.82019
1,right,0.85,6.24279,7.99512
1,right,0.875,6.32846,7.84256
1,right,0.9,5.87678,7.6313
1,right,0.925,5.85341,7.80406
1,right,0.95,5.47792,7.48363
1,right,0.975,5.42116,7.41884
1,right,1.0,5.36648,7.43968
1,right,1.025,5.31528,7.49226
1,right,1.05,5.35425,7.29973
1,right,1.075,5.12616,7.34486
1,right,1.1,5.21579,7.26743
1,right,1.125,5.03968,7.13125
1,right,1.15,5.13465,7.2578
1,right,1.175,5.07424,7.23296
1,right,1.2,5.10881,7.32344
1,right,1.225,4.86375,7.43248
1,right,1.25,4.88387,7.50236
1,right,1.275,4.66624,7.56214
1,right,1.3,4.80891,7.43818
1,right,1.325,4.93925,7.51196
1,right,1.35,5.08861,7.93679
1,right,1.375,4.9709,7.76619
1,right,1.4,5.03268,7.79538
1,right,1.425,5.28645,7.93008
1,right,1.45,5.66102,8.00674
1,right,1.475,6.04279,8.04529
1,right,1.5,6.05141,7.91976
1,right,1.525,6.22669,8.10862
1,right,1.55,6.14574,7.93358
1,right,1.575,6.233,7.72765
1,right,1.6,5.96064,7.80143
1,right,1.625,5.7171,7.61019
1,right,1.65,5.42025,7.55558
1,right,1.675,5.60078,7.60266
1,right,1.7,5.26752,7.26373
1,right,1.725,5.44497,7.33071
1,right,1.75,5.22306,7.38655
1,right,1.775,5.09403,7.12287
1,right,1.8,5.15581,7.08453
1,right,1.825,5.0454,7.00136
1,right,1.85,4.91396,6.92346
1,right,1.875,5.01136,7.194
1,right,1.9,4.94942,7.38458
1,right,1.925,4.93179,7.28364
1,right,1.95,5.03681,7.477
1,right,1.975,4.88883,7.42559
1,right,2.0,4.94136,7.61972
1,right,2.025,4.90483,7.49112
1,right,2.05,5.03934,7.76212
1,right,2.075,4.76502,7.77968
1,right,2.1,4.95327,8.13995
1,right,2.125,5.56762,7.82751
1,right,2.15,5.74284,8.13412
1,right,2.175,6.22532,8.05607
1,right,2.2,6.38393,7.97436
1,right,2.225,6.30455,8.02589
1,right,2.25,5.97067,7.965
1,right,2.275,5.88865,7.79588
1,right,2.3,5.76404,7.5145
1,right,2.325,5.53626,7.74718
1,right,2.35,5.5081,7.68125
1,right,2.375,5.62829,7.53252
1,right,2.4,5.4481,7.38892
1,right,2.425,5.41463,7.30857
1,right,2.45,5.26888,7.31733
1,right,2.475,5.15439,7.18445
1,right,2.5,4.90296,7.12234
1,right,2.525,5.25501,7.1697
1,right,2.55,4.89801,7.12502
1,right,2.575,5.02688,7.20647
1,right,2.6,5.06289,7.09587
1,right,2.625,4.82374,7.18405
1,right,2.65,4.94731,7.41728
1,right,2.675,5.02219,7.38867
1,right,2.7,5.11687,7.54564
1,right,2.725,5.13708,7.55106
1,right,2.75,5.30642,7.80402
1,right,2.775,5.44124,7.85907
1,right,2.8,5.73576,7.83914
1,right,2.825,6.0776,7.89122
1,right,2.85,6.27457,7.86609
1,right,2.875,6.45497,7.9221
1,right,2.9,6.20381,7.96182
1,right,2.925,5.95242,7.9915
1,right,2.95,5.86524,8.03339
1,right,2.975,5.67411,7.97284
1,right,3.0,5.48446,8.04259
1,right,3.025,5.4312,7.81024
1,right,3.05,5.34881,7.56294
1,right,3.075,5.25971,7.51868
1,right,3.1,5.41206,7.34562
1,right,3.125,5.39549,7.36761
1,right,3.15,5.23797,7.28609
1,right,3.175,5.05883,7.27113
1,right,3.2,5.15179,7.40091
1,right,3.225,4.80916,7.16551
1,right,3.25,4.75433,7.15428
1,right,3.275,4.97529,7.26958
1,right,3.3,5.04056,7.35259
1,right,3.325,5.00335,7.30508
1,right,3.35,5.22158,7.507
1,right,3.375,4.99052,7.58356
1,right,3.4,5.00739,7.4936
1,right,3.425,4.87983,7.66881
1,right,3.45,5.03013,7.62739
1,right,3.475,4.99391,7.6678
1,right,3.5,4.95385,7.66121
1,right,3.525,5.26203,7.87414
1,right,3.55,5.82145,7.99328
1,right,3.575,5.9269,7.83529
1,right,3.6,6.3707,8.20098
1,right,3.625,6.46773,8.05351
1,right,3.65,6.22733,7.94394
1,right,3.675,5.98382,7.9498
1,right,3.7,5.86606,7.99985
1,right,3.725,5.6274,7.83269
1,right,3.75,5.41911,7.74743
1,right,3.775,5.33536,7.51659
1,right,3.8,5.38002,7.65118
1,right,3.825,5.24566,7.39383
1,right,3.85,5.41329,7.37026
1,right,3.875,5.07135,7.23735
1,right,3.9,5.25131,7.18944
1,right,3.925,5.17766,7.14881
1,right,3.95,4.9981,7.11835
1,right,3.975,5.01025,7.3021
1,right,4.0,4.94941,7.32041
1,right,4.025,5.0131,7.13689
1,right,4.05,5.08754,7.31673
1,right,4.075,5.1272,7.47892
1,right,4.1,4.98107,7.44225
1,right,4.125,4.9774,7.80926
1,right,4.15,4.73428,7.67718
1,right,4.175,4.91201,7.81997
1,right,4.2,4.92974,7.93301
1,right,4.225,4.91764,7.8577
1,right,4.25,5.26431,8.00657
1,right,4.275,5.62927,7.9779
1,right,4.3,5.93299,7.83672
1,right,4.325,6.14924,8.06491
1,right,4.35,6.13271,8.10883
1,right,4.375,6.32723,7.96498
1,right,4.4,6.03747,7.80094
1,right,4.425,5.78125,7.5403
1,right,4.45,5.81511,7.78841
1,right,4.475,5.54387,7.53283
1,right,4.5,5.43584,7.58082
1,right,4.525,5.33864,7.42952
1,right,4.55,5.18071,7.46681
1,right,4.575,5.10514,7.46906
1,right,4.6,5.1405,7.26728
1,right,4.625,5.13805,7.27837
1,right,4.65,5.08577,6.96925
1,right,4.675,5.12244,7.26251
1,right,4.7,5.04955,7.08469
1,right,4.725,4.7275,7.27146
1,right,4.75,5.14204,7.4009
1,right,4.775,5.11872,7.53514
1,right,4.8,4.88341,7.42131
1,right,4.825,4.6942,7.58593
1,right,4.85,4.77331,7.68423
1,right,4.875,5.00962,7.68833
1,right,4.9,4.57461,8.06879
1,right,4.925,4.93436,7.92
1,right,4.95,5.29263,8.00661
1,right,4.975,5.48973,7.80499
1,right,5.0,5.62829,8.01009
1,right,5.025,6.06632,8.10655
1,right,5.05,6.18638,8.12729
1,right,5.075,6.13996,7.98695
1,right,5.1,5.84185,7.87835
1,right,5.125,5.83642,7.88203
1,right,5.15,5.47083,7.58582
1,right,5.175,5.456,7.59621
1,right,5.2,5.36699,7.55178
1,right,5.225,5.36936,7.53998
1,right,5.25,5.32089,7.32215
1,right,5.275,5.14727,7.21352
1,right,5.3,5.10508,7.24004
1,right,5.325,4.98716,7.38473
1,right,5.35,4.96595,7.19075
1,right,5.375,5.04116,7.17235
1,right,5.4,4.93936,7.39941
1,right,5.425,4.90847,7.13862
1,right,5.45,4.84589,7.25677
1,right,5.475,4.86362,7.29485
1,right,5.5,4.79975,7.47751
1,right,5.525,4.81239,7.46468
1,right,5.55,4.90775,7.71798
1,right,5.575,4.7479,7.59138
1,right,5.6,4.65847,7.8656
1,right,5.625,4.64469,7.85413
1,right,5.65,4.86451,8.04842
1,right,5.675,5.15076,8.05186
1,right,5.7,5.45528,7.9792
1,right,5.725,5.77238,8.0809
1,right,5.75,6.05813,7.99527
1,right,5.775,6.1382,7.96019
1,right,5.8,6.06368,7.87473
1,right,5.825,6.04104,7.56289
1,right,5.85,5.77255,7.87682
1,right,5.875,5.46779,7.75928
1,right,5.9,5.28535,7.35978
1,right,5.925,5.21252,7.57736
1,right,5.95,5.15993,7.39494
1,right,5.975,5.15781,7.25708
1,right,6.0,5.13204,7.24043
1,right,6.025,5.11631,7.22135
1,right,6.05,4.86595,7.16559
1,right,6.075,4.92125,7.22618
1,right,6.1,4.94086,7.21588
1,right,6.125,4.89432,7.13678
1,right,6.15,4.69354,7.14955
1,right,6.175,4.70673,7.35877
1,right,6.2,4.71353,7.24304
1,right,6.225,4.71118,7.49389
1,right,6.25,4.92295,7.75395
1,right,6.275,4.79995,7.86981
1,right,6.3,4.58965,7.80025
1,right,6.325,4.8425,7.89708
1,right,6.35,4.70987,7.93317
1,right,6.375,5.11139,7.85236
1,right,6.4,5.02657,8.17715
1,right,6.425,5.41949,8.08557
1,right,6.45,5.86248,7.96854
1,right,6.475,5.91689,7.85795
1,right,6.5,6.03595,7.841
1,right,6.525,6.01562,7.83964
1,right,6.55,5.82106,7.81824
1,right,6.575,5.39023,7.57969
1,right,6.6,5.42025,7.67836
1,right,6.625,5.32207,7.4753
1,right,6.65,5.26156,7.54519
1,right,6.675,4.97395,7.36306
1,right,6.7,5.20583,7.11213
1,right,6.725,4.9893,7.11394
1,right,6.75,5.0744,7.27241
1,right,6.775,4.85392,7.17434
1,right,6.8,4.95084,7.09409
1,right,6.825,4.81004,7.37643
1,right,6.85,4.9243,7.54821
1,right,6.875,4.64577,7.2708
1,right,6.9,4.60575,7.29809
1,right,6.925,4.72837,7.56153
1,right,6.95,4.71562,7.66068
1,right,6.975,4.75647,7.84817
1,right,7.0,4.59931,7.85943
1,right,7.025,4.71286,7.85488
1,right,7.05,4.69555,7.80873
1,right,7.075,4.97089,7.89208
1,right,7.1,5.13437,7.80841
1,right,7.125,5.57802,7.95638
1,right,7.15,5.82722,8.00638
1,right,7.175,6.018,8.02581
1,right,7.2,6.36317,7.92978
1,right,7.225,6.08749,7.86799
1,right,7.25,5.86773,7.71695
1,right,7.275,5.64556,7.67895
1,right,7.3,5.372,7.53
1,right,7.325,5.2623,7.6495
1,right,7.35,5.16037,7.24188
1,right,7.375,5.08697,7.40527
1,right,7.4,5.10048,7.22335
1,right,7.425,5.10111,7.15592
1,right,7.45,5.03539,7.1835
1,right,7.475,4.89212,7.42714
1,right,7.5,4.77094,7.1983
1,right,7.525,4.93181,7.2338
1,right,7.55,4.73957,7.13155
1,right,7.575,4.66751,7.33876
1,right,7.6,4.7245,7.19603
1,right,7.625,4.66361,7.43639
1,right,7.65,4.83427,7.71314
1,right,7.675,4.4967,7.73257
1,right,7.7,4.5241,7.82709
1,right,7.725,4.70378,7.66328
1,right,7.75,4.70837,7.99859
1,right,7.775,4.52971,7.96474
1,right,7.8,4.77769,7.86399
1,right,7.825,5.02882,8.11152
1,right,7.85,5.44778,7.96075
1,right,7.875,5.83889,7.89019
1,right,7.9,6.05068,7.99914
1,right,7.925,6.07945,7.80644
1,right,7.95,6.03917,7.68933
1,right,7.975,5.60249,7.62755
1,right,8.0,5.37207,7.54888
1,right,8.025,5.32325,7.59635
1,right,8.05,5.19897,7.24679
1,right,8.075,5.25221,7.34393
1,right,8.1,5.13822,7.30465
1,right,8.125,5.19798,7.22936
1,right,8.15,5.08757,7.13396
1,right,8.175,4.81952,7.22661
1,right,8.2,4.75134,7.24225
1,right,8.225,4.86436,7.14953
1,right,8.25,4.72765,7.33346
1,right,8.275,4.91036,7.18138
1,right,8.3,4.8481,7.20001
1,right,8.325,4.67072,7.44816
1,right,8.35,4.54457,7.53543
1,right,8.375,4.81792,7.5487
1,right,8.4,4.48689,7.78848
1,right,8.425,4.60594,7.94712
1,right,8.45,4.62833,7.62731
1,right,8.475,4.75218,7.88077
1,right,8.5,4.95643,8.00387
1,right,8.525,5.32667,7.90825
1,right,8.55,5.47067,8.06817
1,right,8.575,5.62123,8.0766
1,right,8.6,6.12625,7.86583
1,right,8.625,5.9836,7.67729
1,right,8.65,5.83363,7.89413
1,right,8.675,5.83556,7.92069
1,right,8.7,5.53327,7.53067
1,right,8.725,5.50817,7.57482
1,right,8.75,4.97495,7.62404
1,right,8.775,5.20822,7.60196
1,right,8.8,5.28785,7.39925
1,right,8.825,5.25507,7.38214
1,right,8.85,5.01121,7.13268
1,right,8.875,5.05902,7.20386
1,right,8.9,4.7073,7.18958
1,right,8.925,4.89183,7.32857
1,right,8.95,4.90679,7.27249
1,right,8.975,4.88951,7.36472
1,right,9.0,4.62618,7.34713
1,right,9.025,4.57654,7.45382
1,right,9.05,4.87638,7.51229
1,right,9.075,4.8083,7.54676
1,right,9.1,4.86125,7.70896
1,right,9.125,4.80498,7.95829
1,right,9.15,4.82726,7.8044
1,right,9.175,4.85613,7.87021
1,right,9.2,5.11764,8.01235
1,right,9.225,5.3003,8.05717
1,right,9.25,5.67593,7.83681
1,right,9.275,5.94017,7.94959
1,right,9.3,6.19058,7.73503
1,right,9.325,6.03719,8.06403
1,right,9.35,5.80494,7.70972
1,right,9.375,5.84754,7.81443
1,right,9.4,5.52305,7.56627
1,right,9.425,5.08237,7.65704
1,right,9.45,5.35272,7.36382
1,right,9.475,5.2525,7.57965
1,right,9.5,5.15125,7.31593
1,right,9.525,5.04048,7.21328
1,right,9.55,5.07207,7.2905
1,right,9.575,4.98976,7.13244
1,right,9.6,4.87309,7.23139
1,right,9.625,5.05322,7.1788
1,right,9.65,4.77259,7.3662
1,right,9.675,4.76433,7.30416
1,right,9.7,4.8752,7.47379
1,right,9.725,4.64779,7.58232
1,right,9.75,4.78779,7.45871
1,right,9.775,4.73453,7.51205
1,right,9.8,4.78245,7.65043
1,right,9.825,4.81758,7.66525
1,right,9.85,4.66785,7.92701
1,right,9.875,5.19003,7.74924
1,right,9.9,5.16226,7.94709
1,right,9.925,5.45267,7.96008
1,right,9.95,5.77016,7.94724
1,right,9.975,5.904,7.9431
1,right,10.0,6.21238,7.92188
1,right,10.025,5.96583,7.92952
1,right,10.05,6.00697,7.94438
1,right,10.075,5.82755,7.53357
1,right,10.1,5.56712,7.758
1,right,10.125,5.3554,7.63619
1,right,10.15,5.44023,7.59272
1,right,10.175,5.33109,7.44446
1,right,10.2,5.37403,7.23546
1,right,10.225,5.07138,7.32595
1,right,10.25,5.02626,7.25801
1,right,10.275,5.08434,7.15342
1,right,10.3,5.19227,7.35763
1,right,10.325,5.00959,7.16382
1,right,10.35,4.86301,7.16208
1,right,10.375,4.86677,7.16762
1,right,10.4,4.86852,7.30068
1,right,10.425,4.80686,7.31694
1,right,10.45,4.97229,7.5211
1,right,10.475,4.85158,7.57896
1,right,10.5,4.8913,7.5282
1,right,10.525,4.95403,7.62456
1,right,10.55,4.68191,7.95198
1,right,10.575,4.68228,7.84626
1,right,10.6,5.11318,7.94966
1,right,10.625,5.2924,8.06507
1,right,10.65,5.61363,8.12281
1,right,10.675,6.14749,7.89673
1,right,10.7,6.2159,7.90979
1,right,10.725,6.14161,8.00155
1,right,10.75,6.18022,7.78814
1,right,10.775,6.0049,7.79125
1,right,10.8,5.71353,7.5897
1,right,10.825,5.69919,7.76084
1,right,10.85,5.5213,7.50344
1,right,10.875,5.4209,7.47421
1,right,10.9,5.10729,7.15488
1,right,10.925,5.17543,7.30235
1,right,10.95,5.2093,7.17962
1,right,10.975,5.10537,7.19486
1,right,11.0,5.11262,7.19536
1,right,11.025,5.04186,7.12955
1,right,11.05,4.86694,7.12088
1,right,11.075,5.09943,7.2836
1,right,11.1,4.96806,7.20974
1,right,11.125,5.04787,7.43491
1,right,11.15,4.83039,7.56557
1,right,11.175,5.06443,7.66541
1,right,11.2,4.72551,7.67085
1,right,11.225,4.99986,7.79431
1,right,11.25,4.86595,7.66562
1,right,11.275,4.97648,7.96186
1,right,11.3,5.26116,7.95718
1,right,11.325,5.57125,8.02986
1,right,11.35,5.81222,7.97515
1,right,11.375,6.02713,7.894
1,right,11.4,6.41327,7.97567
1,right,11.425,6.30065,7.87569
1,right,11.45,6.32248,7.93182
1,right,11.475,6.10386,7.82413
1,right,11.5,5.83976,7.86293
1,right,11.525,5.55529,7.62343
1,right,11.55,5.63244,7.71222
1,right,11.575,5.34611,7.47156
1,right,11.6,5.44376,7.22004
1,right,11.625,5.31083,7.38113
1,right,11.65,5.22474,7.15595
1,right,11.675,5.4597,7.33221
1,right,11.7,5.27339,7.27308
1,right,11.725,5.08817,7.35757
1,right,11.75,5.24262,7.07795
1,right,11.775,4.9199,7.12768
1,right,11.8,5.12699,7.32327
1,right,11.825,5.1408,7.31692
1,right,11.85,4.97782,7.39866
1,right,11.875,4.78927,7.61032
1,right,11.9,4.80072,7.71424
1,right,11.925,5.00838,7.71223
1,right,11.95,5.0159,7.81851
1,right,11.975,5.03903,8.03119
1,right,12.0,4.84028,8.00652
1,right,12.025,5.21522,7.97037
1,right,12.05,5.22166,7.99639
1,right,12.075,5.80491,8.09385
1,right,12.1,6.05301,8.05923
1,right,12.125,6.47788,7.87218
1,right,12.15,6.4102,8.03476
1,right,12.175,6.29784,7.88465
1,right,12.2,5.94328,7.76506
1,right,12.225,5.6681,7.7581
1,right,12.25,5.63382,7.58665
1,right,12.275,5.48293,7.49971
1,right,12.3,5.51802,7.4852
1,right,12.325,5.37262,7.39201
1,right,12.35,5.4411,7.23431
1,right,12.375,5.54615,7.17284
1,right,12.4,5.26343,7.16063
1,right,12.425,5.14491,7.19009
1,right,12.45,5.07143,7.21044
1,right,12.475,4.97893,7.14957
1,right,12.5,5.03539,7.27645
1,right,12.525,4.93971,7.4501
1,right,12.55,5.01206,7.33696
1,right,12.575,4.99897,7.53065
1,right,12.6,5.09144,7.68756
1,right,12.625,5.09307,7.64725
1,right,12.65,4.82842,7.70163
1,right,12.675,4.94598,7.60505
1,right,12.7,4.9268,8.01037
1,right,12.725,5.19635,7.94262
1,right,12.75,5.62332,7.87989
1,right,12.775,5.87582,8.01781
1,right,12.8,6.29739,7.84362
1,right,12.825,6.34769,7.86811
1,right,12.85,6.16678,7.8422
1,right,12.875,6.18274,7.69856
1,right,12.9,5.91326,7.78823
1,right,12.925,5.66809,7.74144
1,right,12.95,5.56462,7.69366
1,right,12.975,5.54334,7.54838
1,right,13.0,5.36391,7.50467
1,right,13.025,5.35041,7.28211
1,right,13.05,5.44675,7.26077
1,right,13.075,5.0858,7.1395
1,right,13.1,5.24519,7.21938
1,right,13.125,5.26216,7.14574
1,right,13.15,4.97106,7.26517
1,right,13.175,5.09125,7.41103
1,right,13.2,5.0521,7.25946
1,right,13.225,5.21967,7.31423
1,right,13.25,4.92057,7.29834
1,right,13.275,4.8058,7.53035
1,right,13.3,4.93444,7.66084
1,right,13.325,4.94147,7.61462
1,right,13.35,4.91021,7.81884
1,right,13.375,5.01924,7.77205
1,right,13.4,5.0089,7.8938
1,right,13.425,5.29315,8.08784
1,right,13.45,5.3862,7.9763
1,right,13.475,5.92161,8.04098
1,right,13.5,6.22497,7.95865
1,right,13.525,6.43702,8.10372
1,right,13.55,6.47343,7.83129
1,right,13.575,5.8192,7.84483
1,right,13.6,5.85428,7.89655
1,right,13.625,5.84172,7.64573
1,right,13.65,5.71204,7.47282
1,right,13.675,5.41935,7.63358
1,right,13.7,5.23135,7.3467
1,right,13.725,5.34975,7.31495
1,right,13.75,5.29818,7.20549
1,right,13.775,5.35079,7.15774
1,right,13.8,5.11205,7.24334
1,right,13.825,5.19922,7.18642
1,right,13.85,4.95526,7.2273
1,right,13.875,4.94955,7.35881
1,right,13.9,5.00689,7.17854
1,right,13.925,4.7425,7.19611
1,right,13.95,4.96207,7.46962
1,right,13.975,5.0789,7.49087
1,right,14.0,4.90388,7.82074
1,right,14.025,4.91461,7.66165
1,right,14.05,4.9086,7.65517
1,right,14.075,4.85216,7.59451
1,right,14.1,5.12568,7.88302
1,right,14.125,5.33754,7.9993
1,right,14.15,5.7931,8.09927
1,right,14.175,5.98002,8.08651
1,right,14.2,6.19246,7.87445
1,right,14.225,6.0439,8.06035
1,right,14.25,6.19997,7.85886
1,right,14.275,6.13124,7.8208
1,right,14.3,5.93913,7.64906
1,right,14.325,5.47688,7.74186
1,right,14.35,5.44745,7.53593
1,right,14.375,5.31708,7.5934
1,right,14.4,5.29715,7.53899
1,right,14.425,5.29694,7.41119
1,right,14.45,5.09931,7.30903
1,right,14.475,5.18015,7.16274
1,right,14.5,5.23798,7.32919
1,right,14.525,5.05986,7.19457
1,right,14.55,4.99932,7.17839
1,right,14.575,4.99153,7.3691
1,right,14.6,4.7798,7.20905
1,right,14.625,4.97191,7.30814
1,right,14.65,4.75974,7.36942
1,right,14.675,5.00504,7.53596
1,right,14.7,4.9511,7.68651
1,right,14.725,4.64209,7.72278
1,right,14.75,4.79049,7.73792
1,right,14.775,4.72602,7.8131
1,right,14.8,4.86889,7.86373
1,right,14.825,4.97345,8.03681
1,right,14.85,5.29624,8.04173
1,right,14.875,5.53911,7.95135
1,right,14.9,5.74327,7.94238
1,right,14.925,6.1394,7.87945
1,right,14.95,6.27434,7.76435
1,right,14.975,6.26014,8.0293
2,left,0.0,5.11075,7.95701
2,left,0.025,4.67751,7.96878
2,left,0.05,5.23111,7.61243
2,left,0.075,5.54104,7.74169
2,left,0.1,5.74447,7.73765
2,left,0.125,6.25256,7.48918
2,left,0.15,6.30986,7.49189
2,left,0.175,6.14909,7.33361
2,left,0.2,5.51945,7.50729
2,left,0.225,5.54195,7.27726
2,left,0.25,5.63976,7.39402
2,left,0.275,5.33483,7.21144
2,left,0.3,4.97893,7.11019
2,left,0.325,4.94017,6.99556
2,left,0.35,4.62627,7.38239
2,left,0.375,4.82495,7.29111
2,left,0.4,5.07662,7.27575
2,left,0.425,4.61234,7.26903
2,left,0.45,4.525,7.46221
2,left,0.475,4.67409,7.63812
2,left,0.5,4.5881,7.71227
2,left,0.525,4.96469,7.78753
2,left,0.55,4.97852,7.78274
2,left,0.575,4.70892,7.91279
2,left,0.6,4.47104,7.94215
2,left,0.625,4.69734,8.09157
2,left,0.65,4.52299,7.97952
2,left,0.675,4.67423,7.91673
2,left,0.7,4.70279,7.87671
2,left,0.725,5.18429,7.93154
2,left,0.75,4.94136,8.00834
2,left,0.775,5.04231,7.82515
2,left,0.8,5.78111,7.76533
2,left,0.825,6.21799,7.59048
2,left,0.85,6.24344,7.33328
2,left,0.875,5.84907,7.46417
2,left,0.9,5.67919,7.24274
2,left,0.925,5.55583,7.18355
2,left,0.95,5.52565,7.11203
2,left,0.975,4.97121,7.13429
2,left,1.0,5.06747,7.21158
2,left,1.025,4.70629,7.23558
2,left,1.05,4.8962,7.31699
2,left,1.075,5.47352,7.24929
2,left,1.1,5.25628,7.2367
2,left,1.125,4.85388,7.38146
2,left,1.15,5.1127,7.57543
2,left,1.175,5.12964,7.44924
2,left,1.2,5.07048,7.52114
2,left,1.225,4.76104,7.82368
2,left,1.25,4.82978,7.88936
2,left,1.275,4.6618,7.82978
2,left,1.3,4.65107,7.9226
2,left,1.325,5.13729,7.85878
2,left,1.35,4.46528,8.06292
2,left,1.375,4.67342,7.97471
2,left,1.4,4.58112,7.89189
2,left,1.425,4.84797,7.8919
2,left,1.45,5.03491,7.85323
2,left,1.475,5.05602,8.02568
2,left,1.5,5.50632,7.82636
2,left,1.525,5.44879,7.48896
2,left,1.55,6.09296,7.69064
2,left,1.575,6.11614,7.39836
2,left,1.6,6.00322,7.5045
2,left,1.625,5.7544,7.46124
2,left,1.65,5.73429,7.3418
2,left,1.675,5.49981,7.20324
2,left,1.7,5.15258,7.19783
2,left,1.725,5.12925,7.19352
2,left,1.75,5.37838,7.191
2,left,1.775,5.14824,7.26543
2,left,1.8,5.0899,7.2415
2,left,1.825,4.85237,7.28849
2,left,1.85,5.23467,7.35444
2,left,1.875,4.49407,7.42639
2,left,1.9,4.95185,7.67025
2,left,1.925,4.82766,7.64755
2,left,1.95,5.01115,7.88771
2,left,1.975,4.90691,7.765
2,left,2.0,5.07929,7.90307
2,left,2.025,5.10062,8.02184
2,left,2.05,4.59027,8.06708
2,left,2.075,4.71228,8.08014
2,left,2.1,4.75589,8.09243
2,left,2.125,4.83529,7.95796
2,left,2.15,4.61998,7.96832
2,left,2.175,5.06077,7.81735
2,left,2.2,5.77784,7.72491
2,left,2.225,5.48507,7.71726
2,left,2.25,6.12509,7.65486
2,left,2.275,5.74958,7.60603
2,left,2.3,5.96074,7.17833
2,left,2.325,6.04576,7.42908
2,left,2.35,5.92469,7.22168
2,left,2.375,5.95053,7.2353
2,left,2.4,5.49112,7.31592
2,left,2.425,5.2694,7.09497
2,left,2.45,5.06675,7.10783
2,left,2.475,5.50535,7.20024
2,left,2.5,5.32619,7.24815
2,left,2.525,5.03654,7.27909
2,left,2.55,4.41671,7.37699
2,left,2.575,4.63762,7.4896
2,left,2.6,5.1185,7.59405
2,left,2.625,4.65393,7.71145
2,left,2.65,4.50086,7.73438
2,left,2.675,4.72777,7.81925
2,left,2.7,4.84158,7.96993
2,left,2.725,4.70059,7.95009
2,left,2.75,4.64297,8.07219
2,left,2.775,4.62059,8.04838
2,left,2.8,4.7188,8.00775
2,left,2.825,4.65851,8.03509
2,left,2.85,4.95876,7.80559
2,left,2.875,5.21256,7.7536
2,left,2.9,5.02734,7.87333
2,left,2.925,5.69061,7.68063
2,left,2.95,6.18313,7.55126
2,left,2.975,5.95311,7.57876
2,left,3.0,6.19485,7.50214
2,left,3.025,5.83488,7.31416
2,left,3.05,5.45049,7.341
2,left,3.075,5.13215,7.24757
2,left,3.1,5.51654,7.17473
2,left,3.125,5.13694,7.27272
2,left,3.15,4.92759,7.22122
2,left,3.175,4.97865,7.15833
2,left,3.2,5.00572,7.21211
2,left,3.225,5.13459,7.27384
2,left,3.25,4.65205,7.52798
2,left,3.275,4.97567,7.50925
2,left,3.3,5.13212,7.52358
2,left,3.325,4.42478,7.92017
2,left,3.35,4.80399,7.81661
2,left,3.375,4.52868,7.77099
2,left,3.4,4.79517,7.75555
2,left,3.425,4.9,8.06587
2,left,3.45,4.35195,7.99205
2,left,3.475,4.69413,7.83389
2,left,3.5,4.83645,7.85356
2,left,3.525,4.83125,7.97354
2,left,3.55,4.77782,7.95507
2,left,3.575,5.18528,7.9643
2,left,3.6,5.45253,7.70433
2,left,3.625,5.8619,7.71259
2,left,3.65,5.60526,7.73254
2,left,3.675,6.09591,7.65733
2,left,3.7,6.01417,7.52952
2,left,3.725,6.15292,7.33433
2,left,3.75,5.60983,7.31109
2,left,3.775,5.3357,7.3097
2,left,3.8,5.33023,7.37055
2,left,3.825,5.32053,7.17616
2,left,3.85,4.89089,7.09328
2,left,3.875,5.24691,7.19405
2,left,3.9,5.17167,7.27944
2,left,3.925,5.17377,7.25591
2,left,3.95,5.18311,7.45858
2,left,3.975,5.07399,7.45626
2,left,4.0,5.02932,7.69273
2,left,4.025,5.18444,7.8278
2,left,4.05,4.56573,7.7401
2,left,4.075,4.34035,7.78034
2,left,4.1,4.8527,7.85294
2,left,4.125,4.5415,8.03815
2,left,4.15,4.61753,8.0283
2,left,4.175,4.85658,7.91857
2,left,4.2,4.83584,8.00131
2,left,4.225,4.68007,8.03832
2,left,4.25,4.40696,7.97261
2,left,4.275,4.63375,7.88185
2,left,4.3,5.16135,7.95011
2,left,4.325,5.2359,7.84724
2,left,4.35,5.71574,7.60228
2,left,4.375,5.92834,7.66715
2,left,4.4,6.18577,7.50835
2,left,4.425,6.34922,7.15773
2,left,4.45,5.7153,7.30472
2,left,4.475,5.31781,7.27821
2,left,4.5,5.42436,7.2948
2,left,4.525,5.22912,7.21503
2,left,4.55,5.1118,7.06448
2,left,4.575,4.85719,7.31641
2,left,4.6,5.43332,7.1122
2,left,4.625,4.84823,7.26768
2,left,4.65,4.7451,7.37977
2,left,4.675,4.64283,7.59177
2,left,4.7,4.68555,7.70169
2,left,4.725,4.96052,7.67991
2,left,4.75,4.53828,7.61054
2,left,4.775,4.71662,7.61816
2,left,4.8,4.41745,7.70039
2,left,4.825,4.58983,7.87956
2,left,4.85,4.29596,7.98152
2,left,4.875,4.41027,7.95757
2,left,4.9,4.73627,7.99146
2,left,4.925,4.69971,7.99892
2,left,4.95,4.47778,8.12416
2,left,4.975,4.73059,7.99975
2,left,5.0,5.1113,7.72566
2,left,5.025,5.11804,7.73483
2,left,5.05,5.2525,7.56653
2,left,5.075,5.72248,7.64359
2,left,5.1,5.99874,7.56592
2,left,5.125,5.67432,7.40342
2,left,5.15,5.59985,7.39506
2,left,5.175,5.24312,7.51061
2,left,5.2,4.98295,7.33076
2,left,5.225,5.31724,7.29648
2,left,5.25,4.77331,6.99373
2,left,5.275,5.03645,7.16305
2,left,5.3,4.94682,7.34178
2,left,5.325,4.9678,7.43514
2,left,5.35,5.03797,7.43465
2,left,5.375,4.65553,7.33398
2,left,5.4,4.56776,7.59105
2,left,5.425,4.69423,7.74012
2,left,5.45,3.95277,7.63249
2,left,5.475,4.78126,7.73615
2,left,5.5,4.50597,7.70188
2,left,5.525,4.94133,8.0217
2,left,5.55,4.38072,8.07403
2,left,5.575,4.5475,7.96929
2,left,5.6,4.6553,8.08759
2,left,5.625,4.5331,7.83122
2,left,5.65,4.67613,7.82379
2,left,5.675,4.43866,7.9164
2,left,5.7,4.71847,7.87624
2,left,5.725,4.87907,7.78174
2,left,5.75,5.11628,7.80917
2,left,5.775,5.34526,7.70518
2,left,5.8,5.60962,7.58267
2,left,5.825,5.87269,7.35335
2,left,5.85,6.1373,7.18629
2,left,5.875,5.33405,7.17052
2,left,5.9,5.37097,7.15181
2,left,5.925,5.11109,7.11455
2,left,5.95,5.06967,7.36515
2,left,5.975,4.87667,7.23111
2,left,6.0,4.78148,7.35138
2,left,6.025,4.74878,7.23755
2,left,6.05,4.67581,7.38059
2,left,6.075,5.04498,7.56137
2,left,6.1,4.74342,7.51434
2,left,6.125,4.93282,7.53184
2,left,6.15,4.67052,7.82151
2,left,6.175,4.58289,7.7287
2,left,6.2,4.63999,7.91091
2,left,6.225,4.20296,7.92995
2,left,6.25,4.659,7.9556
2,left,6.275,4.392,7.87993
2,left,6.3,4.65355,7.95161
2,left,6.325,4.10822,8.13741
2,left,6.35,4.68792,7.99914
2,left,6.375,4.60496,7.83875
2,left,6.4,4.64168,8.11489
2,left,6.425,4.9056,7.90501
2,left,6.45,4.85672,7.79419
2,left,6.475,5.22713,7.62111
2,left,6.5,5.64295,7.59622
2,left,6.525,5.83236,7.38217
2,left,6.55,5.96149,7.42588
2,left,6.575,5.85194,7.19007
2,left,6.6,5.33491,7.26596
2,left,6.625,5.35269,7.27589
2,left,6.65,4.9118,7.1778
2,left,6.675,4.88318,7.01716
2,left,6.7,4.94421,7.2309
2,left,6.725,5.00815,7.07338
2,left,6.75,4.86474,7.23915
2,left,6.775,5.04903,7.2803
2,left,6.8,4.54419,7.59915
2,left,6.825,4.58975,7.45031
2,left,6.85,4.86659,7.74062
2,left,6.875,5.01867,7.70907
2,left,6.9,4.27867,7.82674
2,left,6.925,4.35972,7.96151
2,left,6.95,4.64034,7.87978
2,left,6.975,4.77668,8.12014
2,left,7.0,4.67295,7.91841
2,left,7.025,4.73674,7.83607
2,left,7.05,4.49952,7.92218
2,left,7.075,4.68839,7.94564
2,left,7.1,4.54693,7.77343
2,left,7.125,4.53132,7.81183
2,left,7.15,4.65917,7.65607
2,left,7.175,5.25343,7.756
2,left,7.2,5.77998,7.61207
2,left,7.225,5.43472,7.46879
2,left,7.25,5.84653,7.34841
2,left,7.275,5.98854,7.22568
2,left,7.3,5.68318,7.22971
2,left,7.325,5.37125,7.18084
2,left,7.35,5.28067,7.14513
2,left,7.375,4.82231,7.32932
2,left,7.4,4.84301,7.09961
2,left,7.425,4.8428,7.31047
2,left,7.45,4.68756,7.34937
2,left,7.475,4.80469,7.32092
2,left,7.5,4.74884,7.39338
2,left,7.525,4.58233,7.27197
2,left,7.55,4.56868,7.64682
2,left,7.575,4.83195,7.59907
2,left,7.6,4.73782,7.95008
2,left,7.625,4.25254,7.87397
2,left,7.65,4.42543,7.90042
2,left,7.675,4.35877,7.91286
2,left,7.7,4.41195,7.99965
2,left,7.725,4.35862,7.86532
2,left,7.75,4.08565,7.80667
2,left,7.775,4.5255,7.99828
2,left,7.8,4.61144,7.96838
2,left,7.825,4.60514,7.90764
2,left,7.85,4.76516,7.83539
2,left,7.875,4.90235,7.70161
2,left,7.9,5.53949,7.53418
2,left,7.925,6.10586,7.58709
2,left,7.95,5.49195,7.48978
2,left,7.975,5.60388,7.44904
2,left,8.0,5.6376,7.33451
2,left,8.025,5.64006,7.24466
2,left,8.05,5.36834,7.13954
2,left,8.075,5.19094,6.94668
2,left,8.1,5.02911,7.21427
2,left,8.125,4.90025,7.29319
2,left,8.15,5.11609,7.31499
2,left,8.175,4.70187,7.31877
2,left,8.2,4.48069,7.57192
2,left,8.225,5.17054,7.39515
2,left,8.25,4.8926,7.52274
2,left,8.275,4.60167,7.48884
2,left,8.3,4.94118,7.77655
2,left,8.325,4.78689,7.83722
2,left,8.35,4.56212,8.01304
2,left,8.375,4.79227,8.06049
2,left,8.4,4.73877,7.91234
2,left,8.425,4.6899,7.94141
2,left,8.45,4.5975,8.0657
2,left,8.475,4.47423,7.76734
2,left,8.5,4.48736,7.94819
2,left,8.525,4.27274,8.04507
2,left,8.55,4.76543,7.72698
2,left,8.575,4.79007,7.73995
2,left,8.6,5.1376,7.58543
2,left,8.625,5.05054,7.55739
2,left,8.65,5.89819,7.39022
2,left,8.675,6.36167,7.44991
2,left,8.7,5.87881,7.22431
2,left,8.725,5.22334,7.22238
2,left,8.75,5.26248,7.10376
2,left,8.775,4.99262,7.22154
2,left,8.8,4.92352,7.21149
2,left,8.825,5.07031,7.3808
2,left,8.85,5.2209,7.21897
2,left,8.875,4.70815,7.21585
2,left,8.9,4.82014,7.45913
2,left,8.925,4.84513,7.62756
2,left,8.95,4.89089,7.59768
2,left,8.975,4.51563,7.54745
2,left,9.0,4.78208,7.74174
2,left,9.025,4.83995,7.70132
2,left,9.05,4.54375,7.7635
2,left,9.075,4.31754,7.95743
2,left,9.1,4.68205,7.88706
2,left,9.125,4.81438,8.22939
2,left,9.15,4.525,8.02907
2,left,9.175,4.71416,7.88281
2,left,9.2,4.64579,7.88991
2,left,9.225,4.94957,7.97403
2,left,9.25,4.64507,7.94819
2,left,9.275,5.03077,7.63425
2,left,9.3,5.40295,7.5893
2,left,9.325,5.84925,7.51818
2,left,9.35,6.00565,7.54987
2,left,9.375,5.75152,7.34602
2,left,9.4,6.29484,7.29396
2,left,9.425,5.40955,7.10852
2,left,9.45,5.47896,7.27995
2,left,9.475,5.00307,7.1386
2,left,9.5,5.12709,7.15816
2,left,9.525,4.84624,7.28594
2,left,9.55,4.96964,7.26015
2,left,9.575,5.26314,7.43618
2,left,9.6,4.7544,7.43059
2,left,9.625,4.94051,7.44338
2,left,9.65,4.6471,7.58092
2,left,9.675,4.43507,7.48544
2,left,9.7,4.71152,7.86124
2,left,9.725,4.77572,7.88498
2,left,9.75,4.75839,7.64654
2,left,9.775,4.52851,7.99249
2,left,9.8,4.65641,7.89694
2,left,9.825,4.52644,7.91444
2,left,9.85,4.46979,8.07717
2,left,9.875,4.62348,7.77966
2,left,9.9,4.53044,7.82741
2,left,9.925,4.42759,7.83724
2,left,9.95,5.02135,7.76285
2,left,9.975,4.9004,7.84468
2,left,10.0,5.35159,7.67881
2,left,10.025,5.59467,7.54378
2,left,10.05,5.69146,7.43116
2,left,10.075,5.73259,7.32327
2,left,10.1,5.72612,7.33319
2,left,10.125,5.52041,7.22078
2,left,10.15,5.36267,7.20402
2,left,10.175,5.47121,7.28775
2,left,10.2,5.23153,7.2944
2,left,10.225,5.42829,7.24226
2,left,10.25,5.37376,7.19123
2,left,10.275,4.74637,7.18325
2,left,10.3,4.8132,7.29838
2,left,10.325,4.91982,7.61886
2,left,10.35,4.83182,7.56643
2,left,10.375,4.37497,7.56981
2,left,10.4,4.67654,7.77084
2,left,10.425,4.8915,7.71965
2,left,10.45,4.53343,7.80612
2,left,10.475,4.3995,7.67741
2,left,10.5,4.78785,8.05291
2,left,10.525,4.67454,7.94787
2,left,10.55,4.85276,8.07509
2,left,10.575,4.64852,7.84529
2,left,10.6,4.95278,7.80061
2,left,10.625,4.73997,7.77096
2,left,10.65,5.29076,7.93355
2,left,10.675,5.28968,7.77777
2,left,10.7,5.68569,7.5298
2,left,10.725,5.79639,7.54515
2,left,10.75,5.68723,7.37311
2,left,10.775,6.05058,7.28306
2,left,10.8,5.90107,7.42576
2,left,10.825,5.40385,7.37514
2,left,10.85,5.69461,7.12232
2,left,10.875,5.4723,7.18503
2,left,10.9,5.46719,7.25361
2,left,10.925,5.27767,7.26365
2,left,10.95,4.93363,7.29291
2,left,10.975,5.32004,7.42019
2,left,11.0,4.86862,7.26631
2,left,11.025,4.93337,7.40269
2,left,11.05,4.65848,7.50774
2,left,11.075,5.02583,7.6219
2,left,11.1,4.53874,7.68782
2,left,11.125,4.87205,7.83883
2,left,11.15,4.71865,7.72762
2,left,11.175,5.12316,7.83949
2,left,11.2,4.84021,7.98327
2,left,11.225,4.56679,8.0482
2,left,11.25,4.55794,8.15549
2,left,11.275,4.62772,7.87862
2,left,11.3,4.84614,8.08967
2,left,11.325,4.68231,7.86204
2,left,11.35,4.73904,7.75913
2,left,11.375,5.23018,7.59059
2,left,11.4,5.36201,7.53004
2,left,11.425,6.0413,7.53699
2,left,11.45,5.71503,7.53164
2,left,11.475,6.3261,7.37244
2,left,11.5,6.23239,7.45389
2,left,11.525,6.524,7.44403
2,left,11.55,5.50791,7.3429
2,left,11.575,5.62687,7.111
2,left,11.6,5.0648,7.07044
2,left,11.625,5.45014,7.43041
2,left,11.65,5.18744,7.05241
2,left,11.675,5.01826,7.18305
2,left,11.7,5.09489,7.43228
2,left,11.725,5.35141,7.36221
2,left,11.75,5.08699,7.48698
2,left,11.775,4.84544,7.51445
2,left,11.8,4.70814,7.80904
2,left,11.825,5.18581,7.67405
2,left,11.85,4.62996,7.73952
2,left,11.875,4.70735,7.87206
2,left,11.9,4.66518,8.06926
2,left,11.925,4.76953,8.0546
2,left,11.95,5.08646,7.95545
2,left,11.975,4.68378,7.96324
2,left,12.0,4.93113,7.99942
2,left,12.025,4.59483,7.95954
2,left,12.05,5.10776,8.04281
2,left,12.075,4.98246,7.77006
2,left,12.1,5.3047,7.77383
2,left,12.125,5.52231,7.62967
2,left,12.15,5.80172,7.47931
2,left,12.175,5.67947,7.25662
2,left,12.2,5.79887,7.43894
2,left,12.225,5.93175,7.21444
2,left,12.25,5.64042,7.13141
2,left,12.275,4.9675,7.20488
2,left,12.3,5.48565,7.14264
2,left,12.325,5.66296,7.24907
2,left,12.35,5.59917,7.18161
2,left,12.375,5.35781,7.26824
2,left,12.4,5.00211,7.2368
2,left,12.425,4.94695,7.4539
2,left,12.45,5.1391,7.49367
2,left,12.475,4.61945,7.61349
2,left,12.5,4.64137,7.82999
2,left,12.525,5.02175,7.74807
2,left,12.55,5.01686,7.88782
2,left,12.575,4.9209,8.10837
2,left,12.6,4.87481,7.92458
2,left,12.625,4.35674,8.08766
2,left,12.65,4.41364,7.93638
2,left,12.675,4.97823,7.97924
2,left,12.7,4.6778,8.12306
2,left,12.725,4.7708,7.76083
2,left,12.75,4.77495,7.80708
2,left,12.775,4.85754,7.83877
2,left,12.8,5.31788,7.71048
2,left,12.825,5.47197,7.56739
2,left,12.85,6.05484,7.45665
2,left,12.875,6.20425,7.49296
2,left,12.9,6.00641,7.43536
2,left,12.925,6.12698,7.43698
2,left,12.95,5.70152,7.2045
2,left,12.975,5.50398,7.17961
2,left,13.0,5.07334,7.13646
2,left,13.025,5.26102,7.37236
2,left,13.05,5.28894,7.09898
2,left,13.075,5.40994,7.1499
2,left,13.1,4.85539,7.41886
2,left,13.125,4.84154,7.35788
2,left,13.15,5.12956,7.44085
2,left,13.175,4.85459,7.58572
2,left,13.2,4.85862,7.63041
2,left,13.225,4.7086,7.78891
2,left,13.25,4.57517,7.70901
2,left,13.275,4.73381,7.77349
2,left,13.3,4.91231,7.97065
2,left,13.325,4.72874,7.93676
2,left,13.35,4.73522,8.08772
2,left,13.375,4.73221,7.98347
2,left,13.4,4.84179,8.06232
2,left,13.425,4.59699,7.97944
2,left,13.45,4.95364,8.06246
2,left,13.475,5.2281,7.67455
2,left,13.5,5.77409,7.7467
2,left,13.525,5.69987,7.59437
2,left,13.55,6.11171,7.57167
2,left,13.575,5.98444,7.31495
2,left,13.6,6.0315,7.28353
2,left,13.625,5.82429,7.32896
2,left,13.65,5.34182,7.19861
2,left,13.675,5.37821,7.2202
2,left,13.7,5.52277,7.23412
2,left,13.725,5.00943,7.1563
2,left,13.75,5.14372,7.21147
2,left,13.775,5.08807,7.26305
2,left,13.8,5.02513,7.32213
2,left,13.825,4.77555,7.36944
2,left,13.85,4.78036,7.41339
2,left,13.875,4.92403,7.41704
2,left,13.9,4.60253,7.56898
2,left,13.925,5.04254,7.86593
2,left,13.95,4.96392,7.92341
2,left,13.975,4.92926,7.81911
2,left,14.0,4.6651,7.81284
2,left,14.025,4.8334,7.92788
2,left,14.05,5.14089,8.01766
2,left,14.075,5.02327,8.0841
2,left,14.1,4.40422,8.11786
2,left,14.125,4.7734,7.90521
2,left,14.15,4.97351,7.9586
2,left,14.175,4.92245,7.83794
2,left,14.2,5.3784,7.58929
2,left,14.225,5.55792,7.67698
2,left,14.25,5.78547,7.53436
2,left,14.275,5.88784,7.47441
2,left,14.3,5.89036,7.48875
2,left,14.325,5.71581,7.45661
2,left,14.35,5.67973,7.28391
2,left,14.375,5.17399,7.12389
2,left,14.4,5.09572,7.08642
2,left,14.425,5.15763,7.15217
2,left,14.45,5.02824,7.26847
2,left,14.475,5.18137,7.24067
2,left,14.5,5.12964,7.21428
2,left,14.525,4.82605,7.40079
2,left,14.55,4.92471,7.2521
2,left,14.575,5.05234,7.4716
2,left,14.6,4.70788,7.49577
2,left,14.625,4.55872,7.67162
2,left,14.65,4.34403,7.64821
2,left,14.675,4.91442,8.02826
2,left,14.7,4.54119,7.85968
2,left,14.725,4.86002,8.0164
2,left,14.75,4.47543,8.08956
2,left,14.775,4.35759,8.07166
2,left,14.8,4.68962,8.1184
2,left,14.825,4.36771,7.94227
2,left,14.85,4.92973,7.94483
2,left,14.875,5.42946,7.90488
2,left,14.9,5.58045,7.77123
2,left,14.925,5.64445,7.63028
2,left,14.95,6.17117,7.70962
2,left,14.975,6.19995,7.64881
2,right,0.0,4.83837,7.86452
2,right,0.025,5.06479,7.85626
2,right,0.05,5.22089,7.9436
2,right,0.075,5.62534,7.80147
2,right,0.1,5.79444,7.79226
2,right,0.125,5.9601,7.60849
2,right,0.15,6.06715,7.47086
2,right,0.175,5.77311,7.50318
2,right,0.2,5.4278,7.23727
2,right,0.225,5.43461,7.3407
2,right,0.25,5.2527,7.17109
2,right,0.275,5.02353,7.11848
2,right,0.3,5.20207,7.06455
2,right,0.325,5.03468,7.29294
2,right,0.35,5.11151,7.27714
2,right,0.375,4.99024,7.33046
2,right,0.4,4.83936,7.51416
2,right,0.425,4.81621,7.53941
2,right,0.45,4.68928,7.36825
2,right,0.475,4.67642,7.71053
2,right,0.5,4.75876,7.70749
2,right,0.525,4.64869,7.74333
2,right,0.55,4.65017,8.07056
2,right,0.575,4.73193,7.85179
2,right,0.6,4.65862,8.0424
2,right,0.625,4.76759,7.95397
2,right,0.65,4.77412,8.03263
2,right,0.675,4.66145,7.86691
2,right,0.7,4.67907,7.94196
2,right,0.725,4.95525,7.92236
2,right,0.75,5.40606,7.75806
2,right,0.775,5.56301,7.93145
2,right,0.8,5.91505,7.77351
2,right,0.825,6.23146,7.72798
2,right,0.85,6.0318,7.70901
2,right,0.875,5.94975,7.40527
2,right,0.9,5.53003,7.34691
2,right,0.925,5.40748,7.34452
2,right,0.95,5.15033,7.24584
2,right,0.975,5.10454,7.13608
2,right,1.0,5.09188,7.2692
2,right,1.025,5.25731,7.16595
2,right,1.05,5.19333,7.11282
2,right,1.075,5.0032,7.17663
2,right,1.1,4.85118,7.11718
2,right,1.125,4.82537,7.34028
2,right,1.15,4.83212,7.56773
2,right,1.175,4.76016,7.60671
2,right,1.2,4.66115,7.70162
2,right,1.225,4.83119,7.71762
2,right,1.25,4.81346,7.77049
2,right,1.275,4.6831,7.93949
2,right,1.3,4.56672,8.01134
2,right,1.325,4.72551,7.87774
2,right,1.35,4.71494,8.08116
2,right,1.375,4.8224,7.95423
2,right,1.4,4.65586,7.97366
2,right,1.425,5.19442,8.05664
2,right,1.45,5.41695,7.74742
2,right,1.475,5.83302,7.88847
2,right,1.5,6.2055,7.63085
2,right,1.525,6.05739,7.78441
2,right,1.55,6.05306,7.52515
2,right,1.575,5.90991,7.45631
2,right,1.6,5.57639,7.48348
2,right,1.625,5.4782,7.46253
2,right,1.65,5.15561,7.21702
2,right,1.675,5.43306,7.21436
2,right,1.7,5.09781,7.23434
2,right,1.725,5.28662,7.2007
2,right,1.75,5.26694,7.32097
2,right,1.775,5.18674,7.25692
2,right,1.8,4.77319,7.28381
2,right,1.825,5.19636,7.37823
2,right,1.85,4.87396,7.44877
2,right,1.875,4.86912,7.36127
2,right,1.9,4.87685,7.74534
2,right,1.925,4.71183,7.82496
2,right,1.95,4.57635,7.79617
2,right,1.975,4.83213,7.98947
2,right,2.0,4.90413,7.80013
2,right,2.025,4.78731,8.03219
2,right,2.05,4.98061,8.1312
2,right,2.075,4.74372,7.93027
2,right,2.1,4.94319,7.85447
2,right,2.125,5.2943,7.95634
2,right,2.15,5.45505,7.87314
2,right,2.175,6.12606,7.73199
2,right,2.2,6.07712,7.7246
2,right,2.225,6.11683,7.68291
2,right,2.25,5.80114,7.57044
2,right,2.275,5.78084,7.48685
2,right,2.3,5.61901,7.37809
2,right,2.325,5.32251,7.25058
2,right,2.35,5.48464,7.34308
2,right,2.375,5.21283,7.24928
2,right,2.4,5.2368,7.09333
2,right,2.425,5.1558,7.04246
2,right,2.45,5.02074,7.22033
2,right,2.475,5.02381,7.4162
2,right,2.5,4.78703,7.46744
2,right,2.525,4.86912,7.12103
2,right,2.55,4.67928,7.30645
2,right,2.575,4.80024,7.51582
2,right,2.6,4.75376,7.65743
2,right,2.625,4.53222,7.7098
2,right,2.65,4.77131,7.70489
2,right,2.675,4.95183,7.81496
2,right,2.7,4.85312,8.01773
2,right,2.725,4.73542,7.81772
2,right,2.75,5.11784,7.95165
2,right,2.775,5.22483,8.00775
2,right,2.8,5.60913,7.97662
2,right,2.825,5.94221,7.82051
2,right,2.85,6.05684,7.98386
2,right,2.875,6.18445,7.78947
2,right,2.9,6.10265,7.78721
2,right,2.925,5.65966,7.59903
2,right,2.95,5.81661,7.67643
2,right,2.975,5.53262,7.4786
2,right,3.0,5.39183,7.55918
2,right,3.025,5.13089,7.45424
2,right,3.05,5.18143,7.34859
2,right,3.075,5.24476,7.27502
2,right,3.1,5.24953,7.2677
2,right,3.125,5.18213,7.27443
2,right,3.15,4.94594,7.02398
2,right,3.175,4.74498,7.11747
2,right,3.2,4.91814,7.15052
2,right,3.225,4.75404,7.24578
2,right,3.25,4.82566,7.60663
2,right,3.275,4.7764,7.55494
2,right,3.3,4.67587,7.62165
2,right,3.325,4.81229,7.73207
2,right,3.35,4.74043,7.59134
2,right,3.375,4.72037,7.77949
2,right,3.4,4.74036,7.93501
2,right,3.425,4.71387,8.05438
2,right,3.45,4.56483,7.89042
2,right,3.475,4.65156,7.80285
2,right,3.5,4.91588,7.96005
2,right,3.525,5.11893,7.95229
2,right,3.55,5.57843,7.97716
2,right,3.575,5.83041,7.95022
2,right,3.6,6.12219,7.67864
2,right,3.625,6.27211,7.64788
2,right,3.65,6.10251,7.82476
2,right,3.675,6.01639,7.64153
2,right,3.7,5.79749,7.49741
2,right,3.725,5.43775,7.47928
2,right,3.75,5.23147,7.45965
2,right,3.775,5.43478,7.24742
2,right,3.8,5.37967,7.1926
2,right,3.825,5.1305,6.98325
2,right,3.85,5.13246,7.19604
2,right,3.875,4.88131,7.07711
2,right,3.9,5.14104,7.20261
2,right,3.925,4.95504,7.30646
2,right,3.95,4.82767,7.38085
2,right,3.975,4.73183,7.65942
2,right,4.0,4.69767,7.538
2,right,4.025,4.72518,7.76672
2,right,4.05,4.82297,7.61875
2,right,4.075,4.66809,7.89907
2,right,4.1,4.68897,7.89978
2,right,4.125,4.6812,7.85169
2,right,4.15,4.43892,7.96164
2,right,4.175,4.59241,7.92601
2,right,4.2,4.70199,7.95295
2,right,4.225,4.61315,7.92742
2,right,4.25,5.19444,7.83753
2,right,4.275,5.204,8.05477
2,right,4.3,5.87727,7.96828
2,right,4.325,5.88165,7.52485
2,right,4.35,6.04068,7.67214
2,right,4.375,6.33308,7.78788
2,right,4.4,5.69305,7.55895
2,right,4.425,5.61665,7.38568
2,right,4.45,5.36252,7.36053
2,right,4.475,5.24467,7.09841
2,right,4.5,5.14661,7.30167
2,right,4.525,5.3164,7.2278
2,right,4.55,4.82773,7.18249
2,right,4.575,5.02077,7.08159
2,right,4.6,4.9263,7.32777
2,right,4.625,4.99371,7.32255
2,right,4.65,4.95304,7.30961
2,right,4.675,4.71878,7.45206
2,right,4.7,4.57342,7.55594
2,right,4.725,4.60479,7.83883
2,right,4.75,4.7207,7.66387
2,right,4.775,4.56771,7.85216
2,right,4.8,4.72098,7.78209
2,right,4.825,4.52094,8.04025
2,right,4.85,4.38614,8.13514
2,right,4.875,4.68963,7.96452
2,right,4.9,4.42951,7.84788
2,right,4.925,4.68482,7.89205
2,right,4.95,5.13613,8.03971
2,right,4.975,5.12304,7.98361
2,right,5.0,5.34625,7.61419
2,right,5.025,5.64134,7.78241
2,right,5.05,6.00909,7.6695
2,right,5.075,5.97362,7.47993
2,right,5.1,5.78982,7.51224
2,right,5.125,5.803,7.32875
2,right,5.15,5.39312,7.41621
2,right,5.175,5.18268,7.24029
2,right,5.2,5.07798,7.20443
2,right,5.225,4.93938,7.17077
2,right,5.25,5.08139,7.08587
2,right,5.275,4.99993,7.14383
2,right,5.3,5.11687,7.0998
2,right,5.325,4.65791,7.04963
2,right,5.35,4.64532,7.51866
2,right,5.375,4.7153,7.55611
2,right,5.4,4.48824,7.68329
2,right,5.425,4.49932,7.59884
2,right,5.45,4.5575,7.81044
2,right,5.475,4.66465,7.94271
2,right,5.5,4.72724,7.85691
2,right,5.525,4.5963,8.03525
2,right,5.55,4.77122,7.9248
2,right,5.575,4.48789,7.99374
2,right,5.6,4.62968,8.07156
2,right,5.625,4.70361,8.08264
2,right,5.65,4.50838,7.93156
2,right,5.675,4.8027,7.79209
2,right,5.7,5.13623,7.89664
2,right,5.725,5.36867,7.88472
2,right,5.75,5.90477,7.71005
2,right,5.775,5.81037,7.37173
2,right,5.8,5.86583,7.50535
2,right,5.825,5.81004,7.44542
2,right,5.85,5.51798,7.24461
2,right,5.875,5.18811,7.15843
2,right,5.9,5.1352,7.29507
2,right,5.925,5.08137,7.18643
2,right,5.95,5.05509,7.21552
2,right,5.975,5.05076,7.2014
2,right,6.0,4.76561,7.3668
2,right,6.025,4.89368,7.19615
2,right,6.05,4.83449,7.27213
2,right,6.075,4.78739,7.27823
2,right,6.1,4.63539,7.41496
2,right,6.125,4.48926,7.60733
2,right,6.15,4.53506,7.59687
2,right,6.175,4.39443,7.70345
2,right,6.2,4.45799,7.81236
2,right,6.225,4.56497,7.91039
2,right,6.25,4.51604,7.98247
2,right,6.275,4.55016,7.86761
2,right,6.3,4.54391,8.04314
2,right,6.325,4.50428,8.12256
2,right,6.35,4.44475,7.97985
2,right,6.375,4.97174,8.02221
2,right,6.4,5.18023,7.76465
2,right,6.425,5.20957,7.78876
2,right,6.45,5.6924,7.68602
2,right,6.475,5.97103,7.53711
2,right,6.5,5.64478,7.64041
2,right,6.525,5.84853,7.36983
2,right,6.55,5.71934,7.33859
2,right,6.575,5.18829,7.25392
2,right,6.6,4.84421,7.07761
2,right,6.625,4.84302,7.25891
2,right,6.65,4.95169,7.44881
2,right,6.675,4.93492,7.18533
2,right,6.7,4.94646,7.17222
2,right,6.725,4.88521,7.32127
2,right,6.75,4.90275,7.37071
2,right,6.775,4.80107,7.45444
2,right,6.8,4.65035,7.56596
2,right,6.825,4.51545,7.60296
2,right,6.85,4.53956,7.83889
2,right,6.875,4.42209,7.6854
2,right,6.9,4.39907,7.6399
2,right,6.925,4.57405,7.88042
2,right,6.95,4.49537,8.04658
2,right,6.975,4.54298,8.01843
2,right,7.0,4.4501,7.91209
2,right,7.025,4.51561,8.09894
2,right,7.05,4.48401,8.00548
2,right,7.075,4.78544,7.92471
2,right,7.1,5.03594,7.86701
2,right,7.125,5.21881,7.77143
2,right,7.15,5.77807,7.80227
2,right,7.175,6.00551,7.70954
2,right,7.2,5.8052,7.53917
2,right,7.225,5.92643,7.6274
2,right,7.25,5.63809,7.22408
2,right,7.275,5.23822,7.34575
2,right,7.3,5.06156,7.35819
2,right,7.325,4.93157,7.46172
2,right,7.35,4.80583,7.38475
2,right,7.375,4.85719,7.23359
2,right,7.4,4.94744,7.27589
2,right,7.425,4.76911,7.28098
2,right,7.45,4.79693,7.33516
2,right,7.475,4.8397,7.33443
2,right,7.5,4.56558,7.49175
2,right,7.525,4.63373,7.48613
2,right,7.55,4.56071,7.55583
2,right,7.575,4.67466,7.81693
2,right,7.6,4.45432,7.81999
2,right,7.625,4.2857,7.8621
2,right,7.65,4.6192,8.02909
2,right,7.675,4.56796,7.9146
2,right,7.7,4.49094,8.10306
2,right,7.725,4.31617,8.03032
2,right,7.75,4.37013,7.92424
2,right,7.775,4.32638,7.96598
2,right,7.8,4.66323,7.85189
2,right,7.825,4.88714,7.83451
2,right,7.85,5.17469,7.7622
2,right,7.875,5.91911,7.79007
2,right,7.9,5.69996,7.52975
2,right,7.925,5.88817,7.58147
2,right,7.95,5.86194,7.43426
2,right,7.975,5.45416,7.19052
2,right,8.0,5.33691,7.26167
2,right,8.025,5.2807,7.2009
2,right,8.05,4.94524,7.27694
2,right,8.075,5.00041,7.41491
2,right,8.1,4.86069,7.11019
2,right,8.125,4.93229,7.16293
2,right,8.15,4.91074,7.163
2,right,8.175,4.85391,7.24033
2,right,8.2,4.68007,7.55691
2,right,8.225,4.60581,7.65277
2,right,8.25,4.42922,7.80378
2,right,8.275,4.54007,7.68176
2,right,8.3,4.4225,7.8143
2,right,8.325,4.53616,7.70755
2,right,8.35,4.45959,7.7917
2,right,8.375,4.5519,7.97627
2,right,8.4,4.42335,7.84022
2,right,8.425,4.59292,7.99245
2,right,8.45,4.44993,8.06037
2,right,8.475,4.46215,7.9543
2,right,8.5,4.69325,7.64455
2,right,8.525,5.04814,7.79811
2,right,8.55,5.34383,7.76487
2,right,8.575,5.60803,7.6675
2,right,8.6,5.90493,7.73792
2,right,8.625,5.83884,7.49495
2,right,8.65,5.69403,7.44263
2,right,8.675,5.42172,7.35083
2,right,8.7,5.36531,7.34595
2,right,8.725,5.41405,7.33891
2,right,8.75,5.05048,7.14129
2,right,8.775,5.14312,7.29278
2,right,8.8,4.98239,7.33424
2,right,8.825,4.7874,7.10825
2,right,8.85,4.9111,7.21713
2,right,8.875,4.84231,7.2978
2,right,8.9,4.69732,7.28054
2,right,8.925,4.73645,7.3685
2,right,8.95,4.63292,7.698
2,right,8.975,4.66819,7.7232
2,right,9.0,4.6436,7.81334
2,right,9.025,4.53546,7.83639
2,right,9.05,4.67884,7.90886
2,right,9.075,4.57383,7.93833
2,right,9.1,4.58187,8.13258
2,right,9.125,4.62326,7.95869
2,right,9.15,4.56325,7.86395
2,right,9.175,4.74272,7.88932
2,right,9.2,4.96831,7.8769
2,right,9.225,5.23086,7.81928
2,right,9.25,5.4029,7.67718
2,right,9.275,5.5706,7.69251
2,right,9.3,5.89718,7.55358
2,right,9.325,5.76067,7.57111
2,right,9.35,5.68012,7.36563
2,right,9.375,5.6837,7.4873
2,right,9.4,5.38341,7.27908
2,right,9.425,5.14104,7.18118
2,right,9.45,5.42764,6.97812
2,right,9.475,5.05801,7.21886
2,right,9.5,5.00882,7.17575
2,right,9.525,4.82576,7.27582
2,right,9.55,4.98634,7.16157
2,right,9.575,4.75639,7.306
2,right,9.6,4.76435,7.37579
2,right,9.625,4.83543,7.39077
2,right,9.65,4.85676,7.60062
2,right,9.675,4.62696,7.64314
2,right,9.7,4.81749,7.50459
2,right,9.725,4.70041,7.75251
2,right,9.75,4.63486,7.81968
2,right,9.775,4.61684,7.97415
2,right,9.8,4.58818,7.99936
2,right,9.825,4.54948,8.1917
2,right,9.85,4.6704,7.86184
2,right,9.875,4.90877,8.10565
2,right,9.9,5.14153,7.7649
2,right,9.925,5.41673,8.02795
2,right,9.95,5.69787,7.68195
2,right,9.975,5.94659,7.63045
2,right,10.0,5.95901,7.75912
2,right,10.025,5.94201,7.74029
2,right,10.05,5.92436,7.46452
2,right,10.075,5.49326,7.46877
2,right,10.1,5.46464,7.21983
2,right,10.125,5.1967,7.41555
2,right,10.15,5.30293,7.06614
2,right,10.175,5.10462,7.17446
2,right,10.2,5.00835,7.12267
2,right,10.225,5.04651,7.19133
2,right,10.25,5.04125,7.30695
2,right,10.275,4.82752,7.41443
2,right,10.3,4.81641,7.21524
2,right,10.325,4.82596,7.41003
2,right,10.35,4.74243,7.32173
2,right,10.375,4.7942,7.69883
2,right,10.4,4.85229,7.78541
2,right,10.425,4.69578,7.75474
2,right,10.45,4.86872,8.07442
2,right,10.475,4.53222,8.0637
2,right,10.5,4.61453,7.9585
2,right,10.525,4.66956,8.0502
2,right,10.55,4.55667,8.12169
2,right,10.575,4.83169,8.02212
2,right,10.6,5.15733,7.88838
2,right,10.625,4.97443,7.84353
2,right,10.65,5.51794,7.74694
2,right,10.675,5.69208,7.69532
2,right,10.7,6.03448,7.74668
2,right,10.725,6.02332,7.61429
2,right,10.75,5.71569,7.43888
2,right,10.775,5.63665,7.49299
2,right,10.8,5.49702,7.14816
2,right,10.825,5.16274,7.23968
2,right,10.85,5.24922,7.07632
2,right,10.875,5.25894,7.14769
2,right,10.9,5.15455,7.13082
2,right,10.925,5.14777,7.04476
2,right,10.95,5.24756,7.24234
2,right,10.975,4.92808,7.4548
2,right,11.0,4.85716,7.38954
2,right,11.025,4.76271,7.41281
2,right,11.05,4.67947,7.64467
2,right,11.075,4.9193,7.84933
2,right,11.1,4.62227,7.65505
2,right,11.125,4.72178,7.87258
2,right,11.15,4.60653,7.99324
2,right,11.175,4.74022,8.03475
2,right,11.2,4.68131,8.0068
2,right,11.225,4.88958,7.80516
2,right,11.25,4.79972,7.94445
2,right,11.275,4.75258,8.10228
2,right,11.3,4.91923,8.01763
2,right,11.325,5.209,7.84862
2,right,11.35,5.43944,7.9526
2,right,11.375,5.85539,7.75939
2,right,11.4,6.07771,7.63604
2,right,11.425,6.19935,7.37663
2,right,11.45,6.31566,7.41912
2,right,11.475,5.70579,7.45219
2,right,11.5,5.5952,7.2742
2,right,11.525,5.58242,7.47295
2,right,11.55,5.11419,7.31096
2,right,11.575,5.30328,7.33175
2,right,11.6,5.26355,7.31848
2,right,11.625,5.35414,7.28958
2,right,11.65,5.14979,7.17511
2,right,11.675,5.2429,7.35355
2,right,11.7,4.83574,7.55401
2,right,11.725,4.77073,7.44078
2,right,11.75,4.88712,7.486
2,right,11.775,4.69467,7.58773
2,right,11.8,4.74708,7.7795
2,right,11.825,4.7124,7.89918
2,right,11.85,4.56849,7.74126
2,right,11.875,4.59404,7.81965
2,right,11.9,4.73641,8.11016
2,right,11.925,4.73244,8.08901
2,right,11.95,4.92223,7.93979
2,right,11.975,4.79113,8.0346
2,right,12.0,4.67786,7.88828
2,right,12.025,4.98733,8.0263
2,right,12.05,5.34864,7.84605
2,right,12.075,5.64558,7.8274
2,right,12.1,5.97278,7.62637
2,right,12.125,6.16368,7.48819
2,right,12.15,6.34159,7.48188
2,right,12.175,5.99348,7.46421
2,right,12.2,5.69096,7.32295
2,right,12.225,5.56227,7.35347
2,right,12.25,5.42389,7.41935
2,right,12.275,5.2684,7.11154
2,right,12.3,5.16656,7.06717
2,right,12.325,5.03792,7.26698
2,right,12.35,5.19109,7.25384
2,right,12.375,5.26891,7.36208
2,right,12.4,5.0578,7.43499
2,right,12.425,4.9076,7.3213
2,right,12.45,4.85418,7.3719
2,right,12.475,4.78087,7.63302
2,right,12.5,4.77255,7.62597
2,right,12.525,4.80388,7.61989
2,right,12.55,4.74119,7.80138
2,right,12.575,4.7775,7.77555
2,right,12.6,4.80945,7.86758
2,right,12.625,4.8364,7.97396
2,right,12.65,4.75568,8.08804
2,right,12.675,4.72755,7.96788
2,right,12.7,4.95866,7.93637
2,right,12.725,5.19568,8.02316
2,right,12.75,5.66565,7.71455
2,right,12.775,5.80112,7.85082
2,right,12.8,5.99466,7.78667
2,right,12.825,6.26806,7.82953
2,right,12.85,6.13969,7.57829
2,right,12.875,5.99756,7.53307
2,right,12.9,5.59156,7.34061
2,right,12.925,5.69616,7.23891
2,right,12.95,5.29652,7.22614
2,right,12.975,5.29705,7.15075
2,right,13.0,5.26114,7.23275
2,right,13.025,5.31194,7.25617
2,right,13.05,5.0701,7.28153
2,right,13.075,4.80398,7.07233
2,right,13.1,5.01343,7.24007
2,right,13.125,4.89692,7.38447
2,right,13.15,4.86757,7.38105
2,right,13.175,5.00331,7.52582
2,right,13.2,4.97715,7.50297
2,right,13.225,4.84302,7.67664
2,right,13.25,4.66389,7.86525
2,right,13.275,4.64513,7.8254
2,right,13.3,4.89734,7.99792
2,right,13.325,4.7682,7.87841
2,right,13.35,4.9719,7.99866
2,right,13.375,4.59101,8.11691
2,right,13.4,4.61756,8.20292
2,right,13.425,5.03149,8.14292
2,right,13.45,5.30999,7.83299
2,right,13.475,5.60218,7.77979
2,right,13.5,5.9535,7.8864
2,right,13.525,5.97999,7.63524
2,right,13.55,6.17098,7.45394
2,right,13.575,5.9035,7.5786
2,right,13.6,5.58206,7.38311
2,right,13.625,5.51317,7.34692
2,right,13.65,5.467,7.19716
2,right,13.675,5.35234,7.26134
2,right,13.7,5.22532,7.17717
2,right,13.725,5.1178,7.29829
2,right,13.75,5.00967,7.26354
2,right,13.775,5.08352,7.31359
2,right,13.8,4.83835,7.41713
2,right,13.825,4.85261,7.28244
2,right,13.85,4.71216,7.59316
2,right,13.875,4.83745,7.30813
2,right,13.9,4.64411,7.67705
2,right,13.925,4.6543,7.79301
2,right,13.95,4.75989,7.95481
2,right,13.975,4.67073,7.76566
2,right,14.0,4.52942,7.96541
2,right,14.025,4.72247,7.92316
2,right,14.05,4.86568,8.06968
2,right,14.075,4.68287,7.96745
2,right,14.1,4.77821,8.06172
2,right,14.125,5.26667,7.9815
2,right,14.15,5.78828,7.83369
2,right,14.175,5.71219,7.7982
2,right,14.2,5.88543,7.8923
2,right,14.225,5.98803,7.37546
2,right,14.25,5.82443,7.51392
2,right,14.275,5.84121,7.54062
2,right,14.3,5.6063,7.41233
2,right,14.325,5.22856,7.15316
2,right,14.35,4.95936,7.53749
2,right,14.375,4.98928,7.39614
2,right,14.4,5.01704,7.22226
2,right,14.425,5.13998,7.12592
2,right,14.45,5.0853,7.20157
2,right,14.475,4.90755,7.33681
2,right,14.5,4.96931,7.31294
2,right,14.525,4.85247,7.30308
2,right,14.55,4.60676,7.35227
2,right,14.575,4.63518,7.42507
2,right,14.6,4.67507,7.73168
2,right,14.625,4.627,7.55808
2,right,14.65,4.66315,7.8029
2,right,14.675,4.71977,7.95343
2,right,14.7,4.65829,7.78521
2,right,14.725,4.6433,7.7751
2,right,14.75,4.75289,7.93695
2,right,14.775,4.58336,8.09679
2,right,14.8,4.62341,8.00723
2,right,14.825,4.76731,7.95188
2,right,14.85,5.24826,8.01838
2,right,14.875,5.37161,7.85458
2,right,14.9,5.82655,7.8203
2,right,14.925,6.10635,7.7816
2,right,14.95,5.82983,7.4991
2,right,14.975,5.99965,7.54115
3,left,0.0,4.91591,7.56008
3,left,0.025,4.4096,7.57794
3,left,0.05,4.66089,7.59164
3,left,0.075,5.57511,7.4481
3,left,0.1,5.86272,7.29807
3,left,0.125,5.73496,7.17174
3,left,0.15,5.56957,7.07925
3,left,0.175,5.93451,7.21223
3,left,0.2,5.39335,7.18267
3,left,0.225,5.15931,7.25297
3,left,0.25,5.25935,7.25842
3,left,0.275,4.86158,7.30713
3,left,0.3,4.79593,7.55472
3,left,0.325,4.8533,7.5668
3,left,0.35,4.75492,7.47668
3,left,0.375,4.59207,7.49535
3,left,0.4,4.81001,7.82004
3,left,0.425,4.88125,7.70551
3,left,0.45,4.48907,7.89131
3,left,0.475,4.45446,7.92108
3,left,0.5,4.68088,7.80494
3,left,0.525,4.42546,7.96114
3,left,0.55,4.25935,7.97149
3,left,0.575,4.68315,8.01963
3,left,0.6,4.58639,7.88019
3,left,0.625,4.62515,7.92499
3,left,0.65,4.60981,7.78673
3,left,0.675,4.69855,7.81868
3,left,0.7,4.57729,7.64973
3,left,0.725,4.48715,7.61256
3,left,0.75,4.93758,7.56925
3,left,0.775,5.55761,7.31002
3,left,0.8,5.34628,7.3421
3,left,0.825,5.83954,7.1848
3,left,0.85,6.02523,7.3736
3,left,0.875,5.70902,7.05805
3,left,0.9,5.81403,7.32733
3,left,0.925,5.68764,7.28644
3,left,0.95,5.36503,7.28927
3,left,0.975,4.94337,7.23119
3,left,1.0,4.97647,7.30596
3,left,1.025,5.00279,7.54289
3,left,1.05,4.63256,7.43162
3,left,1.075,4.80947,7.54363
3,left,1.1,4.98761,7.68548
3,left,1.125,4.5989,7.89463
3,left,1.15,4.93854,7.90234
3,left,1.175,4.94685,7.90066
3,left,1.2,4.90485,7.99155
3,left,1.225,4.59694,8.00829
3,left,1.25,4.84409,8.0894
3,left,1.275,4.61738,7.71854
3,left,1.3,4.80798,8.0343
3,left,1.325,4.49133,7.7067
3,left,1.35,4.29464,7.84895
3,left,1.375,4.7459,7.675
3,left,1.4,4.78109,7.64117
3,left,1.425,4.60699,7.69094
3,left,1.45,4.89118,7.44203
3,left,1.475,4.6724,7.48799
3,left,1.5,5.24992,7.4176
3,left,1.525,5.55373,7.28395
3,left,1.55,5.96298,7.17955
3,left,1.575,5.83977,7.152
3,left,1.6,5.64554,7.23913
3,left,1.625,5.71822,7.2803
3,left,1.65,5.80255,7.09088
3,left,1.675,5.51499,7.31561
3,left,1.7,5.27618,7.33869
3,left,1.725,4.99671,7.50735
3,left,1.75,4.96631,7.50773
3,left,1.775,5.05189,7.66969
3,left,1.8,4.44746,7.65458
3,left,1.825,5.21035,7.78708
3,left,1.85,4.89557,7.81825
3,left,1.875,4.4784,7.91872
3,left,1.9,4.58895,7.71522
3,left,1.925,4.70398,7.97158
3,left,1.95,4.53624,7.90315
3,left,1.975,5.00657,7.76952
3,left,2.0,4.7478,7.90409
3,left,2.025,4.82465,8.04861
3,left,2.05,4.77682,7.92124
3,left,2.075,4.30575,7.76666
3,left,2.1,4.70969,7.60857
3,left,2.125,4.67073,7.65701
3,left,2.15,4.51733,7.56487
3,left,2.175,4.72679,7.39766
3,left,2.2,5.3772,7.39046
3,left,2.225,5.39024,7.24798
3,left,2.25,5.84356,7.29657
3,left,2.275,6.22019,7.24941
3,left,2.3,6.02874,7.0904
3,left,2.325,5.74016,7.17065
3,left,2.35,5.69151,7.30796
3,left,2.375,5.40088,7.26878
3,left,2.4,5.31619,7.34221
3,left,2.425,5.25736,7.41738
3,left,2.45,5.03682,7.46165
3,left,2.475,4.8703,7.54945
3,left,2.5,5.05124,7.76036
3,left,2.525,5.16839,7.79806
3,left,2.55,4.69652,7.64459
3,left,2.575,4.35504,8.00178
3,left,2.6,4.76742,8.05506
3,left,2.625,4.27281,7.8824
3,left,2.65,4.59356,8.07088
3,left,2.675,4.55608,8.00616
3,left,2.7,4.5876,7.90662
3,left,2.725,4.59572,8.02289
3,left,2.75,4.62035,7.86907
3,left,2.775,4.35334,7.86012
3,left,2.8,4.11676,7.67361
3,left,2.825,4.49963,7.61515
3,left,2.85,4.64246,7.44688
3,left,2.875,5.00265,7.36614
3,left,2.9,5.56792,7.41846
3,left,2.925,5.46201,7.32118
3,left,2.95,6.21846,7.4115
3,left,2.975,6.0056,7.17508
3,left,3.0,5.63242,7.45398
3,left,3.025,5.53659,7.21234
3,left,3.05,5.49404,7.20086
3,left,3.075,5.45428,7.32477
3,left,3.1,5.11782,7.34428
3,left,3.125,4.94858,7.36694
3,left,3.15,5.09414,7.45142
3,left,3.175,5.33772,7.49803
3,left,3.2,4.89722,7.61679
3,left,3.225,5.20293,7.97892
3,left,3.25,4.4832,7.77353
3,left,3.275,4.56713,7.92487
3,left,3.3,4.69566,7.81616
3,left,3.325,4.37992,8.05023
3,left,3.35,4.51452,7.83056
3,left,3.375,4.32281,8.14001
3,left,3.4,4.57939,8.07465
3,left,3.425,4.67819,7.90517
3,left,3.45,4.7325,7.96575
3,left,3.475,4.78835,7.82062
3,left,3.5,4.5346,7.71818
3,left,3.525,4.83898,7.67971
3,left,3.55,4.35643,7.73032
3,left,3.575,5.21259,7.46314
3,left,3.6,5.17548,7.28323
3,left,3.625,5.22084,7.51693
3,left,3.65,5.72655,7.32792
3,left,3.675,5.68017,7.21528
3,left,3.7,5.76754,7.0782
3,left,3.725,5.7087,7.4214
3,left,3.75,5.49276,7.34041
3,left,3.775,4.90907,7.22322
3,left,3.8,5.41794,7.25628
3,left,3.825,5.10657,7.25934
3,left,3.85,5.10801,7.48853
3,left,3.875,4.87644,7.63327
3,left,3.9,5.2918,7.6015
3,left,3.925,4.93062,7.83298
3,left,3.95,4.71479,7.92441
3,left,3.975,4.82961,7.89276
3,left,4.0,5.03078,7.90492
3,left,4.025,4.7662,7.99095
3,left,4.05,4.43037,7.94491
3,left,4.075,4.44341,8.05541
3,left,4.1,4.75073,8.02073
3,left,4.125,4.44583,8.0192
3,left,4.15,4.79392,7.82723
3,left,4.175,4.19651,7.91409
3,left,4.2,4.60595,7.61797
3,left,4.225,4.72816,7.69852
3,left,4.25,4.62141,7.55409
3,left,4.275,4.44602,7.62459
3,left,4.3,4.94902,7.36196
3,left,4.325,5.38596,7.41456
3,left,4.35,5.87538,7.34644
3,left,4.375,5.63094,7.34367
3,left,4.4,5.85116,7.15268
3,left,4.425,5.97767,7.37452
3,left,4.45,6.12807,7.19525
3,left,4.475,5.2243,7.32081
3,left,4.5,5.30993,7.3272
3,left,4.525,4.87473,7.49961
3,left,4.55,4.61118,7.41825
3,left,4.575,4.825,7.51811
3,left,4.6,5.16086,7.51517
3,left,4.625,4.70437,7.63278
3,left,4.65,4.6477,7.79471
3,left,4.675,4.85643,7.85241
3,left,4.7,4.57972,8.14095
3,left,4.725,4.51354,7.87996
3,left,4.75,4.45333,7.98109
3,left,4.775,4.7339,8.06927
3,left,4.8,4.83809,7.85355
3,left,4.825,4.26375,7.92834
3,left,4.85,4.46051,7.93441
3,left,4.875,4.2986,7.82103
3,left,4.9,4.56874,7.81744
3,left,4.925,4.77936,7.76012
3,left,4.95,4.52462,7.39589
3,left,4.975,4.53579,7.5735
3,left,5.0,4.82538,7.1832
3,left,5.025,5.04571,7.62202
3,left,5.05,5.38375,7.41227
3,left,5.075,5.48589,7.33644
3,left,5.1,5.73655,7.18896
3,left,5.125,5.98741,7.14693
3,left,5.15,5.52281,7.32888
3,left,5.175,5.54284,7.04674
3,left,5.2,5.23921,7.21291
3,left,5.225,4.77855,7.38113
3,left,5.25,4.79869,7.24336
3,left,5.275,5.29676,7.60711
3,left,5.3,5.34177,7.68769
3,left,5.325,4.80816,7.55673
3,left,5.35,4.98363,7.83322
3,left,5.375,4.38552,7.68376
3,left,5.4,4.2009,7.84916
3,left,5.425,4.83562,7.91565
3,left,5.45,4.66028,7.93106
3,left,5.475,4.42151,8.10507
3,left,5.5,4.10395,8.1011
3,left,5.525,4.60099,8.00537
3,left,5.55,4.33212,8.05002
3,left,5.575,4.28441,7.85064
3,left,5.6,4.36474,7.83855
3,left,5.625,4.51889,7.65248
3,left,5.65,4.68026,7.58648
3,left,5.675,4.64175,7.55795
3,left,5.7,4.68846,7.59158
3,left,5.725,4.70939,7.3677
3,left,5.75,5.31324,7.20408
3,left,5.775,5.5952,7.35184
3,left,5.8,5.55046,7.24989
3,left,5.825,5.73105,7.08696
3,left,5.85,5.94046,7.28371
3,left,5.875,5.85703,7.25934
3,left,5.9,4.99079,7.17305
3,left,5.925,5.02993,7.10584
3,left,5.95,5.18671,7.25237
3,left,5.975,4.85828,7.51605
3,left,6.0,4.82217,7.38266
3,left,6.025,5.18851,7.71679
3,left,6.05,4.74103,7.67077
3,left,6.075,4.78482,7.87695
3,left,6.1,4.76917,7.84068
3,left,6.125,4.28489,7.97387
3,left,6.15,4.53566,7.89198
3,left,6.175,4.44322,8.07332
3,left,6.2,4.64807,8.06729
3,left,6.225,3.87329,7.95048
3,left,6.25,4.63146,7.79553
3,left,6.275,4.2999,8.02926
3,left,6.3,4.42118,7.63047
3,left,6.325,4.39978,7.76531
3,left,6.35,4.18752,7.79509
3,left,6.375,4.46264,7.43195
3,left,6.4,4.33905,7.59772
3,left,6.425,4.81616,7.39141
3,left,6.45,4.82571,7.43013
3,left,6.475,4.92593,7.16738
3,left,6.5,5.40714,7.30838
3,left,6.525,5.54749,7.37037
3,left,6.55,5.82328,7.21035
3,left,6.575,5.75275,7.20972
3,left,6.6,5.6355,7.32855
3,left,6.625,5.10938,7.27589
3,left,6.65,4.96154,7.26427
3,left,6.675,4.96964,7.39472
3,left,6.7,4.69228,7.59777
3,left,6.725,4.97872,7.54496
3,left,6.75,4.90192,7.60805
3,left,6.775,4.57225,7.77602
3,left,6.8,4.53064,7.88779
3,left,6.825,4.64482,7.81033
3,left,6.85,4.58732,7.99832
3,left,6.875,4.63913,7.91746
3,left,6.9,4.6423,8.05353
3,left,6.925,4.38276,8.06814
3,left,6.95,4.34997,8.16459
3,left,6.975,4.40234,8.04829
3,left,7.0,4.18618,7.93116
3,left,7.025,4.4909,7.64163
3,left,7.05,4.51366,7.77586
3,left,7.075,4.39426,7.50731
3,left,7.1,4.32401,7.33754
3,left,7.125,4.65687,7.66725
3,left,7.15,4.67794,7.27619
3,left,7.175,5.20092,7.10894
3,left,7.2,5.74727,7.07303
3,left,7.225,5.41646,7.08776
3,left,7.25,5.75639,7.07075
3,left,7.275,5.53859,7.24751
3,left,7.3,5.36831,7.36441
3,left,7.325,4.75749,7.27171
3,left,7.35,5.11145,7.60493
3,left,7.375,4.75221,7.33183
3,left,7.4,4.96238,7.61233
3,left,7.425,4.65385,7.61844
3,left,7.45,4.37231,7.90136
3,left,7.475,4.91628,7.77273
3,left,7.5,4.55557,7.96424
3,left,7.525,4.29307,8.14512
3,left,7.55,4.44204,7.90457
3,left,7.575,4.37673,8.11288
3,left,7.6,4.55105,7.85737
3,left,7.625,4.16402,7.97943
3,left,7.65,4.35251,8.0461
3,left,7.675,4.53254,7.80944
3,left,7.7,4.36435,8.03688
3,left,7.725,4.42323,7.71319
3,left,7.75,4.17718,7.72061
3,left,7.775,4.55549,7.72921
3,left,7.8,4.24558,7.57064
3,left,7.825,4.23308,7.53107
3,left,7.85,4.77748,7.5079
3,left,7.875,4.70404,7.37686
3,left,7.9,5.2063,7.29959
3,left,7.925,4.99519,7.15746
3,left,7.95,5.85182,7.25376
3,left,7.975,5.70012,7.14616
3,left,8.0,5.4129,7.11546
3,left,8.025,5.08641,7.15781
3,left,8.05,5.33827,7.38706
3,left,8.075,5.35131,7.46067
3,left,8.1,4.93494,7.34523
3,left,8.125,4.93612,7.56539
3,left,8.15,5.14501,7.60418
3,left,8.175,4.73389,7.83524
3,left,8.2,4.62052,7.94551
3,left,8.225,4.81298,7.89833
3,left,8.25,4.85789,7.7857
3,left,8.275,4.37787,7.9851
3,left,8.3,4.75136,7.84697
3,left,8.325,4.5771,7.90872
3,left,8.35,4.14909,8.00527
3,left,8.375,4.43801,7.80361
3,left,8.4,4.25338,7.85075
3,left,8.425,4.53065,7.7307
3,left,8.45,4.51286,7.58253
3,left,8.475,4.51359,7.41786
3,left,8.5,4.4104,7.70566
3,left,8.525,4.57294,7.49818
3,left,8.55,4.34025,7.43579
3,left,8.575,4.64922,7.09123
3,left,8.6,4.67826,7.16022
3,left,8.625,5.54888,7.22157
3,left,8.65,5.52447,7.01574
3,left,8.675,6.23269,7.23824
3,left,8.7,5.6465,7.19646
3,left,8.725,5.46236,7.32519
3,left,8.75,5.40322,7.38189
3,left,8.775,4.59337,7.48825
3,left,8.8,4.82676,7.57012
3,left,8.825,5.02142,7.66817
3,left,8.85,5.00775,7.62785
3,left,8.875,4.41651,7.49375
3,left,8.9,5.16218,7.93417
3,left,8.925,4.38064,7.91631
3,left,8.95,4.93205,7.90689
3,left,8.975,4.65875,8.05977
3,left,9.0,4.5227,7.92333
3,left,9.025,4.24381,8.20752
3,left,9.05,4.56569,7.9197
3,left,9.075,4.30611,7.87279
3,left,9.1,4.52063,7.77429
3,left,9.125,4.45627,7.77812
3,left,9.15,4.39802,7.71173
3,left,9.175,4.55913,7.54868
3,left,9.2,4.53187,7.5008
3,left,9.225,4.40444,7.5046
3,left,9.25,5.02745,7.40267
3,left,9.275,4.89798,7.32573
3,left,9.3,5.17086,7.18372
3,left,9.325,5.34718,7.18676
3,left,9.35,5.67017,7.11104
3,left,9.375,5.91897,7.1716
3,left,9.4,6.09432,7.22828
3,left,9.425,5.27566,7.25279
3,left,9.45,5.12084,7.31227
3,left,9.475,4.70303,7.33246
3,left,9.5,5.2518,7.42722
3,left,9.525,4.82875,7.63342
3,left,9.55,4.79802,7.5862
3,left,9.575,5.11724,7.82314
3,left,9.6,4.7892,7.74557
3,left,9.625,4.8301,7.81065
3,left,9.65,4.63949,7.83104
3,left,9.675,4.51325,8.27343
3,left,9.7,4.34151,7.89331
3,left,9.725,4.48451,7.89157
3,left,9.75,4.17771,7.98729
3,left,9.775,4.50835,7.85344
3,left,9.8,4.43198,7.87909
3,left,9.825,4.38876,7.7221
3,left,9.85,4.58147,7.81599
3,left,9.875,4.47443,7.77503
3,left,9.9,4.3613,7.68862
3,left,9.925,4.27571,7.64589
3,left,9.95,4.71386,7.54004
3,left,9.975,5.00066,7.29721
3,left,10.0,5.01164,7.34429
3,left,10.025,5.55095,7.12046
3,left,10.05,5.52165,7.18529
3,left,10.075,5.94569,7.25445
3,left,10.1,5.54288,7.29338
3,left,10.125,5.39544,7.19639
3,left,10.15,5.20422,7.26448
3,left,10.175,5.24862,7.43348
3,left,10.2,4.84236,7.49131
3,left,10.225,5.02849,7.6296
3,left,10.25,5.06375,7.62853
3,left,10.275,4.8415,7.83522
3,left,10.3,4.89835,7.76922
3,left,10.325,4.83766,7.76155
3,left,10.35,4.78689,7.81544
3,left,10.375,4.28203,7.76809
3,left,10.4,4.73361,8.05532
3,left,10.425,4.51493,8.04965
3,left,10.45,4.46178,7.95466
3,left,10.475,4.64117,7.93085
3,left,10.5,4.85879,7.7943
3,left,10.525,4.78028,7.79646
3,left,10.55,4.88099,7.69149
3,left,10.575,4.59174,7.74946
3,left,10.6,4.36232,7.65942
3,left,10.625,4.62212,7.61531
3,left,10.65,5.34688,7.39514
3,left,10.675,4.69288,7.42539
3,left,10.7,5.28159,7.27142
3,left,10.725,6.04859,7.4934
3,left,10.75,5.8512,7.20855
3,left,10.775,5.84057,7.04561
3,left,10.8,5.78516,7.29373
3,left,10.825,5.4412,6.98424
3,left,10.85,5.39139,7.30164
3,left,10.875,5.197,7.40389
3,left,10.9,5.45147,7.26557
3,left,10.925,5.34992,7.49054
3,left,10.95,4.89943,7.47027
3,left,10.975,5.17909,7.56877
3,left,11.0,5.00817,7.8041
3,left,11.025,4.6369,7.72537
3,left,11.05,4.75766,7.89466
3,left,11.075,4.56998,7.97618
3,left,11.1,4.61376,7.94144
3,left,11.125,4.47071,7.93488
3,left,11.15,4.69436,7.90215
3,left,11.175,4.59922,8.00951
3,left,11.2,4.64683,8.07657
3,left,11.225,4.37015,7.93572
3,left,11.25,4.2206,7.63445
3,left,11.275,4.71304,7.87932
3,left,11.3,4.71107,7.54328
3,left,11.325,4.88836,7.57529
3,left,11.35,4.78951,7.50316
3,left,11.375,4.76576,7.51987
3,left,11.4,5.17879,7.25849
3,left,11.425,5.25178,7.03209
3,left,11.45,6.05862,7.43313
3,left,11.475,6.11397,7.13315
3,left,11.5,6.00424,7.2464
3,left,11.525,5.76606,7.20344
3,left,11.55,5.64413,7.17298
3,left,11.575,5.56053,7.40883
3,left,11.6,5.42363,7.27433
3,left,11.625,5.02979,7.40784
3,left,11.65,5.02362,7.72734
3,left,11.675,5.29334,7.44233
3,left,11.7,4.96178,7.46793
3,left,11.725,4.95493,7.84536
3,left,11.75,4.47224,7.79402
3,left,11.775,4.93953,8.11257
3,left,11.8,4.79534,7.98579
3,left,11.825,4.86913,7.93072
3,left,11.85,4.46945,8.02508
3,left,11.875,4.44081,7.89658
3,left,11.9,4.17288,8.03173
3,left,11.925,4.47824,7.79938
3,left,11.95,4.76366,7.64315
3,left,11.975,4.48397,7.84123
3,left,12.0,4.62909,7.82421
3,left,12.025,4.44248,7.3555
3,left,12.05,4.61844,7.46373
3,left,12.075,4.86322,7.53988
3,left,12.1,5.25385,7.35125
3,left,12.125,5.75892,7.19189
3,left,12.15,6.04418,7.25895
3,left,12.175,5.90063,7.40072
3,left,12.2,6.12272,7.22618
3,left,12.225,6.11471,7.2663
3,left,12.25,5.76813,7.22607
3,left,12.275,5.52177,7.19494
3,left,12.3,5.15192,7.3337
3,left,12.325,5.1078,7.4401
3,left,12.35,4.91992,7.51849
3,left,12.375,5.05184,7.69152
3,left,12.4,4.96999,7.87079
3,left,12.425,4.80243,7.72716
3,left,12.45,4.79913,7.88011
3,left,12.475,4.59549,7.92213
3,left,12.5,4.87518,7.88561
3,left,12.525,4.72697,7.93246
3,left,12.55,4.59581,8.04434
3,left,12.575,4.78091,7.9319
3,left,12.6,4.37214,7.96826
3,left,12.625,4.4297,7.94176
3,left,12.65,4.38284,7.9542
3,left,12.675,4.54047,7.61653
3,left,12.7,4.69369,7.75584
3,left,12.725,4.46368,7.71875
3,left,12.75,4.57869,7.54103
3,left,12.775,4.97334,7.58549
3,left,12.8,5.05395,7.32244
3,left,12.825,5.42363,7.30864
3,left,12.85,6.24226,7.38679
3,left,12.875,6.3046,7.25331
3,left,12.9,6.05121,7.27755
3,left,12.925,5.68329,7.34252
3,left,12.95,5.74906,7.26875
3,left,12.975,5.21273,7.38171
3,left,13.0,5.75882,7.34899
3,left,13.025,5.27139,7.52508
3,left,13.05,5.14124,7.56632
3,left,13.075,5.12323,7.64461
3,left,13.1,4.80083,7.77071
3,left,13.125,5.04546,7.79481
3,left,13.15,5.21953,7.78411
3,left,13.175,4.64893,7.77975
3,left,13.2,4.78424,7.84883
3,left,13.225,4.73658,8.0783
3,left,13.25,3.97279,7.94451
3,left,13.275,4.92393,8.03583
3,left,13.3,4.72703,7.95048
3,left,13.325,4.57307,7.9225
3,left,13.35,4.58569,8.04183
3,left,13.375,4.6727,7.76227
3,left,13.4,4.67881,7.69369
3,left,13.425,4.50485,7.68744
3,left,13.45,5.18536,7.37695
3,left,13.475,5.00074,7.37814
3,left,13.5,5.35789,7.34151
3,left,13.525,5.94545,7.33152
3,left,13.55,5.76764,7.30853
3,left,13.575,6.02209,7.29022
3,left,13.6,6.12112,7.37497
3,left,13.625,5.4333,7.14753
3,left,13.65,4.99168,7.38707
3,left,13.675,5.04307,7.3139
3,left,13.7,5.12649,7.30914
3,left,13.725,4.8115,7.46698
3,left,13.75,5.59177,7.66183
3,left,13.775,4.9315,7.52431
3,left,13.8,4.45028,7.73239
3,left,13.825,4.59262,7.7386
3,left,13.85,4.29503,7.83003
3,left,13.875,4.91605,7.87377
3,left,13.9,4.68432,7.94265
3,left,13.925,4.9733,7.98854
3,left,13.95,4.73179,7.95019
3,left,13.975,4.94468,7.92506
3,left,14.0,4.6474,7.96395
3,left,14.025,4.42225,8.01614
3,left,14.05,4.73042,7.93124
3,left,14.075,4.30449,7.78187
3,left,14.1,4.4135,7.6929
3,left,14.125,4.17654,7.63316
3,left,14.15,5.24269,7.53383
3,left,14.175,4.95715,7.35147
3,left,14.2,5.22979,7.32584
3,left,14.225,5.39503,7.34057
3,left,14.25,5.92472,7.33501
3,left,14.275,5.83959,7.29782
3,left,14.3,5.7141,7.32942
3,left,14.325,5.58749,7.22809
3,left,14.35,5.62333,7.20466
3,left,14.375,5.34496,7.20498
3,left,14.4,5.02965,7.58884
3,left,14.425,4.67388,7.53464
3,left,14.45,5.24722,7.44301
3,left,14.475,4.9546,7.57312
3,left,14.5,5.05424,7.51571
3,left,14.525,4.7468,7.7248
3,left,14.55,4.91277,7.85062
3,left,14.575,4.82554,7.97418
3,left,14.6,4.72156,7.8636
3,left,14.625,4.57273,7.99926
3,left,14.65,4.31089,8.16684
3,left,14.675,4.75257,8.04566
3,left,14.7,4.33532,7.98553
3,left,14.725,4.68383,8.14633
3,left,14.75,4.77894,7.76298
3,left,14.775,4.50943,7.716
3,left,14.8,4.48044,7.58568
3,left,14.825,4.46116,7.75254
3,left,14.85,4.77048,7.57908
3,left,14.875,4.74273,7.79021
3,left,14.9,5.08704,7.5241
3,left,14.925,5.57633,7.27239
3,left,14.95,5.45272,7.22579
3,left,14.975,5.62093,7.01338
3,right,0.0,4.76865,7.73637
3,right,0.025,5.07409,7.48253
3,right,0.05,5.50194,7.56675
3,right,0.075,5.59439,7.45809
3,right,0.1,5.61527,7.33138
3,right,0.125,5.95012,7.24467
3,right,0.15,5.95806,7.2238
3,right,0.175,6.09996,7.27081
3,right,0.2,5.63846,7.05882
3,right,0.225,5.39731,6.96922
3,right,0.25,5.37526,7.35556
3,right,0.275,5.0829,7.37139
3,right,0.3,5.09436,7.29167
3,right,0.325,5.24047,7.596
3,right,0.35,5.10557,7.50192
3,right,0.375,4.85474,7.66424
3,right,0.4,5.05258,7.68619
3,right,0.425,4.97128,7.71595
3,right,0.45,4.79635,7.87669
3,right,0.475,4.70724,7.94948
3,right,0.5,4.83554,7.92374
3,right,0.525,4.62796,8.0306
3,right,0.55,4.74817,7.87345
3,right,0.575,4.81284,7.93765
3,right,0.6,4.80107,7.91514
3,right,0.625,4.71231,8.0584
3,right,0.65,4.83604,7.80331
3,right,0.675,4.80316,7.81475
3,right,0.7,4.69878,7.75021
3,right,0.725,5.11477,7.76488
3,right,0.75,5.51638,7.52627
3,right,0.775,5.62595,7.32377
3,right,0.8,5.98547,7.07412
3,right,0.825,6.2373,7.32435
3,right,0.85,6.12951,7.25787
3,right,0.875,6.11712,7.17554
3,right,0.9,5.57975,7.27652
3,right,0.925,5.49119,7.14689
3,right,0.95,5.29438,7.14336
3,right,0.975,5.21799,7.18651
3,right,1.0,5.14207,7.30243
3,right,1.025,5.05965,7.67866
3,right,1.05,5.23151,7.5363
3,right,1.075,5.04204,7.66069
3,right,1.1,4.86213,7.70916
3,right,1.125,4.91768,7.73079
3,right,1.15,4.79019,7.90679
3,right,1.175,5.09852,7.9201
3,right,1.2,4.66778,7.88525
3,right,1.225,4.77901,8.16589
3,right,1.25,4.76399,8.00436
3,right,1.275,4.79694,7.80161
3,right,1.3,4.68111,8.09148
3,right,1.325,4.80633,7.83065
3,right,1.35,4.93589,7.79543
3,right,1.375,4.62469,7.91884
3,right,1.4,4.84527,7.72067
3,right,1.425,5.19923,7.7211
3,right,1.45,5.32941,7.48732
3,right,1.475,5.64637,7.31391
3,right,1.5,5.9788,7.23762
3,right,1.525,6.01577,7.21686
3,right,1.55,6.28216,7.28677
3,right,1.575,5.902,7.33105
3,right,1.6,5.71525,7.14206
3,right,1.625,5.54225,7.0885
3,right,1.65,5.47523,7.12394
3,right,1.675,5.27521,7.31038
3,right,1.7,5.1749,7.2996
3,right,1.725,5.27621,7.41718
3,right,1.75,5.03148,7.48461
3,right,1.775,5.2919,7.52052
3,right,1.8,4.88396,7.64
3,right,1.825,4.76927,7.72404
3,right,1.85,4.82287,7.84426
3,right,1.875,4.71679,8.00949
3,right,1.9,4.92921,8.03441
3,right,1.925,4.84996,7.98647
3,right,1.95,4.83331,7.96079
3,right,1.975,4.84154,8.07594
3,right,2.0,4.85236,7.95552
3,right,2.025,4.79067,7.84787
3,right,2.05,4.85767,7.94792
3,right,2.075,4.85629,8.11947
3,right,2.1,5.09004,7.67585
3,right,2.125,5.35238,7.6438
3,right,2.15,5.61035,7.4314
3,right,2.175,5.94244,7.57868
3,right,2.2,6.19447,7.30698
3,right,2.225,6.31874,7.34637
3,right,2.25,5.84085,7.39368
3,right,2.275,5.66554,7.13164
3,right,2.3,5.55704,7.13958
3,right,2.325,5.24004,7.29594
3,right,2.35,5.32915,7.22906
3,right,2.375,5.35371,7.00162
3,right,2.4,5.27879,7.34179
3,right,2.425,4.96724,7.31215
3,right,2.45,4.98636,7.40478
3,right,2.475,4.93362,7.63828
3,right,2.5,5.06918,7.71285
3,right,2.525,4.87942,7.88178
3,right,2.55,5.06036,7.8357
3,right,2.575,4.79227,7.99541
3,right,2.6,4.83704,7.91804
3,right,2.625,4.7131,7.91729
3,right,2.65,4.62644,7.94513
3,right,2.675,4.78342,7.95407
3,right,2.7,4.79337,8.02292
3,right,2.725,5.0091,7.84981
3,right,2.75,5.01206,7.98172
3,right,2.775,5.43551,7.70543
3,right,2.8,5.45664,7.58261
3,right,2.825,6.05967,7.52978
3,right,2.85,6.13286,7.53292
3,right,2.875,6.2127,7.55974
3,right,2.9,5.94808,7.317
3,right,2.925,5.99336,7.32139
3,right,2.95,5.77575,7.24287
3,right,2.975,5.46869,7.34362
3,right,3.0,5.30527,7.12767
3,right,3.025,5.23022,7.01937
3,right,3.05,5.27905,7.2375
3,right,3.075,5.1848,7.081
3,right,3.1,5.40959,7.17956
3,right,3.125,5.0578,7.27293
3,right,3.15,5.12992,7.49653
3,right,3.175,4.9008,7.57372
3,right,3.2,4.83585,7.64572
3,right,3.225,4.92438,7.64677
3,right,3.25,4.78017,7.84034
3,right,3.275,4.80006,7.82775
3,right,3.3,4.92005,7.86682
3,right,3.325,4.97703,7.98
3,right,3.35,4.65685,7.88163
3,right,3.375,4.75019,7.9844
3,right,3.4,4.75139,8.00476
3,right,3.425,4.86746,7.95113
3,right,3.45,4.64852,7.8017
3,right,3.475,4.72428,7.83948
3,right,3.5,4.86756,7.92696
3,right,3.525,5.36876,7.70296
3,right,3.55,5.61117,7.60775
3,right,3.575,5.67611,7.5511
3,right,3.6,6.22,7.45975
3,right,3.625,6.23519,7.39919
3,right,3.65,6.05107,7.02002
3,right,3.675,6.0641,7.35917
3,right,3.7,5.85056,7.08032
3,right,3.725,5.43875,7.36971
3,right,3.75,5.18768,7.42355
3,right,3.775,5.31396,7.18023
3,right,3.8,5.29257,7.34058
3,right,3.825,5.17919,7.27579
3,right,3.85,5.02916,7.43789
3,right,3.875,5.00623,7.55306
3,right,3.9,5.00231,7.61674
3,right,3.925,4.90187,7.78123
3,right,3.95,4.7403,7.63577
3,right,3.975,4.75959,7.84852
3,right,4.0,4.82334,8.0149
3,right,4.025,4.79873,7.84306
3,right,4.05,4.7311,8.07014
3,right,4.075,4.73023,7.88342
3,right,4.1,4.81627,8.06802
3,right,4.125,4.62475,7.96257
3,right,4.15,4.75031,7.70811
3,right,4.175,4.84696,7.84373
3,right,4.2,4.90046,7.66234
3,right,4.225,4.6562,7.51728
3,right,4.25,5.03738,7.56755
3,right,4.275,5.34521,7.41905
3,right,4.3,5.69118,7.52981
3,right,4.325,5.91617,7.30529
3,right,4.35,5.90886,7.31928
3,right,4.375,6.16545,7.5209
3,right,4.4,5.80481,6.99878
3,right,4.425,5.8424,7.28964
3,right,4.45,5.47881,7.21871
3,right,4.475,5.39581,7.14149
3,right,4.5,5.12357,7.24819
3,right,4.525,5.22276,7.46496
3,right,4.55,5.02118,7.39625
3,right,4.575,4.98217,7.47418
3,right,4.6,4.81696,7.6068
3,right,4.625,4.87663,7.60709
3,right,4.65,5.08101,7.76955
3,right,4.675,4.86616,7.8157
3,right,4.7,4.59915,7.92473
3,right,4.725,4.72883,7.74951
3,right,4.75,4.80608,8.11285
3,right,4.775,4.55295,8.02681
3,right,4.8,4.43663,8.09157
3,right,4.825,4.64537,7.91494
3,right,4.85,4.85005,7.95005
3,right,4.875,4.86835,7.81286
3,right,4.9,4.58246,8.0166
3,right,4.925,4.85563,7.62767
3,right,4.95,5.09196,7.58135
3,right,4.975,5.3469,7.4642
3,right,5.0,5.44132,7.46729
3,right,5.025,5.74789,7.43599
3,right,5.05,5.94587,7.25028
3,right,5.075,5.96992,7.10448
3,right,5.1,5.82255,7.25461
3,right,5.125,5.81107,7.25165
3,right,5.15,5.2036,7.11722
3,right,5.175,5.36521,7.27323
3,right,5.2,5.27663,7.37348
3,right,5.225,5.28567,7.33508
3,right,5.25,5.19268,7.38569
3,right,5.275,4.97069,7.56673
3,right,5.3,5.03833,7.61054
3,right,5.325,4.94566,7.5561
3,right,5.35,5.01165,7.73685
3,right,5.375,4.84883,7.88405
3,right,5.4,4.81203,7.92671
3,right,5.425,4.57447,7.96659
3,right,5.45,4.77468,8.02264
3,right,5.475,4.75542,7.9826
3,right,5.5,4.57898,7.95589
3,right,5.525,4.58678,8.06329
3,right,5.55,4.59666,8.03728
3,right,5.575,4.45479,7.8542
3,right,5.6,4.68199,7.88582
3,right,5.625,4.47761,7.8427
3,right,5.65,4.67943,7.50107
3,right,5.675,4.8825,7.64636
3,right,5.7,5.38566,7.44337
3,right,5.725,5.73441,7.33462
3,right,5.75,5.81728,7.32527
3,right,5.775,5.91333,7.02349
3,right,5.8,6.04699,7.32033
3,right,5.825,5.8088,7.14387
3,right,5.85,5.73198,7.23297
3,right,5.875,5.3002,7.34043
3,right,5.9,5.15447,7.53292
3,right,5.925,5.11329,7.33992
3,right,5.95,4.95065,7.5317
3,right,5.975,4.92787,7.41442
3,right,6.0,4.91258,7.69936
3,right,6.025,5.03647,7.72931
3,right,6.05,4.78513,7.68579
3,right,6.075,4.8712,7.62909
3,right,6.1,4.57236,7.97582
3,right,6.125,4.4696,8.093
3,right,6.15,4.58948,8.00792
3,right,6.175,4.65084,7.84049
3,right,6.2,4.50367,8.17091
3,right,6.225,4.31509,8.08742
3,right,6.25,4.61614,8.07711
3,right,6.275,4.77125,7.79573
3,right,6.3,4.54149,7.86692
3,right,6.325,4.52832,7.64622
3,right,6.35,4.45376,7.70825
3,right,6.375,4.87688,7.73435
3,right,6.4,4.92599,7.34864
3,right,6.425,5.18096,7.34378
3,right,6.45,5.5986,7.37501
3,right,6.475,5.76484,7.20593
3,right,6.5,5.59103,7.14775
3,right,6.525,5.70221,7.25113
3,right,6.55,5.54372,7.22389
3,right,6.575,5.28309,7.17699
3,right,6.6,5.38979,7.25489
3,right,6.625,5.07117,7.338
3,right,6.65,4.99424,7.25698
3,right,6.675,4.97907,7.50879
3,right,6.7,5.02198,7.60504
3,right,6.725,4.81355,7.40206
3,right,6.75,4.86918,7.76006
3,right,6.775,4.89524,7.80215
3,right,6.8,4.63867,7.80754
3,right,6.825,4.45335,7.8264
3,right,6.85,4.51146,7.90292
3,right,6.875,4.47528,7.86029
3,right,6.9,4.45615,8.07698
3,right,6.925,4.67507,7.87373
3,right,6.95,4.63236,8.04701
3,right,6.975,4.52834,7.94649
3,right,7.0,4.6432,7.87253
3,right,7.025,4.70057,7.79436
3,right,7.05,4.5802,7.54252
3,right,7.075,4.88314,7.62086
3,right,7.1,5.00401,7.29977
3,right,7.125,5.26922,7.38219
3,right,7.15,5.65944,7.27411
3,right,7.175,5.81743,7.21072
3,right,7.2,6.07227,7.15916
3,right,7.225,5.83514,7.23172
3,right,7.25,5.55911,7.26532
3,right,7.275,5.40944,7.14131
3,right,7.3,5.0622,7.19721
3,right,7.325,5.02975,7.27706
3,right,7.35,4.86664,7.36078
3,right,7.375,4.94605,7.43743
3,right,7.4,5.15522,7.35759
3,right,7.425,4.81239,7.52198
3,right,7.45,4.84169,7.75028
3,right,7.475,4.83873,7.71611
3,right,7.5,4.81472,7.83422
3,right,7.525,4.69819,7.88003
3,right,7.55,4.71783,7.98785
3,right,7.575,4.55141,7.92132
3,right,7.6,4.66171,8.08183
3,right,7.625,4.60103,7.8003
3,right,7.65,4.62474,7.93867
3,right,7.675,4.57492,7.95172
3,right,7.7,4.55955,7.80495
3,right,7.725,4.22637,7.87264
3,right,7.75,4.52943,7.8136
3,right,7.775,4.66791,7.69794
3,right,7.8,4.75171,7.60328
3,right,7.825,4.9608,7.43316
3,right,7.85,5.30213,7.36384
3,right,7.875,5.55161,7.34981
3,right,7.9,5.84321,7.14842
3,right,7.925,5.99475,7.33238
3,right,7.95,5.83209,7.13041
3,right,7.975,5.57774,7.22747
3,right,8.0,5.20485,7.10418
3,right,8.025,5.29683,7.22257
3,right,8.05,5.01682,7.27824
3,right,8.075,4.90154,7.44116
3,right,8.1,5.12715,7.54208
3,right,8.125,4.94668,7.45322
3,right,8.15,5.08144,7.57867
3,right,8.175,4.92967,7.79041
3,right,8.2,4.68529,7.76023
3,right,8.225,4.74604,8.02605
3,right,8.25,4.39838,8.05683
3,right,8.275,4.68094,7.86398
3,right,8.3,4.64601,7.93525
3,right,8.325,4.54348,8.08838
3,right,8.35,4.51851,7.8998
3,right,8.375,4.54607,7.75594
3,right,8.4,4.59194,7.99359
3,right,8.425,4.70396,7.80037
3,right,8.45,4.52096,7.60065
3,right,8.475,4.58597,7.77935
3,right,8.5,4.94613,7.71
3,right,8.525,5.17971,7.37557
3,right,8.55,5.40969,7.49371
3,right,8.575,5.65838,7.30104
3,right,8.6,5.79541,7.25597
3,right,8.625,5.89764,7.25433
3,right,8.65,5.81649,7.34348
3,right,8.675,5.47899,7.22855
3,right,8.7,5.49161,7.23929
3,right,8.725,5.12634,7.47457
3,right,8.75,5.00702,7.2849
3,right,8.775,5.12297,7.42197
3,right,8.8,4.95024,7.62279
3,right,8.825,4.95649,7.51288
3,right,8.85,4.97774,7.40607
3,right,8.875,5.03984,7.72575
3,right,8.9,4.66456,7.83165
3,right,8.925,4.65915,8.02909
3,right,8.95,4.77849,7.86367
3,right,8.975,4.53712,7.82202
3,right,9.0,4.45327,7.97215
3,right,9.025,4.32448,7.81035
3,right,9.05,4.56244,7.88408
3,right,9.075,4.858,7.87456
3,right,9.1,4.55846,7.76279
3,right,9.125,4.84863,7.77486
3,right,9.15,4.53599,7.8489
3,right,9.175,4.56432,7.62502
3,right,9.2,4.80724,7.56665
3,right,9.225,5.23141,7.48722
3,right,9.25,5.46701,7.36221
3,right,9.275,5.8886,7.27936
3,right,9.3,5.7582,7.39272
3,right,9.325,5.9246,7.54642
3,right,9.35,5.64216,7.21141
3,right,9.375,5.64626,7.03718
3,right,9.4,5.25753,7.25862
3,right,9.425,5.15194,7.103
3,right,9.45,5.19631,7.31517
3,right,9.475,5.13855,7.42426
3,right,9.5,4.9296,7.38739
3,right,9.525,4.88285,7.52956
3,right,9.55,5.05079,7.55917
3,right,9.575,4.69142,7.56066
3,right,9.6,4.77664,7.63032
3,right,9.625,5.00535,7.80806
3,right,9.65,4.65751,7.76574
3,right,9.675,4.52727,7.87755
3,right,9.7,4.6651,7.9193
3,right,9.725,4.7233,7.98385
3,right,9.75,4.59797,8.12464
3,right,9.775,4.64344,8.005
3,right,9.8,4.55356,7.66481
3,right,9.825,4.61601,7.87768
3,right,9.85,4.4885,7.86563
3,right,9.875,4.82678,7.7477
3,right,9.9,5.07085,7.55427
3,right,9.925,5.32746,7.28219
3,right,9.95,5.62046,7.56424
3,right,9.975,5.86713,7.26218
3,right,10.0,6.09312,7.22342
3,right,10.025,6.02673,7.27209
3,right,10.05,5.77555,7.26008
3,right,10.075,5.48228,7.26213
3,right,10.1,5.28411,7.23768
3,right,10.125,5.26251,7.31617
3,right,10.15,5.1956,7.20586
3,right,10.175,4.87557,7.37986
3,right,10.2,5.01382,7.47108
3,right,10.225,4.99189,7.65566
3,right,10.25,5.05108,7.69555
3,right,10.275,5.08693,7.7522
3,right,10.3,4.74914,7.81603
3,right,10.325,4.79696,7.77765
3,right,10.35,4.75717,7.75393
3,right,10.375,4.89701,8.11145
3,right,10.4,4.90007,8.08091
3,right,10.425,4.75097,8.159
3,right,10.45,4.86526,7.91473
3,right,10.475,4.7548,8.03317
3,right,10.5,4.8075,7.77724
3,right,10.525,4.5053,7.81708
3,right,10.55,4.52617,7.68817
3,right,10.575,4.6712,7.57151
3,right,10.6,4.85424,7.64604
3,right,10.625,5.20062,7.44886
3,right,10.65,5.50296,7.57821
3,right,10.675,5.95692,7.32694
3,right,10.7,6.15157,7.25159
3,right,10.725,6.01329,7.0627
3,right,10.75,6.20354,7.20078
3,right,10.775,5.95538,7.21245
3,right,10.8,5.54808,7.28438
3,right,10.825,5.43831,7.23137
3,right,10.85,5.25872,7.20738
3,right,10.875,5.09914,7.41957
3,right,10.9,5.15955,7.40278
3,right,10.925,4.95757,7.42294
3,right,10.95,5.19321,7.51919
3,right,10.975,5.04611,7.79096
3,right,11.0,5.01818,7.67204
3,right,11.025,4.89906,7.81279
3,right,11.05,4.81448,7.95495
3,right,11.075,4.91237,8.07977
3,right,11.1,4.80439,8.04747
3,right,11.125,4.6304,7.90203
3,right,11.15,4.43878,8.0153
3,right,11.175,4.81023,7.83262
3,right,11.2,4.79227,7.91131
3,right,11.225,4.92501,7.89304
3,right,11.25,4.68395,7.98716
3,right,11.275,4.83513,7.74097
3,right,11.3,5.12173,7.47079
3,right,11.325,5.0474,7.42513
3,right,11.35,5.459,7.56504
3,right,11.375,5.85142,7.2058
3,right,11.4,6.18444,7.2681
3,right,11.425,6.18783,7.19757
3,right,11.45,6.19631,6.98516
3,right,11.475,6.0251,7.10629
3,right,11.5,5.83918,7.12686
3,right,11.525,5.61363,7.33824
3,right,11.55,5.38427,7.22872
3,right,11.575,5.20704,7.56066
3,right,11.6,5.33166,7.24693
3,right,11.625,5.14303,7.35465
3,right,11.65,5.28775,7.62897
3,right,11.675,5.28876,7.562
3,right,11.7,5.10563,7.83811
3,right,11.725,4.77323,7.77324
3,right,11.75,4.87626,7.8687
3,right,11.775,4.85896,7.88872
3,right,11.8,4.74814,7.86371
3,right,11.825,4.82459,8.0668
3,right,11.85,4.92958,7.89318
3,right,11.875,4.54367,7.90091
3,right,11.9,4.7831,8.11842
3,right,11.925,5.07327,7.99971
3,right,11.95,4.79845,7.73595
3,right,11.975,4.72363,7.96078
3,right,12.0,4.63846,7.80598
3,right,12.025,5.10253,7.35136
3,right,12.05,5.12041,7.41984
3,right,12.075,5.81864,7.39952
3,right,12.1,5.93944,7.38483
3,right,12.125,6.19685,7.36332
3,right,12.15,6.25175,7.17233
3,right,12.175,5.96959,7.16089
3,right,12.2,5.7139,7.16902
3,right,12.225,5.40052,7.09679
3,right,12.25,5.38618,7.17852
3,right,12.275,5.313,7.39777
3,right,12.3,5.21613,7.41194
3,right,12.325,5.10727,7.38848
3,right,12.35,5.30356,7.41058
3,right,12.375,5.19839,7.61593
3,right,12.4,5.18209,7.81041
3,right,12.425,4.99546,7.90425
3,right,12.45,4.86025,7.79912
3,right,12.475,4.82212,7.91059
3,right,12.5,5.01335,7.88356
3,right,12.525,4.67008,7.73383
3,right,12.55,4.79645,8.06698
3,right,12.575,4.83021,8.03846
3,right,12.6,4.66858,8.00385
3,right,12.625,5.02939,7.92773
3,right,12.65,4.91224,7.92337
3,right,12.675,4.60603,7.82064
3,right,12.7,5.0571,7.68987
3,right,12.725,5.07393,7.63457
3,right,12.75,5.48933,7.47325
3,right,12.775,5.75054,7.48505
3,right,12.8,6.03546,7.46592
3,right,12.825,6.3896,7.31235
3,right,12.85,6.30134,7.30823
3,right,12.875,5.86695,7.25159
3,right,12.9,5.7352,7.03514
3,right,12.925,5.62028,7.2174
3,right,12.95,5.42729,7.21202
3,right,12.975,5.3458,7.21813
3,right,13.0,5.34445,7.35903
3,right,13.025,5.08101,7.39157
3,right,13.05,5.19109,7.4622
3,right,13.075,4.93691,7.59004
3,right,13.1,5.062,7.69841
3,right,13.125,4.9556,7.75232
3,right,13.15,4.91452,7.89888
3,right,13.175,5.1117,7.95148
3,right,13.2,4.71092,7.86847
3,right,13.225,5.1322,7.81831
3,right,13.25,4.78597,7.90405
3,right,13.275,4.8247,7.90555
3,right,13.3,4.67636,7.89494
3,right,13.325,4.62243,7.95081
3,right,13.35,4.73277,7.66866
3,right,13.375,4.89334,7.76538
3,right,13.4,4.73698,7.7519
3,right,13.425,5.20903,7.61583
3,right,13.45,5.21075,7.56129
3,right,13.475,5.65705,7.38493
3,right,13.5,6.00064,7.32149
3,right,13.525,6.12256,7.29361
3,right,13.55,6.29615,7.14946
3,right,13.575,5.88633,7.13825
3,right,13.6,5.76794,7.25002
3,right,13.625,5.70472,7.17904
3,right,13.65,5.48103,7.16447
3,right,13.675,5.30254,7.17681
3,right,13.7,5.08693,7.5429
3,right,13.725,5.08476,7.40632
3,right,13.75,5.2066,7.50007
3,right,13.775,5.25649,7.59323
3,right,13.8,5.08427,7.72013
3,right,13.825,5.0602,7.67626
3,right,13.85,4.88965,7.90981
3,right,13.875,4.8107,7.80698
3,right,13.9,4.98386,8.04333
3,right,13.925,4.84609,8.01585
3,right,13.95,4.65264,7.99819
3,right,13.975,4.8966,8.04058
3,right,14.0,4.80222,7.97162
3,right,14.025,4.76065,8.04692
3,right,14.05,4.60145,7.93675
3,right,14.075,4.66332,7.89238
3,right,14.1,4.87221,7.77756
3,right,14.125,5.30645,7.42517
3,right,14.15,5.44083,7.48903
3,right,14.175,5.92058,7.60871
3,right,14.2,6.0462,7.32299
3,right,14.225,5.96607,7.3804
3,right,14.25,6.01727,7.19803
3,right,14.275,5.76563,7.34836
3,right,14.3,5.62737,7.05972
3,right,14.325,5.30723,7.22961
3,right,14.35,5.15857,7.35897
3,right,14.375,5.41408,7.10022
3,right,14.4,5.12086,7.36003
3,right,14.425,5.30909,7.38296
3,right,14.45,5.03087,7.4251
3,right,14.475,4.99182,7.57116
3,right,14.5,4.90141,7.54984
3,right,14.525,4.98271,7.79793
3,right,14.55,4.6748,7.52535
3,right,14.575,4.79151,7.93423
3,right,14.6,4.91672,7.96365
3,right,14.625,4.81026,8.0496
3,right,14.65,4.61653,7.97334
3,right,14.675,4.77374,8.00151
3,right,14.7,4.82491,8.01959
3,right,14.725,4.4218,8.01697
3,right,14.75,4.70173,7.77388
3,right,14.775,4.79897,7.66014
3,right,14.8,4.67234,7.8814
3,right,14.825,4.7578,7.73147
3,right,14.85,5.13062,7.52976
3,right,14.875,5.47341,7.38306
3,right,14.9,5.63776,7.49787
3,right,14.925,6.07941,7.2454
3,right,14.95,5.99839,7.36982
3,right,14.975,6.26195,7.24611
4,left,0.0,5.24506,7.29854
4,left,0.025,5.02416,7.08555
4,left,0.05,5.29925,7.02733
4,left,0.075,5.8061,7.1695
4,left,0.1,6.11402,7.19164
4,left,0.125,6.47144,7.21139
4,left,0.15,6.21946,7.43806
4,left,0.175,6.24417,7.31727
4,left,0.2,5.39739,7.50432
4,left,0.225,5.7868,7.41703
4,left,0.25,5.61498,7.6762
4,left,0.275,5.51717,7.69512
4,left,0.3,5.55632,7.59163
4,left,0.325,5.1386,7.73653
4,left,0.35,5.27324,7.91248
4,left,0.375,5.19951,8.003
4,left,0.4,4.99908,7.96606
4,left,0.425,4.71001,8.02321
4,left,0.45,4.85524,8.04302
4,left,0.475,5.22815,8.04222
4,left,0.5,4.79953,8.02217
4,left,0.525,4.93737,7.84917
4,left,0.55,4.97849,7.83671
4,left,0.575,5.06346,7.83946
4,left,0.6,4.71858,7.59834
4,left,0.625,4.86243,7.49811
4,left,0.65,4.84919,7.6429
4,left,0.675,4.93498,7.33072
4,left,0.7,5.20369,7.50341
4,left,0.725,5.36007,7.23812
4,left,0.75,5.35904,7.35414
4,left,0.775,5.43497,7.04929
4,left,0.8,6.05795,7.13586
4,left,0.825,6.31852,7.46032
4,left,0.85,6.42646,7.25183
4,left,0.875,6.14726,7.25102
4,left,0.9,6.1166,7.45235
4,left,0.925,5.95075,7.63639
4,left,0.95,5.52585,7.62974
4,left,0.975,5.57925,7.7447
4,left,1.0,4.97149,7.93573
4,left,1.025,5.37987,7.71481
4,left,1.05,5.52713,7.80742
4,left,1.075,5.35665,8.0444
4,left,1.1,5.36882,7.99426
4,left,1.125,5.34444,7.97257
4,left,1.15,5.24166,7.93554
4,left,1.175,5.08733,7.89435
4,left,1.2,4.97891,7.79095
4,left,1.225,5.36874,7.98045
4,left,1.25,4.88175,7.79408
4,left,1.275,4.67033,7.69626
4,left,1.3,5.10945,7.70463
4,left,1.325,4.90559,7.38813
4,left,1.35,4.84404,7.47159
4,left,1.375,5.04666,7.29284
4,left,1.4,5.20747,7.35313
4,left,1.425,4.92509,7.33172
4,left,1.45,5.16092,7.34576
4,left,1.475,5.23938,7.29137
4,left,1.5,5.52813,7.07069
4,left,1.525,6.12816,7.19465
4,left,1.55,6.28319,7.44347
4,left,1.575,6.28096,7.28179
4,left,1.6,6.08844,7.18373
4,left,1.625,6.41961,7.52534
4,left,1.65,5.61765,7.56218
4,left,1.675,5.83133,7.62918
4,left,1.7,5.57107,7.6685
4,left,1.725,5.57858,7.66503
4,left,1.75,5.75149,7.78606
4,left,1.775,5.52669,7.94851
4,left,1.8,5.16442,8.153
4,left,1.825,5.15242,8.06492
4,left,1.85,5.52937,7.87568
4,left,1.875,5.0417,8.07784
4,left,1.9,5.19773,7.93125
4,left,1.925,4.83498,7.82009
4,left,1.95,5.27891,7.99606
4,left,1.975,5.31019,7.77795
4,left,2.0,5.20003,7.93469
4,left,2.025,5.2121,7.58307
4,left,2.05,5.34128,7.47106
4,left,2.075,4.72959,7.37596
4,left,2.1,4.72337,7.31007
4,left,2.125,5.55302,7.20238
4,left,2.15,5.03501,7.22214
4,left,2.175,5.48591,7.26216
4,left,2.2,5.36967,7.10233
4,left,2.225,6.01632,7.43808
4,left,2.25,6.61922,7.32851
4,left,2.275,6.08479,7.46462
4,left,2.3,6.39072,7.17284
4,left,2.325,6.15104,7.46554
4,left,2.35,5.97014,7.53422
4,left,2.375,5.62116,7.40612
4,left,2.4,5.64873,7.58301
4,left,2.425,5.7669,7.8355
4,left,2.45,5.22566,7.77243
4,left,2.475,4.94061,7.9375
4,left,2.5,5.53732,8.01641
4,left,2.525,5.53596,8.02804
4,left,2.55,5.15688,7.88644
4,left,2.575,5.28896,8.01767
4,left,2.6,5.438,7.96121
4,left,2.625,4.94143,7.9078
4,left,2.65,4.9083,7.81706
4,left,2.675,4.99534,7.8393
4,left,2.7,5.05386,7.76654
4,left,2.725,4.85352,7.59844
4,left,2.75,5.01164,7.57682
4,left,2.775,4.81493,7.3543
4,left,2.8,4.87864,7.36899
4,left,2.825,5.1187,7.11751
4,left,2.85,5.13333,7.29119
4,left,2.875,5.83897,7.27701
4,left,2.9,5.96706,7.10111
4,left,2.925,5.95308,7.21591
4,left,2.95,6.71977,7.15534
4,left,2.975,6.41674,7.22491
4,left,3.0,6.17111,7.14837
4,left,3.025,5.95993,7.42278
4,left,3.05,5.54799,7.58293
4,left,3.075,5.96868,7.62523
4,left,3.1,5.62511,7.65148
4,left,3.125,5.60898,7.63918
4,left,3.15,5.10804,7.91441
4,left,3.175,5.58484,7.88505
4,left,3.2,5.42622,7.93485
4,left,3.225,5.22124,7.92634
4,left,3.25,5.07153,7.91854
4,left,3.275,4.918,8.02903
4,left,3.3,5.32673,7.74979
4,left,3.325,4.92324,7.88366
4,left,3.35,4.85257,8.02178
4,left,3.375,4.72998,7.86144
4,left,3.4,4.96683,7.81436
4,left,3.425,4.91401,7.70568
4,left,3.45,4.89534,7.67061
4,left,3.475,4.98387,7.5521
4,left,3.5,5.11921,7.45508
4,left,3.525,5.19156,7.24183
4,left,3.55,4.83183,7.03293
4,left,3.575,5.58937,7.32722
4,left,3.6,5.48457,7.38515
4,left,3.625,5.79898,7.12152
4,left,3.65,6.26317,7.18543
4,left,3.675,6.13171,7.26655
4,left,3.7,6.3359,7.19618
4,left,3.725,6.12801,7.37685
4,left,3.75,5.99292,7.61948
4,left,3.775,5.6005,7.68472
4,left,3.8,5.41052,7.573
4,left,3.825,5.20659,7.63426
4,left,3.85,5.16322,7.62744
4,left,3.875,5.50806,7.89721
4,left,3.9,5.30759,7.76538
4,left,3.925,5.26403,8.0046
4,left,3.95,5.02589,7.94842
4,left,3.975,5.2798,7.86363
4,left,4.0,5.39016,8.04806
4,left,4.025,5.39969,7.80304
4,left,4.05,4.98579,7.67479
4,left,4.075,4.89464,7.81176
4,left,4.1,5.22673,7.70147
4,left,4.125,4.72224,7.66584
4,left,4.15,4.80313,7.57984
4,left,4.175,5.33853,7.63034
4,left,4.2,4.87476,7.43486
4,left,4.225,5.15068,7.48894
4,left,4.25,4.63198,7.24639
4,left,4.275,4.95556,7.24938
4,left,4.3,5.1808,7.34862
4,left,4.325,5.69393,7.25931
4,left,4.35,5.88462,7.20668
4,left,4.375,6.44793,7.17707
4,left,4.4,6.27532,7.21448
4,left,4.425,6.59074,7.36864
4,left,4.45,6.18919,7.30297
4,left,4.475,5.55235,7.68593
4,left,4.5,5.79239,7.6451
4,left,4.525,5.49433,7.83196
4,left,4.55,5.46461,7.8008
4,left,4.575,5.04811,7.7682
4,left,4.6,5.37159,7.9711
4,left,4.625,5.09542,8.03868
4,left,4.65,5.02913,7.86967
4,left,4.675,5.28042,8.01161
4,left,4.7,5.05387,7.91507
4,left,4.725,4.91954,7.82234
4,left,4.75,4.84969,7.98587
4,left,4.775,5.22,7.81466
4,left,4.8,4.86049,7.85816
4,left,4.825,4.71939,7.79691
4,left,4.85,4.59781,7.47655
4,left,4.875,4.83445,7.53341
4,left,4.9,4.7561,7.26839
4,left,4.925,4.69972,7.32423
4,left,4.95,4.75149,7.23048
4,left,4.975,4.7065,7.45929
4,left,5.0,5.07784,7.31216
4,left,5.025,5.37913,7.33647
4,left,5.05,5.95316,7.1967
4,left,5.075,5.95129,7.14174
4,left,5.1,6.06341,7.31807
4,left,5.125,6.12596,7.34555
4,left,5.15,5.80703,7.38434
4,left,5.175,5.69244,7.47587
4,left,5.2,5.74343,7.5356
4,left,5.225,5.20473,7.89316
4,left,5.25,5.10551,7.71458
4,left,5.275,5.32927,7.70677
4,left,5.3,5.16795,8.10623
4,left,5.325,5.21361,8.15427
4,left,5.35,5.25886,7.87886
4,left,5.375,4.94582,7.88931
4,left,5.4,4.58783,7.94621
4,left,5.425,4.8125,7.98401
4,left,5.45,5.04005,7.98217
4,left,5.475,4.73694,7.94624
4,left,5.5,4.60547,7.77262
4,left,5.525,5.28106,7.63191
4,left,5.55,4.67528,7.52521
4,left,5.575,4.52343,7.58544
4,left,5.6,4.66303,7.64903
4,left,5.625,4.57965,7.33024
4,left,5.65,4.88486,7.46114
4,left,5.675,4.72094,7.16481
4,left,5.7,5.21233,7.2923
4,left,5.725,5.1171,7.15473
4,left,5.75,5.39802,6.97471
4,left,5.775,6.28025,7.26384
4,left,5.8,5.68947,7.45063
4,left,5.825,5.9341,7.18191
4,left,5.85,5.82792,7.4711
4,left,5.875,5.86822,7.35752
4,left,5.9,5.51437,7.53134
4,left,5.925,5.22694,7.81938
4,left,5.95,5.83204,7.73218
4,left,5.975,5.1104,7.67333
4,left,6.0,5.20717,8.15315
4,left,6.025,5.4244,8.13496
4,left,6.05,5.31014,8.06899
4,left,6.075,4.91739,8.05522
4,left,6.1,4.74796,7.93182
4,left,6.125,5.11469,7.91938
4,left,6.15,5.22137,7.94939
4,left,6.175,4.99048,7.93327
4,left,6.2,4.94404,7.87284
4,left,6.225,4.53673,7.70174
4,left,6.25,5.22842,7.77085
4,left,6.275,4.55667,7.56272
4,left,6.3,4.74696,7.5546
4,left,6.325,4.94587,7.47732
4,left,6.35,4.7492,7.43149
4,left,6.375,4.42389,7.24604
4,left,6.4,4.89067,7.18209
4,left,6.425,5.27471,7.26343
4,left,6.45,5.44813,7.0439
4,left,6.475,5.38777,7.12243
4,left,6.5,5.92552,7.13346
4,left,6.525,5.77794,7.44776
4,left,6.55,5.94245,7.66998
4,left,6.575,5.91136,7.50919
4,left,6.6,5.98161,7.58964
4,left,6.625,5.42715,7.63149
4,left,6.65,5.27448,7.9405
4,left,6.675,5.12525,7.73556
4,left,6.7,5.08766,8.04357
4,left,6.725,4.82738,7.93668
4,left,6.75,5.04687,8.06247
4,left,6.775,4.90226,7.99398
4,left,6.8,5.38531,7.81299
4,left,6.825,4.92902,7.77059
4,left,6.85,5.13541,7.85804
4,left,6.875,5.01761,7.8144
4,left,6.9,4.66497,7.71919
4,left,6.925,5.06474,7.72765
4,left,6.95,4.44157,7.57855
4,left,6.975,4.71557,7.49612
4,left,7.0,4.84996,7.41692
4,left,7.025,4.95151,7.44946
4,left,7.05,4.9461,7.27564
4,left,7.075,4.78123,7.42176
4,left,7.1,4.65836,7.32128
4,left,7.125,4.86768,7.02582
4,left,7.15,5.42888,7.21174
4,left,7.175,5.25167,7.13373
4,left,7.2,6.13312,7.37548
4,left,7.225,5.49399,7.3431
4,left,7.25,6.19782,7.36316
4,left,7.275,5.91577,7.28664
4,left,7.3,5.88321,7.62428
4,left,7.325,5.47696,7.67762
4,left,7.35,5.32388,7.83341
4,left,7.375,5.16772,7.97331
4,left,7.4,5.03866,7.68793
4,left,7.425,5.1432,8.08406
4,left,7.45,5.23336,7.99361
4,left,7.475,4.74518,8.06775
4,left,7.5,4.65474,8.08115
4,left,7.525,4.89856,8.05379
4,left,7.55,4.734,7.98104
4,left,7.575,4.83915,7.75308
4,left,7.6,4.58405,7.83247
4,left,7.625,4.61013,7.6845
4,left,7.65,4.6615,7.66851
4,left,7.675,4.76531,7.43748
4,left,7.7,4.90036,7.61625
4,left,7.725,4.58543,7.51424
4,left,7.75,4.44752,7.42787
4,left,7.775,5.02191,7.08144
4,left,7.8,4.6419,7.23397
4,left,7.825,4.53585,7.20936
4,left,7.85,4.8836,7.3072
4,left,7.875,4.87353,7.2193
4,left,7.9,5.43213,7.31719
4,left,7.925,5.51462,7.48209
4,left,7.95,6.07042,7.29789
4,left,7.975,5.76955,7.26284
4,left,8.0,6.11665,7.6732
4,left,8.025,6.0006,7.68592
4,left,8.05,5.23851,7.8883
4,left,8.075,5.40728,7.80423
4,left,8.1,5.09924,7.80739
4,left,8.125,4.60649,7.94523
4,left,8.15,5.3552,7.87491
4,left,8.175,5.11189,7.99011
4,left,8.2,4.68547,8.02045
4,left,8.225,5.00197,7.92172
4,left,8.25,5.01209,7.84238
4,left,8.275,5.14524,7.7845
4,left,8.3,4.89682,7.81269
4,left,8.325,4.78213,7.68594
4,left,8.35,4.32795,7.81499
4,left,8.375,4.87583,7.67866
4,left,8.4,4.84233,7.68143
4,left,8.425,4.68001,7.47754
4,left,8.45,4.8733,7.4876
4,left,8.475,4.76219,7.2886
4,left,8.5,4.44382,7.03575
4,left,8.525,4.46326,7.28524
4,left,8.55,5.12833,7.26989
4,left,8.575,5.19652,7.27776
4,left,8.6,4.98425,7.24269
4,left,8.625,5.61778,7.22136
4,left,8.65,6.01031,7.38257
4,left,8.675,6.26677,7.55602
4,left,8.7,5.98576,7.56953
4,left,8.725,5.66371,7.47764
4,left,8.75,5.93808,7.7691
4,left,8.775,5.11252,7.72155
4,left,8.8,5.14045,7.91935
4,left,8.825,5.20418,7.82747
4,left,8.85,5.24677,8.06739
4,left,8.875,4.70232,7.89595
4,left,8.9,5.24089,7.96076
4,left,8.925,5.31012,8.02788
4,left,8.95,5.17208,7.85945
4,left,8.975,4.89484,7.88939
4,left,9.0,5.19068,8.03673
4,left,9.025,5.14683,7.87996
4,left,9.05,4.81351,7.66332
4,left,9.075,5.10502,7.63872
4,left,9.1,4.55677,7.32206
4,left,9.125,5.0204,7.36514
4,left,9.15,4.68185,7.24948
4,left,9.175,4.86988,7.03715
4,left,9.2,5.04606,7.00818
4,left,9.225,4.95523,7.3183
4,left,9.25,4.7404,7.27445
4,left,9.275,5.42767,7.26366
4,left,9.3,5.48166,7.25782
4,left,9.325,6.04113,7.37809
4,left,9.35,6.21436,7.25235
4,left,9.375,6.27508,7.19224
4,left,9.4,6.03903,7.53641
4,left,9.425,5.50918,7.48006
4,left,9.45,5.30698,7.70052
4,left,9.475,5.65462,7.67753
4,left,9.5,5.86807,7.77173
4,left,9.525,4.92003,7.7953
4,left,9.55,5.27746,8.02526
4,left,9.575,5.49834,7.95198
4,left,9.6,4.98709,7.86083
4,left,9.625,5.12738,7.98373
4,left,9.65,4.99149,8.14654
4,left,9.675,4.5848,7.8051
4,left,9.7,5.1403,7.9675
4,left,9.725,4.7392,7.76065
4,left,9.75,4.89637,7.66335
4,left,9.775,4.8865,7.6094
4,left,9.8,5.05279,7.58444
4,left,9.825,5.00037,7.47977
4,left,9.85,5.05179,7.38439
4,left,9.875,4.62676,7.26023
4,left,9.9,4.86595,7.34875
4,left,9.925,4.69418,7.0402
4,left,9.95,4.8553,7.26943
4,left,9.975,5.33134,7.34946
4,left,10.0,5.62385,7.43379
4,left,10.025,6.15074,7.28401
4,left,10.05,6.26341,7.2082
4,left,10.075,6.2296,7.38486
4,left,10.1,5.94706,7.34213
4,left,10.125,6.16902,7.50498
4,left,10.15,5.89316,7.54511
4,left,10.175,5.8691,7.92097
4,left,10.2,5.39597,7.91869
4,left,10.225,5.43225,7.90483
4,left,10.25,5.50218,8.11658
4,left,10.275,5.53273,7.96534
4,left,10.3,4.96488,8.25282
4,left,10.325,5.11765,7.95871
4,left,10.35,4.92916,7.90909
4,left,10.375,5.19512,7.68792
4,left,10.4,4.93269,7.77072
4,left,10.425,4.93584,7.76915
4,left,10.45,4.87609,7.77771
4,left,10.475,5.39645,7.74227
4,left,10.5,4.90559,7.53497
4,left,10.525,5.4006,7.43096
4,left,10.55,4.99583,7.44299
4,left,10.575,4.7413,7.42019
4,left,10.6,4.87695,7.20255
4,left,10.625,5.39448,7.19457
4,left,10.65,5.45122,7.0035
4,left,10.675,5.40152,7.13117
4,left,10.7,5.60557,7.08571
4,left,10.725,6.33521,7.30776
4,left,10.75,5.97865,7.15973
4,left,10.775,6.42659,7.28194
4,left,10.8,6.40327,7.55145
4,left,10.825,5.82876,7.38183
4,left,10.85,5.75774,7.62713
4,left,10.875,5.71301,7.7077
4,left,10.9,5.6359,7.87952
4,left,10.925,5.43543,7.99931
4,left,10.95,5.21104,8.03807
4,left,10.975,5.48802,8.10621
4,left,11.0,5.1904,8.08312
4,left,11.025,5.44005,7.93475
4,left,11.05,5.38332,8.19358
4,left,11.075,4.96379,7.87055
4,left,11.1,5.19571,8.0509
4,left,11.125,4.94176,7.72098
4,left,11.15,4.86109,7.86198
4,left,11.175,4.76863,7.59758
4,left,11.2,4.79374,7.66274
4,left,11.225,4.55146,7.61284
4,left,11.25,4.72571,7.49162
4,left,11.275,4.86766,7.40523
4,left,11.3,5.22927,7.23928
4,left,11.325,4.71448,7.12468
4,left,11.35,4.90919,7.22389
4,left,11.375,5.31799,7.0705
4,left,11.4,5.48253,7.28992
4,left,11.425,5.81851,7.18564
4,left,11.45,6.16986,7.20863
4,left,11.475,6.24939,7.54485
4,left,11.5,6.48636,7.21079
4,left,11.525,6.25559,7.32862
4,left,11.55,5.75933,7.5972
4,left,11.575,5.49978,7.73762
4,left,11.6,5.84942,7.77217
4,left,11.625,5.63826,7.79009
4,left,11.65,5.24392,8.02848
4,left,11.675,4.95042,8.03188
4,left,11.7,5.2882,7.9184
4,left,11.725,5.55505,8.08648
4,left,11.75,5.2953,8.03011
4,left,11.775,4.75277,8.18021
4,left,11.8,5.07553,7.93285
4,left,11.825,5.30187,8.06392
4,left,11.85,4.51,7.79993
4,left,11.875,4.9441,7.75859
4,left,11.9,4.79347,7.44632
4,left,11.925,4.65396,7.48887
4,left,11.95,5.30581,7.49646
4,left,11.975,4.85673,7.32644
4,left,12.0,4.83957,7.20497
4,left,12.025,4.8812,7.13798
4,left,12.05,4.90971,7.18291
4,left,12.075,5.0294,7.23712
4,left,12.1,5.483,7.1698
4,left,12.125,5.94307,7.17197
4,left,12.15,5.98758,7.53578
4,left,12.175,5.9185,7.31003
4,left,12.2,6.3172,7.45096
4,left,12.225,6.41041,7.41777
4,left,12.25,5.85432,7.5551
4,left,12.275,5.70515,7.76397
4,left,12.3,5.55369,7.6999
4,left,12.325,5.34881,7.78451
4,left,12.35,5.53759,8.10903
4,left,12.375,5.69918,7.84856
4,left,12.4,5.43623,8.15116
4,left,12.425,5.50073,8.00753
4,left,12.45,5.2208,7.89377
4,left,12.475,5.06301,7.98187
4,left,12.5,5.29268,7.88611
4,left,12.525,5.27095,7.83612
4,left,12.55,4.93337,7.68245
4,left,12.575,5.12512,7.75146
4,left,12.6,5.21201,7.71542
4,left,12.625,4.72181,7.68104
4,left,12.65,4.72281,7.45425
4,left,12.675,4.84485,7.40338
4,left,12.7,4.70222,7.24673
4,left,12.725,4.75459,7.23672
4,left,12.75,5.08454,7.27975
4,left,12.775,5.38386,7.19547
4,left,12.8,5.58019,7.22933
4,left,12.825,5.92723,7.17929
4,left,12.85,6.30047,7.43379
4,left,12.875,6.30827,7.33674
4,left,12.9,6.82552,7.3778
4,left,12.925,6.16035,7.52746
4,left,12.95,6.14201,7.56012
4,left,12.975,5.80781,7.75749
4,left,13.0,5.56768,7.77999
4,left,13.025,5.46283,7.92925
4,left,13.05,5.60249,8.18805
4,left,13.075,5.70265,7.65403
4,left,13.1,4.96279,7.96575
4,left,13.125,5.23536,8.02037
4,left,13.15,5.27018,7.87855
4,left,13.175,4.59481,8.06586
4,left,13.2,5.25802,7.81578
4,left,13.225,5.39132,7.74262
4,left,13.25,4.90797,7.98331
4,left,13.275,4.97001,7.71107
4,left,13.3,5.1859,7.85247
4,left,13.325,5.20273,7.44778
4,left,13.35,5.03819,7.64372
4,left,13.375,4.66774,7.47277
4,left,13.4,4.92466,7.19343
4,left,13.425,4.84187,7.29181
4,left,13.45,5.42449,7.36421
4,left,13.475,5.3207,7.01242
4,left,13.5,5.81332,7.24082
4,left,13.525,5.84934,7.21537
4,left,13.55,6.29871,7.14293
4,left,13.575,6.32679,7.37388
4,left,13.6,6.60105,7.3996
4,left,13.625,5.84823,7.49553
4,left,13.65,5.57757,7.55042
4,left,13.675,5.29844,7.51481
4,left,13.7,5.66367,7.70725
4,left,13.725,5.68036,7.73565
4,left,13.75,5.50094,7.90966
4,left,13.775,5.72349,8.00036
4,left,13.8,5.09899,7.96545
4,left,13.825,4.80609,7.95044
4,left,13.85,5.03357,7.90678
4,left,13.875,5.33425,8.08387
4,left,13.9,5.12332,7.83051
4,left,13.925,5.0448,7.83607
4,left,13.95,4.72965,7.91615
4,left,13.975,5.05888,7.73817
4,left,14.0,5.07282,7.73448
4,left,14.025,5.27399,7.62826
4,left,14.05,5.09956,7.54606
4,left,14.075,4.9426,7.43105
4,left,14.1,4.58122,7.3131
4,left,14.125,4.76693,7.32303
4,left,14.15,5.29303,7.18168
4,left,14.175,4.91609,7.42268
4,left,14.2,5.85862,7.21384
4,left,14.225,5.96894,6.98371
4,left,14.25,5.69939,7.30408
4,left,14.275,5.91051,7.24752
4,left,14.3,6.12973,7.14219
4,left,14.325,5.7862,7.47003
4,left,14.35,6.0327,7.48743
4,left,14.375,5.57197,7.62245
4,left,14.4,5.24822,7.67906
4,left,14.425,5.37869,7.69857
4,left,14.45,5.33954,7.94151
4,left,14.475,5.66056,7.92793
4,left,14.5,5.24777,7.89105
4,left,14.525,5.04299,7.85343
4,left,14.55,5.27705,7.94456
4,left,14.575,5.23077,7.747
4,left,14.6,5.24834,7.94061
4,left,14.625,5.18202,7.8948
4,left,14.65,4.5735,7.78934
4,left,14.675,5.23955,7.89779
4,left,14.7,4.69061,7.6871
4,left,14.725,4.78859,7.46552
4,left,14.75,4.64048,7.50437
4,left,14.775,4.78989,7.56406
4,left,14.8,4.84745,7.1993
4,left,14.825,4.9237,7.19622
4,left,14.85,5.54087,7.37567
4,left,14.875,5.27418,7.27418
4,left,14.9,5.84927,7.19149
4,left,14.925,5.97783,7.12092
4,left,14.95,6.07208,7.41856
4,left,14.975,5.9737,7.22862
4,right,0.0,4.46537,7.26053
4,right,0.025,4.65944,7.3548
4,right,0.05,4.87929,7.12923
4,right,0.075,5.1578,7.33305
4,right,0.1,5.56483,7.312
4,right,0.125,5.67024,7.07878
4,right,0.15,5.50279,7.28473
4,right,0.175,5.49543,7.26253
4,right,0.2,5.29303,7.4817
4,right,0.225,5.01499,7.42869
4,right,0.25,4.78228,7.57966
4,right,0.275,4.79825,7.78273
4,right,0.3,4.84898,7.86843
4,right,0.325,4.70624,7.81713
4,right,0.35,5.00342,7.816
4,right,0.375,4.80843,7.81845
4,right,0.4,4.39547,8.14532
4,right,0.425,4.61073,8.0225
4,right,0.45,4.46875,8.00142
4,right,0.475,4.33698,7.97507
4,right,0.5,4.37263,8.19168
4,right,0.525,4.33254,7.9452
4,right,0.55,4.59778,7.72902
4,right,0.575,4.31278,7.67029
4,right,0.6,4.2626,7.52334
4,right,0.625,4.26532,7.47329
4,right,0.65,4.46889,7.42141
4,right,0.675,4.4847,7.37668
4,right,0.7,4.19785,7.17191
4,right,0.725,4.6224,7.14982
4,right,0.75,4.96633,7.26501
4,right,0.775,5.1184,7.39301
4,right,0.8,5.53265,7.22453
4,right,0.825,5.73906,7.08617
4,right,0.85,6.01159,7.32478
4,right,0.875,5.63409,7.21424
4,right,0.9,5.3233,7.55702
4,right,0.925,5.1486,7.4917
4,right,0.95,4.89464,7.60471
4,right,0.975,4.65445,7.60512
4,right,1.0,4.82145,7.63842
4,right,1.025,4.81875,7.8211
4,right,1.05,4.72131,7.86598
4,right,1.075,4.71371,8.00337
4,right,1.1,4.54357,7.92429
4,right,1.125,4.69312,8.11806
4,right,1.15,4.51387,7.83251
4,right,1.175,4.74781,8.14374
4,right,1.2,4.36924,7.92754
4,right,1.225,4.38012,8.02136
4,right,1.25,4.39323,7.78145
4,right,1.275,4.35307,7.76816
4,right,1.3,4.07312,7.58643
4,right,1.325,4.35618,7.61128
4,right,1.35,4.56387,7.45927
4,right,1.375,4.42176,7.11766
4,right,1.4,4.22054,7.34713
4,right,1.425,4.74048,7.4035
4,right,1.45,4.94395,7.13294
4,right,1.475,5.29603,7.08975
4,right,1.5,5.61333,7.20777
4,right,1.525,5.73616,7.0864
4,right,1.55,5.67307,7.18903
4,right,1.575,5.49504,7.35652
4,right,1.6,5.2611,7.49336
4,right,1.625,5.16542,7.60312
4,right,1.65,4.8018,7.46351
4,right,1.675,4.94161,7.67625
4,right,1.7,4.7757,7.58395
4,right,1.725,4.94717,7.90934
4,right,1.75,4.57235,7.75469
4,right,1.775,4.75682,7.96293
4,right,1.8,4.82575,7.93104
4,right,1.825,4.44341,7.92541
4,right,1.85,4.54063,7.80045
4,right,1.875,4.54839,7.75263
4,right,1.9,4.41373,8.00012
4,right,1.925,4.34954,7.96571
4,right,1.95,4.5482,7.83841
4,right,1.975,4.39356,7.76259
4,right,2.0,4.47791,7.68529
4,right,2.025,4.58365,7.72883
4,right,2.05,4.58689,7.47364
4,right,2.075,4.34167,7.4186
4,right,2.1,4.60834,7.49099
4,right,2.125,5.16862,7.26342
4,right,2.15,5.21056,7.25547
4,right,2.175,5.56588,7.21789
4,right,2.2,5.72622,7.30249
4,right,2.225,5.75823,7.13531
4,right,2.25,5.62323,7.40397
4,right,2.275,5.41469,7.23449
4,right,2.3,5.1405,7.44478
4,right,2.325,4.97741,7.4995
4,right,2.35,5.03991,7.56727
4,right,2.375,4.92556,7.44152
4,right,2.4,4.78992,7.5395
4,right,2.425,4.65564,7.84671
4,right,2.45,4.59259,8.03403
4,right,2.475,4.64369,7.87555
4,right,2.5,4.49797,7.92774
4,right,2.525,4.63911,7.91959
4,right,2.55,4.33911,8.08632
4,right,2.575,4.48749,7.7753
4,right,2.6,4.39869,7.93399
4,right,2.625,4.45985,7.86657
4,right,2.65,4.45603,7.9176
4,right,2.675,4.45302,7.90419
4,right,2.7,4.33991,7.74564
4,right,2.725,4.46659,7.38881
4,right,2.75,4.73444,7.55982
4,right,2.775,5.05613,7.68748
4,right,2.8,5.20662,7.35015
4,right,2.825,5.61207,7.30653
4,right,2.85,5.74159,7.33334
4,right,2.875,5.84584,7.2142
4,right,2.9,5.87197,7.22134
4,right,2.925,5.55078,7.28231
4,right,2.95,5.30338,7.02281
4,right,2.975,5.20275,7.20564
4,right,3.0,4.97856,7.27383
4,right,3.025,4.89836,7.37362
4,right,3.05,4.85774,7.38858
4,right,3.075,4.82392,7.69649
4,right,3.1,4.82879,7.70478
4,right,3.125,4.73516,7.82491
4,right,3.15,4.94567,7.90377
4,right,3.175,4.49642,7.87585
4,right,3.2,4.41801,7.99244
4,right,3.225,4.64667,7.85742
4,right,3.25,4.45208,7.97472
4,right,3.275,4.5284,7.98064
4,right,3.3,4.42153,8.0283
4,right,3.325,4.71617,7.94994
4,right,3.35,4.36148,7.72678
4,right,3.375,4.36557,7.82605
4,right,3.4,4.52594,7.83392
4,right,3.425,4.29549,7.62182
4,right,3.45,4.43543,7.53024
4,right,3.475,4.5497,7.4085
4,right,3.5,4.54101,7.29926
4,right,3.525,4.77515,7.37699
4,right,3.55,5.10896,7.34497
4,right,3.575,5.12485,7.29828
4,right,3.6,5.74297,7.11486
4,right,3.625,5.75659,7.35707
4,right,3.65,5.69497,7.19058
4,right,3.675,5.54812,7.47536
4,right,3.7,5.34079,7.20116
4,right,3.725,5.33189,7.3876
4,right,3.75,4.93898,7.52833
4,right,3.775,4.90303,7.43607
4,right,3.8,4.77132,7.73425
4,right,3.825,4.7001,7.73735
4,right,3.85,4.67543,7.80494
4,right,3.875,4.73573,7.85557
4,right,3.9,4.65789,7.90784
4,right,3.925,4.61529,7.91168
4,right,3.95,4.53036,7.94482
4,right,3.975,4.27746,7.88371
4,right,4.0,4.55149,8.02311
4,right,4.025,4.37099,7.95473
4,right,4.05,4.50803,7.77973
4,right,4.075,4.46407,7.87331
4,right,4.1,4.47054,7.82203
4,right,4.125,4.4738,7.56931
4,right,4.15,4.31296,7.77497
4,right,4.175,4.45492,7.42155
4,right,4.2,4.41378,7.50481
4,right,4.225,4.27103,7.16916
4,right,4.25,4.62467,7.32884
4,right,4.275,4.91168,7.33582
4,right,4.3,5.49474,7.11503
4,right,4.325,5.42932,7.26765
4,right,4.35,5.67602,7.03857
4,right,4.375,5.76921,7.35853
4,right,4.4,5.66881,7.25796
4,right,4.425,5.37313,7.52867
4,right,4.45,5.10941,7.45672
4,right,4.475,4.78814,7.59726
4,right,4.5,4.93784,7.51569
4,right,4.525,4.58982,7.7251
4,right,4.55,4.76178,7.71847
4,right,4.575,4.81155,7.73512
4,right,4.6,4.56262,7.81916
4,right,4.625,4.38613,7.91822
4,right,4.65,4.59878,7.90535
4,right,4.675,4.50413,8.18161
4,right,4.7,4.42018,8.01443
4,right,4.725,4.38583,8.00742
4,right,4.75,4.26537,7.94084
4,right,4.775,4.38291,7.89283
4,right,4.8,4.39711,7.60077
4,right,4.825,4.1683,7.65892
4,right,4.85,4.24022,7.50821
4,right,4.875,4.42321,7.62894
4,right,4.9,4.11255,7.45242
4,right,4.925,4.61115,7.2648
4,right,4.95,4.51381,7.36711
4,right,4.975,5.01284,7.35901
4,right,5.0,5.13962,7.13365
4,right,5.025,5.54909,7.31878
4,right,5.05,5.68874,7.23698
4,right,5.075,5.64571,7.19949
4,right,5.1,5.55601,7.25372
4,right,5.125,5.33586,7.43947
4,right,5.15,4.87574,7.40929
4,right,5.175,4.76872,7.5362
4,right,5.2,4.97413,7.61416
4,right,5.225,4.90218,7.65212
4,right,5.25,4.81242,7.74326
4,right,5.275,4.55765,7.79227
4,right,5.3,4.80204,8.03141
4,right,5.325,4.54933,8.01156
4,right,5.35,4.5527,8.06107
4,right,5.375,4.21952,7.9749
4,right,5.4,4.34887,8.07866
4,right,5.425,4.23726,7.80582
4,right,5.45,4.24811,7.97276
4,right,5.475,4.17586,7.74166
4,right,5.5,4.28105,7.86557
4,right,5.525,4.27013,7.76823
4,right,5.55,4.28016,7.57554
4,right,5.575,4.2637,7.40371
4,right,5.6,4.21645,7.35335
4,right,5.625,4.26635,7.31183
4,right,5.65,4.31334,6.99975
4,right,5.675,4.60785,7.43533
4,right,5.7,4.96602,7.07852
4,right,5.725,5.17847,7.27669
4,right,5.75,5.33541,7.28802
4,right,5.775,5.60444,7.34549
4,right,5.8,5.44705,7.37571
4,right,5.825,5.51905,7.46589
4,right,5.85,5.23646,7.44964
4,right,5.875,5.00221,7.3802
4,right,5.9,4.78587,7.66335
4,right,5.925,4.80825,7.59854
4,right,5.95,4.57421,7.76
4,right,5.975,4.51848,7.78358
4,right,6.0,4.42287,7.9766
4,right,6.025,4.57838,7.89923
4,right,6.05,4.37506,7.92624
4,right,6.075,4.35048,7.99757
4,right,6.1,4.20247,8.07799
4,right,6.125,4.44548,7.93611
4,right,6.15,4.12957,7.98471
4,right,6.175,4.14302,7.77105
4,right,6.2,4.27585,7.75412
4,right,6.225,4.2007,7.89034
4,right,6.25,4.24175,7.62909
4,right,6.275,4.30586,7.51687
4,right,6.3,4.0927,7.36307
4,right,6.325,4.26043,7.50188
4,right,6.35,4.20981,7.36028
4,right,6.375,4.75124,7.24672
4,right,6.4,4.71211,7.45041
4,right,6.425,4.99765,7.2899
4,right,6.45,5.56274,6.94543
4,right,6.475,5.33496,7.22641
4,right,6.5,5.53543,7.34868
4,right,6.525,5.46023,7.37896
4,right,6.55,5.32482,7.36749
4,right,6.575,4.78349,7.64251
4,right,6.6,4.86369,7.49613
4,right,6.625,4.54753,7.49989
4,right,6.65,4.69551,7.64703
4,right,6.675,4.6517,7.71315
4,right,6.7,4.75995,7.82438
4,right,6.725,4.35802,8.0116
4,right,6.75,4.40425,7.89235
4,right,6.775,4.19862,7.95693
4,right,6.8,4.2383,8.00227
4,right,6.825,3.98499,8.10365
4,right,6.85,4.10831,7.84571
4,right,6.875,4.17679,7.86243
4,right,6.9,4.08707,8.00102
4,right,6.925,4.19289,7.60773
4,right,6.95,4.03947,7.71218
4,right,6.975,4.27129,7.55313
4,right,7.0,4.09995,7.50796
4,right,7.025,4.22401,7.30381
4,right,7.05,4.33463,7.21404
4,right,7.075,4.43978,7.397
4,right,7.1,4.63166,7.21244
4,right,7.125,5.00198,7.42918
4,right,7.15,5.32975,7.04893
4,right,7.175,5.38038,7.19716
4,right,7.2,5.58957,7.29284
4,right,7.225,5.57949,7.2547
4,right,7.25,5.36901,7.42864
4,right,7.275,4.86194,7.35219
4,right,7.3,4.82697,7.62981
4,right,7.325,4.68711,7.62091
4,right,7.35,4.55907,7.61741
4,right,7.375,4.66884,7.83745
4,right,7.4,4.62561,7.78258
4,right,7.425,4.34393,7.93996
4,right,7.45,4.5303,7.94656
4,right,7.475,4.42387,8.04766
4,right,7.5,4.26683,8.12534
4,right,7.525,4.30899,8.08582
4,right,7.55,4.13337,7.98339
4,right,7.575,4.12307,8.06385
4,right,7.6,4.10386,7.80029
4,right,7.625,4.1306,7.8037
4,right,7.65,4.00631,7.70857
4,right,7.675,4.1738,7.55999
4,right,7.7,4.26168,7.4925
4,right,7.725,4.05838,7.46309
4,right,7.75,4.30202,7.31957
4,right,7.775,4.1859,7.37196
4,right,7.8,4.50808,7.13179
4,right,7.825,4.72652,7.13085
4,right,7.85,4.99458,7.11672
4,right,7.875,5.14628,7.0829
4,right,7.9,5.40848,7.43592
4,right,7.925,5.72993,7.27296
4,right,7.95,5.41672,7.19682
4,right,7.975,5.20038,7.41851
4,right,8.0,4.70428,7.51632
4,right,8.025,4.91547,7.62236
4,right,8.05,4.90918,7.77931
4,right,8.075,4.67898,7.72946
4,right,8.1,4.49789,7.79703
4,right,8.125,4.50098,7.9441
4,right,8.15,4.69175,8.06805
4,right,8.175,4.53615,7.9735
4,right,8.2,4.19071,7.86886
4,right,8.225,4.18844,7.91626
4,right,8.25,4.18052,7.88188
4,right,8.275,4.24531,7.80145
4,right,8.3,4.27449,7.80915
4,right,8.325,4.12323,7.85341
4,right,8.35,4.0126,7.79839
4,right,8.375,4.07722,7.72392
4,right,8.4,4.10573,7.53065
4,right,8.425,4.06925,7.50226
4,right,8.45,4.0109,7.4568
4,right,8.475,4.23479,7.15784
4,right,8.5,4.34185,7.14543
4,right,8.525,4.69152,7.25697
4,right,8.55,5.14324,7.26479
4,right,8.575,5.33611,7.25366
4,right,8.6,5.62931,7.18875
4,right,8.625,5.54156,7.31197
4,right,8.65,5.5555,7.37803
4,right,8.675,5.14449,7.34722
4,right,8.7,4.94755,7.57709
4,right,8.725,4.85459,7.81653
4,right,8.75,4.42188,7.73239
4,right,8.775,4.56815,7.61617
4,right,8.8,4.7811,7.81628
4,right,8.825,4.58019,8.03603
4,right,8.85,4.23434,8.09795
4,right,8.875,4.30871,7.91187
4,right,8.9,4.49949,8.02247
4,right,8.925,4.30315,7.93211
4,right,8.95,4.30293,7.92344
4,right,8.975,4.33234,7.90348
4,right,9.0,4.28909,7.80851
4,right,9.025,4.23181,7.6615
4,right,9.05,4.06807,7.68373
4,right,9.075,4.41804,7.60105
4,right,9.1,4.18103,7.41524
4,right,9.125,4.08387,7.4921
4,right,9.15,4.2086,7.37642
4,right,9.175,4.44411,7.29978
4,right,9.2,4.5254,7.14537
4,right,9.225,4.84739,7.14862
4,right,9.25,4.98643,7.25137
4,right,9.275,5.37912,7.23027
4,right,9.3,5.53502,7.20994
4,right,9.325,5.43982,7.08692
4,right,9.35,5.30446,7.23274
4,right,9.375,5.18101,7.36877
4,right,9.4,4.9379,7.59641
4,right,9.425,4.7029,7.52627
4,right,9.45,4.91174,7.49397
4,right,9.475,4.69348,7.76179
4,right,9.5,4.69153,7.84869
4,right,9.525,4.59084,7.95414
4,right,9.55,4.50318,7.9516
4,right,9.575,4.54617,7.89204
4,right,9.6,4.57732,8.04433
4,right,9.625,4.3924,7.90887
4,right,9.65,4.55628,8.26572
4,right,9.675,4.01133,7.924
4,right,9.7,4.28252,7.78573
4,right,9.725,4.34086,7.85208
4,right,9.75,4.2565,7.69266
4,right,9.775,4.44976,7.74313
4,right,9.8,4.06741,7.484
4,right,9.825,4.24515,7.49402
4,right,9.85,4.23225,7.28383
4,right,9.875,4.57334,7.2281
4,right,9.9,4.46499,7.32718
4,right,9.925,5.11239,7.04797
4,right,9.95,5.38786,7.38606
4,right,9.975,5.56461,7.36214
4,right,10.0,5.54483,7.37054
4,right,10.025,5.60345,7.33012
4,right,10.05,5.50134,7.16136
4,right,10.075,5.15605,7.39251
4,right,10.1,5.09134,7.5016
4,right,10.125,4.66239,7.57368
4,right,10.15,4.94576,7.69267
4,right,10.175,4.78268,7.60455
4,right,10.2,4.66673,7.92143
4,right,10.225,4.69508,7.95114
4,right,10.25,4.59319,7.98587
4,right,10.275,4.53385,7.91082
4,right,10.3,4.59489,7.97861
4,right,10.325,4.51558,8.0947
4,right,10.35,4.61701,7.85924
4,right,10.375,4.45097,8.00366
4,right,10.4,4.28838,7.83076
4,right,10.425,4.35999,7.7724
4,right,10.45,4.36009,7.77888
4,right,10.475,4.40985,7.81769
4,right,10.5,4.20841,7.53005
4,right,10.525,4.33088,7.50147
4,right,10.55,4.40468,7.30842
4,right,10.575,4.15721,7.45839
4,right,10.6,4.43388,7.20163
4,right,10.625,4.62357,7.27353
4,right,10.65,5.28553,7.20893
4,right,10.675,5.56856,7.35307
4,right,10.7,5.83187,7.2734
4,right,10.725,5.76163,7.31551
4,right,10.75,5.54529,7.35789
4,right,10.775,5.26937,7.35313
4,right,10.8,5.06909,7.45191
4,right,10.825,4.92674,7.43894
4,right,10.85,4.89638,7.72541
4,right,10.875,4.89503,7.62214
4,right,10.9,4.68685,7.91065
4,right,10.925,4.64237,7.81427
4,right,10.95,4.66163,7.79082
4,right,10.975,4.71284,7.90056
4,right,11.0,4.5794,7.89224
4,right,11.025,4.49326,7.98386
4,right,11.05,4.58477,7.94975
4,right,11.075,4.54351,7.97785
4,right,11.1,4.59364,7.89337
4,right,11.125,4.22786,7.89468
4,right,11.15,4.44031,7.58352
4,right,11.175,4.46363,7.62863
4,right,11.2,4.24831,7.62757
4,right,11.225,4.41435,7.50275
4,right,11.25,4.26827,7.38173
4,right,11.275,4.50675,7.33337
4,right,11.3,4.56348,7.37941
4,right,11.325,4.86496,7.33271
4,right,11.35,5.16896,7.11331
4,right,11.375,5.17533,7.18813
4,right,11.4,5.67652,7.14369
4,right,11.425,5.83575,7.28168
4,right,11.45,5.77088,7.39463
4,right,11.475,5.59487,7.48963
4,right,11.5,5.26111,7.26302
4,right,11.525,5.30272,7.46502
4,right,11.55,4.93114,7.63072
4,right,11.575,4.76966,7.52864
4,right,11.6,4.85471,7.59881
4,right,11.625,4.81636,7.83474
4,right,11.65,4.90125,7.68023
4,right,11.675,4.71154,7.95391
4,right,11.7,4.61717,7.98282
4,right,11.725,4.45814,8.09688
4,right,11.75,4.71084,8.00443
4,right,11.775,4.42804,7.74197
4,right,11.8,4.42453,8.07949
4,right,11.825,4.47648,7.7979
4,right,11.85,4.58215,7.78542
4,right,11.875,4.27687,7.76364
4,right,11.9,4.3187,7.60114
4,right,11.925,4.37873,7.49245
4,right,11.95,4.42306,7.35081
4,right,11.975,4.39749,7.53768
4,right,12.0,4.43263,7.1955
4,right,12.025,4.89787,7.19371
4,right,12.05,4.94562,7.30909
4,right,12.075,5.37186,7.1663
4,right,12.1,5.59306,7.0841
4,right,12.125,5.887,7.19922
4,right,12.15,5.91295,7.13465
4,right,12.175,5.77686,7.30913
4,right,12.2,5.42611,7.36627
4,right,12.225,5.0104,7.44946
4,right,12.25,5.23846,7.74948
4,right,12.275,4.93415,7.63815
4,right,12.3,4.9683,7.70394
4,right,12.325,4.89749,7.81921
4,right,12.35,4.67467,7.90996
4,right,12.375,4.72771,7.82962
4,right,12.4,4.56045,7.99958
4,right,12.425,4.45771,7.979
4,right,12.45,4.41722,7.97822
4,right,12.475,4.45426,7.97377
4,right,12.5,4.3584,7.89332
4,right,12.525,4.37404,7.80725
4,right,12.55,4.50038,7.85532
4,right,12.575,4.473,7.69538
4,right,12.6,4.42013,7.55104
4,right,12.625,4.47048,7.61024
4,right,12.65,4.34929,7.44994
4,right,12.675,4.50881,7.43174
4,right,12.7,4.72472,7.37884
4,right,12.725,4.76564,7.10425
4,right,12.75,5.12237,7.21831
4,right,12.775,5.60705,7.19055
4,right,12.8,5.83854,7.28649
4,right,12.825,5.68979,7.10361
4,right,12.85,5.74082,7.11123
4,right,12.875,5.64723,7.42561
4,right,12.9,5.31595,7.55517
4,right,12.925,5.19185,7.58899
4,right,12.95,4.95276,7.59117
4,right,12.975,4.81068,7.58296
4,right,13.0,4.95844,7.76452
4,right,13.025,4.79493,7.80064
4,right,13.05,4.9515,7.83053
4,right,13.075,4.67493,8.12657
4,right,13.1,4.6078,7.9631
4,right,13.125,4.62306,8.12092
4,right,13.15,4.27421,7.95749
4,right,13.175,4.56477,7.94214
4,right,13.2,4.63622,8.05332
4,right,13.225,4.54568,7.95453
4,right,13.25,4.53841,7.82717
4,right,13.275,4.38232,7.80069
4,right,13.3,4.59637,7.53061
4,right,13.325,4.53723,7.5868
4,right,13.35,4.41444,7.48956
4,right,13.375,4.29289,7.48594
4,right,13.4,4.49541,7.41643
4,right,13.425,4.65094,7.19741
4,right,13.45,5.01949,7.12674
4,right,13.475,5.2342,7.35075
4,right,13.5,5.52095,7.08706
4,right,13.525,5.69969,7.36717
4,right,13.55,5.71781,7.19784
4,right,13.575,5.74566,7.26726
4,right,13.6,5.2835,7.41634
4,right,13.625,5.29966,7.33712
4,right,13.65,4.8732,7.6505
4,right,13.675,4.89552,7.56773
4,right,13.7,4.78814,7.71324
4,right,13.725,4.66809,7.74473
4,right,13.75,4.83373,7.883
4,right,13.775,4.85957,7.78249
4,right,13.8,4.46375,7.76074
4,right,13.825,4.567,7.86681
4,right,13.85,4.36708,7.91914
4,right,13.875,4.46904,7.87472
4,right,13.9,4.31198,8.0545
4,right,13.925,4.4632,7.9684
4,right,13.95,4.30636,7.83994
4,right,13.975,4.43664,7.73352
4,right,14.0,4.36119,7.75711
4,right,14.025,4.22446,7.57993
4,right,14.05,4.34908,7.63746
4,right,14.075,4.40488,7.45859
4,right,14.1,4.37268,7.41935
4,right,14.125,4.70343,7.32395
4,right,14.15,4.97337,7.33189
4,right,14.175,5.23979,7.27876
4,right,14.2,5.66789,7.04381
4,right,14.225,5.5629,7.26514
4,right,14.25,5.64778,7.48721
4,right,14.275,5.33947,7.39466
4,right,14.3,5.3491,7.34507
4,right,14.325,4.97909,7.48994
4,right,14.35,4.82239,7.50677
4,right,14.375,4.89421,7.53292
4,right,14.4,4.5991,7.5646
4,right,14.425,4.72561,7.67411
4,right,14.45,4.85643,7.81747
4,right,14.475,4.5883,7.83028
4,right,14.5,4.68287,7.99205
4,right,14.525,4.7283,8.01625
4,right,14.55,4.64475,8.3461
4,right,14.575,4.21318,7.91894
4,right,14.6,4.22689,8.05148
4,right,14.625,4.3058,7.98461
4,right,14.65,4.16979,7.77534
4,right,14.675,4.54389,7.76804
4,right,14.7,4.43757,7.77925
4,right,14.725,4.35444,7.58583
4,right,14.75,4.20667,7.53432
4,right,14.775,4.25466,7.60807
4,right,14.8,4.47969,7.3523
4,right,14.825,4.42051,7.39147
4,right,14.85,4.70865,7.31431
4,right,14.875,5.00792,7.23686
4,right,14.9,5.38662,7.1117
4,right,14.925,5.72662,7.07966
4,right,14.95,5.60148,7.14908
4,right,14.975,5.83738,7.16158
5,left,0.0,4.94457,7.22267
5,left,0.025,4.93708,7.36863
5,left,0.05,5.28731,7.22961
5,left,0.075,5.76905,7.53513
5,left,0.1,6.33958,7.45556
5,left,0.125,6.20757,7.46705
5,left,0.15,5.94111,7.89786
5,left,0.175,6.11698,7.67077
5,left,0.2,5.72383,7.77463
5,left,0.225,5.44922,7.89104
5,left,0.25,5.72641,7.8825
5,left,0.275,5.1079,7.78861
5,left,0.3,5.36879,7.94597
5,left,0.325,5.03104,7.92494
5,left,0.35,5.12099,7.84611
5,left,0.375,5.07099,8.23874
5,left,0.4,5.12827,8.09385
5,left,0.425,4.81824,7.89036
5,left,0.45,4.84213,7.64463
5,left,0.475,4.74334,7.55739
5,left,0.5,4.96497,7.57945
5,left,0.525,4.75237,7.46106
5,left,0.55,4.79272,7.46056
5,left,0.575,4.81311,7.29581
5,left,0.6,4.99885,7.32906
5,left,0.625,5.13338,6.95921
5,left,0.65,4.97493,7.39023
5,left,0.675,4.91646,7.35209
5,left,0.7,4.72166,7.19923
5,left,0.725,4.95034,7.48485
5,left,0.75,5.346,7.28744
5,left,0.775,5.69974,7.30217
5,left,0.8,5.62881,7.31508
5,left,0.825,6.40725,7.44557
5,left,0.85,6.47041,7.81497
5,left,0.875,5.99205,7.68783
5,left,0.9,6.19124,7.86728
5,left,0.925,6.20952,7.62751
5,left,0.95,5.79864,7.79481
5,left,0.975,5.553,7.921
5,left,1.0,5.23838,8.09418
5,left,1.025,5.8163,8.07406
5,left,1.05,5.50719,7.9687
5,left,1.075,5.24863,7.95061
5,left,1.1,5.48142,7.81781
5,left,1.125,5.16105,7.87548
5,left,1.15,5.25671,7.678
5,left,1.175,5.1447,7.79481
5,left,1.2,4.93893,7.7151
5,left,1.225,5.10246,7.48955
5,left,1.25,4.88998,7.48007
5,left,1.275,5.10493,7.48812
5,left,1.3,5.01882,7.32261
5,left,1.325,4.91785,7.28904
5,left,1.35,4.96685,7.31137
5,left,1.375,5.08735,7.10126
5,left,1.4,4.87719,7.33236
5,left,1.425,5.10639,7.05011
5,left,1.45,5.09273,7.45187
5,left,1.475,5.19855,7.26277
5,left,1.5,5.53537,7.3387
5,left,1.525,6.16393,7.36233
5,left,1.55,6.52341,7.39916
5,left,1.575,6.19135,7.81335
5,left,1.6,6.31581,7.81924
5,left,1.625,6.25346,7.85687
5,left,1.65,6.06834,7.93858
5,left,1.675,5.75251,7.96307
5,left,1.7,5.36706,7.93087
5,left,1.725,5.38797,7.59587
5,left,1.75,5.53902,8.08983
5,left,1.775,5.52051,7.91299
5,left,1.8,4.97635,7.97434
5,left,1.825,5.22831,8.11684
5,left,1.85,5.34856,7.83747
5,left,1.875,5.13894,7.62007
5,left,1.9,5.14812,7.52111
5,left,1.925,4.87812,7.52806
5,left,1.95,4.95884,7.32852
5,left,1.975,5.14375,7.37343
5,left,2.0,5.11951,7.21264
5,left,2.025,5.37823,7.28614
5,left,2.05,5.04727,7.2576
5,left,2.075,4.59984,7.26994
5,left,2.1,4.63445,7.1833
5,left,2.125,5.57655,7.12126
5,left,2.15,5.2008,7.30811
5,left,2.175,5.0809,7.2978
5,left,2.2,5.55494,7.25802
5,left,2.225,5.73252,7.56244
5,left,2.25,6.04173,7.50746
5,left,2.275,6.4948,7.80893
5,left,2.3,6.6678,7.65436
5,left,2.325,6.20912,7.71266
5,left,2.35,5.58067,7.94836
5,left,2.375,5.43566,7.99498
5,left,2.4,5.56297,8.08638
5,left,2.425,5.5796,7.93294
5,left,2.45,5.45747,8.0565
5,left,2.475,5.51924,7.92606
5,left,2.5,5.1203,8.1986
5,left,2.525,5.53695,7.83729
5,left,2.55,5.14088,7.8254
5,left,2.575,5.03331,7.72989
5,left,2.6,4.90163,7.60815
5,left,2.625,5.2198,7.64853
5,left,2.65,5.3534,7.50056
5,left,2.675,4.9216,7.49763
5,left,2.7,4.99736,7.35375
5,left,2.725,5.10762,7.2134
5,left,2.75,5.15283,7.17877
5,left,2.775,4.66108,7.14065
5,left,2.8,5.02811,7.04228
5,left,2.825,5.06675,7.32785
5,left,2.85,5.38391,7.21813
5,left,2.875,5.4179,7.25453
5,left,2.9,5.70851,7.24728
5,left,2.925,6.11339,7.37954
5,left,2.95,6.8709,7.36059
5,left,2.975,6.60422,7.57509
5,left,3.0,6.33337,7.72335
5,left,3.025,6.33182,7.68994
5,left,3.05,5.85129,7.91528
5,left,3.075,5.73464,8.14996
5,left,3.1,5.69621,7.89989
5,left,3.125,5.44961,7.81419
5,left,3.15,5.05286,7.95464
5,left,3.175,5.31015,7.95157
5,left,3.2,5.1532,7.90918
5,left,3.225,5.188,7.72823
5,left,3.25,5.21846,7.80613
5,left,3.275,4.92776,7.87297
5,left,3.3,5.53311,7.69144
5,left,3.325,4.79098,7.71626
5,left,3.35,5.2386,7.40212
5,left,3.375,4.86213,7.45663
5,left,3.4,5.024,7.25962
5,left,3.425,4.76369,7.16153
5,left,3.45,5.25553,7.29922
5,left,3.475,5.15496,7.28492
5,left,3.5,5.14408,7.29458
5,left,3.525,4.82099,7.40452
5,left,3.55,4.92754,7.23997
5,left,3.575,5.32788,7.39732
5,left,3.6,5.68202,7.28719
5,left,3.625,5.85363,7.4027
5,left,3.65,6.01042,7.42166
5,left,3.675,6.11154,7.70237
5,left,3.7,6.37913,7.56379
5,left,3.725,5.94598,7.78367
5,left,3.75,5.78325,7.79363
5,left,3.775,5.8163,7.80131
5,left,3.8,5.6028,7.86669
5,left,3.825,5.44152,8.07593
5,left,3.85,5.21416,7.93806
5,left,3.875,5.89152,8.07169
5,left,3.9,5.23633,7.97453
5,left,3.925,5.39977,7.78423
5,left,3.95,5.33907,7.78653
5,left,3.975,4.71684,7.69554
5,left,4.0,5.32214,7.73019
5,left,4.025,5.39364,7.6688
5,left,4.05,4.74759,7.53277
5,left,4.075,4.78008,7.23057
5,left,4.1,5.05797,7.26885
5,left,4.125,4.88954,7.54377
5,left,4.15,5.02648,7.20046
5,left,4.175,5.2413,7.23489
5,left,4.2,4.8619,7.2942
5,left,4.225,5.05177,7.27907
5,left,4.25,4.33613,7.1668
5,left,4.275,4.7597,7.42983
5,left,4.3,5.03946,7.18337
5,left,4.325,5.76355,7.5041
5,left,4.35,5.42742,7.45215
5,left,4.375,6.14428,7.58721
5,left,4.4,6.25449,7.76596
5,left,4.425,6.48115,7.66931
5,left,4.45,6.07274,7.88657
5,left,4.475,5.8555,7.90259
5,left,4.5,6.06147,8.11617
5,left,4.525,5.56597,7.99196
5,left,4.55,5.22334,8.0038
5,left,4.575,5.15095,7.90911
5,left,4.6,5.36362,8.1081
5,left,4.625,5.30728,8.03393
5,left,4.65,5.20189,7.91263
5,left,4.675,4.8602,7.9493
5,left,4.7,5.0313,7.82109
5,left,4.725,5.28744,7.64977
5,left,4.75,5.09032,7.36861
5,left,4.775,4.91036,7.47192
5,left,4.8,4.48281,7.41683
5,left,4.825,4.54313,7.49054
5,left,4.85,4.83453,7.30457
5,left,4.875,4.74787,7.06526
5,left,4.9,5.04315,7.05431
5,left,4.925,4.94102,7.21744
5,left,4.95,5.02587,7.09233
5,left,4.975,4.90753,7.35491
5,left,5.0,5.07106,7.41781
5,left,5.025,5.04985,7.32456
5,left,5.05,5.92742,7.56831
5,left,5.075,5.91085,7.72594
5,left,5.1,5.97116,7.57695
5,left,5.125,5.84683,7.76891
5,left,5.15,5.82762,7.85801
5,left,5.175,5.72174,7.93554
5,left,5.2,6.00066,8.04761
5,left,5.225,5.3571,7.92307
5,left,5.25,5.30273,8.15905
5,left,5.275,5.29846,8.06642
5,left,5.3,5.2772,7.77078
5,left,5.325,5.06464,8.04279
5,left,5.35,4.8707,7.90949
5,left,5.375,4.86908,7.79092
5,left,5.4,5.0335,7.60753
5,left,5.425,5.03057,7.56288
5,left,5.45,4.74067,7.54681
5,left,5.475,4.81208,7.57438
5,left,5.5,4.49157,7.35417
5,left,5.525,4.72668,7.36853
5,left,5.55,4.72334,7.23503
5,left,5.575,4.65601,7.11758
5,left,5.6,4.884,7.20947
5,left,5.625,4.6128,7.30582
5,left,5.65,5.12207,7.19359
5,left,5.675,4.42781,7.17773
5,left,5.7,5.08407,7.26682
5,left,5.725,5.12368,7.46919
5,left,5.75,5.2746,7.56483
5,left,5.775,5.67513,7.60829
5,left,5.8,6.02292,7.57511
5,left,5.825,5.91968,7.62795
5,left,5.85,6.07384,7.83131
5,left,5.875,6.07061,7.97793
5,left,5.9,5.71341,7.98646
5,left,5.925,5.32085,7.79376
5,left,5.95,5.54422,8.06002
5,left,5.975,5.01075,7.93881
5,left,6.0,5.11165,8.07252
5,left,6.025,4.96442,7.91191
5,left,6.05,4.95519,7.83488
5,left,6.075,4.90895,7.79605
5,left,6.1,4.8437,7.74231
5,left,6.125,4.81097,7.6726
5,left,6.15,4.73022,7.86006
5,left,6.175,4.60921,7.53223
5,left,6.2,4.90337,7.47953
5,left,6.225,4.73406,7.42267
5,left,6.25,5.06504,7.34993
5,left,6.275,5.04966,7.1721
5,left,6.3,4.64515,7.30753
5,left,6.325,4.69771,7.14388
5,left,6.35,4.67202,7.22487
5,left,6.375,4.54864,7.36342
5,left,6.4,4.5411,7.16168
5,left,6.425,5.14196,7.39937
5,left,6.45,5.0521,7.47749
5,left,6.475,5.66961,7.55873
5,left,6.5,5.59142,7.59605
5,left,6.525,5.89852,7.65208
5,left,6.55,6.18822,7.78006
5,left,6.575,5.82784,7.68792
5,left,6.6,5.68201,8.01281
5,left,6.625,5.27233,8.10708
5,left,6.65,5.38076,7.86568
5,left,6.675,5.00946,8.20395
5,left,6.7,5.30154,8.07136
5,left,6.725,5.2359,7.75949
5,left,6.75,5.08199,7.95956
5,left,6.775,5.18915,7.84365
5,left,6.8,4.97124,7.94447
5,left,6.825,4.81,7.7664
5,left,6.85,4.90275,7.6549
5,left,6.875,5.02884,7.64349
5,left,6.9,4.67178,7.22568
5,left,6.925,4.37422,7.34224
5,left,6.95,4.84146,7.27246
5,left,6.975,4.70483,7.19721
5,left,7.0,4.42905,7.12077
5,left,7.025,4.8425,7.11239
5,left,7.05,4.90839,7.12593
5,left,7.075,4.85315,7.21251
5,left,7.1,4.72867,7.36749
5,left,7.125,4.96122,7.18743
5,left,7.15,5.13535,7.28904
5,left,7.175,5.347,7.45776
5,left,7.2,5.69575,7.54173
5,left,7.225,5.79068,7.72938
5,left,7.25,5.83774,7.71636
5,left,7.275,6.01025,7.72111
5,left,7.3,5.87037,8.00822
5,left,7.325,5.43927,7.90913
5,left,7.35,5.35784,8.3004
5,left,7.375,5.28128,7.94259
5,left,7.4,5.41539,7.97451
5,left,7.425,5.00394,7.91875
5,left,7.45,4.77627,7.89806
5,left,7.475,5.33616,7.92956
5,left,7.5,4.90109,7.98441
5,left,7.525,4.76532,7.64207
5,left,7.55,4.51953,7.63444
5,left,7.575,4.67605,7.55162
5,left,7.6,4.99355,7.38997
5,left,7.625,4.69308,7.16661
5,left,7.65,4.62157,7.1326
5,left,7.675,4.82941,7.34171
5,left,7.7,4.21586,7.15259
5,left,7.725,4.74727,7.3793
5,left,7.75,4.4957,7.20525
5,left,7.775,4.60029,7.23256
5,left,7.8,4.53316,7.21371
5,left,7.825,4.49366,7.35857
5,left,7.85,5.2373,7.32659
5,left,7.875,4.9528,7.74434
5,left,7.9,5.35563,7.4876
5,left,7.925,5.61603,7.50944
5,left,7.95,6.05541,7.8419
5,left,7.975,5.88296,7.80139
5,left,8.0,5.91262,7.8719
5,left,8.025,5.48411,8.10281
5,left,8.05,5.69111,7.93283
5,left,8.075,4.85541,8.09752
5,left,8.1,5.30276,7.79463
5,left,8.125,5.2685,8.10575
5,left,8.15,5.1223,7.90769
5,left,8.175,4.94168,8.03671
5,left,8.2,4.91185,7.79703
5,left,8.225,5.22661,7.65757
5,left,8.25,4.98385,7.87151
5,left,8.275,4.89874,7.5278
5,left,8.3,4.68271,7.67341
5,left,8.325,4.93698,7.28819
5,left,8.35,4.51367,7.22168
5,left,8.375,4.80267,7.26364
5,left,8.4,4.88222,7.27873
5,left,8.425,4.83304,7.21527
5,left,8.45,5.0714,7.17983
5,left,8.475,4.87642,7.35823
5,left,8.5,4.74004,7.06372
5,left,8.525,4.69717,7.2662
5,left,8.55,4.68427,7.36532
5,left,8.575,5.27706,7.54516
5,left,8.6,5.17398,7.52577
5,left,8.625,5.7055,7.44468
5,left,8.65,6.00796,7.91944
5,left,8.675,6.23,7.73153
5,left,8.7,6.06466,7.6979
5,left,8.725,5.91842,7.96727
5,left,8.75,5.64039,8.11552
5,left,8.775,5.30462,7.93886
5,left,8.8,5.19369,8.0808
5,left,8.825,5.28286,8.17935
5,left,8.85,4.69593,7.9529
5,left,8.875,5.141,7.81156
5,left,8.9,5.08843,7.74201
5,left,8.925,4.93811,7.71924
5,left,8.95,5.42158,7.65126
5,left,8.975,5.00977,7.48542
5,left,9.0,4.70709,7.44429
5,left,9.025,4.74445,7.36918
5,left,9.05,4.89442,7.39518
5,left,9.075,4.85275,7.30141
5,left,9.1,4.81887,7.25668
5,left,9.125,4.91761,7.12399
5,left,9.15,4.74136,7.23398
5,left,9.175,4.88772,7.09004
5,left,9.2,4.81541,7.25768
5,left,9.225,4.41698,7.40482
5,left,9.25,4.9739,7.35078
5,left,9.275,5.31297,7.35946
5,left,9.3,5.5409,7.65298
5,left,9.325,5.77022,7.56546
5,left,9.35,6.13698,7.80829
5,left,9.375,5.70098,7.78452
5,left,9.4,5.83569,7.87016
5,left,9.425,5.63484,7.78612
5,left,9.45,5.26673,7.97036
5,left,9.475,4.99408,7.83962
5,left,9.5,5.17461,8.18351
5,left,9.525,5.33086,8.0875
5,left,9.55,5.36677,7.95345
5,left,9.575,5.46587,7.9767
5,left,9.6,5.53748,7.89418
5,left,9.625,5.273,7.86707
5,left,9.65,5.02066,7.77328
5,left,9.675,4.47279,7.45958
5,left,9.7,4.87424,7.23589
5,left,9.725,4.87666,7.2827
5,left,9.75,4.76501,7.58993
5,left,9.775,4.43831,7.26726
5,left,9.8,4.96579,7.36404
5,left,9.825,4.64529,7.22604
5,left,9.85,4.60278,7.20439
5,left,9.875,4.92553,7.26163
5,left,9.9,5.02533,7.39814
5,left,9.925,4.76869,7.34327
5,left,9.95,5.36132,7.3293
5,left,9.975,5.45068,7.25201
5,left,10.0,5.53605,7.62762
5,left,10.025,6.05321,7.44308
5,left,10.05,5.88384,7.71133
5,left,10.075,6.35695,7.69701
5,left,10.1,6.01477,7.87625
5,left,10.125,5.99238,7.84334
5,left,10.15,5.79322,7.97338
5,left,10.175,5.48811,8.01775
5,left,10.2,5.22931,8.03147
5,left,10.225,5.24015,8.11247
5,left,10.25,5.53242,7.84723
5,left,10.275,5.08168,7.87083
5,left,10.3,5.20839,7.84294
5,left,10.325,4.88763,7.80123
5,left,10.35,5.04631,7.74427
5,left,10.375,4.7064,7.61247
5,left,10.4,4.9836,7.69477
5,left,10.425,4.90024,7.38135
5,left,10.45,4.85858,7.35213
5,left,10.475,5.3022,7.17897
5,left,10.5,5.19189,7.38368
5,left,10.525,4.89583,7.096
5,left,10.55,5.17785,7.30835
5,left,10.575,4.88703,7.19224
5,left,10.6,4.73646,7.2458
5,left,10.625,4.72105,7.26021
5,left,10.65,5.66896,7.25896
5,left,10.675,5.50304,7.34225
5,left,10.7,5.6979,7.57745
5,left,10.725,5.54844,7.64852
5,left,10.75,6.36515,7.76152
5,left,10.775,6.03349,7.80563
5,left,10.8,6.40985,7.74871
5,left,10.825,5.83505,7.85017
5,left,10.85,5.60712,7.92694
5,left,10.875,5.22677,7.99302
5,left,10.9,5.47675,7.9538
5,left,10.925,5.49651,8.08633
5,left,10.95,5.42716,8.01952
5,left,10.975,5.61161,7.91845
5,left,11.0,5.41392,7.81725
5,left,11.025,5.25446,8.01613
5,left,11.05,5.04208,7.8173
5,left,11.075,5.16895,7.4436
5,left,11.1,4.89636,7.59606
5,left,11.125,5.21067,7.51112
5,left,11.15,4.99923,7.33992
5,left,11.175,5.25375,7.37472
5,left,11.2,4.98505,7.31146
5,left,11.225,4.99115,7.21459
5,left,11.25,4.76686,7.19445
5,left,11.275,4.74771,7.37527
5,left,11.3,4.98789,7.16413
5,left,11.325,4.7178,7.11077
5,left,11.35,4.88805,7.30166
5,left,11.375,4.73839,7.26814
5,left,11.4,5.37553,7.46414
5,left,11.425,6.11069,7.58873
5,left,11.45,6.25191,7.51514
5,left,11.475,6.39046,7.52614
5,left,11.5,6.76253,7.73858
5,left,11.525,6.40628,7.84294
5,left,11.55,5.87195,7.96045
5,left,11.575,5.76683,7.99229
5,left,11.6,5.6539,7.9391
5,left,11.625,5.37211,7.94804
5,left,11.65,5.22822,8.09945
5,left,11.675,5.41239,7.93157
5,left,11.7,5.37129,8.19037
5,left,11.725,5.42475,8.00238
5,left,11.75,5.20234,7.88674
5,left,11.775,5.2873,7.8004
5,left,11.8,5.04675,7.63855
5,left,11.825,5.13248,7.62165
5,left,11.85,4.90592,7.23
5,left,11.875,4.87075,7.37133
5,left,11.9,5.00346,7.36633
5,left,11.925,4.42705,7.2989
5,left,11.95,4.94874,7.10404
5,left,11.975,5.01003,7.22379
5,left,12.0,5.18909,7.39631
5,left,12.025,4.74911,7.16259
5,left,12.05,5.23634,7.14073
5,left,12.075,5.51758,7.38899
5,left,12.1,5.30863,7.58809
5,left,12.125,5.71917,7.61395
5,left,12.15,6.26883,7.61476
5,left,12.175,6.25896,7.75653
5,left,12.2,6.41458,8.00108
5,left,12.225,6.45553,7.82915
5,left,12.25,5.78625,8.07233
5,left,12.275,5.64123,8.01923
5,left,12.3,5.75013,8.18135
5,left,12.325,5.52591,8.07201
5,left,12.35,5.67713,7.79899
5,left,12.375,5.62124,7.86571
5,left,12.4,5.19167,7.97933
5,left,12.425,5.41649,8.08883
5,left,12.45,5.32659,7.83464
5,left,12.475,5.16647,7.58726
5,left,12.5,5.28202,7.49207
5,left,12.525,5.55698,7.57538
5,left,12.55,5.07437,7.63824
5,left,12.575,4.6256,7.33389
5,left,12.6,5.13609,7.25043
5,left,12.625,4.83944,7.46866
5,left,12.65,5.14364,7.22273
5,left,12.675,4.56819,7.10615
5,left,12.7,4.91177,7.16464
5,left,12.725,5.17898,7.30126
5,left,12.75,5.08575,7.21061
5,left,12.775,5.12137,7.5716
5,left,12.8,5.45592,7.35519
5,left,12.825,6.28965,7.63618
5,left,12.85,6.42328,7.65693
5,left,12.875,6.63929,7.74539
5,left,12.9,6.38401,7.79779
5,left,12.925,5.93776,7.93444
5,left,12.95,6.07442,7.84471
5,left,12.975,5.55473,7.72142
5,left,13.0,6.01444,8.03305
5,left,13.025,5.42801,7.90574
5,left,13.05,5.74968,7.82982
5,left,13.075,5.60746,7.92916
5,left,13.1,5.35631,7.97031
5,left,13.125,5.23069,7.86138
5,left,13.15,5.64742,7.90407
5,left,13.175,4.75813,7.727
5,left,13.2,4.84039,7.60318
5,left,13.225,4.99951,7.57467
5,left,13.25,4.85927,7.34493
5,left,13.275,5.2026,7.23196
5,left,13.3,5.17999,7.28227
5,left,13.325,4.94854,7.13376
5,left,13.35,4.91114,7.3164
5,left,13.375,4.79298,7.15479
5,left,13.4,5.29123,7.10401
5,left,13.425,4.93998,7.28946
5,left,13.45,5.23269,7.43361
5,left,13.475,5.66371,7.26101
5,left,13.5,5.93475,7.51539
5,left,13.525,5.77639,7.43191
5,left,13.55,6.72554,7.55918
5,left,13.575,6.15112,7.69048
5,left,13.6,6.1398,7.68714
5,left,13.625,6.01078,7.77791
5,left,13.65,5.56753,7.84644
5,left,13.675,5.68809,7.73654
5,left,13.7,5.93414,7.87389
5,left,13.725,5.72707,7.9706
5,left,13.75,5.55041,8.01672
5,left,13.775,5.63692,7.99501
5,left,13.8,5.21185,7.91556
5,left,13.825,5.32027,7.68479
5,left,13.85,4.86696,7.78854
5,left,13.875,4.97286,7.77681
5,left,13.9,5.17799,7.61632
5,left,13.925,5.27001,7.57474
5,left,13.95,4.9517,7.3537
5,left,13.975,4.74005,7.38439
5,left,14.0,4.87894,7.29887
5,left,14.025,4.71457,7.46845
5,left,14.05,4.91802,7.14233
5,left,14.075,4.58787,7.10251
5,left,14.1,4.7403,7.13758
5,left,14.125,4.63898,7.1664
5,left,14.15,5.31688,7.34917
5,left,14.175,5.11454,7.47735
5,left,14.2,5.62883,7.35446
5,left,14.225,6.15813,7.50712
5,left,14.25,6.22206,7.41733
5,left,14.275,6.08317,7.57793
5,left,14.3,6.03772,7.81125
5,left,14.325,6.11228,7.74292
5,left,14.35,5.93304,7.99793
5,left,14.375,5.91385,8.08354
5,left,14.4,5.28694,7.96135
5,left,14.425,5.34072,8.04915
5,left,14.45,5.34975,8.07099
5,left,14.475,5.47134,7.91212
5,left,14.5,5.35907,7.91033
5,left,14.525,5.05684,7.86177
5,left,14.55,5.33403,7.63085
5,left,14.575,4.8934,7.74239
5,left,14.6,4.79358,7.70607
5,left,14.625,5.03159,7.69581
5,left,14.65,4.97702,7.50843
5,left,14.675,5.20604,7.40012
5,left,14.7,4.66069,7.61692
5,left,14.725,4.78917,7.33394
5,left,14.75,4.85348,7.38246
5,left,14.775,4.92656,7.17427
5,left,14.8,5.12446,7.02161
5,left,14.825,4.96983,7.13623
5,left,14.85,5.13615,7.17066
5,left,14.875,5.32008,7.18724
5,left,14.9,5.33325,7.32081
5,left,14.925,5.92601,7.55352
5,left,14.95,6.10859,7.31478
5,left,14.975,6.0982,7.61961
5,right,0.0,4.77353,7.2547
5,right,0.025,4.81595,7.35591
5,right,0.05,5.19756,7.26588
5,right,0.075,5.39,7.26684
5,right,0.1,5.60287,7.44386
5,right,0.125,5.74936,7.53673
5,right,0.15,5.84545,7.62903
5,right,0.175,5.79106,7.66777
5,right,0.2,5.42734,7.88519
5,right,0.225,5.17309,7.80449
5,right,0.25,5.19697,7.92225
5,right,0.275,4.89248,7.87095
5,right,0.3,5.06829,8.04006
5,right,0.325,4.8564,8.06454
5,right,0.35,4.86556,7.90684
5,right,0.375,4.92559,7.91725
5,right,0.4,4.69021,7.82854
5,right,0.425,4.78387,7.86076
5,right,0.45,4.79783,7.62964
5,right,0.475,4.58066,7.71943
5,right,0.5,4.6498,7.68734
5,right,0.525,4.51513,7.49298
5,right,0.55,4.50442,7.39011
5,right,0.575,4.54142,7.26281
5,right,0.6,4.57838,7.06104
5,right,0.625,4.45705,7.29798
5,right,0.65,4.59487,7.23893
5,right,0.675,4.5325,7.17102
5,right,0.7,4.54182,7.13839
5,right,0.725,4.81543,7.30769
5,right,0.75,5.18389,7.19635
5,right,0.775,5.31434,7.32363
5,right,0.8,5.76678,7.53842
5,right,0.825,6.19648,7.55989
5,right,0.85,6.04882,7.47703
5,right,0.875,5.81758,7.55685
5,right,0.9,5.47043,7.86759
5,right,0.925,5.35623,7.74767
5,right,0.95,5.05026,7.74295
5,right,0.975,5.14116,8.06641
5,right,1.0,5.03621,7.83679
5,right,1.025,5.13773,7.78994
5,right,1.05,4.98054,7.9303
5,right,1.075,4.77864,7.8318
5,right,1.1,4.70661,7.8476
5,right,1.125,4.90257,7.96054
5,right,1.15,4.67471,7.8292
5,right,1.175,4.86994,7.81721
5,right,1.2,4.65668,7.52709
5,right,1.225,4.55595,7.51683
5,right,1.25,4.66666,7.52693
5,right,1.275,4.58135,7.3252
5,right,1.3,4.42617,7.33862
5,right,1.325,4.60509,7.29329
5,right,1.35,4.79751,7.17012
5,right,1.375,4.54886,7.29269
5,right,1.4,4.50049,7.1491
5,right,1.425,4.97956,7.16313
5,right,1.45,5.23809,7.32405
5,right,1.475,5.61877,7.34556
5,right,1.5,5.81166,7.40349
5,right,1.525,5.86319,7.62311
5,right,1.55,6.07804,7.64995
5,right,1.575,5.69784,7.57763
5,right,1.6,5.65491,7.66467
5,right,1.625,5.38797,7.73041
5,right,1.65,5.14215,7.85455
5,right,1.675,5.19619,8.00648
5,right,1.7,5.01478,7.82935
5,right,1.725,5.1647,7.88106
5,right,1.75,4.73792,8.11851
5,right,1.775,4.9842,8.14585
5,right,1.8,4.9119,8.04199
5,right,1.825,4.71024,7.76024
5,right,1.85,4.58177,7.74181
5,right,1.875,4.654,7.734
5,right,1.9,4.59471,7.63054
5,right,1.925,4.37161,7.55608
5,right,1.95,4.91121,7.56367
5,right,1.975,4.71314,7.46698
5,right,2.0,4.75044,7.52026
5,right,2.025,4.58186,7.22039
5,right,2.05,4.77068,7.23505
5,right,2.075,4.61616,7.08621
5,right,2.1,4.93745,6.99915
5,right,2.125,5.25284,7.31788
5,right,2.15,5.38479,7.52422
5,right,2.175,5.9293,7.18667
5,right,2.2,6.13011,7.38604
5,right,2.225,5.80709,7.28834
5,right,2.25,5.82124,7.35732
5,right,2.275,5.79585,7.71715
5,right,2.3,5.34885,7.85225
5,right,2.325,5.1314,7.92005
5,right,2.35,5.24218,7.72416
5,right,2.375,5.03472,7.83373
5,right,2.4,5.17472,8.06353
5,right,2.425,4.98335,7.92195
5,right,2.45,4.80891,7.81307
5,right,2.475,4.73924,8.12111
5,right,2.5,4.92725,7.87178
5,right,2.525,4.81784,7.93689
5,right,2.55,4.74176,7.74859
5,right,2.575,4.81782,7.55572
5,right,2.6,4.70467,7.77193
5,right,2.625,4.45862,7.57847
5,right,2.65,4.76324,7.62614
5,right,2.675,4.52889,7.31443
5,right,2.7,4.64107,7.43929
5,right,2.725,4.63533,7.22585
5,right,2.75,4.95074,7.27449
5,right,2.775,5.0603,7.20282
5,right,2.8,5.39078,7.29195
5,right,2.825,5.92033,7.23331
5,right,2.85,5.95211,7.32804
5,right,2.875,6.26048,7.27679
5,right,2.9,5.91419,7.3728
5,right,2.925,5.79648,7.3758
5,right,2.95,5.54317,7.43891
5,right,2.975,5.30568,7.52364
5,right,3.0,5.35356,7.88633
5,right,3.025,5.08863,7.92839
5,right,3.05,5.09868,7.9137
5,right,3.075,5.21965,7.95895
5,right,3.1,5.12608,7.9642
5,right,3.125,4.91063,8.13701
5,right,3.15,4.921,7.73455
5,right,3.175,4.59737,8.15762
5,right,3.2,4.93155,8.02918
5,right,3.225,4.70253,7.96615
5,right,3.25,4.63289,7.7454
5,right,3.275,4.58603,7.74442
5,right,3.3,4.61647,7.49454
5,right,3.325,4.68692,7.64875
5,right,3.35,4.75633,7.36395
5,right,3.375,4.70804,7.42946
5,right,3.4,4.7067,7.29961
5,right,3.425,4.52283,7.2827
5,right,3.45,4.62523,7.25262
5,right,3.475,4.69564,7.04222
5,right,3.5,4.57094,7.11446
5,right,3.525,5.11616,7.18967
5,right,3.55,5.22882,7.15139
5,right,3.575,5.59694,7.06983
5,right,3.6,5.95787,7.3933
5,right,3.625,6.01595,7.36527
5,right,3.65,6.00521,7.54766
5,right,3.675,5.62162,7.56169
5,right,3.7,5.43994,7.73678
5,right,3.725,5.34377,7.61873
5,right,3.75,5.01999,7.98555
5,right,3.775,5.16255,8.05357
5,right,3.8,5.08013,7.87469
5,right,3.825,5.00163,8.02941
5,right,3.85,4.89426,7.77866
5,right,3.875,4.87203,8.03367
5,right,3.9,4.98187,8.02882
5,right,3.925,4.76725,7.83816
5,right,3.95,4.60857,7.94305
5,right,3.975,4.70966,7.6868
5,right,4.0,4.66904,7.59708
5,right,4.025,4.58158,7.57701
5,right,4.05,4.6953,7.61747
5,right,4.075,4.64861,7.47196
5,right,4.1,4.59754,7.2042
5,right,4.125,4.62996,7.20187
5,right,4.15,4.61669,7.19297
5,right,4.175,4.59296,7.177
5,right,4.2,4.59064,7.32487
5,right,4.225,4.77059,7.38433
5,right,4.25,4.97864,7.22282
5,right,4.275,5.12719,7.26664
5,right,4.3,5.77451,7.31713
5,right,4.325,5.74065,7.28168
5,right,4.35,5.93769,7.44524
5,right,4.375,5.90644,7.65444
5,right,4.4,5.73468,7.671
5,right,4.425,5.61163,7.79225
5,right,4.45,5.26722,7.77803
5,right,4.475,5.16191,8.01945
5,right,4.5,4.93968,8.03925
5,right,4.525,5.15875,8.05879
5,right,4.55,4.98233,7.97478
5,right,4.575,4.76069,7.83899
5,right,4.6,4.65846,8.02676
5,right,4.625,4.88804,7.95145
5,right,4.65,4.70983,7.90806
5,right,4.675,4.7811,7.61864
5,right,4.7,4.52076,7.73957
5,right,4.725,4.58183,7.63436
5,right,4.75,4.7392,7.51586
5,right,4.775,4.5461,7.5463
5,right,4.8,4.4036,7.36897
5,right,4.825,4.50665,7.3224
5,right,4.85,4.45015,7.27219
5,right,4.875,4.62221,7.30721
5,right,4.9,4.52223,7.23748
5,right,4.925,4.76099,7.36902
5,right,4.95,4.92481,7.20558
5,right,4.975,5.11868,7.20948
5,right,5.0,5.4594,7.39299
5,right,5.025,5.76808,7.37425
5,right,5.05,5.78757,7.43726
5,right,5.075,5.91138,7.72859
5,right,5.1,5.6106,7.5604
5,right,5.125,5.52482,7.81152
5,right,5.15,5.13816,7.89213
5,right,5.175,5.07143,8.05349
5,right,5.2,5.06918,7.91592
5,right,5.225,4.9993,8.02061
5,right,5.25,4.85586,7.96195
5,right,5.275,4.59746,8.01975
5,right,5.3,4.88777,8.01662
5,right,5.325,4.62955,8.04333
5,right,5.35,4.60024,7.90177
5,right,5.375,4.5814,7.82178
5,right,5.4,4.48978,7.69236
5,right,5.425,4.36215,7.7627
5,right,5.45,4.66992,7.62346
5,right,5.475,4.43495,7.50304
5,right,5.5,4.46694,7.46889
5,right,5.525,4.45118,7.04771
5,right,5.55,4.43751,7.3161
5,right,5.575,4.2636,7.08981
5,right,5.6,4.33214,7.27359
5,right,5.625,4.52763,7.33215
5,right,5.65,4.47493,7.30141
5,right,5.675,4.82368,7.39816
5,right,5.7,5.12249,7.19309
5,right,5.725,5.10682,7.29439
5,right,5.75,5.74052,7.46037
5,right,5.775,5.66265,7.48726
5,right,5.8,5.84874,7.62585
5,right,5.825,5.70005,7.58842
5,right,5.85,5.48689,7.66501
5,right,5.875,5.14512,7.72839
5,right,5.9,5.07507,7.90346
5,right,5.925,4.96054,8.0003
5,right,5.95,4.69957,8.10269
5,right,5.975,4.85092,8.18409
5,right,6.0,4.75551,7.99722
5,right,6.025,4.75083,7.96187
5,right,6.05,4.72603,8.02439
5,right,6.075,4.62708,7.8589
5,right,6.1,4.47473,7.585
5,right,6.125,4.66741,7.7789
5,right,6.15,4.35565,7.5346
5,right,6.175,4.1983,7.36146
5,right,6.2,4.4135,7.46569
5,right,6.225,4.30828,7.30727
5,right,6.25,4.46532,7.43154
5,right,6.275,4.54241,7.20931
5,right,6.3,4.56785,7.1362
5,right,6.325,4.35898,7.11972
5,right,6.35,4.19642,7.18351
5,right,6.375,4.71363,7.17145
5,right,6.4,4.88074,7.31588
5,right,6.425,5.15459,7.21374
5,right,6.45,5.54353,7.35426
5,right,6.475,5.82245,7.40012
5,right,6.5,5.513,7.78896
5,right,6.525,5.6712,7.82003
5,right,6.55,5.43522,7.73501
5,right,6.575,5.05387,7.81757
5,right,6.6,4.88482,7.93498
5,right,6.625,4.83029,7.90508
5,right,6.65,4.86212,7.90321
5,right,6.675,4.84564,7.94271
5,right,6.7,4.9363,7.94422
5,right,6.725,4.68291,8.01548
5,right,6.75,4.85784,7.97405
5,right,6.775,4.70061,7.88222
5,right,6.8,4.48407,7.91343
5,right,6.825,4.31638,7.62886
5,right,6.85,4.16355,7.76449
5,right,6.875,4.45999,7.3993
5,right,6.9,4.45952,7.35166
5,right,6.925,4.65438,7.34248
5,right,6.95,4.15815,7.19578
5,right,6.975,4.38015,7.49131
5,right,7.0,4.29576,7.36573
5,right,7.025,4.55524,7.25512
5,right,7.05,4.45263,7.11387
5,right,7.075,4.56821,7.08761
5,right,7.1,4.89556,7.294
5,right,7.125,5.13929,7.39261
5,right,7.15,5.70344,7.51427
5,right,7.175,5.93416,7.6061
5,right,7.2,5.72419,7.52296
5,right,7.225,5.69135,7.52579
5,right,7.25,5.43227,7.64926
5,right,7.275,5.21241,7.9465
5,right,7.3,5.01706,7.85539
5,right,7.325,4.63995,7.78055
5,right,7.35,4.90828,8.00475
5,right,7.375,4.90073,8.1067
5,right,7.4,4.7116,8.08057
5,right,7.425,4.71406,7.83647
5,right,7.45,4.78086,7.87148
5,right,7.475,4.61357,7.97591
5,right,7.5,4.47883,7.77066
5,right,7.525,4.52297,7.7696
5,right,7.55,4.49247,7.64117
5,right,7.575,4.42591,7.52714
5,right,7.6,4.56839,7.2243
5,right,7.625,4.37608,7.56655
5,right,7.65,4.38573,7.21279
5,right,7.675,4.40901,7.32286
5,right,7.7,4.18306,7.15678
5,right,7.725,4.35377,7.25672
5,right,7.75,4.1559,7.16471
5,right,7.775,4.28962,7.14474
5,right,7.8,4.61636,7.29801
5,right,7.825,4.71326,7.4163
5,right,7.85,5.00972,7.40193
5,right,7.875,5.28412,7.44973
5,right,7.9,5.80543,7.53701
5,right,7.925,5.79871,7.68709
5,right,7.95,5.48952,7.73027
5,right,7.975,5.38332,7.7481
5,right,8.0,5.21495,7.83036
5,right,8.025,5.10493,7.93599
5,right,8.05,4.85005,8.00768
5,right,8.075,4.78888,7.92754
5,right,8.1,4.85901,8.0134
5,right,8.125,4.7412,7.96745
5,right,8.15,4.70393,7.77127
5,right,8.175,4.83147,7.80858
5,right,8.2,4.60105,7.84254
5,right,8.225,4.58374,7.70075
5,right,8.25,4.45522,7.64288
5,right,8.275,4.51344,7.17698
5,right,8.3,4.46326,7.20496
5,right,8.325,4.19156,7.45928
5,right,8.35,4.29441,7.22809
5,right,8.375,4.39642,7.2276
5,right,8.4,4.38684,7.24147
5,right,8.425,4.37916,7.13229
5,right,8.45,4.38401,7.1257
5,right,8.475,4.38086,7.13959
5,right,8.5,4.7141,7.3148
5,right,8.525,4.91056,7.39057
5,right,8.55,5.29011,7.52912
5,right,8.575,5.39956,7.41534
5,right,8.6,5.71507,7.47358
5,right,8.625,5.64862,7.66688
5,right,8.65,5.53858,7.54968
5,right,8.675,5.39068,7.78436
5,right,8.7,5.04195,7.85721
5,right,8.725,5.01525,7.79432
5,right,8.75,4.59938,8.08812
5,right,8.775,4.79222,8.09015
5,right,8.8,4.72525,7.90009
5,right,8.825,4.76583,7.89943
5,right,8.85,4.77565,7.94024
5,right,8.875,4.67756,7.83245
5,right,8.9,4.47279,7.81799
5,right,8.925,4.54659,7.52654
5,right,8.95,4.44808,7.56758
5,right,8.975,4.45464,7.57025
5,right,9.0,4.43823,7.55457
5,right,9.025,4.27492,7.28146
5,right,9.05,4.42888,7.34331
5,right,9.075,4.30979,7.32176
5,right,9.1,4.62498,7.18565
5,right,9.125,4.43654,7.11734
5,right,9.15,4.47247,7.26293
5,right,9.175,4.52766,7.19467
5,right,9.2,4.81139,7.38954
5,right,9.225,4.86121,7.46397
5,right,9.25,5.31446,7.41893
5,right,9.275,5.55601,7.44397
5,right,9.3,5.71688,7.64507
5,right,9.325,5.76791,7.52542
5,right,9.35,5.77258,8.02302
5,right,9.375,5.31842,8.06156
5,right,9.4,5.11701,7.97075
5,right,9.425,4.87949,7.84964
5,right,9.45,5.27238,8.03371
5,right,9.475,4.7442,7.97229
5,right,9.5,4.8934,8.12652
5,right,9.525,4.89344,8.07666
5,right,9.55,4.69131,7.97598
5,right,9.575,4.63152,7.86644
5,right,9.6,4.62851,7.93506
5,right,9.625,4.59454,7.77658
5,right,9.65,4.58227,7.68952
5,right,9.675,4.48663,7.59691
5,right,9.7,4.45676,7.50097
5,right,9.725,4.59337,7.36668
5,right,9.75,4.45776,7.27647
5,right,9.775,4.47665,7.14056
5,right,9.8,4.53837,7.21486
5,right,9.825,4.52149,7.12079
5,right,9.85,4.42359,7.25195
5,right,9.875,4.6554,7.40036
5,right,9.9,4.65633,7.2461
5,right,9.925,5.23297,7.15316
5,right,9.95,5.49649,7.22962
5,right,9.975,5.70185,7.47467
5,right,10.0,5.79165,7.46586
5,right,10.025,5.79132,7.71966
5,right,10.05,5.38992,7.76886
5,right,10.075,5.40716,7.89191
5,right,10.1,5.26766,7.79338
5,right,10.125,5.08064,7.69958
5,right,10.15,5.09664,8.02425
5,right,10.175,4.87891,8.20507
5,right,10.2,4.85667,7.96468
5,right,10.225,4.98676,7.95645
5,right,10.25,4.7676,8.00398
5,right,10.275,4.82989,7.82849
5,right,10.3,4.48517,7.89684
5,right,10.325,4.84244,7.85548
5,right,10.35,4.69726,7.6511
5,right,10.375,4.61193,7.62057
5,right,10.4,4.54688,7.52055
5,right,10.425,4.59011,7.58661
5,right,10.45,4.71521,7.39324
5,right,10.475,4.38659,7.19668
5,right,10.5,4.29695,7.35834
5,right,10.525,4.47092,7.18495
5,right,10.55,4.81002,7.07188
5,right,10.575,4.38256,7.18498
5,right,10.6,4.74059,7.26627
5,right,10.625,5.03762,7.30859
5,right,10.65,5.31062,7.26885
5,right,10.675,5.6145,7.45591
5,right,10.7,5.9987,7.5327
5,right,10.725,5.82374,7.2874
5,right,10.75,5.86145,7.68431
5,right,10.775,5.63704,7.77931
5,right,10.8,5.22937,7.55938
5,right,10.825,5.0544,7.92058
5,right,10.85,5.05175,7.95436
5,right,10.875,4.90789,8.08432
5,right,10.9,5.07945,7.96966
5,right,10.925,5.03351,8.04556
5,right,10.95,5.04435,7.80069
5,right,10.975,4.74489,7.92578
5,right,11.0,4.88436,8.07757
5,right,11.025,4.76699,7.8753
5,right,11.05,4.57274,7.70143
5,right,11.075,4.74985,7.60755
5,right,11.1,4.58001,7.69727
5,right,11.125,4.57061,7.60283
5,right,11.15,4.46516,7.32691
5,right,11.175,4.62429,7.37026
5,right,11.2,4.67398,7.25432
5,right,11.225,4.73932,7.30131
5,right,11.25,4.60529,7.19084
5,right,11.275,4.73096,7.18644
5,right,11.3,4.7102,7.16372
5,right,11.325,5.03791,7.13549
5,right,11.35,5.41442,7.26603
5,right,11.375,5.57636,7.37676
5,right,11.4,5.79245,7.23455
5,right,11.425,5.96638,7.45004
5,right,11.45,6.03482,7.78922
5,right,11.475,5.70849,7.75207
5,right,11.5,5.41182,7.63744
5,right,11.525,5.33542,7.75884
5,right,11.55,5.17097,7.89217
5,right,11.575,5.21775,7.81796
5,right,11.6,5.0938,7.99543
5,right,11.625,5.00253,8.05657
5,right,11.65,4.97489,8.01656
5,right,11.675,5.03003,7.94453
5,right,11.7,4.99698,7.84696
5,right,11.725,4.61037,7.84195
5,right,11.75,4.7668,7.75548
5,right,11.775,4.50974,7.72466
5,right,11.8,4.75973,7.64589
5,right,11.825,4.56156,7.42588
5,right,11.85,4.69115,7.49555
5,right,11.875,4.60921,7.52619
5,right,11.9,4.64518,7.38134
5,right,11.925,4.74503,7.2882
5,right,11.95,4.68106,7.10687
5,right,11.975,4.57701,7.13838
5,right,12.0,4.4781,7.20977
5,right,12.025,4.7968,7.39381
5,right,12.05,5.10325,7.35627
5,right,12.075,5.20209,7.37123
5,right,12.1,5.66357,7.32022
5,right,12.125,6.0417,7.37174
5,right,12.15,6.03999,7.64953
5,right,12.175,5.79188,7.79846
5,right,12.2,5.609,7.82621
5,right,12.225,5.1115,7.90292
5,right,12.25,5.0645,7.79618
5,right,12.275,4.99837,7.99883
5,right,12.3,4.83896,8.06653
5,right,12.325,5.14898,7.84265
5,right,12.35,5.19499,8.01853
5,right,12.375,5.08231,7.7602
5,right,12.4,4.90786,7.82659
5,right,12.425,4.76481,7.88143
5,right,12.45,4.87797,7.80518
5,right,12.475,4.64597,7.36342
5,right,12.5,4.65752,7.63133
5,right,12.525,4.55813,7.43932
5,right,12.55,4.62268,7.47149
5,right,12.575,4.69916,7.19334
5,right,12.6,4.55426,7.38538
5,right,12.625,4.49557,7.25326
5,right,12.65,4.71808,7.05853
5,right,12.675,4.60973,7.13268
5,right,12.7,4.66585,7.22852
5,right,12.725,4.82548,7.32886
5,right,12.75,5.43109,7.33328
5,right,12.775,5.75041,7.56498
5,right,12.8,6.07181,7.52635
5,right,12.825,5.86029,7.77003
5,right,12.85,5.92427,7.53696
5,right,12.875,5.89217,7.5427
5,right,12.9,5.56525,7.68413
5,right,12.925,5.45521,7.90556
5,right,12.95,5.25793,7.98469
5,right,12.975,5.01841,8.01141
5,right,13.0,5.0649,7.95994
5,right,13.025,4.98165,7.88346
5,right,13.05,4.87156,7.97576
5,right,13.075,4.76815,8.05452
5,right,13.1,4.9687,7.8697
5,right,13.125,4.70621,7.73944
5,right,13.15,4.66147,7.72779
5,right,13.175,4.64687,7.82576
5,right,13.2,4.68309,7.73107
5,right,13.225,4.5932,7.41926
5,right,13.25,4.73655,7.42436
5,right,13.275,4.55583,7.37901
5,right,13.3,4.66849,7.18677
5,right,13.325,4.51897,7.3386
5,right,13.35,4.62137,7.16117
5,right,13.375,4.63071,7.25649
5,right,13.4,4.53181,7.22574
5,right,13.425,4.85025,7.34752
5,right,13.45,5.06547,7.1485
5,right,13.475,5.40623,7.26227
5,right,13.5,5.71226,7.37653
5,right,13.525,6.04049,7.51581
5,right,13.55,6.23502,7.57653
5,right,13.575,5.89236,7.65782
5,right,13.6,5.50297,7.82171
5,right,13.625,5.31892,7.64818
5,right,13.65,5.22413,7.79997
5,right,13.675,5.14106,7.98762
5,right,13.7,5.14693,7.87148
5,right,13.725,4.93072,7.85496
5,right,13.75,4.97067,7.86357
5,right,13.775,5.12559,7.88304
5,right,13.8,4.98212,7.93199
5,right,13.825,4.83119,7.937
5,right,13.85,4.61695,7.67908
5,right,13.875,4.72829,7.6534
5,right,13.9,4.51486,7.73888
5,right,13.925,4.47236,7.47067
5,right,13.95,4.56576,7.57214
5,right,13.975,4.72891,7.34724
5,right,14.0,4.48605,7.41855
5,right,14.025,4.41186,7.18538
5,right,14.05,4.43484,7.36488
5,right,14.075,4.58888,7.10492
5,right,14.1,4.6799,7.35782
5,right,14.125,5.24552,7.04616
5,right,14.15,5.43326,7.30535
5,right,14.175,5.63309,7.37106
5,right,14.2,5.97257,7.33012
5,right,14.225,6.0148,7.29973
5,right,14.25,5.77491,7.64827
5,right,14.275,5.72341,7.7151
5,right,14.3,5.56818,7.62113
5,right,14.325,5.23031,7.66453
5,right,14.35,4.98226,7.73959
5,right,14.375,5.04706,7.86435
5,right,14.4,4.88784,8.00593
5,right,14.425,5.02546,8.03123
5,right,14.45,4.93866,7.9662
5,right,14.475,4.6128,7.94659
5,right,14.5,4.67199,7.9084
5,right,14.525,4.90865,7.97909
5,right,14.55,4.57351,7.86097
5,right,14.575,4.67272,7.69659
5,right,14.6,4.51558,7.65476
5,right,14.625,4.4881,7.33537
5,right,14.65,4.41562,7.38725
5,right,14.675,4.64502,7.48378
5,right,14.7,4.58095,7.45349
5,right,14.725,4.55888,7.30858
5,right,14.75,4.24823,7.27774
5,right,14.775,4.5685,7.29846
5,right,14.8,4.52685,7.21159
5,right,14.825,4.55509,7.1163
5,right,14.85,4.999,7.1824
5,right,14.875,5.34121,7.25624
5,right,14.9,5.5141,7.37209
5,right,14.925,5.70818,7.47847
5,right,14.95,5.7032,7.45656
5,right,14.975,5.81953,7.67411
6,left,0.0,5.04135,7.62218
6,left,0.025,4.53281,7.50485
6,left,0.05,5.29841,7.59158
6,left,0.075,5.34734,7.81911
6,left,0.1,5.78439,7.85782
6,left,0.125,6.00312,7.9289
6,left,0.15,6.26528,7.89485
6,left,0.175,5.92254,7.83413
6,left,0.2,5.67469,7.92715
6,left,0.225,5.7033,7.99944
6,left,0.25,5.35191,8.08974
6,left,0.275,5.17532,8.02243
6,left,0.3,5.0821,7.8393
6,left,0.325,5.17155,7.76454
6,left,0.35,4.82242,7.59106
6,left,0.375,4.85743,7.49901
6,left,0.4,5.36126,7.36668
6,left,0.425,4.59424,7.4704
6,left,0.45,4.85261,7.24887
6,left,0.475,4.62993,7.52279
6,left,0.5,4.84932,7.34278
6,left,0.525,4.99459,7.34462
6,left,0.55,4.58887,7.08777
6,left,0.575,5.01249,7.14096
6,left,0.6,4.62229,7.20744
6,left,0.625,5.00054,7.21878
6,left,0.65,4.63196,7.45878
6,left,0.675,4.98158,7.37643
6,left,0.7,4.66445,7.36532
6,left,0.725,4.91049,7.81154
6,left,0.75,5.14816,7.87419
6,left,0.775,5.60759,7.52285
6,left,0.8,5.7767,8.00305
6,left,0.825,5.95658,7.74787
6,left,0.85,6.23529,7.96238
6,left,0.875,5.86862,7.93716
6,left,0.9,5.70028,8.01331
6,left,0.925,5.40694,8.04486
6,left,0.95,5.63257,8.00138
6,left,0.975,5.22108,7.85229
6,left,1.0,5.20202,7.8883
6,left,1.025,5.39007,7.74409
6,left,1.05,5.23367,7.70532
6,left,1.075,5.26809,7.70257
6,left,1.1,5.15425,7.47226
6,left,1.125,4.89317,7.57301
6,left,1.15,5.02091,7.45784
6,left,1.175,5.36492,7.30669
6,left,1.2,4.85112,7.34854
6,left,1.225,4.68342,7.12395
6,left,1.25,4.56926,7.21818
6,left,1.275,4.80087,7.05982
6,left,1.3,4.92192,7.2219
6,left,1.325,4.7114,7.40738
6,left,1.35,4.46229,7.35197
6,left,1.375,4.81589,7.49426
6,left,1.4,4.98922,7.60871
6,left,1.425,4.98976,7.35548
6,left,1.45,4.96787,7.53595
6,left,1.475,4.93604,7.78735
6,left,1.5,5.15318,7.87957
6,left,1.525,5.9756,7.82603
6,left,1.55,6.20534,7.99888
6,left,1.575,5.87025,8.02787
6,left,1.6,6.20583,8.0574
6,left,1.625,6.26116,7.92917
6,left,1.65,5.70663,7.99779
6,left,1.675,5.64483,8.00556
6,left,1.7,5.35297,7.94285
6,left,1.725,5.48312,7.66789
6,left,1.75,5.29575,7.82472
6,left,1.775,5.93053,7.53482
6,left,1.8,5.15838,7.5321
6,left,1.825,5.18034,7.47771
6,left,1.85,4.9059,7.44091
6,left,1.875,4.88461,7.36162
6,left,1.9,4.9771,7.37049
6,left,1.925,5.06784,7.16166
6,left,1.95,5.08787,7.12801
6,left,1.975,5.01672,7.21222
6,left,2.0,4.96696,7.1787
6,left,2.025,5.0582,7.28188
6,left,2.05,4.7452,7.18922
6,left,2.075,4.68954,7.18016
6,left,2.1,4.5375,7.55769
6,left,2.125,5.5948,7.43749
6,left,2.15,4.89129,7.61007
6,left,2.175,5.16202,7.54105
6,left,2.2,5.13219,7.90873
6,left,2.225,6.14086,7.61674
6,left,2.25,5.82068,7.91986
6,left,2.275,6.32106,8.02819
6,left,2.3,6.50501,8.05769
6,left,2.325,5.8688,7.9839
6,left,2.35,5.92004,7.83811
6,left,2.375,5.70179,7.978
6,left,2.4,5.10957,7.84383
6,left,2.425,5.52766,7.78606
6,left,2.45,5.26983,7.7982
6,left,2.475,4.87151,7.67324
6,left,2.5,5.34855,7.70798
6,left,2.525,5.3408,7.55839
6,left,2.55,4.90842,7.43466
6,left,2.575,4.7475,7.37172
6,left,2.6,5.37772,7.33902
6,left,2.625,4.83516,7.35787
6,left,2.65,5.00893,6.95606
6,left,2.675,5.18723,7.1078
6,left,2.7,4.90055,7.14458
6,left,2.725,4.88693,7.17068
6,left,2.75,4.79578,7.14672
6,left,2.775,5.12534,7.35433
6,left,2.8,4.79475,7.56752
6,left,2.825,4.89874,7.61182
6,left,2.85,5.35855,7.62251
6,left,2.875,5.57945,7.58109
6,left,2.9,5.08532,7.84941
6,left,2.925,5.95182,7.69088
6,left,2.95,6.67449,7.94249
6,left,2.975,6.16743,7.799
6,left,3.0,5.90345,8.00318
6,left,3.025,5.73306,7.93544
6,left,3.05,5.61383,8.07412
6,left,3.075,5.3138,7.91894
6,left,3.1,5.19502,8.07449
6,left,3.125,5.28407,7.92077
6,left,3.15,5.252,7.66467
6,left,3.175,5.63571,7.67894
6,left,3.2,4.84489,7.66355
6,left,3.225,5.48032,7.51423
6,left,3.25,5.09533,7.43003
6,left,3.275,5.01482,7.3205
6,left,3.3,5.05376,7.34219
6,left,3.325,5.00139,7.4475
6,left,3.35,5.16246,7.12399
6,left,3.375,4.62627,7.13604
6,left,3.4,4.87852,7.12747
6,left,3.425,5.07043,7.21095
6,left,3.45,4.76197,7.33534
6,left,3.475,4.73563,7.27325
6,left,3.5,4.76473,7.50403
6,left,3.525,5.00037,7.45245
6,left,3.55,4.84145,7.61658
6,left,3.575,5.36291,7.53281
6,left,3.6,5.19974,8.03144
6,left,3.625,5.43765,7.81793
6,left,3.65,5.81621,8.04078
6,left,3.675,6.11621,8.00984
6,left,3.7,6.34954,7.95131
6,left,3.725,5.80335,7.90358
6,left,3.75,5.79206,8.0777
6,left,3.775,5.2936,7.96028
6,left,3.8,5.70633,8.09772
6,left,3.825,4.99558,7.76117
6,left,3.85,4.88944,7.7682
6,left,3.875,5.28852,7.73199
6,left,3.9,5.23983,7.65093
6,left,3.925,4.86113,7.65951
6,left,3.95,5.1501,7.34773
6,left,3.975,4.81102,7.36324
6,left,4.0,4.9856,7.35139
6,left,4.025,4.74648,7.16048
6,left,4.05,4.9254,7.16469
6,left,4.075,4.9849,7.18659
6,left,4.1,4.68269,7.03306
6,left,4.125,4.43016,7.22654
6,left,4.15,4.66075,7.33008
6,left,4.175,4.51839,7.37443
6,left,4.2,5.00169,7.34451
6,left,4.225,4.98116,7.46391
6,left,4.25,4.63243,7.47162
6,left,4.275,4.68423,7.63704
6,left,4.3,4.89878,7.64685
6,left,4.325,5.32378,7.89277
6,left,4.35,5.74157,7.84735
6,left,4.375,5.64675,7.91777
6,left,4.4,6.05608,7.9154
6,left,4.425,6.39156,8.17032
6,left,4.45,6.25778,7.92888
6,left,4.475,5.61805,7.98594
6,left,4.5,5.41432,8.0511
6,left,4.525,5.43129,7.92733
6,left,4.55,5.39213,7.91897
6,left,4.575,4.99205,7.79427
6,left,4.6,5.14615,7.62667
6,left,4.625,5.22448,7.4252
6,left,4.65,4.95532,7.58846
6,left,4.675,5.04779,7.43185
6,left,4.7,4.8865,7.31501
6,left,4.725,4.82211,7.31314
6,left,4.75,5.06078,7.26926
6,left,4.775,4.71451,7.13205
6,left,4.8,4.80132,7.05117
6,left,4.825,4.84512,7.04764
6,left,4.85,4.74217,7.19825
6,left,4.875,5.00441,7.43263
6,left,4.9,4.9323,7.44594
6,left,4.925,4.74863,7.3434
6,left,4.95,4.75342,7.38235
6,left,4.975,4.68261,7.68355
6,left,5.0,5.06033,7.58938
6,left,5.025,5.21708,7.53887
6,left,5.05,5.45639,7.95651
6,left,5.075,5.93624,7.8798
6,left,5.1,5.9547,8.04417
6,left,5.125,5.76601,8.08648
6,left,5.15,5.51056,8.05145
6,left,5.175,5.84086,7.94507
6,left,5.2,5.53602,8.04839
6,left,5.225,5.25794,7.87734
6,left,5.25,5.0415,7.73622
6,left,5.275,5.17378,7.74228
6,left,5.3,5.19136,7.72672
6,left,5.325,5.00386,7.67896
6,left,5.35,5.02523,7.33031
6,left,5.375,4.89027,7.56401
6,left,5.4,4.70268,7.53202
6,left,5.425,4.54219,7.31203
6,left,5.45,4.67409,7.27829
6,left,5.475,4.81383,7.17051
6,left,5.5,4.59057,7.17579
6,left,5.525,5.04636,7.17894
6,left,5.55,4.72137,7.21506
6,left,5.575,4.46923,7.29744
6,left,5.6,4.62677,7.34677
6,left,5.625,4.40286,7.48701
6,left,5.65,4.56496,7.54122
6,left,5.675,4.81976,7.56396
6,left,5.7,4.84579,7.75484
6,left,5.725,4.78681,7.70466
6,left,5.75,5.33051,7.7752
6,left,5.775,5.71268,8.16515
6,left,5.8,5.92503,7.94626
6,left,5.825,5.86547,7.94813
6,left,5.85,5.78173,8.00022
6,left,5.875,5.88736,7.96647
6,left,5.9,5.29723,8.05804
6,left,5.925,5.11022,7.89298
6,left,5.95,5.30566,7.98742
6,left,5.975,5.24501,7.78591
6,left,6.0,4.86384,7.71217
6,left,6.025,4.80298,7.63299
6,left,6.05,4.56364,7.47059
6,left,6.075,4.90136,7.34539
6,left,6.1,4.6528,7.17351
6,left,6.125,4.80632,7.36617
6,left,6.15,4.49538,7.34078
6,left,6.175,4.8003,7.26898
6,left,6.2,4.82296,7.17349
6,left,6.225,4.38324,7.21779
6,left,6.25,5.01055,7.20138
6,left,6.275,4.44044,7.32642
6,left,6.3,4.7063,7.30208
6,left,6.325,4.90083,7.36255
6,left,6.35,4.88391,7.42878
6,left,6.375,4.52621,7.53274
6,left,6.4,4.43375,7.66273
6,left,6.425,4.98252,7.81483
6,left,6.45,4.97339,7.83965
6,left,6.475,5.5315,7.91154
6,left,6.5,5.89309,8.08248
6,left,6.525,5.87602,8.01853
6,left,6.55,5.82768,8.14355
6,left,6.575,5.86095,7.90024
6,left,6.6,5.68999,8.10535
6,left,6.625,5.11763,7.9471
6,left,6.65,5.42832,7.72357
6,left,6.675,5.02474,7.78509
6,left,6.7,4.99261,7.78067
6,left,6.725,4.90259,7.66608
6,left,6.75,5.15326,7.73312
6,left,6.775,4.71658,7.5029
6,left,6.8,4.71031,7.61192
6,left,6.825,4.63538,7.23307
6,left,6.85,4.95115,7.31186
6,left,6.875,4.85678,7.08876
6,left,6.9,4.4375,7.28695
6,left,6.925,4.65233,7.28476
6,left,6.95,4.71866,7.09703
6,left,6.975,4.88794,7.28827
6,left,7.0,4.27389,7.43298
6,left,7.025,4.47832,7.53775
6,left,7.05,4.51162,7.52133
6,left,7.075,4.51419,7.47235
6,left,7.1,4.43586,7.36749
6,left,7.125,4.60048,7.69518
6,left,7.15,5.01921,7.90516
6,left,7.175,5.45948,7.8666
6,left,7.2,5.61334,8.10964
6,left,7.225,5.84767,8.00637
6,left,7.25,6.00682,7.9744
6,left,7.275,5.99853,8.15291
6,left,7.3,5.65289,7.88651
6,left,7.325,5.58266,8.08447
6,left,7.35,5.06101,7.94127
6,left,7.375,4.98335,7.89485
6,left,7.4,4.94688,7.81118
6,left,7.425,4.83425,7.79456
6,left,7.45,4.95764,7.51781
6,left,7.475,4.77024,7.55417
6,left,7.5,4.58268,7.36508
6,left,7.525,4.62159,7.41233
6,left,7.55,4.54097,7.21796
6,left,7.575,4.87517,7.2745
6,left,7.6,4.54252,7.1046
6,left,7.625,4.45806,7.2741
6,left,7.65,4.57499,7.10348
6,left,7.675,5.11117,7.05865
6,left,7.7,4.37745,7.21659
6,left,7.725,4.78316,7.27817
6,left,7.75,4.57755,7.39106
6,left,7.775,4.2593,7.62204
6,left,7.8,4.55289,7.50938
6,left,7.825,4.7578,7.43249
6,left,7.85,5.15927,7.89623
6,left,7.875,5.05068,7.98323
6,left,7.9,5.74643,8.04786
6,left,7.925,5.37363,8.09876
6,left,7.95,5.78292,8.09972
6,left,7.975,5.9606,7.81825
6,left,8.0,5.82304,7.87782
6,left,8.025,5.63568,7.74659
6,left,8.05,5.50845,7.85011
6,left,8.075,5.00506,7.86116
6,left,8.1,5.1697,7.83543
6,left,8.125,5.07478,7.55917
6,left,8.15,5.04524,7.59157
6,left,8.175,4.97233,7.49404
6,left,8.2,4.99038,7.46735
6,left,8.225,4.80184,7.42488
6,left,8.25,4.96982,7.24163
6,left,8.275,4.86881,7.09145
6,left,8.3,4.7186,7.15737
6,left,8.325,4.83475,7.35574
6,left,8.35,4.63461,7.26815
6,left,8.375,4.60423,7.28796
6,left,8.4,4.69822,7.38508
6,left,8.425,4.93297,7.27776
6,left,8.45,4.52993,7.44248
6,left,8.475,4.07856,7.76844
6,left,8.5,4.5001,7.39889
6,left,8.525,4.76031,7.82859
6,left,8.55,4.86596,7.79279
6,left,8.575,4.92281,7.91037
6,left,8.6,5.01176,7.78886
6,left,8.625,5.50379,7.90586
6,left,8.65,6.04603,8.10609
6,left,8.675,6.43792,7.99319
6,left,8.7,5.61787,8.09365
6,left,8.725,5.69098,8.09792
6,left,8.75,5.46188,8.0523
6,left,8.775,5.09757,7.59566
6,left,8.8,5.10332,7.66742
6,left,8.825,5.09862,7.75952
6,left,8.85,5.20628,7.6355
6,left,8.875,4.87488,7.6047
6,left,8.9,4.90193,7.36944
6,left,8.925,4.81211,7.38756
6,left,8.95,5.15085,7.30923
6,left,8.975,4.9293,7.09707
6,left,9.0,4.78063,7.11321
6,left,9.025,4.23844,7.26124
6,left,9.05,4.42494,7.36431
6,left,9.075,4.65746,7.21781
6,left,9.1,4.65202,7.22115
6,left,9.125,4.79317,7.39978
6,left,9.15,4.49573,7.35078
6,left,9.175,4.73572,7.54338
6,left,9.2,4.84783,7.46808
6,left,9.225,4.68763,7.74707
6,left,9.25,4.81144,7.68132
6,left,9.275,4.89171,7.73342
6,left,9.3,5.23674,8.14782
6,left,9.325,5.57747,7.91564
6,left,9.35,6.04331,7.79201
6,left,9.375,6.18951,7.91056
6,left,9.4,5.80067,7.91735
6,left,9.425,5.50544,8.08765
6,left,9.45,5.31358,8.00513
6,left,9.475,5.21474,7.77193
6,left,9.5,5.57023,7.86921
6,left,9.525,5.02909,7.68771
6,left,9.55,5.29828,7.65305
6,left,9.575,5.03527,7.56865
6,left,9.6,4.68337,7.4165
6,left,9.625,5.18538,7.46927
6,left,9.65,4.47516,7.25794
6,left,9.675,4.73879,7.46597
6,left,9.7,5.08383,7.46061
6,left,9.725,4.58412,7.26851
6,left,9.75,4.52078,7.19212
6,left,9.775,4.50756,7.035
6,left,9.8,4.60017,7.1694
6,left,9.825,4.51112,7.23862
6,left,9.85,4.94023,7.22885
6,left,9.875,4.98017,7.44059
6,left,9.9,4.70176,7.5826
6,left,9.925,4.46222,7.69217
6,left,9.95,5.30866,7.81013
6,left,9.975,5.34621,7.93351
6,left,10.0,5.49267,7.98649
6,left,10.025,5.69603,7.90381
6,left,10.05,5.70333,8.0543
6,left,10.075,6.23197,7.98955
6,left,10.1,5.51682,7.9251
6,left,10.125,5.88916,7.99395
6,left,10.15,5.45901,8.02641
6,left,10.175,5.23312,7.78547
6,left,10.2,4.99854,7.80497
6,left,10.225,5.28414,7.84957
6,left,10.25,5.08497,7.73463
6,left,10.275,4.83612,7.46896
6,left,10.3,5.19527,7.60188
6,left,10.325,5.15282,7.26991
6,left,10.35,4.77345,7.45862
6,left,10.375,4.81294,7.17418
6,left,10.4,4.80841,7.31971
6,left,10.425,4.76937,7.06664
6,left,10.45,4.79294,7.06953
6,left,10.475,5.07405,7.20713
6,left,10.5,4.85663,7.21064
6,left,10.525,4.7299,7.32931
6,left,10.55,4.72055,7.29575
6,left,10.575,4.65456,7.28375
6,left,10.6,5.05149,7.46687
6,left,10.625,4.62059,7.50923
6,left,10.65,5.07145,7.62619
6,left,10.675,5.36542,7.70702
6,left,10.7,5.69099,7.72459
6,left,10.725,5.86852,8.06643
6,left,10.75,6.14122,7.95771
6,left,10.775,6.18123,7.91162
6,left,10.8,6.01783,8.02401
6,left,10.825,5.83337,7.98658
6,left,10.85,5.67275,7.85155
6,left,10.875,5.76639,7.9224
6,left,10.9,5.71462,7.84504
6,left,10.925,5.18561,7.71831
6,left,10.95,5.16797,7.98296
6,left,10.975,5.06305,7.63804
6,left,11.0,5.02207,7.53745
6,left,11.025,4.70431,7.42022
6,left,11.05,4.94563,7.31285
6,left,11.075,4.88707,7.04574
6,left,11.1,4.91677,7.18229
6,left,11.125,4.69916,7.14658
6,left,11.15,4.92071,7.33445
6,left,11.175,4.85072,7.1333
6,left,11.2,4.51189,7.20505
6,left,11.225,4.84777,7.29629
6,left,11.25,4.58649,7.32187
6,left,11.275,4.81966,7.30284
6,left,11.3,5.1559,7.62977
6,left,11.325,4.95711,7.73762
6,left,11.35,4.53756,7.93602
6,left,11.375,5.19002,7.75405
6,left,11.4,5.15223,7.78482
6,left,11.425,5.67148,7.83819
6,left,11.45,5.92182,7.90968
6,left,11.475,6.46118,8.13885
6,left,11.5,6.17621,7.91822
6,left,11.525,6.43191,8.10517
6,left,11.55,5.9622,8.07706
6,left,11.575,5.78477,7.97053
6,left,11.6,5.56979,7.82058
6,left,11.625,5.32308,7.80473
6,left,11.65,4.95733,7.69809
6,left,11.675,5.46007,7.5649
6,left,11.7,4.90179,7.50382
6,left,11.725,5.31296,7.49009
6,left,11.75,5.15598,7.39481
6,left,11.775,5.13824,7.25013
6,left,11.8,4.79366,7.40398
6,left,11.825,4.92347,7.23457
6,left,11.85,4.67427,7.10917
6,left,11.875,4.7877,7.10301
6,left,11.9,4.71293,6.98232
6,left,11.925,4.54155,7.44591
6,left,11.95,5.02414,7.14356
6,left,11.975,4.90045,7.40087
6,left,12.0,4.66238,7.48611
6,left,12.025,4.59782,7.49786
6,left,12.05,4.77584,7.8327
6,left,12.075,4.66633,7.56802
6,left,12.1,5.01029,7.94429
6,left,12.125,5.73789,7.92243
6,left,12.15,5.84634,7.95209
6,left,12.175,5.91997,8.03452
6,left,12.2,6.0812,8.04662
6,left,12.225,5.85614,7.95295
6,left,12.25,5.74245,7.98007
6,left,12.275,5.74817,8.03243
6,left,12.3,5.62195,7.91955
6,left,12.325,5.24122,8.02167
6,left,12.35,5.42434,7.81698
6,left,12.375,5.24112,7.52586
6,left,12.4,5.06421,7.54345
6,left,12.425,5.4293,7.37341
6,left,12.45,5.27721,7.36489
6,left,12.475,4.97188,7.17873
6,left,12.5,5.26514,7.39329
6,left,12.525,5.04145,7.13781
6,left,12.55,4.57261,7.09366
6,left,12.575,4.71733,7.37765
6,left,12.6,5.01078,7.25271
6,left,12.625,4.62589,7.20458
6,left,12.65,4.45886,7.17735
6,left,12.675,4.44782,7.45603
6,left,12.7,4.61777,7.3499
6,left,12.725,4.88492,7.75715
6,left,12.75,5.08793,7.77631
6,left,12.775,5.34074,7.85988
6,left,12.8,5.38875,7.96038
6,left,12.825,5.77112,7.8833
6,left,12.85,6.52823,7.9569
6,left,12.875,6.49923,8.05313
6,left,12.9,6.44235,7.9306
6,left,12.925,5.881,8.03695
6,left,12.95,5.68339,7.95517
6,left,12.975,5.51831,7.92265
6,left,13.0,5.13263,7.99119
6,left,13.025,5.23592,7.76865
6,left,13.05,5.13156,7.59092
6,left,13.075,5.20261,7.65461
6,left,13.1,4.6096,7.4728
6,left,13.125,5.37579,7.51708
6,left,13.15,5.33062,7.22412
6,left,13.175,5.09941,7.43283
6,left,13.2,4.91154,7.21801
6,left,13.225,4.8511,7.23403
6,left,13.25,4.67516,7.18293
6,left,13.275,4.95058,7.23486
6,left,13.3,4.77514,7.25369
6,left,13.325,4.79355,7.40322
6,left,13.35,5.03061,7.39855
6,left,13.375,4.43315,7.47709
6,left,13.4,4.80538,7.41162
6,left,13.425,4.9772,7.56905
6,left,13.45,5.26051,7.57234
6,left,13.475,5.28815,7.54462
6,left,13.5,5.71659,8.01854
6,left,13.525,5.83796,8.06233
6,left,13.55,5.92353,8.01488
6,left,13.575,6.02218,7.95379
6,left,13.6,6.09944,7.96435
6,left,13.625,6.11481,8.18367
6,left,13.65,5.30989,7.98023
6,left,13.675,5.53966,8.11804
6,left,13.7,5.53773,7.73735
6,left,13.725,5.05114,7.83595
6,left,13.75,5.22367,7.73769
6,left,13.775,5.18124,7.52731
6,left,13.8,4.89709,7.64257
6,left,13.825,4.97829,7.4354
6,left,13.85,4.97509,7.54897
6,left,13.875,4.98432,7.4582
6,left,13.9,5.06034,7.16384
6,left,13.925,4.68219,7.15602
6,left,13.95,4.70487,7.32183
6,left,13.975,5.05859,7.2286
6,left,14.0,4.74322,7.10035
6,left,14.025,4.82102,7.33269
6,left,14.05,4.74089,7.33769
6,left,14.075,4.57657,7.43277
6,left,14.1,4.6903,7.48518
6,left,14.125,4.5606,7.49908
6,left,14.15,4.85403,7.63844
6,left,14.175,5.01906,7.69723
6,left,14.2,5.53522,7.87583
6,left,14.225,5.69337,7.71701
6,left,14.25,6.04732,7.8663
6,left,14.275,5.45137,7.89672
6,left,14.3,5.95146,7.83418
6,left,14.325,5.95915,8.12078
6,left,14.35,5.4744,7.91063
6,left,14.375,5.609,8.07262
6,left,14.4,5.21443,7.7805
6,left,14.425,5.08937,7.96405
6,left,14.45,5.10256,7.65987
6,left,14.475,5.20938,7.6682
6,left,14.5,4.90968,7.63225
6,left,14.525,5.02998,7.32141
6,left,14.55,5.40117,7.45053
6,left,14.575,4.68323,7.15755
6,left,14.6,4.62202,7.09921
6,left,14.625,4.91047,7.28955
6,left,14.65,4.57466,7.19278
6,left,14.675,4.83191,6.96785
6,left,14.7,4.98967,7.26016
6,left,14.725,4.57315,7.15724
6,left,14.75,4.87769,6.969
6,left,14.775,4.90427,7.37922
6,left,14.8,4.89556,7.50185
6,left,14.825,4.5974,7.54293
6,left,14.85,4.99811,7.79271
6,left,14.875,5.43117,7.51578
6,left,14.9,5.55748,7.72964
6,left,14.925,6.06762,7.94798
6,left,14.95,6.20195,7.86656
6,left,14.975,6.42031,8.00748
6,right,0.0,4.81524,7.56176
6,right,0.025,4.80048,7.6525
6,right,0.05,5.40545,7.68017
6,right,0.075,5.62991,7.72811
6,right,0.1,5.8627,7.80881
6,right,0.125,5.94901,7.80799
6,right,0.15,5.92784,7.79499
6,right,0.175,5.89162,7.76629
6,right,0.2,5.55386,7.96751
6,right,0.225,5.55778,7.92895
6,right,0.25,5.20705,8.15
6,right,0.275,5.19188,8.15866
6,right,0.3,5.18657,7.7674
6,right,0.325,5.05109,7.66657
6,right,0.35,5.0709,7.78805
6,right,0.375,4.84722,7.48892
6,right,0.4,4.93301,7.60752
6,right,0.425,4.92793,7.37255
6,right,0.45,5.01292,7.24827
6,right,0.475,4.56138,7.2442
6,right,0.5,4.76825,7.3564
6,right,0.525,4.66942,7.15691
6,right,0.55,4.81422,7.25462
6,right,0.575,4.68635,7.14926
6,right,0.6,4.85293,7.23552
6,right,0.625,4.31914,7.30571
6,right,0.65,4.67538,7.29577
6,right,0.675,4.76639,7.52724
6,right,0.7,4.75309,7.46662
6,right,0.725,4.93806,7.57121
6,right,0.75,5.16965,7.59127
6,right,0.775,5.64691,7.72096
6,right,0.8,5.92729,7.88818
6,right,0.825,6.15402,7.96961
6,right,0.85,6.11012,7.91398
6,right,0.875,5.87774,7.94625
6,right,0.9,5.76124,7.91101
6,right,0.925,5.2948,7.94938
6,right,0.95,5.23137,7.98344
6,right,0.975,5.20784,7.72986
6,right,1.0,4.94919,7.85144
6,right,1.025,5.00756,7.71802
6,right,1.05,4.99226,7.74161
6,right,1.075,4.79955,7.83263
6,right,1.1,4.80886,7.47633
6,right,1.125,4.81338,7.35801
6,right,1.15,4.85694,7.2958
6,right,1.175,4.8854,7.27532
6,right,1.2,4.73587,7.27951
6,right,1.225,4.69971,7.24761
6,right,1.25,4.76044,7.20793
6,right,1.275,4.80889,7.3095
6,right,1.3,4.80377,7.2486
6,right,1.325,4.72591,7.31043
6,right,1.35,4.96173,7.32626
6,right,1.375,4.69548,7.35955
6,right,1.4,4.66538,7.40731
6,right,1.425,5.0455,7.53704
6,right,1.45,5.36877,7.71332
6,right,1.475,5.71668,7.75131
6,right,1.5,5.99544,7.77824
6,right,1.525,5.86762,7.95893
6,right,1.55,6.3165,7.90741
6,right,1.575,5.80921,7.91889
6,right,1.6,5.95833,8.11641
6,right,1.625,5.38158,8.12825
6,right,1.65,5.43056,7.95766
6,right,1.675,5.42484,7.76537
6,right,1.7,5.17482,7.95267
6,right,1.725,5.17896,7.67244
6,right,1.75,5.02761,7.63028
6,right,1.775,5.03294,7.61881
6,right,1.8,4.85846,7.65921
6,right,1.825,4.94803,7.28657
6,right,1.85,4.71275,7.45771
6,right,1.875,4.94095,7.43694
6,right,1.9,4.80774,7.28933
6,right,1.925,4.65632,7.29807
6,right,1.95,4.60958,7.2943
6,right,1.975,4.87124,7.32712
6,right,2.0,5.04903,7.23241
6,right,2.025,4.72723,7.28028
6,right,2.05,5.02733,7.43686
6,right,2.075,4.73827,7.24575
6,right,2.1,4.90401,7.69354
6,right,2.125,5.14932,7.63155
6,right,2.15,5.29667,7.72252
6,right,2.175,6.00038,7.83431
6,right,2.2,6.12659,7.74252
6,right,2.225,6.23715,7.82654
6,right,2.25,5.83271,7.92405
6,right,2.275,5.76241,7.86508
6,right,2.3,5.29178,7.96566
6,right,2.325,5.32131,7.95748
6,right,2.35,5.21254,8.07467
6,right,2.375,5.21999,8.14464
6,right,2.4,5.07164,7.90358
6,right,2.425,4.89262,7.99985
6,right,2.45,4.90488,7.65362
6,right,2.475,5.07578,7.82171
6,right,2.5,5.13654,7.53116
6,right,2.525,4.88782,7.46889
6,right,2.55,4.92392,7.25493
6,right,2.575,4.73929,7.26953
6,right,2.6,4.58483,7.43108
6,right,2.625,4.6943,7.23477
6,right,2.65,4.65002,7.23774
6,right,2.675,4.70255,7.09218
6,right,2.7,4.94621,7.34726
6,right,2.725,4.82069,7.13421
6,right,2.75,5.20331,7.11871
6,right,2.775,5.43543,7.42421
6,right,2.8,5.50286,7.40639
6,right,2.825,5.8964,7.47698
6,right,2.85,5.95114,7.57053
6,right,2.875,6.35739,7.67282
6,right,2.9,6.18,7.74482
6,right,2.925,5.71877,7.77909
6,right,2.95,5.60254,7.713
6,right,2.975,5.41746,8.15467
6,right,3.0,5.44713,7.88199
6,right,3.025,5.23868,7.8998
6,right,3.05,5.39742,7.83295
6,right,3.075,5.1632,7.99907
6,right,3.1,5.28464,8.03194
6,right,3.125,4.98337,7.94666
6,right,3.15,5.05741,7.64277
6,right,3.175,4.93935,7.8281
6,right,3.2,4.98106,7.48776
6,right,3.225,4.72615,7.57183
6,right,3.25,4.75114,7.32273
6,right,3.275,4.74678,7.28314
6,right,3.3,4.87654,7.25379
6,right,3.325,4.88085,7.34001
6,right,3.35,4.89618,7.23471
6,right,3.375,4.69622,7.15548
6,right,3.4,4.92188,6.93382
6,right,3.425,4.75084,7.29599
6,right,3.45,4.55742,7.45698
6,right,3.475,4.72241,7.45765
6,right,3.5,4.93229,7.43897
6,right,3.525,5.20904,7.47822
6,right,3.55,5.5668,7.48612
6,right,3.575,5.77673,7.72075
6,right,3.6,6.13831,7.64064
6,right,3.625,6.25923,7.72829
6,right,3.65,5.82828,7.9465
6,right,3.675,5.90466,7.9647
6,right,3.7,5.71919,7.95028
6,right,3.725,5.46565,8.02792
6,right,3.75,5.2508,7.9771
6,right,3.775,5.11596,7.93352
6,right,3.8,5.12399,7.87622
6,right,3.825,5.10521,7.83076
6,right,3.85,5.03273,7.9127
6,right,3.875,5.03166,7.80913
6,right,3.9,4.95134,7.52545
6,right,3.925,4.91024,7.37242
6,right,3.95,4.7504,7.38509
6,right,3.975,4.79826,7.36755
6,right,4.0,4.86878,7.32083
6,right,4.025,4.84688,7.32774
6,right,4.05,4.85206,7.24619
6,right,4.075,4.82514,7.2445
6,right,4.1,4.69102,7.2392
6,right,4.125,4.67811,7.34715
6,right,4.15,4.71207,7.05479
6,right,4.175,4.89048,7.40107
6,right,4.2,4.72038,7.51757
6,right,4.225,4.74347,7.5265
6,right,4.25,5.06364,7.67257
6,right,4.275,5.42027,7.65339
6,right,4.3,5.86242,7.84594
6,right,4.325,6.02745,7.80147
6,right,4.35,5.8867,7.6639
6,right,4.375,6.06918,7.82828
6,right,4.4,5.81986,7.87367
6,right,4.425,5.72003,7.96167
6,right,4.45,5.33587,8.09979
6,right,4.475,5.20532,7.92827
6,right,4.5,5.26243,8.14459
6,right,4.525,5.32417,8.00211
6,right,4.55,5.02386,7.93225
6,right,4.575,5.0903,7.69538
6,right,4.6,4.9711,7.88293
6,right,4.625,4.90635,7.78126
6,right,4.65,4.87109,7.48584
6,right,4.675,4.75521,7.37802
6,right,4.7,4.75083,7.43767
6,right,4.725,4.86462,7.31416
6,right,4.75,4.73572,7.22585
6,right,4.775,4.80382,7.0362
6,right,4.8,4.75828,7.19934
6,right,4.825,4.54622,7.12351
6,right,4.85,4.64966,7.17273
6,right,4.875,4.59859,7.3282
6,right,4.9,4.65618,7.43489
6,right,4.925,4.65707,7.36979
6,right,4.95,5.16016,7.55203
6,right,4.975,5.00255,7.53266
6,right,5.0,5.45893,7.64402
6,right,5.025,5.77216,7.90966
6,right,5.05,5.98402,7.79468
6,right,5.075,5.92509,8.01506
6,right,5.1,5.84351,7.89923
6,right,5.125,5.52809,8.27782
6,right,5.15,5.43558,7.97299
6,right,5.175,5.129,7.86422
6,right,5.2,5.24542,7.8828
6,right,5.225,5.08184,8.01161
6,right,5.25,5.11437,7.7672
6,right,5.275,4.95541,7.81811
6,right,5.3,4.93105,7.61123
6,right,5.325,4.85214,7.63248
6,right,5.35,4.69922,7.56217
6,right,5.375,4.63684,7.60834
6,right,5.4,4.60769,7.41083
6,right,5.425,4.71355,7.33361
6,right,5.45,4.7214,7.36105
6,right,5.475,4.63885,7.08289
6,right,5.5,4.52949,7.33103
6,right,5.525,4.55688,7.09881
6,right,5.55,4.44937,7.18001
6,right,5.575,4.56237,7.29331
6,right,5.6,4.50319,7.32941
6,right,5.625,4.67962,7.46552
6,right,5.65,4.6591,7.45304
6,right,5.675,4.85988,7.51199
6,right,5.7,5.05486,7.83508
6,right,5.725,5.26086,7.78068
6,right,5.75,5.85198,7.64151
6,right,5.775,5.97103,7.95967
6,right,5.8,5.94731,7.92629
6,right,5.825,5.89311,8.02132
6,right,5.85,5.67935,8.2798
6,right,5.875,5.23197,7.86073
6,right,5.9,5.24447,7.9152
6,right,5.925,4.88877,7.71377
6,right,5.95,4.75407,7.87877
6,right,5.975,5.0597,7.70754
6,right,6.0,4.94006,7.75654
6,right,6.025,4.90207,7.61443
6,right,6.05,4.66818,7.71614
6,right,6.075,4.49764,7.64995
6,right,6.1,4.58305,7.38749
6,right,6.125,4.65265,7.29019
6,right,6.15,4.59708,7.05625
6,right,6.175,4.48168,7.3036
6,right,6.2,4.73877,7.26645
6,right,6.225,4.70512,7.21778
6,right,6.25,4.61261,7.17754
6,right,6.275,4.54724,7.45068
6,right,6.3,4.65709,7.51539
6,right,6.325,4.56717,7.30868
6,right,6.35,4.43223,7.06201
6,right,6.375,4.74275,7.57143
6,right,6.4,4.94554,7.75914
6,right,6.425,5.2505,7.78789
6,right,6.45,5.53813,7.81597
6,right,6.475,6.0505,7.93961
6,right,6.5,5.78006,7.98797
6,right,6.525,5.85544,7.94486
6,right,6.55,5.4122,7.82442
6,right,6.575,5.11165,8.05479
6,right,6.6,5.0659,8.14607
6,right,6.625,5.03015,7.83061
6,right,6.65,4.74052,8.02157
6,right,6.675,5.00255,7.86077
6,right,6.7,5.03825,7.61951
6,right,6.725,4.8063,7.71486
6,right,6.75,4.80722,7.49217
6,right,6.775,4.74032,7.49942
6,right,6.8,4.6501,7.45719
6,right,6.825,4.52983,7.29344
6,right,6.85,4.36405,7.41137
6,right,6.875,4.45802,7.37884
6,right,6.9,4.58415,7.28265
6,right,6.925,4.36851,7.21772
6,right,6.95,4.58936,7.17962
6,right,6.975,4.62212,7.09069
6,right,7.0,4.4426,7.22753
6,right,7.025,4.50347,7.27888
6,right,7.05,4.55823,7.58494
6,right,7.075,4.79894,7.455
6,right,7.1,5.07,7.70052
6,right,7.125,5.33739,7.78488
6,right,7.15,5.61715,7.66354
6,right,7.175,5.90646,7.97074
6,right,7.2,5.75502,7.92811
6,right,7.225,5.70955,7.78964
6,right,7.25,5.57906,7.74867
6,right,7.275,5.33733,7.98584
6,right,7.3,5.09825,7.97933
6,right,7.325,5.02334,7.90997
6,right,7.35,4.88137,7.94006
6,right,7.375,4.97877,7.7015
6,right,7.4,4.83106,7.74057
6,right,7.425,4.80728,7.81901
6,right,7.45,4.75836,7.67413
6,right,7.475,4.64986,7.41072
6,right,7.5,4.55882,7.41239
6,right,7.525,4.71694,7.2663
6,right,7.55,4.41902,7.24441
6,right,7.575,4.58506,7.23224
6,right,7.6,4.64864,7.08633
6,right,7.625,4.62984,7.22422
6,right,7.65,4.38883,7.34854
6,right,7.675,4.52877,7.22954
6,right,7.7,4.3206,7.18026
6,right,7.725,4.57573,7.44253
6,right,7.75,4.44135,7.46354
6,right,7.775,4.43066,7.35994
6,right,7.8,4.93863,7.68979
6,right,7.825,5.06219,7.64915
6,right,7.85,5.22978,7.84991
6,right,7.875,5.61516,7.69759
6,right,7.9,5.99481,7.94305
6,right,7.925,6.06716,7.95368
6,right,7.95,5.60967,7.8094
6,right,7.975,5.37808,7.76504
6,right,8.0,5.2193,8.17847
6,right,8.025,5.21487,7.90327
6,right,8.05,5.08058,7.90118
6,right,8.075,5.22753,7.7655
6,right,8.1,4.90835,7.79521
6,right,8.125,4.88062,7.49817
6,right,8.15,4.85706,7.51338
6,right,8.175,4.87532,7.33446
6,right,8.2,4.64398,7.44117
6,right,8.225,4.7281,7.54807
6,right,8.25,4.48269,7.40973
6,right,8.275,4.77368,7.17511
6,right,8.3,4.60276,7.14834
6,right,8.325,4.47498,7.18965
6,right,8.35,4.38815,7.2481
6,right,8.375,4.72829,7.24563
6,right,8.4,4.51056,7.28842
6,right,8.425,4.71065,7.40216
6,right,8.45,4.4959,7.51117
6,right,8.475,4.52457,7.64326
6,right,8.5,4.56251,7.44364
6,right,8.525,5.103,7.75229
6,right,8.55,5.2653,7.69545
6,right,8.575,5.3604,7.66834
6,right,8.6,5.81525,7.84807
6,right,8.625,5.7861,7.7664
6,right,8.65,5.73483,7.94169
6,right,8.675,5.44234,7.96376
6,right,8.7,5.3658,7.85628
6,right,8.725,5.05235,7.91223
6,right,8.75,4.94634,7.85012
6,right,8.775,4.91149,7.65024
6,right,8.8,5.08517,7.77066
6,right,8.825,4.94868,7.50597
6,right,8.85,4.74257,7.56014
6,right,8.875,4.88284,7.50892
6,right,8.9,4.70208,7.2879
6,right,8.925,4.57752,7.43035
6,right,8.95,4.58673,7.40442
6,right,8.975,4.49444,7.35693
6,right,9.0,4.52821,7.23472
6,right,9.025,4.40187,7.09538
6,right,9.05,4.43664,7.22588
6,right,9.075,4.581,7.22961
6,right,9.1,4.60402,7.27981
6,right,9.125,4.46712,7.45273
6,right,9.15,4.46581,7.39493
6,right,9.175,4.81397,7.44353
6,right,9.2,4.84332,7.5844
6,right,9.225,5.30251,7.64877
6,right,9.25,5.55935,7.69525
6,right,9.275,5.89334,7.51774
6,right,9.3,5.89781,7.86756
6,right,9.325,5.96589,7.95804
6,right,9.35,5.637,8.1146
6,right,9.375,5.68138,8.00595
6,right,9.4,5.23708,7.97539
6,right,9.425,5.02972,7.78897
6,right,9.45,5.25059,8.07755
6,right,9.475,5.13315,7.86739
6,right,9.5,5.02596,7.87481
6,right,9.525,4.88068,7.60751
6,right,9.55,4.90594,7.81619
6,right,9.575,4.78529,7.56213
6,right,9.6,4.61425,7.52308
6,right,9.625,4.74645,7.56475
6,right,9.65,4.74216,7.39254
6,right,9.675,4.4895,7.09795
6,right,9.7,4.6958,7.2585
6,right,9.725,4.60713,7.21323
6,right,9.75,4.61817,7.25394
6,right,9.775,4.75081,7.2659
6,right,9.8,4.61493,7.37505
6,right,9.825,4.63296,7.29048
6,right,9.85,4.62684,7.60903
6,right,9.875,4.81552,7.55579
6,right,9.9,5.01965,7.63615
6,right,9.925,5.32355,7.76041
6,right,9.95,5.83432,7.7128
6,right,9.975,5.80769,7.79001
6,right,10.0,6.05269,7.92616
6,right,10.025,5.85574,7.95411
6,right,10.05,5.78051,7.9545
6,right,10.075,5.64295,8.08654
6,right,10.1,5.3377,7.91556
6,right,10.125,5.27842,7.97025
6,right,10.15,5.2748,7.96147
6,right,10.175,5.02169,8.00165
6,right,10.2,5.05733,7.7656
6,right,10.225,5.0727,7.70413
6,right,10.25,4.99963,7.71489
6,right,10.275,5.05282,7.50112
6,right,10.3,4.7755,7.71032
6,right,10.325,4.8596,7.38334
6,right,10.35,4.75854,7.53354
6,right,10.375,4.77546,7.53805
6,right,10.4,4.76118,7.08666
6,right,10.425,4.68395,7.14156
6,right,10.45,5.03474,7.19098
6,right,10.475,4.71701,7.23601
6,right,10.5,4.59055,7.39828
6,right,10.525,4.62804,7.36089
6,right,10.55,4.66848,7.44728
6,right,10.575,4.64643,7.45385
6,right,10.6,4.85122,7.56505
6,right,10.625,5.15509,7.50024
6,right,10.65,5.60897,7.71965
6,right,10.675,5.73809,7.89348
6,right,10.7,6.01015,7.8073
6,right,10.725,6.05106,7.75686
6,right,10.75,5.79988,8.04552
6,right,10.775,5.70343,8.01073
6,right,10.8,5.44599,8.0407
6,right,10.825,5.40215,8.02321
6,right,10.85,5.0643,8.03146
6,right,10.875,5.30837,7.91688
6,right,10.9,5.41457,7.73956
6,right,10.925,5.07075,7.76807
6,right,10.95,5.10857,7.84157
6,right,10.975,4.97655,7.45097
6,right,11.0,4.86671,7.37492
6,right,11.025,4.94059,7.45138
6,right,11.05,4.71465,7.41613
6,right,11.075,4.77704,7.26518
6,right,11.1,4.78167,7.44186
6,right,11.125,4.64834,7.15285
6,right,11.15,4.72579,7.06284
6,right,11.175,4.93162,7.27794
6,right,11.2,4.75099,7.2541
6,right,11.225,4.80705,7.12039
6,right,11.25,4.63428,7.42762
6,right,11.275,4.86171,7.21631
6,right,11.3,4.8615,7.52897
6,right,11.325,5.4505,7.49932
6,right,11.35,5.5124,7.83097
6,right,11.375,5.90455,7.73808
6,right,11.4,6.05685,7.81152
6,right,11.425,5.88941,7.74193
6,right,11.45,5.82294,8.01812
6,right,11.475,5.96454,7.91765
6,right,11.5,5.62629,8.08803
6,right,11.525,5.453,7.94544
6,right,11.55,5.37874,7.8562
6,right,11.575,5.18216,7.74656
6,right,11.6,5.01091,7.95126
6,right,11.625,4.9833,7.77079
6,right,11.65,5.10061,7.67027
6,right,11.675,5.10314,7.71234
6,right,11.7,4.98792,7.45836
6,right,11.725,4.93284,7.40664
6,right,11.75,5.00488,7.33568
6,right,11.775,4.62799,7.27457
6,right,11.8,4.9,7.31708
6,right,11.825,4.69391,7.21955
6,right,11.85,4.67395,7.28289
6,right,11.875,4.55739,7.35865
6,right,11.9,4.63378,7.31169
6,right,11.925,4.74879,7.45205
6,right,11.95,4.82111,7.38351
6,right,11.975,4.87358,7.41184
6,right,12.0,4.89996,7.32565
6,right,12.025,5.13333,7.5595
6,right,12.05,5.07311,7.62389
6,right,12.075,5.60876,7.84254
6,right,12.1,6.07707,7.77132
6,right,12.125,5.93439,7.81987
6,right,12.15,5.97438,7.97064
6,right,12.175,6.00779,7.74671
6,right,12.2,5.6886,7.97595
6,right,12.225,5.57524,7.92051
6,right,12.25,5.34312,7.96245
6,right,12.275,5.25714,7.92473
6,right,12.3,5.16547,7.8369
6,right,12.325,5.35025,7.63807
6,right,12.35,5.192,7.65968
6,right,12.375,5.09222,7.59281
6,right,12.4,5.03658,7.65244
6,right,12.425,4.9986,7.58249
6,right,12.45,4.75803,7.33962
6,right,12.475,4.97552,7.16336
6,right,12.5,4.80205,7.33552
6,right,12.525,4.68169,7.22535
6,right,12.55,4.81483,7.05315
6,right,12.575,4.72179,7.11386
6,right,12.6,4.70491,7.20111
6,right,12.625,4.69742,7.18801
6,right,12.65,4.69461,7.25333
6,right,12.675,4.80376,7.41842
6,right,12.7,5.05732,7.61086
6,right,12.725,5.01352,7.44048
6,right,12.75,5.36626,7.89999
6,right,12.775,5.65883,7.91343
6,right,12.8,6.01561,7.65112
6,right,12.825,6.1581,7.97608
6,right,12.85,6.29453,7.9097
6,right,12.875,6.04954,8.03479
6,right,12.9,5.60329,8.03947
6,right,12.925,5.65463,8.01564
6,right,12.95,5.43494,8.01867
6,right,12.975,5.04704,7.9511
6,right,13.0,5.14281,8.00542
6,right,13.025,5.07743,7.76936
6,right,13.05,5.16798,7.59716
6,right,13.075,5.15691,7.6493
6,right,13.1,5.20643,7.50461
6,right,13.125,4.91237,7.60642
6,right,13.15,4.94551,7.44339
6,right,13.175,4.71416,7.26202
6,right,13.2,4.72522,7.34355
6,right,13.225,5.02479,7.0343
6,right,13.25,4.72637,7.18924
6,right,13.275,4.73318,7.43773
6,right,13.3,4.71599,7.33908
6,right,13.325,4.61677,7.20888
6,right,13.35,4.86725,7.31961
6,right,13.375,4.73333,7.22257
6,right,13.4,4.74124,7.35182
6,right,13.425,5.0443,7.53728
6,right,13.45,5.29436,7.7057
6,right,13.475,5.55464,7.57038
6,right,13.5,5.92487,7.86584
6,right,13.525,6.249,7.84046
6,right,13.55,6.07243,7.96805
6,right,13.575,5.89303,8.04049
6,right,13.6,5.6731,7.89889
6,right,13.625,5.46526,7.87676
6,right,13.65,5.33217,8.00865
6,right,13.675,5.37488,7.96659
6,right,13.7,5.27006,7.82861
6,right,13.725,5.17307,7.88605
6,right,13.75,5.22151,7.82315
6,right,13.775,5.0236,7.69654
6,right,13.8,4.71617,7.64592
6,right,13.825,4.92265,7.6313
6,right,13.85,4.70707,7.29094
6,right,13.875,4.78216,7.43425
6,right,13.9,4.75,7.38894
6,right,13.925,4.65039,7.19593
6,right,13.95,4.63146,7.2223
6,right,13.975,4.7334,7.23417
6,right,14.0,4.62787,7.21772
6,right,14.025,4.7209,7.14592
6,right,14.05,4.77053,7.35689
6,right,14.075,4.74703,7.35277
6,right,14.1,4.99853,7.42945
6,right,14.125,5.3285,7.50994
6,right,14.15,5.72396,7.66878
6,right,14.175,5.60906,7.79405
6,right,14.2,6.06334,7.72345
6,right,14.225,6.04199,8.01344
6,right,14.25,5.79099,7.84013
6,right,14.275,5.79646,8.06237
6,right,14.3,5.63765,7.93141
6,right,14.325,5.34533,8.12707
6,right,14.35,5.26907,7.86601
6,right,14.375,5.28879,8.00531
6,right,14.4,5.09538,8.00639
6,right,14.425,5.09176,7.86726
6,right,14.45,5.03621,7.76914
6,right,14.475,5.07979,7.61116
6,right,14.5,5.02392,7.74099
6,right,14.525,5.02821,7.47783
6,right,14.55,4.70414,7.4773
6,right,14.575,4.60682,7.36808
6,right,14.6,4.89332,7.27264
6,right,14.625,4.69347,7.32481
6,right,14.65,4.50193,7.43306
6,right,14.675,4.75481,7.23767
6,right,14.7,4.556,7.29319
6,right,14.725,4.54233,7.24828
6,right,14.75,4.69445,7.32897
6,right,14.775,4.53732,7.22092
6,right,14.8,4.64524,7.36144
6,right,14.825,4.79916,7.4002
6,right,14.85,5.1603,7.5609
6,right,14.875,5.21569,7.50525
6,right,14.9,5.77412,7.96091
6,right,14.925,5.84793,7.84553
6,right,14.95,5.77554,7.79792
6,right,14.975,6.09869,7.9267
7,left,0.0,4.85831,8.1388
7,left,0.025,4.60465,8.08978
7,left,0.05,4.75541,7.87723
7,left,0.075,5.23044,8.21406
7,left,0.1,5.79953,8.07216
7,left,0.125,5.93466,7.98985
7,left,0.15,5.828,8.05319
7,left,0.175,5.83977,7.83682
7,left,0.2,5.35983,7.70609
7,left,0.225,5.16083,7.89488
7,left,0.25,5.10715,7.67773
7,left,0.275,5.18678,7.61604
7,left,0.3,5.17999,7.62893
7,left,0.325,4.79826,7.44581
7,left,0.35,4.91882,7.27751
7,left,0.375,4.85967,7.1494
7,left,0.4,4.93278,7.32641
7,left,0.425,4.7678,7.28847
7,left,0.45,4.20369,7.12812
7,left,0.475,4.60583,7.34238
7,left,0.5,4.45999,7.30007
7,left,0.525,4.16506,7.39722
7,left,0.55,4.46939,7.45288
7,left,0.575,4.44299,7.46637
7,left,0.6,4.48738,7.53483
7,left,0.625,4.47729,7.55513
7,left,0.65,4.68362,7.79606
7,left,0.675,4.23802,7.88003
7,left,0.7,4.43027,7.75991
7,left,0.725,4.99255,7.80254
7,left,0.75,5.0527,7.85215
7,left,0.775,5.41727,8.07106
7,left,0.8,5.67005,7.83849
7,left,0.825,5.99855,8.08516
7,left,0.85,5.78032,7.9948
7,left,0.875,5.70861,7.95217
7,left,0.9,5.89418,8.02511
7,left,0.925,5.62257,7.66393
7,left,0.95,5.20979,7.59837
7,left,0.975,4.75476,7.64866
7,left,1.0,5.03714,7.41794
7,left,1.025,4.96813,7.39948
7,left,1.05,5.13756,7.39441
7,left,1.075,5.31478,7.28911
7,left,1.1,4.75442,7.00849
7,left,1.125,4.8684,7.48203
7,left,1.15,4.5095,7.28883
7,left,1.175,5.12951,7.38816
7,left,1.2,4.77082,7.14099
7,left,1.225,4.46326,7.32038
7,left,1.25,4.74511,7.32572
7,left,1.275,4.60418,7.55381
7,left,1.3,4.53443,7.55317
7,left,1.325,4.39522,7.51982
7,left,1.35,4.36684,7.57736
7,left,1.375,4.2856,7.76032
7,left,1.4,4.32615,7.79376
7,left,1.425,4.75648,7.78398
7,left,1.45,4.94744,8.07776
7,left,1.475,4.82264,7.96266
7,left,1.5,5.09361,8.00721
7,left,1.525,5.66528,8.1475
7,left,1.55,5.83846,7.95902
7,left,1.575,5.70198,7.90427
7,left,1.6,5.5663,7.87112
7,left,1.625,6.00135,7.93321
7,left,1.65,5.4214,7.84721
7,left,1.675,5.6497,7.75471
7,left,1.7,4.90854,7.59342
7,left,1.725,5.05973,7.55443
7,left,1.75,5.21714,7.24682
7,left,1.775,5.01704,7.33721
7,left,1.8,4.41552,7.32735
7,left,1.825,4.77833,7.00531
7,left,1.85,4.36399,7.14512
7,left,1.875,4.61651,7.33735
7,left,1.9,4.9257,7.20489
7,left,1.925,4.87633,7.32033
7,left,1.95,4.86877,7.35196
7,left,1.975,4.35356,7.38426
7,left,2.0,4.74948,7.63276
7,left,2.025,4.91631,7.46235
7,left,2.05,4.42308,7.7056
7,left,2.075,4.62302,7.78724
7,left,2.1,4.4355,7.74812
7,left,2.125,4.68148,7.88324
7,left,2.15,4.79884,7.87898
7,left,2.175,4.68719,7.96779
7,left,2.2,5.23092,8.06291
7,left,2.225,5.5753,7.82997
7,left,2.25,5.83635,8.04919
7,left,2.275,5.82932,7.97268
7,left,2.3,5.93861,7.63638
7,left,2.325,5.58161,7.95882
7,left,2.35,5.64309,7.72945
7,left,2.375,5.14073,7.7564
7,left,2.4,5.09894,7.41271
7,left,2.425,5.50826,7.34744
7,left,2.45,4.87547,7.26406
7,left,2.475,4.77562,7.4638
7,left,2.5,4.77579,7.28345
7,left,2.525,5.00658,7.31586
7,left,2.55,4.70698,7.27096
7,left,2.575,4.57912,7.12178
7,left,2.6,4.8282,7.14321
7,left,2.625,4.38894,7.18237
7,left,2.65,4.40214,7.28812
7,left,2.675,4.82127,7.2886
7,left,2.7,4.44695,7.47543
7,left,2.725,4.36261,7.43734
7,left,2.75,4.53314,7.63995
7,left,2.775,4.38316,7.61323
7,left,2.8,4.40613,7.88658
7,left,2.825,4.63772,7.68767
7,left,2.85,4.90159,7.83874
7,left,2.875,5.49083,7.99669
7,left,2.9,5.03484,8.00434
7,left,2.925,5.64779,8.07688
7,left,2.95,5.88374,7.96199
7,left,2.975,5.86151,7.87393
7,left,3.0,5.56427,8.05171
7,left,3.025,5.6375,7.82045
7,left,3.05,5.57934,7.92426
7,left,3.075,4.99584,7.73849
7,left,3.1,5.0567,7.36161
7,left,3.125,5.04561,7.68405
7,left,3.15,4.78399,7.44098
7,left,3.175,4.84935,7.33867
7,left,3.2,4.88098,7.18427
7,left,3.225,4.07733,7.0689
7,left,3.25,4.76476,7.05101
7,left,3.275,4.51281,7.06926
7,left,3.3,4.62588,7.16737
7,left,3.325,4.25714,7.19868
7,left,3.35,4.45292,7.24854
7,left,3.375,4.5259,7.48851
7,left,3.4,4.41322,7.4193
7,left,3.425,4.83503,7.41822
7,left,3.45,4.64473,7.47414
7,left,3.475,4.6212,7.56732
7,left,3.5,4.82925,7.59165
7,left,3.525,4.42698,7.74651
7,left,3.55,4.52682,7.96028
7,left,3.575,4.86986,7.88255
7,left,3.6,5.05997,7.90854
7,left,3.625,4.99588,8.04491
7,left,3.65,5.56157,7.965
7,left,3.675,5.67453,7.76996
7,left,3.7,6.31261,7.82703
7,left,3.725,5.85565,7.81927
7,left,3.75,5.97998,7.94085
7,left,3.775,5.40711,7.56236
7,left,3.8,5.39069,7.55095
7,left,3.825,5.13374,7.53165
7,left,3.85,4.92334,7.30482
7,left,3.875,4.95768,7.39334
7,left,3.9,5.26177,7.04197
7,left,3.925,4.9723,7.17097
7,left,3.95,4.75107,7.14807
7,left,3.975,4.72986,7.2783
7,left,4.0,5.2625,7.28232
7,left,4.025,4.92065,7.22252
7,left,4.05,4.54141,7.17635
7,left,4.075,4.65888,7.38804
7,left,4.1,4.70618,7.42118
7,left,4.125,4.5298,7.50492
7,left,4.15,4.55539,7.53876
7,left,4.175,4.51933,7.65038
7,left,4.2,4.61918,7.95912
7,left,4.225,4.60171,7.90854
7,left,4.25,4.17545,7.93998
7,left,4.275,4.79617,7.91893
7,left,4.3,4.56532,8.09064
7,left,4.325,5.18568,7.981
7,left,4.35,5.28126,7.96802
7,left,4.375,5.48447,7.89643
7,left,4.4,5.58095,7.77329
7,left,4.425,5.75893,7.74451
7,left,4.45,6.18109,7.73853
7,left,4.475,5.12542,7.73078
7,left,4.5,5.35061,7.75649
7,left,4.525,4.96887,7.4484
7,left,4.55,4.77296,7.33599
7,left,4.575,4.88981,7.39272
7,left,4.6,5.18326,7.28475
7,left,4.625,4.6808,7.20268
7,left,4.65,4.66469,7.24579
7,left,4.675,4.93145,7.12343
7,left,4.7,5.01292,7.07642
7,left,4.725,4.65495,7.32956
7,left,4.75,4.07049,7.30574
7,left,4.775,4.62875,7.32104
7,left,4.8,4.43185,7.43334
7,left,4.825,4.54002,7.70238
7,left,4.85,4.70864,7.60355
7,left,4.875,4.19243,7.73844
7,left,4.9,4.44337,7.84599
7,left,4.925,4.53469,7.95697
7,left,4.95,4.42119,7.91276
7,left,4.975,4.43013,8.01869
7,left,5.0,4.67723,8.04194
7,left,5.025,5.2879,7.96233
7,left,5.05,5.28912,7.90459
7,left,5.075,5.50871,7.94856
7,left,5.1,6.04679,8.0811
7,left,5.125,5.78565,8.03974
7,left,5.15,5.43229,7.7382
7,left,5.175,5.40634,7.9615
7,left,5.2,5.72182,7.72873
7,left,5.225,5.07188,7.43556
7,left,5.25,4.52819,7.54887
7,left,5.275,4.89302,7.37244
7,left,5.3,4.75742,7.35655
7,left,5.325,4.7516,7.20132
7,left,5.35,4.8254,7.35667
7,left,5.375,4.92321,7.1153
7,left,5.4,4.57132,7.30521
7,left,5.425,4.99104,7.24372
7,left,5.45,4.50955,7.48063
7,left,5.475,4.26504,7.3603
7,left,5.5,4.49751,7.36711
7,left,5.525,4.86576,7.59837
7,left,5.55,4.26273,7.60575
7,left,5.575,4.29561,7.56127
7,left,5.6,4.72279,7.73233
7,left,5.625,4.11752,7.65017
7,left,5.65,4.66549,7.98862
7,left,5.675,4.68352,7.8323
7,left,5.7,4.63069,8.01188
7,left,5.725,4.81878,8.08268
7,left,5.75,4.76657,7.92359
7,left,5.775,5.55154,8.01112
7,left,5.8,5.47078,7.80585
7,left,5.825,5.79643,7.9974
7,left,5.85,5.53886,7.91919
7,left,5.875,5.77975,7.75747
7,left,5.9,4.97705,7.61306
7,left,5.925,4.87902,7.58309
7,left,5.95,5.05538,7.53749
7,left,5.975,4.74255,7.27928
7,left,6.0,4.64437,7.34673
7,left,6.025,4.69454,7.19202
7,left,6.05,4.6099,7.22723
7,left,6.075,4.61961,7.1199
7,left,6.1,4.4322,7.10539
7,left,6.125,4.58864,7.17318
7,left,6.15,4.80237,7.32537
7,left,6.175,4.65659,7.40443
7,left,6.2,4.14797,7.5817
7,left,6.225,4.11944,7.41234
7,left,6.25,5.08427,7.49228
7,left,6.275,4.60805,7.62268
7,left,6.3,4.36877,7.72596
7,left,6.325,4.48631,7.75017
7,left,6.35,4.44299,7.7701
7,left,6.375,4.28738,8.03136
7,left,6.4,4.31009,8.01683
7,left,6.425,4.79741,8.01004
7,left,6.45,4.86455,7.85201
7,left,6.475,5.16083,8.02359
7,left,6.5,5.25767,7.964
7,left,6.525,5.6322,7.89195
7,left,6.55,5.42593,7.8895
7,left,6.575,5.41039,7.77542
7,left,6.6,5.51901,7.68525
7,left,6.625,4.90899,7.63115
7,left,6.65,4.99321,7.38529
7,left,6.675,4.53503,7.39476
7,left,6.7,4.94072,7.45275
7,left,6.725,4.58434,7.06258
7,left,6.75,4.75986,7.32744
7,left,6.775,4.72102,7.33388
7,left,6.8,4.84792,7.25648
7,left,6.825,4.76102,7.41827
7,left,6.85,4.64118,7.39753
7,left,6.875,4.57398,7.15149
7,left,6.9,4.25774,7.16636
7,left,6.925,3.8279,7.45031
7,left,6.95,4.34004,7.73766
7,left,6.975,3.90075,7.56696
7,left,7.0,4.2362,7.5901
7,left,7.025,4.30244,7.68058
7,left,7.05,4.09943,7.78772
7,left,7.075,4.52331,7.93115
7,left,7.1,4.21906,8.00361
7,left,7.125,4.69607,7.99464
7,left,7.15,4.70545,8.11587
7,left,7.175,4.74164,8.08306
7,left,7.2,5.46394,8.06437
7,left,7.225,5.24181,7.93756
7,left,7.25,5.48447,7.89869
7,left,7.275,5.50431,7.83054
7,left,7.3,5.66455,7.65692
7,left,7.325,5.03896,7.47519
7,left,7.35,4.74072,7.41014
7,left,7.375,4.52028,7.49156
7,left,7.4,5.0562,7.40573
7,left,7.425,4.81214,7.31057
7,left,7.45,4.80938,7.202
7,left,7.475,4.36024,7.15026
7,left,7.5,4.71925,7.32371
7,left,7.525,4.53562,7.25117
7,left,7.55,4.23987,7.35591
7,left,7.575,4.26442,7.40492
7,left,7.6,4.36403,7.22036
7,left,7.625,4.38014,7.2316
7,left,7.65,4.50069,7.63365
7,left,7.675,4.69535,7.67919
7,left,7.7,4.11598,7.7245
7,left,7.725,4.17918,7.86406
7,left,7.75,4.26624,7.75834
7,left,7.775,4.34657,7.77103
7,left,7.8,4.44379,8.06279
7,left,7.825,4.15609,7.87349
7,left,7.85,4.59333,8.03915
7,left,7.875,4.85331,7.9285
7,left,7.9,5.32185,7.90939
7,left,7.925,5.5682,7.90468
7,left,7.95,5.62037,7.7856
7,left,7.975,5.45456,7.67923
7,left,8.0,5.38691,7.58941
7,left,8.025,4.96296,7.60887
7,left,8.05,4.51856,7.73487
7,left,8.075,4.95573,7.43765
7,left,8.1,4.7574,7.61136
7,left,8.125,4.27702,7.48449
7,left,8.15,4.922,7.23873
7,left,8.175,4.43029,7.28247
7,left,8.2,4.68131,7.32017
7,left,8.225,4.4713,7.11906
7,left,8.25,4.67057,7.19545
7,left,8.275,4.44439,7.22635
7,left,8.3,4.42763,7.36272
7,left,8.325,4.01499,7.41473
7,left,8.35,4.40859,7.41428
7,left,8.375,4.2787,7.59694
7,left,8.4,4.31844,7.7312
7,left,8.425,4.26414,7.75397
7,left,8.45,4.33039,8.02002
7,left,8.475,4.13356,7.59416
7,left,8.5,4.52382,8.00448
7,left,8.525,4.41029,8.06048
7,left,8.55,4.58773,7.96171
7,left,8.575,4.80742,7.99946
7,left,8.6,4.59458,7.88596
7,left,8.625,5.69192,7.99193
7,left,8.65,5.95451,8.00873
7,left,8.675,6.04946,8.03332
7,left,8.7,5.42165,7.76961
7,left,8.725,5.1855,7.50042
7,left,8.75,5.08776,7.80678
7,left,8.775,4.56227,7.36778
7,left,8.8,4.66182,7.42232
7,left,8.825,4.60636,7.24696
7,left,8.85,5.09175,7.22736
7,left,8.875,4.58606,7.13307
7,left,8.9,4.6461,7.25423
7,left,8.925,4.77276,7.21501
7,left,8.95,4.78613,7.12823
7,left,8.975,4.77536,7.20666
7,left,9.0,4.93833,7.17539
7,left,9.025,4.39608,7.48571
7,left,9.05,4.53797,7.62944
7,left,9.075,4.24972,7.28728
7,left,9.1,4.6938,7.64605
7,left,9.125,4.49627,7.58697
7,left,9.15,4.03507,7.67421
7,left,9.175,4.56168,7.87919
7,left,9.2,4.477,7.92087
7,left,9.225,4.20003,7.91885
7,left,9.25,4.86814,7.98005
7,left,9.275,4.72521,8.07963
7,left,9.3,5.26262,8.03062
7,left,9.325,5.25886,7.97188
7,left,9.35,6.04506,7.79087
7,left,9.375,5.30231,7.7844
7,left,9.4,5.84606,7.75671
7,left,9.425,5.49285,7.69999
7,left,9.45,5.16626,7.38806
7,left,9.475,4.91442,7.67886
7,left,9.5,5.05867,7.39646
7,left,9.525,4.70408,7.4822
7,left,9.55,4.91113,7.24309
7,left,9.575,4.6826,7.2522
7,left,9.6,4.68611,7.05533
7,left,9.625,4.87658,7.28289
7,left,9.65,4.57033,7.08156
7,left,9.675,4.2164,7.27263
7,left,9.7,4.64166,7.08813
7,left,9.725,4.43803,7.30384
7,left,9.75,4.64584,7.43674
7,left,9.775,4.18844,7.47341
7,left,9.8,4.78517,7.70297
7,left,9.825,4.58785,7.85299
7,left,9.85,4.39536,7.45115
7,left,9.875,4.61794,7.78815
7,left,9.9,4.33468,8.11209
7,left,9.925,4.75315,8.00885
7,left,9.95,4.84813,7.80866
7,left,9.975,5.07958,7.96854
7,left,10.0,5.59954,8.03713
7,left,10.025,5.81557,7.98078
7,left,10.05,5.51249,7.81707
7,left,10.075,5.64656,7.9251
7,left,10.1,5.73937,7.81457
7,left,10.125,5.68198,7.72968
7,left,10.15,5.18274,7.59701
7,left,10.175,5.37715,7.52775
7,left,10.2,4.79667,7.44763
7,left,10.225,5.36578,7.35455
7,left,10.25,4.85728,6.94626
7,left,10.275,5.12971,7.24295
7,left,10.3,4.87516,7.10712
7,left,10.325,4.78989,7.26633
7,left,10.35,4.78588,7.3078
7,left,10.375,4.74559,7.2293
7,left,10.4,4.47561,7.32732
7,left,10.425,4.53858,7.23039
7,left,10.45,4.74608,7.42716
7,left,10.475,4.70509,7.48006
7,left,10.5,4.87226,7.69332
7,left,10.525,4.4108,7.61819
7,left,10.55,4.7648,7.78107
7,left,10.575,4.26554,7.88781
7,left,10.6,4.72043,7.83762
7,left,10.625,4.7681,8.05503
7,left,10.65,5.18909,8.09584
7,left,10.675,5.13608,7.9545
7,left,10.7,5.57997,8.04907
7,left,10.725,5.43587,7.98088
7,left,10.75,5.94045,7.94083
7,left,10.775,5.97714,7.70251
7,left,10.8,5.88746,7.81977
7,left,10.825,5.74108,7.82261
7,left,10.85,5.77167,7.78831
7,left,10.875,4.92955,7.67996
7,left,10.9,5.20304,7.34628
7,left,10.925,5.41525,7.43753
7,left,10.95,4.87768,7.34933
7,left,10.975,4.80738,7.39564
7,left,11.0,5.08279,7.27606
7,left,11.025,4.85907,7.19761
7,left,11.05,4.72286,7.17628
7,left,11.075,4.6958,7.23993
7,left,11.1,4.99933,7.30825
7,left,11.125,4.47572,7.27518
7,left,11.15,4.63654,7.48584
7,left,11.175,4.75834,7.59638
7,left,11.2,4.59564,7.56185
7,left,11.225,4.26775,7.61172
7,left,11.25,4.25819,7.82132
7,left,11.275,4.51748,7.72476
7,left,11.3,4.62904,7.91193
7,left,11.325,4.63322,8.03595
7,left,11.35,4.75199,7.86607
7,left,11.375,5.04311,8.04225
7,left,11.4,5.18829,8.18559
7,left,11.425,5.39052,7.9601
7,left,11.45,6.09204,7.88723
7,left,11.475,5.5808,7.8096
7,left,11.5,5.97057,7.82962
7,left,11.525,5.9024,7.79049
7,left,11.55,5.18395,7.65315
7,left,11.575,5.22597,7.68951
7,left,11.6,5.80096,7.49442
7,left,11.625,5.10396,7.35156
7,left,11.65,4.6238,7.27871
7,left,11.675,4.60792,7.31936
7,left,11.7,5.12833,7.16692
7,left,11.725,4.74277,7.19189
7,left,11.75,4.9687,7.32708
7,left,11.775,4.80928,7.2708
7,left,11.8,4.58294,7.37207
7,left,11.825,4.61627,7.33757
7,left,11.85,4.32772,7.38979
7,left,11.875,4.43995,7.32615
7,left,11.9,5.0795,7.37505
7,left,11.925,4.62672,7.46486
7,left,11.95,5.03102,7.58436
7,left,11.975,4.4026,7.93524
7,left,12.0,4.77183,7.84209
7,left,12.025,4.41735,7.87261
7,left,12.05,5.00933,7.9676
7,left,12.075,5.03994,7.89668
7,left,12.1,5.09712,7.92854
7,left,12.125,5.36252,8.26094
7,left,12.15,5.85113,7.91426
7,left,12.175,5.72834,8.07843
7,left,12.2,5.65481,7.88606
7,left,12.225,5.9054,7.89477
7,left,12.25,5.42732,7.70332
7,left,12.275,5.09627,7.59345
7,left,12.3,5.10249,7.62439
7,left,12.325,5.37999,7.38983
7,left,12.35,4.92143,7.35306
7,left,12.375,5.14944,7.39496
7,left,12.4,4.8281,7.27398
7,left,12.425,5.14646,7.15531
7,left,12.45,4.86536,7.28721
7,left,12.475,4.71442,7.18141
7,left,12.5,4.77022,7.42387
7,left,12.525,5.01391,7.51613
7,left,12.55,4.70529,7.46348
7,left,12.575,4.24745,7.55356
7,left,12.6,4.90764,7.51082
7,left,12.625,4.32612,7.60906
7,left,12.65,4.40439,7.48599
7,left,12.675,4.56034,7.70433
7,left,12.7,4.62019,7.93767
7,left,12.725,4.55152,7.91403
7,left,12.75,4.47542,7.81648
7,left,12.775,5.09935,7.83028
7,left,12.8,4.96092,8.11436
7,left,12.825,5.6257,8.06874
7,left,12.85,6.11326,7.73088
7,left,12.875,6.20046,7.96584
7,left,12.9,6.00244,7.85433
7,left,12.925,5.72022,7.83732
7,left,12.95,5.62522,7.69571
7,left,12.975,5.00761,7.66912
7,left,13.0,5.05271,7.47176
7,left,13.025,5.24218,7.40404
7,left,13.05,4.95994,7.37531
7,left,13.075,5.24329,7.20766
7,left,13.1,4.62835,7.35768
7,left,13.125,4.88118,7.35483
7,left,13.15,4.80604,7.2181
7,left,13.175,4.6373,7.17548
7,left,13.2,4.61392,7.27755
7,left,13.225,4.33895,7.42292
7,left,13.25,4.18964,7.32367
7,left,13.275,4.6233,7.28387
7,left,13.3,4.76658,7.43887
7,left,13.325,4.75487,7.67194
7,left,13.35,4.50009,7.79187
7,left,13.375,4.84592,7.69578
7,left,13.4,4.49162,7.75752
7,left,13.425,4.54346,7.81835
7,left,13.45,5.26098,7.89701
7,left,13.475,5.15181,8.05722
7,left,13.5,5.30652,7.87832
7,left,13.525,5.37077,8.04061
7,left,13.55,5.70428,7.91317
7,left,13.575,6.08784,8.0049
7,left,13.6,6.0279,7.88137
7,left,13.625,5.67416,7.80022
7,left,13.65,5.19686,7.85823
7,left,13.675,5.21273,7.52796
7,left,13.7,5.07435,7.47575
7,left,13.725,5.00656,7.3414
7,left,13.75,4.85624,7.23991
7,left,13.775,4.72903,7.27687
7,left,13.8,4.53964,7.29355
7,left,13.825,4.29517,7.18977
7,left,13.85,4.53536,7.02013
7,left,13.875,4.95741,7.26234
7,left,13.9,4.75479,7.21941
7,left,13.925,4.96197,7.11605
7,left,13.95,4.60251,7.15529
7,left,13.975,4.48888,7.19924
7,left,14.0,4.68672,7.39085
7,left,14.025,4.52243,7.7467
7,left,14.05,4.51397,7.71407
7,left,14.075,4.7316,7.77837
7,left,14.1,4.3365,7.7988
7,left,14.125,4.55623,7.89151
7,left,14.15,4.84483,7.74695
7,left,14.175,4.90264,8.08276
7,left,14.2,5.412,8.11778
7,left,14.225,5.79098,8.00434
7,left,14.25,5.63401,8.00409
7,left,14.275,5.89751,7.76251
7,left,14.3,5.85325,7.83129
7,left,14.325,5.61971,7.8405
7,left,14.35,5.38252,7.71768
7,left,14.375,4.92485,7.64009
7,left,14.4,4.91092,7.48681
7,left,14.425,5.01458,7.35927
7,left,14.45,4.88974,7.43552
7,left,14.475,5.17356,7.2709
7,left,14.5,4.7492,7.25904
7,left,14.525,4.68175,7.14282
7,left,14.55,5.01609,7.18457
7,left,14.575,4.5042,7.12948
7,left,14.6,4.46668,7.21965
7,left,14.625,4.49992,7.13412
7,left,14.65,4.43345,7.297
7,left,14.675,4.95808,7.47231
7,left,14.7,4.47759,7.50303
7,left,14.725,4.37885,7.53874
7,left,14.75,4.4233,7.59389
7,left,14.775,4.27976,7.61862
7,left,14.8,4.93777,7.6687
7,left,14.825,4.45311,7.95911
7,left,14.85,4.6644,7.93663
7,left,14.875,5.10986,7.9406
7,left,14.9,4.87672,7.9761
7,left,14.925,5.71299,8.03703
7,left,14.95,5.77498,7.98867
7,left,14.975,5.55537,8.0897
7,right,0.0,4.94876,7.86675
7,right,0.025,5.05141,7.92972
7,right,0.05,5.3662,8.01996
7,right,0.075,5.82637,8.04349
7,right,0.1,5.84869,8.04768
7,right,0.125,6.03618,7.9488
7,right,0.15,5.87946,7.93954
7,right,0.175,5.88608,7.79235
7,right,0.2,5.76112,7.82716
7,right,0.225,5.64763,7.59732
7,right,0.25,5.4474,7.61583
7,right,0.275,5.24553,7.41282
7,right,0.3,5.25386,7.64189
7,right,0.325,5.07928,7.50166
7,right,0.35,5.28016,7.18035
7,right,0.375,4.99771,7.26569
7,right,0.4,4.95457,7.23623
7,right,0.425,4.90409,7.18915
7,right,0.45,4.92896,7.21353
7,right,0.475,4.7872,7.13817
7,right,0.5,4.87301,7.12812
7,right,0.525,4.81983,7.218
7,right,0.55,4.70981,7.52021
7,right,0.575,4.88772,7.46839
7,right,0.6,4.98722,7.47489
7,right,0.625,4.6558,7.5826
7,right,0.65,4.89506,7.63817
7,right,0.675,4.74259,7.89702
7,right,0.7,4.62562,8.03739
7,right,0.725,5.1512,7.87806
7,right,0.75,5.35374,8.0578
7,right,0.775,5.56659,8.01175
7,right,0.8,6.13687,8.07064
7,right,0.825,6.31546,8.10911
7,right,0.85,6.14962,8.00592
7,right,0.875,6.15397,7.79054
7,right,0.9,5.75318,7.7369
7,right,0.925,5.67722,7.78606
7,right,0.95,5.30386,7.50115
7,right,0.975,5.17014,7.56466
7,right,1.0,5.29743,7.62886
7,right,1.025,5.02957,7.57582
7,right,1.05,5.0856,7.46235
7,right,1.075,5.14586,7.17585
7,right,1.1,5.15579,7.33325
7,right,1.125,5.21079,7.15955
7,right,1.15,4.95112,6.95573
7,right,1.175,4.97186,7.20826
7,right,1.2,4.992,7.09895
7,right,1.225,4.79341,7.14726
7,right,1.25,4.94845,7.4957
7,right,1.275,4.82697,7.58467
7,right,1.3,4.70828,7.43809
7,right,1.325,4.67181,7.60899
7,right,1.35,5.00011,7.84519
7,right,1.375,4.8683,7.78536
7,right,1.4,4.94114,7.86184
7,right,1.425,5.03404,7.86795
7,right,1.45,5.37984,7.97191
7,right,1.475,5.74277,8.07966
7,right,1.5,5.99394,8.05152
7,right,1.525,6.19113,8.01672
7,right,1.55,6.05713,7.80492
7,right,1.575,5.74268,7.86915
7,right,1.6,5.65836,7.7955
7,right,1.625,5.68627,7.84243
7,right,1.65,5.42877,7.95262
7,right,1.675,5.29863,7.70366
7,right,1.7,5.38953,7.64301
7,right,1.725,5.26045,7.35803
7,right,1.75,5.28053,7.39895
7,right,1.775,5.32409,7.27064
7,right,1.8,5.14846,7.42711
7,right,1.825,5.11221,7.17521
7,right,1.85,4.9683,7.20748
7,right,1.875,4.90086,7.16377
7,right,1.9,5.08683,7.21924
7,right,1.925,4.86901,7.19942
7,right,1.95,4.85277,7.50262
7,right,1.975,4.70397,7.45705
7,right,2.0,4.91361,7.4868
7,right,2.025,4.7691,7.49711
7,right,2.05,4.81483,7.59526
7,right,2.075,5.01161,7.72629
7,right,2.1,5.06072,7.83846
7,right,2.125,5.17732,7.88784
7,right,2.15,5.65149,7.96946
7,right,2.175,5.8576,8.10947
7,right,2.2,6.23752,8.04396
7,right,2.225,6.32453,8.05177
7,right,2.25,5.9948,7.8845
7,right,2.275,5.84305,7.92017
7,right,2.3,5.59334,7.96476
7,right,2.325,5.41157,7.76743
7,right,2.35,5.54784,7.88553
7,right,2.375,5.2846,7.6961
7,right,2.4,5.27342,7.57508
7,right,2.425,5.07554,7.3793
7,right,2.45,5.13718,7.51907
7,right,2.475,5.07206,7.26365
7,right,2.5,5.05583,7.26396
7,right,2.525,5.00939,7.18943
7,right,2.55,4.94695,7.26838
7,right,2.575,4.92558,7.25572
7,right,2.6,4.85058,7.18392
7,right,2.625,4.69349,7.22403
7,right,2.65,4.81924,7.22883
7,right,2.675,4.83674,7.38184
7,right,2.7,5.08215,7.39075
7,right,2.725,4.9925,7.54581
7,right,2.75,4.89077,7.88508
7,right,2.775,5.3213,7.64497
7,right,2.8,5.57957,7.8091
7,right,2.825,6.11063,7.92015
7,right,2.85,6.10446,7.73031
7,right,2.875,6.30346,8.01118
7,right,2.9,6.07533,7.94906
7,right,2.925,5.92046,7.97387
7,right,2.95,5.82776,7.97509
7,right,2.975,5.53879,7.9825
7,right,3.0,5.46058,7.94969
7,right,3.025,5.37958,7.91015
7,right,3.05,5.49252,7.88535
7,right,3.075,5.13219,7.78062
7,right,3.1,5.35997,7.4891
7,right,3.125,5.20058,7.56805
7,right,3.15,4.97849,7.47741
7,right,3.175,5.10762,7.43006
7,right,3.2,5.066,7.48581
7,right,3.225,4.90705,7.41304
7,right,3.25,4.91134,7.20604
7,right,3.275,4.80137,7.24661
7,right,3.3,4.84384,7.3203
7,right,3.325,4.86856,7.2992
7,right,3.35,4.91955,7.32679
7,right,3.375,4.91251,7.49746
7,right,3.4,4.74573,7.28716
7,right,3.425,4.75049,7.46282
7,right,3.45,4.73332,7.58397
7,right,3.475,4.6998,7.51485
7,right,3.5,5.01657,7.90896
7,right,3.525,5.32292,7.78604
7,right,3.55,5.34607,7.84336
7,right,3.575,5.90263,7.97317
7,right,3.6,6.176,7.96801
7,right,3.625,6.16906,7.92121
7,right,3.65,6.13233,8.00545
7,right,3.675,5.76094,7.99993
7,right,3.7,5.65872,7.92531
7,right,3.725,5.66275,7.88394
7,right,3.75,5.40731,7.85794
7,right,3.775,5.37796,7.653
7,right,3.8,5.13199,7.48003
7,right,3.825,5.11524,7.40544
7,right,3.85,5.18108,7.3115
7,right,3.875,5.09197,7.37992
7,right,3.9,5.2368,7.40719
7,right,3.925,5.01494,7.0082
7,right,3.95,4.88989,7.12624
7,right,3.975,4.83683,7.07644
7,right,4.0,4.88388,7.31995
7,right,4.025,5.13307,6.93768
7,right,4.05,4.90967,7.2065
7,right,4.075,4.9405,7.39113
7,right,4.1,4.83323,7.10644
7,right,4.125,4.86276,7.4539
7,right,4.15,4.6192,7.60638
7,right,4.175,4.82121,7.66557
7,right,4.2,4.98104,7.7454
7,right,4.225,4.65772,7.83078
7,right,4.25,5.25209,8.1056
7,right,4.275,5.47682,7.96729
7,right,4.3,6.03904,8.05237
7,right,4.325,5.96517,8.0012
7,right,4.35,6.04508,8.06301
7,right,4.375,6.24258,7.95684
7,right,4.4,5.74822,8.14684
7,right,4.425,5.73626,8.10971
7,right,4.45,5.55354,7.89212
7,right,4.475,5.41126,7.65471
7,right,4.5,5.16189,7.59211
7,right,4.525,5.4357,7.38945
7,right,4.55,5.15745,7.47166
7,right,4.575,5.04324,7.60416
7,right,4.6,4.98301,7.24955
7,right,4.625,4.86436,7.40113
7,right,4.65,4.9466,7.28867
7,right,4.675,5.13307,7.21973
7,right,4.7,4.81852,7.2921
7,right,4.725,4.66374,7.13458
7,right,4.75,4.83127,7.2556
7,right,4.775,4.82451,7.33198
7,right,4.8,4.68689,7.59852
7,right,4.825,4.7403,7.40049
7,right,4.85,4.77919,7.52112
7,right,4.875,4.79525,7.59133
7,right,4.9,4.55109,7.6253
7,right,4.925,4.95552,7.8768
7,right,4.95,5.01138,7.78396
7,right,4.975,5.37667,7.9876
7,right,5.0,5.40102,8.05772
7,right,5.025,5.79599,7.91738
7,right,5.05,6.16683,7.81782
7,right,5.075,5.98686,8.07469
7,right,5.1,5.77481,8.13798
7,right,5.125,5.68992,8.02131
7,right,5.15,5.22719,7.99845
7,right,5.175,5.31849,7.54937
7,right,5.2,5.38249,7.71198
7,right,5.225,5.29687,7.54315
7,right,5.25,5.22311,7.38235
7,right,5.275,4.94133,7.42209
7,right,5.3,5.13147,7.39328
7,right,5.325,4.97151,7.18619
7,right,5.35,4.85815,7.21279
7,right,5.375,4.82537,7.10414
7,right,5.4,4.68263,7.17417
7,right,5.425,4.71764,7.26687
7,right,5.45,4.85393,7.28081
7,right,5.475,4.74137,7.22897
7,right,5.5,4.56627,7.26895
7,right,5.525,4.65849,7.55247
7,right,5.55,4.58502,7.44061
7,right,5.575,4.49723,7.69013
7,right,5.6,4.6838,7.74825
7,right,5.625,4.70531,7.82095
7,right,5.65,4.87327,7.85363
7,right,5.675,4.82109,7.8721
7,right,5.7,5.47428,7.7651
7,right,5.725,5.43333,7.98768
7,right,5.75,5.98851,7.9716
7,right,5.775,5.8579,8.09181
7,right,5.8,5.98745,7.88119
7,right,5.825,6.05537,7.99747
7,right,5.85,5.74384,7.95926
7,right,5.875,5.38448,7.7988
7,right,5.9,5.09672,7.50706
7,right,5.925,5.11831,7.61514
7,right,5.95,5.02881,7.46787
7,right,5.975,5.11864,7.44557
7,right,6.0,5.29877,7.26903
7,right,6.025,5.03713,7.11673
7,right,6.05,4.72468,7.24659
7,right,6.075,4.67061,7.18539
7,right,6.1,4.84493,7.07261
7,right,6.125,4.56616,7.25842
7,right,6.15,4.47977,7.25518
7,right,6.175,4.87598,7.13717
7,right,6.2,4.68886,7.27314
7,right,6.225,4.48599,7.46941
7,right,6.25,4.68975,7.53775
7,right,6.275,4.84157,7.62325
7,right,6.3,4.61918,7.6673
7,right,6.325,4.50059,7.67525
7,right,6.35,4.62738,7.75692
7,right,6.375,4.9926,7.84035
7,right,6.4,5.0294,8.18003
7,right,6.425,5.50239,8.11923
7,right,6.45,5.79474,7.98923
7,right,6.475,5.9721,7.95706
7,right,6.5,5.91545,7.81012
7,right,6.525,5.72156,7.80499
7,right,6.55,5.55461,7.93967
7,right,6.575,5.36482,7.66394
7,right,6.6,5.05988,7.85294
7,right,6.625,5.06627,7.71766
7,right,6.65,4.99849,7.39146
7,right,6.675,4.95422,7.4804
7,right,6.7,5.0307,7.38088
7,right,6.725,4.99461,7.37303
7,right,6.75,5.01596,7.01814
7,right,6.775,4.84245,7.18478
7,right,6.8,4.74075,7.21191
7,right,6.825,4.68101,7.29369
7,right,6.85,4.58137,7.08274
7,right,6.875,4.39042,7.39367
7,right,6.9,4.50249,7.42204
7,right,6.925,4.71558,7.28813
7,right,6.95,4.61766,7.51161
7,right,6.975,4.39134,7.65614
7,right,7.0,4.54055,7.81691
7,right,7.025,4.69903,7.93482
7,right,7.05,4.81893,7.90111
7,right,7.075,4.77119,8.08407
7,right,7.1,5.08028,8.01964
7,right,7.125,5.51336,8.05232
7,right,7.15,5.69185,8.16881
7,right,7.175,5.84148,8.01801
7,right,7.2,5.97482,8.04591
7,right,7.225,5.95382,7.6147
7,right,7.25,5.70142,7.82031
7,right,7.275,5.50315,7.8664
7,right,7.3,5.22074,7.75466
7,right,7.325,5.01005,7.72759
7,right,7.35,5.07532,7.66699
7,right,7.375,5.10716,7.47117
7,right,7.4,5.05871,7.41326
7,right,7.425,4.82094,7.31201
7,right,7.45,4.89355,7.29979
7,right,7.475,4.74626,7.32468
7,right,7.5,4.60178,7.35639
7,right,7.525,4.67849,7.25883
7,right,7.55,4.66747,7.1364
7,right,7.575,4.84645,7.21231
7,right,7.6,4.75886,7.26918
7,right,7.625,4.68898,7.5155
7,right,7.65,4.48145,7.52062
7,right,7.675,4.64114,7.56255
7,right,7.7,4.48709,7.56472
7,right,7.725,4.45099,7.77108
7,right,7.75,4.73996,7.64605
7,right,7.775,4.56439,8.00499
7,right,7.8,4.79163,8.08802
7,right,7.825,4.9355,8.05367
7,right,7.85,5.26988,7.92107
7,right,7.875,5.75027,8.04222
7,right,7.9,5.87734,7.96229
7,right,7.925,5.93161,7.84985
7,right,7.95,6.03102,8.0167
7,right,7.975,5.52582,7.85766
7,right,8.0,5.15585,7.62457
7,right,8.025,5.18342,7.69211
7,right,8.05,4.98091,7.71078
7,right,8.075,5.16407,7.36472
7,right,8.1,5.04832,7.35843
7,right,8.125,5.12352,7.24001
7,right,8.15,4.8501,7.2638
7,right,8.175,4.75167,7.19476
7,right,8.2,4.83578,7.16382
7,right,8.225,4.87525,7.24232
7,right,8.25,4.68905,7.2002
7,right,8.275,4.7277,7.25033
7,right,8.3,4.64992,7.3994
7,right,8.325,4.66413,7.32357
7,right,8.35,4.61268,7.30162
7,right,8.375,4.51613,7.61433
7,right,8.4,4.33265,7.4793
7,right,8.425,4.81134,7.90593
7,right,8.45,4.51544,7.67782
7,right,8.475,4.62877,7.82754
7,right,8.5,5.02493,7.58717
7,right,8.525,5.10473,7.98492
7,right,8.55,5.49745,8.06908
7,right,8.575,5.71947,7.96412
7,right,8.6,6.16609,7.99771
7,right,8.625,5.77855,7.79867
7,right,8.65,5.7041,7.94736
7,right,8.675,5.80596,7.7683
7,right,8.7,5.46366,7.74437
7,right,8.725,5.20783,7.57748
7,right,8.75,5.02078,7.59572
7,right,8.775,5.06387,7.51033
7,right,8.8,4.98045,7.36297
7,right,8.825,5.16052,7.46111
7,right,8.85,4.85583,7.20494
7,right,8.875,4.84794,7.08672
7,right,8.9,5.01342,7.09953
7,right,8.925,4.88883,7.17112
7,right,8.95,4.53343,7.13662
7,right,8.975,4.80491,7.28649
7,right,9.0,4.62852,7.17529
7,right,9.025,4.37618,7.3257
7,right,9.05,4.62367,7.71787
7,right,9.075,4.74708,7.63578
7,right,9.1,4.65824,7.70304
7,right,9.125,4.64932,7.7758
7,right,9.15,4.69623,7.78869
7,right,9.175,4.65123,8.03647
7,right,9.2,4.809,7.87187
7,right,9.225,5.2578,7.98226
7,right,9.25,5.54119,7.93653
7,right,9.275,5.82149,7.95507
7,right,9.3,6.05267,8.11699
7,right,9.325,6.04768,8.13795
7,right,9.35,5.82478,7.90905
7,right,9.375,5.64484,7.81237
7,right,9.4,5.40478,7.76246
7,right,9.425,5.20944,7.50113
7,right,9.45,5.17824,7.49118
7,right,9.475,4.90409,7.41399
7,right,9.5,5.01002,7.43018
7,right,9.525,5.09589,7.28127
7,right,9.55,4.95859,7.42571
7,right,9.575,4.95716,7.28929
7,right,9.6,4.75637,7.1479
7,right,9.625,4.80374,7.24004
7,right,9.65,4.75698,7.41062
7,right,9.675,4.40842,7.26695
7,right,9.7,4.69633,7.28607
7,right,9.725,4.92142,7.20942
7,right,9.75,4.53175,7.54661
7,right,9.775,4.74604,7.50948
7,right,9.8,4.88753,7.51786
7,right,9.825,4.43067,7.75008
7,right,9.85,4.9007,7.60358
7,right,9.875,5.12466,7.90801
7,right,9.9,5.14298,7.92283
7,right,9.925,5.41896,7.99
7,right,9.95,5.78189,7.99426
7,right,9.975,5.86117,8.1771
7,right,10.0,5.89492,8.03558
7,right,10.025,6.11453,7.87681
7,right,10.05,5.92023,8.10399
7,right,10.075,5.63048,7.83693
7,right,10.1,5.41599,7.81571
7,right,10.125,5.30325,7.6764
7,right,10.15,5.37474,7.57755
7,right,10.175,5.2101,7.63742
7,right,10.2,5.1876,7.38377
7,right,10.225,4.99483,7.31899
7,right,10.25,4.89095,7.27984
7,right,10.275,4.89394,7.12203
7,right,10.3,4.87076,7.26941
7,right,10.325,4.8173,7.23597
7,right,10.35,4.96146,7.29671
7,right,10.375,4.75547,7.33391
7,right,10.4,4.81411,7.17486
7,right,10.425,4.71012,7.34755
7,right,10.45,4.99762,7.2649
7,right,10.475,4.80413,7.60099
7,right,10.5,4.79757,7.71567
7,right,10.525,4.81471,7.66394
7,right,10.55,4.60043,7.94912
7,right,10.575,4.74083,7.76874
7,right,10.6,4.8609,7.94453
7,right,10.625,5.20653,7.90325
7,right,10.65,5.54049,7.9545
7,right,10.675,6.02613,7.92427
7,right,10.7,6.33901,7.88342
7,right,10.725,6.04397,7.98853
7,right,10.75,5.83579,7.82872
7,right,10.775,5.85456,7.84694
7,right,10.8,5.47887,7.75045
7,right,10.825,5.42277,7.60383
7,right,10.85,5.27532,7.67222
7,right,10.875,5.19316,7.50678
7,right,10.9,5.29512,7.56671
7,right,10.925,5.35578,7.40047
7,right,10.95,5.23227,7.28773
7,right,10.975,4.95664,7.25588
7,right,11.0,5.0224,7.19104
7,right,11.025,4.95391,7.32338
7,right,11.05,4.88737,7.29546
7,right,11.075,4.98849,7.3692
7,right,11.1,4.8689,7.13296
7,right,11.125,4.75205,7.16972
7,right,11.15,4.76176,7.52067
7,right,11.175,4.99182,7.53484
7,right,11.2,4.97763,7.55757
7,right,11.225,4.90903,7.70624
7,right,11.25,4.82487,7.68599
7,right,11.275,4.99635,7.86886
7,right,11.3,5.17751,8.10479
7,right,11.325,5.16689,7.88044
7,right,11.35,5.50045,7.97858
7,right,11.375,5.9474,7.87813
7,right,11.4,6.04002,7.90468
7,right,11.425,6.37559,7.96711
7,right,11.45,6.12104,7.83462
7,right,11.475,5.90945,8.02095
7,right,11.5,5.74695,7.86448
7,right,11.525,5.53882,7.67364
7,right,11.55,5.599,7.5795
7,right,11.575,5.27306,7.62169
7,right,11.6,5.33904,7.53913
7,right,11.625,5.25124,7.49211
7,right,11.65,5.20016,7.33935
7,right,11.675,5.16991,7.29819
7,right,11.7,5.09358,7.32429
7,right,11.725,4.97695,7.02884
7,right,11.75,4.98965,7.11215
7,right,11.775,4.92383,7.30337
7,right,11.8,4.89383,7.40927
7,right,11.825,4.79867,7.29677
7,right,11.85,4.90907,7.36894
7,right,11.875,4.71796,7.28468
7,right,11.9,4.642,7.53798
7,right,11.925,4.81151,7.86869
7,right,11.95,4.83135,7.57236
7,right,11.975,4.75801,7.82712
7,right,12.0,4.7714,8.06188
7,right,12.025,5.32419,7.87828
7,right,12.05,5.39935,7.96074
7,right,12.075,5.76124,7.98649
7,right,12.1,6.22656,8.12134
7,right,12.125,6.06595,8.06023
7,right,12.15,6.33578,7.97852
7,right,12.175,6.05697,7.8232
7,right,12.2,5.80971,7.77637
7,right,12.225,5.61255,7.7243
7,right,12.25,5.53936,7.74774
7,right,12.275,5.37399,7.5752
7,right,12.3,5.43552,7.61245
7,right,12.325,5.07812,7.44049
7,right,12.35,5.30971,7.28805
7,right,12.375,5.16179,7.26393
7,right,12.4,5.07367,7.44957
7,right,12.425,5.05753,7.10521
7,right,12.45,4.85671,7.24464
7,right,12.475,4.93182,7.2996
7,right,12.5,5.01641,7.34238
7,right,12.525,4.8836,7.21543
7,right,12.55,4.97826,7.48368
7,right,12.575,5.06311,7.39688
7,right,12.6,4.71551,7.5122
7,right,12.625,4.90699,7.61471
7,right,12.65,5.10175,7.78045
7,right,12.675,4.99754,7.78648
7,right,12.7,5.09911,7.74711
7,right,12.725,5.20598,7.96998
7,right,12.75,5.61647,8.11969
7,right,12.775,5.72612,7.8333
7,right,12.8,6.09153,7.76404
7,right,12.825,6.37066,8.113
7,right,12.85,6.28449,8.04214
7,right,12.875,5.96672,8.07833
7,right,12.9,5.6913,7.83567
7,right,12.925,5.67145,7.87518
7,right,12.95,5.20947,7.73376
7,right,12.975,5.21958,7.58878
7,right,13.0,5.44183,7.47843
7,right,13.025,5.20833,7.49534
7,right,13.05,5.36841,7.41381
7,right,13.075,5.15151,7.41486
7,right,13.1,5.11034,7.18468
7,right,13.125,4.90775,7.3341
7,right,13.15,5.0191,7.21069
7,right,13.175,5.03736,7.18757
7,right,13.2,5.16327,7.14216
7,right,13.225,5.0339,7.16114
7,right,13.25,4.8117,7.27761
7,right,13.275,4.75255,7.35476
7,right,13.3,4.77828,7.36584
7,right,13.325,4.93189,7.51661
7,right,13.35,4.73139,7.66819
7,right,13.375,4.72229,7.84448
7,right,13.4,4.82468,7.85992
7,right,13.425,5.03905,7.82725
7,right,13.45,5.22867,8.0385
7,right,13.475,5.55275,8.06388
7,right,13.5,6.04978,7.93909
7,right,13.525,6.32516,7.85089
7,right,13.55,6.13194,8.14231
7,right,13.575,5.93463,7.69815
7,right,13.6,5.77805,7.80923
7,right,13.625,5.66118,7.6418
7,right,13.65,5.33811,7.82287
7,right,13.675,5.38373,7.52694
7,right,13.7,5.24715,7.55669
7,right,13.725,5.3281,7.3796
7,right,13.75,5.35823,7.39448
7,right,13.775,5.11736,7.49049
7,right,13.8,4.97406,7.22235
7,right,13.825,5.11947,7.04962
7,right,13.85,4.91803,7.16273
7,right,13.875,4.93914,7.34132
7,right,13.9,4.93845,7.30204
7,right,13.925,4.88992,7.3341
7,right,13.95,4.86183,7.17992
7,right,13.975,4.79597,7.23576
7,right,14.0,4.74572,7.11609
7,right,14.025,4.8235,7.6809
7,right,14.05,4.84106,7.72971
7,right,14.075,4.70608,7.68894
7,right,14.1,5.17749,7.85826
7,right,14.125,5.33279,8.03528
7,right,14.15,5.58834,8.14132
7,right,14.175,5.76194,7.91634
7,right,14.2,6.14837,7.86652
7,right,14.225,6.10952,7.91821
7,right,14.25,6.22336,7.97031
7,right,14.275,5.6994,8.04098
7,right,14.3,5.62357,7.85637
7,right,14.325,5.329,7.90647
7,right,14.35,5.19102,7.82761
7,right,14.375,5.27753,7.63566
7,right,14.4,5.18138,7.65341
7,right,14.425,5.15682,7.61415
7,right,14.45,5.13536,7.34524
7,right,14.475,4.98134,7.3049
7,right,14.5,5.02775,7.2526
7,right,14.525,5.08959,7.28833
7,right,14.55,4.86192,7.21473
7,right,14.575,4.83152,7.06863
7,right,14.6,4.76523,7.24318
7,right,14.625,4.70011,7.22586
7,right,14.65,4.72574,7.26765
7,right,14.675,4.78538,7.29863
7,right,14.7,4.88926,7.42404
7,right,14.725,4.8586,7.65355
7,right,14.75,4.82917,7.5642
7,right,14.775,4.73385,7.81495
7,right,14.8,4.79215,7.79365
7,right,14.825,5.16995,8.11718
7,right,14.85,5.18797,8.063
7,right,14.875,5.26831,7.90003
7,right,14.9,5.85261,8.1958
7,right,14.925,5.88784,8.20396
7,right,14.95,6.08777,8.06137
7,right,14.975,6.15015,7.85605
